dataset_id,name,version,status,meta_pass,inspected,eligible,reject_reasons
2,anneal,1,active,False,False,False,metadata:not_binary;has_missing_values;non_numeric_features;minority_too_small
3,kr-vs-kp,1,active,False,False,False,metadata:non_numeric_features
4,labor,1,active,False,False,False,metadata:has_missing_values;non_numeric_features;n_samples_out_of_range;minority_too_small
5,arrhythmia,1,active,False,False,False,metadata:not_binary;has_missing_values;non_numeric_features;n_features_out_of_range;minority_too_small
6,letter,1,active,False,False,False,metadata:not_binary;n_samples_out_of_range;too_many_cells
7,audiology,1,active,False,False,False,metadata:not_binary;has_missing_values;non_numeric_features;minority_too_small
8,liver-disorders,1,active,False,False,False,metadata:not_binary;meta_missing:MinorityClassSize
9,autos,1,active,False,False,False,metadata:not_binary;has_missing_values;non_numeric_features;minority_too_small
10,lymph,1,active,False,False,False,metadata:not_binary;non_numeric_features;n_samples_out_of_range;minority_too_small
11,balance-scale,1,active,False,False,False,metadata:not_binary
12,mfeat-factors,1,active,False,False,False,metadata:not_binary;n_features_out_of_range;too_many_cells
13,breast-cancer,1,active,False,False,False,metadata:has_missing_values;non_numeric_features
14,mfeat-fourier,1,active,False,False,False,metadata:not_binary;too_many_cells
15,breast-w,1,active,False,False,False,metadata:has_missing_values
16,mfeat-karhunen,1,active,False,False,False,metadata:not_binary
18,mfeat-morphological,1,active,False,False,False,metadata:not_binary
20,mfeat-pixel,1,active,False,False,False,metadata:not_binary;non_numeric_features;n_features_out_of_range;too_many_cells
22,mfeat-zernike,1,active,False,False,False,metadata:not_binary
23,cmc,1,active,False,False,False,metadata:not_binary;non_numeric_features
24,mushroom,1,active,False,False,False,metadata:has_missing_values;non_numeric_features;n_samples_out_of_range;too_many_cells
25,colic,1,active,False,False,False,metadata:has_missing_values;non_numeric_features
26,nursery,1,active,False,False,False,metadata:not_binary;non_numeric_features;n_samples_out_of_range;minority_too_small
27,colic,2,active,False,False,False,metadata:has_missing_values;non_numeric_features
28,optdigits,1,active,False,False,False,metadata:not_binary;n_samples_out_of_range;too_many_cells
29,credit-approval,1,active,False,False,False,metadata:has_missing_values;non_numeric_features
30,page-blocks,1,active,False,False,False,metadata:not_binary;n_samples_out_of_range;minority_too_small
31,credit-g,1,active,False,False,False,metadata:non_numeric_features
32,pendigits,1,active,False,False,False,metadata:not_binary;n_samples_out_of_range;too_many_cells
34,postoperative-patient-data,1,active,False,False,False,metadata:not_binary;has_missing_values;non_numeric_features;n_samples_out_of_range;minority_too_small
35,dermatology,1,active,False,False,False,metadata:not_binary;has_missing_values;non_numeric_features;minority_too_small
36,segment,1,active,False,False,False,metadata:not_binary
37,diabetes,1,active,True,True,True,
38,sick,1,active,False,False,False,metadata:has_missing_values;non_numeric_features
39,ecoli,1,active,False,False,False,metadata:not_binary;minority_too_small
40,sonar,1,active,True,True,True,
41,glass,1,active,False,False,False,metadata:not_binary;minority_too_small
42,soybean,1,active,False,False,False,metadata:not_binary;has_missing_values;non_numeric_features;minority_too_small
43,haberman,1,active,False,False,False,metadata:non_numeric_features
44,spambase,1,active,False,False,False,metadata:too_many_cells
46,splice,1,active,False,False,False,metadata:not_binary;non_numeric_features;too_many_cells
48,tae,1,active,False,False,False,metadata:not_binary;non_numeric_features;n_samples_out_of_range
49,heart-c,1,active,False,False,False,metadata:has_missing_values;non_numeric_features
50,tic-tac-toe,1,active,False,False,False,metadata:non_numeric_features
51,heart-h,1,active,False,False,False,metadata:has_missing_values;non_numeric_features
52,trains,1,active,False,False,False,metadata:has_missing_values;non_numeric_features;n_samples_out_of_range;minority_too_small
53,heart-statlog,1,active,True,True,True,
54,vehicle,1,active,False,False,False,metadata:not_binary
55,hepatitis,1,active,False,False,False,metadata:has_missing_values;non_numeric_features;n_samples_out_of_range
56,vote,1,active,False,False,False,metadata:has_missing_values;non_numeric_features
57,hypothyroid,1,active,False,False,False,metadata:not_binary;has_missing_values;non_numeric_features;minority_too_small
59,ionosphere,1,active,True,True,True,
60,waveform-5000,1,active,False,False,False,metadata:not_binary;too_many_cells
61,iris,1,active,False,False,False,metadata:not_binary;n_samples_out_of_range
62,zoo,1,active,False,False,False,metadata:not_binary;non_numeric_features;n_samples_out_of_range;minority_too_small
70,"BNG(anneal,nominal,1000000)",1,active,False,False,False,metadata:not_binary;non_numeric_features;n_samples_out_of_range;too_many_cells
71,"BNG(anneal.ORIG,nominal,1000000)",1,active,False,False,False,metadata:not_binary;non_numeric_features;n_samples_out_of_range;too_many_cells
72,BNG(kr-vs-kp),1,active,False,False,False,metadata:non_numeric_features;n_samples_out_of_range;too_many_cells
73,"BNG(labor,nominal,1000000)",1,active,False,False,False,metadata:non_numeric_features;n_samples_out_of_range;too_many_cells
74,"BNG(letter,nominal,1000000)",1,active,False,False,False,metadata:not_binary;non_numeric_features;n_samples_out_of_range;too_many_cells
75,"BNG(autos,nominal,1000000)",1,active,False,False,False,metadata:not_binary;non_numeric_features;n_samples_out_of_range;too_many_cells
76,"BNG(lymph,nominal,1000000)",1,active,False,False,False,metadata:not_binary;non_numeric_features;n_samples_out_of_range;too_many_cells
77,"BNG(breast-cancer,nominal,1000000)",1,active,False,False,False,metadata:non_numeric_features;n_samples_out_of_range;too_many_cells
78,"BNG(mfeat-fourier,nominal,1000000)",1,active,False,False,False,metadata:not_binary;non_numeric_features;n_samples_out_of_range;too_many_cells
115,"BNG(mfeat-karhunen,nominal,1000000)",1,active,False,False,False,metadata:not_binary;non_numeric_features;n_samples_out_of_range;too_many_cells
116,"BNG(bridges_version1,nominal,1000000)",1,active,False,False,False,metadata:not_binary;non_numeric_features;n_samples_out_of_range;too_many_cells
117,"BNG(bridges_version2,nominal,1000000)",1,active,False,False,False,metadata:not_binary;non_numeric_features;n_samples_out_of_range;too_many_cells
118,"BNG(mfeat-zernike,nominal,1000000)",1,active,False,False,False,metadata:not_binary;non_numeric_features;n_samples_out_of_range;too_many_cells
119,"BNG(cmc,nominal,55296)",1,active,False,False,False,metadata:not_binary;non_numeric_features;n_samples_out_of_range;too_many_cells
120,BNG(mushroom),1,active,False,False,False,metadata:non_numeric_features;n_samples_out_of_range;too_many_cells
121,"BNG(colic.ORIG,nominal,1000000)",1,active,False,False,False,metadata:non_numeric_features;n_samples_out_of_range;too_many_cells
122,"BNG(colic,nominal,1000000)",1,active,False,False,False,metadata:non_numeric_features;n_samples_out_of_range;too_many_cells
123,BNG(optdigits),1,active,False,False,False,metadata:not_binary;non_numeric_features;n_samples_out_of_range;too_many_cells
124,"BNG(credit-a,nominal,1000000)",1,active,False,False,False,metadata:non_numeric_features;n_samples_out_of_range;too_many_cells
125,"BNG(page-blocks,nominal,295245)",1,active,False,False,False,metadata:not_binary;non_numeric_features;n_samples_out_of_range;too_many_cells
126,"BNG(credit-g,nominal,1000000)",1,active,False,False,False,metadata:non_numeric_features;n_samples_out_of_range;too_many_cells
127,"BNG(pendigits,nominal,1000000)",1,active,False,False,False,metadata:not_binary;non_numeric_features;n_samples_out_of_range;too_many_cells
128,"BNG(cylinder-bands,nominal,1000000)",1,active,False,False,False,metadata:non_numeric_features;n_samples_out_of_range;too_many_cells
129,"BNG(dermatology,nominal,1000000)",1,active,False,False,False,metadata:not_binary;non_numeric_features;n_samples_out_of_range;too_many_cells
130,BNG(segment),1,active,False,False,False,metadata:not_binary;non_numeric_features;n_samples_out_of_range;too_many_cells
131,"BNG(sick,nominal,1000000)",1,active,False,False,False,metadata:non_numeric_features;n_samples_out_of_range;too_many_cells
132,"BNG(sonar,nominal,1000000)",1,active,False,False,False,metadata:non_numeric_features;n_samples_out_of_range;too_many_cells
133,"BNG(glass,nominal,137781)",1,active,False,False,False,metadata:not_binary;non_numeric_features;n_samples_out_of_range;too_many_cells
134,BNG(soybean),1,active,False,False,False,metadata:not_binary;non_numeric_features;n_samples_out_of_range;too_many_cells
135,BNG(spambase),1,active,False,False,False,metadata:non_numeric_features;n_samples_out_of_range;too_many_cells
136,"BNG(heart-c,nominal,1000000)",1,active,False,False,False,metadata:not_binary;non_numeric_features;n_samples_out_of_range;too_many_cells
137,BNG(tic-tac-toe),1,active,False,False,False,metadata:non_numeric_features;n_samples_out_of_range;too_many_cells
138,"BNG(heart-h,nominal,1000000)",1,active,False,False,False,metadata:not_binary;non_numeric_features;n_samples_out_of_range;too_many_cells
139,BNG(trains),1,active,False,False,False,metadata:non_numeric_features;n_samples_out_of_range;too_many_cells
140,"BNG(heart-statlog,nominal,1000000)",1,active,False,False,False,metadata:non_numeric_features;n_samples_out_of_range;too_many_cells
141,"BNG(vehicle,nominal,1000000)",1,active,False,False,False,metadata:not_binary;non_numeric_features;n_samples_out_of_range;too_many_cells
142,"BNG(hepatitis,nominal,1000000)",1,active,False,False,False,metadata:non_numeric_features;n_samples_out_of_range;too_many_cells
143,BNG(vote),1,active,False,False,False,metadata:non_numeric_features;n_samples_out_of_range;too_many_cells
144,"BNG(hypothyroid,nominal,1000000)",1,active,False,False,False,metadata:not_binary;non_numeric_features;n_samples_out_of_range;too_many_cells
146,BNG(ionosphere),1,active,False,False,False,metadata:non_numeric_features;n_samples_out_of_range;too_many_cells
147,"BNG(waveform-5000,nominal,1000000)",1,active,False,False,False,metadata:not_binary;non_numeric_features;n_samples_out_of_range;too_many_cells
148,"BNG(zoo,nominal,1000000)",1,active,False,False,False,metadata:not_binary;non_numeric_features;n_samples_out_of_range;too_many_cells
149,CovPokElec,1,active,False,False,False,metadata:not_binary;non_numeric_features;n_samples_out_of_range;too_many_cells;minority_too_small
150,covertype,3,active,False,False,False,metadata:not_binary;non_numeric_features;n_samples_out_of_range;too_many_cells
151,electricity,1,active,False,False,False,metadata:non_numeric_features;n_samples_out_of_range;too_many_cells
152,Hyperplane_10_1E-3,1,active,False,False,False,metadata:n_samples_out_of_range;too_many_cells
153,Hyperplane_10_1E-4,1,active,False,False,False,metadata:n_samples_out_of_range;too_many_cells
154,LED(50000),1,active,False,False,False,metadata:not_binary;non_numeric_features;n_samples_out_of_range;too_many_cells
155,pokerhand,1,active,False,False,False,metadata:not_binary;non_numeric_features;n_samples_out_of_range;too_many_cells;minority_too_small
156,RandomRBF_0_0,1,active,False,False,False,metadata:not_binary;n_samples_out_of_range;too_many_cells
157,RandomRBF_10_1E-3,1,active,False,False,False,metadata:not_binary;n_samples_out_of_range;too_many_cells
158,RandomRBF_10_1E-4,1,active,False,False,False,metadata:not_binary;n_samples_out_of_range;too_many_cells
159,RandomRBF_50_1E-3,1,active,False,False,False,metadata:not_binary;n_samples_out_of_range;too_many_cells
160,RandomRBF_50_1E-4,1,active,False,False,False,metadata:not_binary;n_samples_out_of_range;too_many_cells
161,SEA(50),1,active,False,False,False,metadata:n_samples_out_of_range;too_many_cells
162,SEA(50000),1,active,False,False,False,metadata:n_samples_out_of_range;too_many_cells
163,lung-cancer,1,active,False,False,False,metadata:not_binary;has_missing_values;non_numeric_features;n_samples_out_of_range;minority_too_small
164,molecular-biology_promoters,1,active,False,False,False,metadata:non_numeric_features;n_samples_out_of_range
171,primary-tumor,1,active,False,False,False,metadata:not_binary;has_missing_values;non_numeric_features;minority_too_small
172,shuttle-landing-control,1,active,False,False,False,metadata:has_missing_values;non_numeric_features;n_samples_out_of_range;minority_too_small
179,adult,1,active,False,False,False,metadata:has_missing_values;non_numeric_features;n_samples_out_of_range;too_many_cells
180,covertype,1,active,False,False,False,metadata:not_binary;non_numeric_features;n_samples_out_of_range;too_many_cells
181,yeast,1,active,False,False,False,metadata:not_binary;minority_too_small
182,satimage,1,active,False,False,False,metadata:not_binary;n_samples_out_of_range;too_many_cells
183,abalone,1,active,False,False,False,metadata:not_binary;non_numeric_features;minority_too_small
184,kropt,1,active,False,False,False,metadata:not_binary;non_numeric_features;n_samples_out_of_range;too_many_cells;minority_too_small
185,baseball,1,active,False,False,False,metadata:not_binary;has_missing_values;non_numeric_features
186,braziltourism,1,active,False,False,False,metadata:not_binary;has_missing_values;non_numeric_features;minority_too_small
187,wine,1,active,False,False,False,metadata:not_binary;n_samples_out_of_range
188,eucalyptus,1,active,False,False,False,metadata:not_binary;has_missing_values;non_numeric_features
189,kin8nm,1,active,False,False,False,metadata:not_binary;n_samples_out_of_range;meta_missing:MinorityClassSize
190,mbagrade,1,active,False,False,False,metadata:not_binary;n_samples_out_of_range;meta_missing:MinorityClassSize
191,wisconsin,1,active,False,False,False,metadata:not_binary;n_samples_out_of_range;meta_missing:MinorityClassSize
192,vineyard,1,active,False,False,False,metadata:not_binary;n_samples_out_of_range;meta_missing:MinorityClassSize
193,bolts,1,active,False,False,False,metadata:not_binary;n_samples_out_of_range;meta_missing:MinorityClassSize
194,cleveland,1,active,False,False,False,metadata:not_binary;has_missing_values;non_numeric_features;meta_missing:MinorityClassSize
195,auto_price,1,active,False,False,False,metadata:not_binary;n_samples_out_of_range;meta_missing:MinorityClassSize
196,autoMpg,1,active,False,False,False,metadata:not_binary;has_missing_values;non_numeric_features;meta_missing:MinorityClassSize
197,cpu_act,1,active,False,False,False,metadata:not_binary;n_samples_out_of_range;too_many_cells;meta_missing:MinorityClassSize
198,delta_elevators,1,active,False,False,False,metadata:not_binary;n_samples_out_of_range;meta_missing:MinorityClassSize
199,fruitfly,1,active,False,False,False,metadata:not_binary;non_numeric_features;n_samples_out_of_range;meta_missing:MinorityClassSize
200,pbc,1,active,False,False,False,metadata:not_binary;has_missing_values;non_numeric_features;meta_missing:MinorityClassSize
201,pol,1,active,False,False,False,metadata:not_binary;n_samples_out_of_range;too_many_cells;meta_missing:MinorityClassSize
202,autoHorse,1,active,False,False,False,metadata:not_binary;has_missing_values;non_numeric_features;meta_missing:MinorityClassSize
203,lowbwt,1,active,False,False,False,metadata:not_binary;non_numeric_features;n_samples_out_of_range;meta_missing:MinorityClassSize
204,cholesterol,1,active,False,False,False,metadata:not_binary;has_missing_values;non_numeric_features;meta_missing:MinorityClassSize
205,sleep,1,active,False,False,False,metadata:not_binary;has_missing_values;n_samples_out_of_range;meta_missing:MinorityClassSize
206,triazines,1,active,False,False,False,metadata:not_binary;n_samples_out_of_range;meta_missing:MinorityClassSize
207,autoPrice,1,active,False,False,False,metadata:not_binary;n_samples_out_of_range;meta_missing:MinorityClassSize
208,detroit,1,active,False,False,False,metadata:not_binary;n_samples_out_of_range;meta_missing:MinorityClassSize
209,quake,1,active,False,False,False,metadata:not_binary;meta_missing:MinorityClassSize
210,cloud,1,active,False,False,False,metadata:not_binary;non_numeric_features;n_samples_out_of_range;meta_missing:MinorityClassSize
211,longley,1,active,False,False,False,metadata:not_binary;n_samples_out_of_range;meta_missing:MinorityClassSize
212,diabetes_numeric,1,active,False,False,False,metadata:not_binary;n_samples_out_of_range;meta_missing:MinorityClassSize
213,pharynx,1,active,False,False,False,metadata:not_binary;has_missing_values;non_numeric_features;n_samples_out_of_range;meta_missing:MinorityClassSize
214,baskball,1,active,False,False,False,metadata:not_binary;n_samples_out_of_range;meta_missing:MinorityClassSize
215,2dplanes,1,active,False,False,False,metadata:not_binary;n_samples_out_of_range;too_many_cells;meta_missing:MinorityClassSize
216,elevators,1,active,False,False,False,metadata:not_binary;n_samples_out_of_range;too_many_cells;meta_missing:MinorityClassSize
217,pyrim,1,active,False,False,False,metadata:not_binary;n_samples_out_of_range;meta_missing:MinorityClassSize
218,house_8L,1,active,False,False,False,metadata:not_binary;n_samples_out_of_range;too_many_cells;meta_missing:MinorityClassSize
222,echoMonths,1,active,False,False,False,metadata:not_binary;has_missing_values;non_numeric_features;n_samples_out_of_range;meta_missing:MinorityClassSize
223,stock,1,active,False,False,False,metadata:not_binary;meta_missing:MinorityClassSize
224,breastTumor,1,active,False,False,False,metadata:not_binary;has_missing_values;non_numeric_features;meta_missing:MinorityClassSize
225,puma8NH,1,active,False,False,False,metadata:not_binary;n_samples_out_of_range;meta_missing:MinorityClassSize
226,gascons,1,active,False,False,False,metadata:not_binary;n_samples_out_of_range;meta_missing:MinorityClassSize
227,cpu_small,1,active,False,False,False,metadata:not_binary;n_samples_out_of_range;meta_missing:MinorityClassSize
228,elusage,1,active,False,False,False,metadata:not_binary;n_samples_out_of_range;meta_missing:MinorityClassSize
229,pwLinear,1,active,False,False,False,metadata:not_binary;meta_missing:MinorityClassSize
230,machine_cpu,1,active,False,False,False,metadata:not_binary;meta_missing:MinorityClassSize
231,hungarian,1,active,False,False,False,metadata:not_binary;has_missing_values;non_numeric_features;meta_missing:MinorityClassSize
232,fishcatch,1,active,False,False,False,metadata:not_binary;has_missing_values;non_numeric_features;n_samples_out_of_range;meta_missing:MinorityClassSize
244,BNG(anneal),1,active,False,False,False,metadata:not_binary;non_numeric_features;n_samples_out_of_range;too_many_cells
245,BNG(anneal.ORIG),2,active,False,False,False,metadata:not_binary;non_numeric_features;n_samples_out_of_range;too_many_cells
246,BNG(labor),2,active,False,False,False,metadata:non_numeric_features;n_samples_out_of_range;too_many_cells
247,BNG(letter),2,active,False,False,False,metadata:not_binary;n_samples_out_of_range;too_many_cells
248,BNG(autos),1,active,False,False,False,metadata:not_binary;non_numeric_features;n_samples_out_of_range;too_many_cells
249,BNG(lymph),1,active,False,False,False,metadata:not_binary;non_numeric_features;n_samples_out_of_range;too_many_cells
250,BNG(mfeat-fourier),1,active,False,False,False,metadata:not_binary;n_samples_out_of_range;too_many_cells
251,BNG(breast-w),1,active,False,False,False,metadata:n_samples_out_of_range;too_many_cells
252,BNG(mfeat-karhunen),1,active,False,False,False,metadata:not_binary;n_samples_out_of_range;too_many_cells
253,BNG(bridges_version1),1,active,False,False,False,metadata:not_binary;non_numeric_features;n_samples_out_of_range;too_many_cells
254,BNG(mfeat-zernike),1,active,False,False,False,metadata:not_binary;n_samples_out_of_range;too_many_cells
255,BNG(cmc),1,active,False,False,False,metadata:not_binary;non_numeric_features;n_samples_out_of_range;too_many_cells
256,BNG(colic.ORIG),1,active,False,False,False,metadata:non_numeric_features;n_samples_out_of_range;too_many_cells
257,BNG(colic),1,active,False,False,False,metadata:non_numeric_features;n_samples_out_of_range;too_many_cells
258,BNG(credit-a),1,active,False,False,False,metadata:non_numeric_features;n_samples_out_of_range;too_many_cells
259,BNG(page-blocks),1,active,False,False,False,metadata:not_binary;n_samples_out_of_range;too_many_cells
260,BNG(credit-g),1,active,False,False,False,metadata:non_numeric_features;n_samples_out_of_range;too_many_cells
261,BNG(pendigits),1,active,False,False,False,metadata:not_binary;n_samples_out_of_range;too_many_cells
262,BNG(cylinder-bands),1,active,False,False,False,metadata:non_numeric_features;n_samples_out_of_range;too_many_cells
263,BNG(dermatology),1,active,False,False,False,metadata:not_binary;non_numeric_features;n_samples_out_of_range;too_many_cells
264,BNG(sonar),1,active,False,False,False,metadata:n_samples_out_of_range;too_many_cells
265,BNG(glass),1,active,False,False,False,metadata:not_binary;n_samples_out_of_range;too_many_cells
266,BNG(heart-c),1,active,False,False,False,metadata:not_binary;non_numeric_features;n_samples_out_of_range;too_many_cells
267,BNG(heart-statlog),1,active,False,False,False,metadata:n_samples_out_of_range;too_many_cells
268,BNG(vehicle),1,active,False,False,False,metadata:not_binary;n_samples_out_of_range;too_many_cells
269,BNG(hepatitis),1,active,False,False,False,metadata:non_numeric_features;n_samples_out_of_range;too_many_cells
271,BNG(waveform-5000),1,active,False,False,False,metadata:not_binary;n_samples_out_of_range;too_many_cells
272,BNG(zoo),1,active,False,False,False,metadata:not_binary;non_numeric_features;n_samples_out_of_range;too_many_cells
273,IMDB.drama,1,active,False,False,False,metadata:n_samples_out_of_range;n_features_out_of_range;too_many_cells
274,20_newsgroups.drift,1,active,False,False,False,metadata:non_numeric_features;n_samples_out_of_range;n_features_out_of_range;too_many_cells
275,meta_all.arff,1,active,False,False,False,metadata:not_binary;n_samples_out_of_range;minority_too_small
276,meta_batchincremental.arff,1,active,False,False,False,metadata:not_binary;n_samples_out_of_range;minority_too_small
277,meta_ensembles.arff,1,active,False,False,False,metadata:not_binary;n_samples_out_of_range;minority_too_small
278,meta_instanceincremental.arff,1,active,False,False,False,metadata:not_binary;n_samples_out_of_range;minority_too_small
279,meta_stream_intervals.arff,1,active,False,False,False,metadata:not_binary;n_samples_out_of_range;too_many_cells
285,flags,1,active,False,False,False,metadata:not_binary;non_numeric_features;n_samples_out_of_range;minority_too_small
287,wine_quality,1,active,False,False,False,metadata:not_binary;n_samples_out_of_range;meta_missing:MinorityClassSize
293,covertype,2,active,False,False,False,metadata:n_samples_out_of_range;too_many_cells
294,satellite_image,1,active,False,False,False,metadata:not_binary;n_samples_out_of_range;too_many_cells;meta_missing:MinorityClassSize
296,Ailerons,1,active,False,False,False,metadata:not_binary;n_samples_out_of_range;too_many_cells;meta_missing:MinorityClassSize
298,coil2000,1,active,False,False,False,metadata:not_binary;n_samples_out_of_range;too_many_cells;meta_missing:MinorityClassSize
299,libras_move,1,active,False,False,False,metadata:not_binary;meta_missing:MinorityClassSize
300,isolet,1,active,False,False,False,metadata:not_binary;n_samples_out_of_range;n_features_out_of_range;too_many_cells
301,ozone_level,1,active,False,False,False,metadata:not_binary;non_numeric_features;too_many_cells;meta_missing:MinorityClassSize
307,vowel,2,active,False,False,False,metadata:not_binary;non_numeric_features
308,puma32H,1,active,False,False,False,metadata:not_binary;n_samples_out_of_range;too_many_cells;meta_missing:MinorityClassSize
310,mammography,1,active,False,False,False,metadata:n_samples_out_of_range
311,oil_spill,1,active,True,True,True,
312,scene,1,active,False,False,False,metadata:non_numeric_features;n_features_out_of_range;too_many_cells
313,spectrometer,1,active,False,False,False,metadata:not_binary;non_numeric_features;n_features_out_of_range;minority_too_small
315,us_crime,1,active,False,False,False,metadata:not_binary;has_missing_values;n_features_out_of_range;too_many_cells;meta_missing:MinorityClassSize
316,yeast_ml8,1,active,False,False,False,metadata:non_numeric_features;n_features_out_of_range;too_many_cells
327,bridges,3,active,False,False,False,metadata:not_binary;has_missing_values;non_numeric_features;n_samples_out_of_range;minority_too_small
328,bridges,4,active,False,False,False,metadata:not_binary;has_missing_values;non_numeric_features;n_samples_out_of_range;minority_too_small
329,hayes-roth,1,active,False,False,False,metadata:not_binary;n_samples_out_of_range
333,monks-problems-1,1,active,False,False,False,metadata:non_numeric_features
334,monks-problems-2,1,active,False,False,False,metadata:non_numeric_features
335,monks-problems-3,1,active,False,False,False,metadata:non_numeric_features
336,SPECT,1,active,False,False,False,metadata:non_numeric_features
337,SPECTF,1,active,True,True,True,
338,grub-damage,1,active,False,False,False,metadata:not_binary;non_numeric_features;n_samples_out_of_range;minority_too_small
339,pasture,1,active,False,False,False,metadata:not_binary;non_numeric_features;n_samples_out_of_range;minority_too_small
340,squash-stored,1,active,False,False,False,metadata:not_binary;has_missing_values;non_numeric_features;n_samples_out_of_range;minority_too_small
342,squash-unstored,1,active,False,False,False,metadata:not_binary;has_missing_values;non_numeric_features;n_samples_out_of_range;minority_too_small
343,white-clover,1,active,False,False,False,metadata:not_binary;non_numeric_features;n_samples_out_of_range;minority_too_small
344,mv,1,active,False,False,False,metadata:not_binary;non_numeric_features;n_samples_out_of_range;too_many_cells;meta_missing:MinorityClassSize
346,aids,1,active,False,False,False,metadata:non_numeric_features;n_samples_out_of_range;minority_too_small
350,webdata_wXa,1,active,False,False,False,metadata:n_samples_out_of_range;n_features_out_of_range;too_many_cells
351,codrna,1,active,False,False,False,metadata:n_samples_out_of_range;too_many_cells
354,poker,1,active,False,False,False,metadata:n_samples_out_of_range;too_many_cells
357,vehicle_sensIT,1,active,False,False,False,metadata:n_samples_out_of_range;too_many_cells
372,internet_usage,1,active,False,False,False,metadata:not_binary;has_missing_values;non_numeric_features;n_samples_out_of_range;too_many_cells;minority_too_small
373,UNIX_user_data,1,active,False,False,False,metadata:not_binary;n_samples_out_of_range
374,SyskillWebert-BioMedical,1,active,False,False,False,metadata:not_binary;n_samples_out_of_range;minority_too_small
375,JapaneseVowels,1,active,False,False,False,metadata:not_binary;n_samples_out_of_range
376,SyskillWebert-Sheep,1,active,False,False,False,metadata:n_samples_out_of_range;minority_too_small
377,synthetic_control,1,active,False,False,False,metadata:not_binary
378,ipums_la_99-small,1,active,False,False,False,metadata:not_binary;has_missing_values;non_numeric_features;n_samples_out_of_range;too_many_cells
379,SyskillWebert-Goats,1,active,False,False,False,metadata:not_binary;n_samples_out_of_range;minority_too_small
380,SyskillWebert-Bands,1,active,False,False,False,metadata:not_binary;n_samples_out_of_range;minority_too_small
381,ipums_la_98-small,1,active,False,False,False,metadata:not_binary;has_missing_values;non_numeric_features;n_samples_out_of_range;too_many_cells
382,ipums_la_97-small,1,active,False,False,False,metadata:not_binary;has_missing_values;non_numeric_features;n_samples_out_of_range;too_many_cells
383,tr45.wc,1,active,False,False,False,metadata:not_binary;n_features_out_of_range;too_many_cells;minority_too_small
384,tr21.wc,1,active,False,False,False,metadata:not_binary;n_features_out_of_range;too_many_cells;minority_too_small
385,tr31.wc,1,active,False,False,False,metadata:not_binary;n_features_out_of_range;too_many_cells;minority_too_small
386,oh15.wc,1,active,False,False,False,metadata:not_binary;n_features_out_of_range;too_many_cells
387,tr11.wc,1,active,False,False,False,metadata:not_binary;n_features_out_of_range;too_many_cells;minority_too_small
388,tr23.wc,1,active,False,False,False,metadata:not_binary;n_features_out_of_range;too_many_cells;minority_too_small
389,fbis.wc,1,active,False,False,False,metadata:not_binary;n_features_out_of_range;too_many_cells
390,new3s.wc,1,active,False,False,False,metadata:not_binary;n_samples_out_of_range;n_features_out_of_range;too_many_cells
391,re0.wc,1,active,False,False,False,metadata:not_binary;n_features_out_of_range;too_many_cells;minority_too_small
392,oh0.wc,1,active,False,False,False,metadata:not_binary;n_features_out_of_range;too_many_cells
393,la2s.wc,1,active,False,False,False,metadata:not_binary;n_features_out_of_range;too_many_cells
394,oh5.wc,1,active,False,False,False,metadata:not_binary;n_features_out_of_range;too_many_cells
395,re1.wc,1,active,False,False,False,metadata:not_binary;n_features_out_of_range;too_many_cells;minority_too_small
396,la1s.wc,1,active,False,False,False,metadata:not_binary;n_features_out_of_range;too_many_cells
397,tr12.wc,1,active,False,False,False,metadata:not_binary;n_features_out_of_range;too_many_cells;minority_too_small
398,wap.wc,1,active,False,False,False,metadata:not_binary;n_features_out_of_range;too_many_cells;minority_too_small
399,ohscal.wc,1,active,False,False,False,metadata:not_binary;n_samples_out_of_range;n_features_out_of_range;too_many_cells
400,tr41.wc,1,active,False,False,False,metadata:not_binary;n_features_out_of_range;too_many_cells;minority_too_small
401,oh10.wc,1,active,False,False,False,metadata:not_binary;n_features_out_of_range;too_many_cells
402,yokohoma2,1,active,False,False,False,metadata:not_binary;n_samples_out_of_range;n_features_out_of_range;meta_missing:MinorityClassSize
403,heyl,1,active,False,False,False,metadata:not_binary;n_samples_out_of_range;n_features_out_of_range;meta_missing:MinorityClassSize
404,yokohoma1,1,active,False,False,False,metadata:not_binary;n_samples_out_of_range;n_features_out_of_range;meta_missing:MinorityClassSize
405,mtp,1,active,False,False,False,metadata:not_binary;n_features_out_of_range;too_many_cells;meta_missing:MinorityClassSize
406,qsbr_y2,1,active,False,False,False,metadata:not_binary;n_samples_out_of_range;meta_missing:MinorityClassSize
407,krystek,1,active,False,False,False,metadata:not_binary;n_samples_out_of_range;n_features_out_of_range;meta_missing:MinorityClassSize
408,depreux,1,active,False,False,False,metadata:not_binary;n_samples_out_of_range;n_features_out_of_range;meta_missing:MinorityClassSize
409,pdgfr,1,active,False,False,False,metadata:not_binary;n_samples_out_of_range;n_features_out_of_range;meta_missing:MinorityClassSize
410,carbolenes,1,active,False,False,False,metadata:not_binary;n_samples_out_of_range;n_features_out_of_range;meta_missing:MinorityClassSize
411,garrat2,1,active,False,False,False,metadata:not_binary;n_samples_out_of_range;n_features_out_of_range;meta_missing:MinorityClassSize
412,Phen,1,active,False,False,False,metadata:not_binary;n_samples_out_of_range;n_features_out_of_range;meta_missing:MinorityClassSize
413,siddiqi,1,active,False,False,False,metadata:not_binary;n_samples_out_of_range;n_features_out_of_range;meta_missing:MinorityClassSize
414,lewis,1,active,False,False,False,metadata:not_binary;n_samples_out_of_range;n_features_out_of_range;meta_missing:MinorityClassSize
415,thompson,1,active,False,False,False,metadata:not_binary;n_samples_out_of_range;n_features_out_of_range;meta_missing:MinorityClassSize
416,yprop_4_1,1,active,False,False,False,metadata:not_binary;n_samples_out_of_range;n_features_out_of_range;too_many_cells;meta_missing:MinorityClassSize
417,tsutumi,1,active,False,False,False,metadata:not_binary;n_samples_out_of_range;n_features_out_of_range;meta_missing:MinorityClassSize
418,strupcz,1,active,False,False,False,metadata:not_binary;n_samples_out_of_range;n_features_out_of_range;meta_missing:MinorityClassSize
419,PHENETYL1,1,active,False,False,False,metadata:not_binary;n_samples_out_of_range;n_features_out_of_range;meta_missing:MinorityClassSize
420,cristalli,1,active,False,False,False,metadata:not_binary;n_samples_out_of_range;n_features_out_of_range;meta_missing:MinorityClassSize
421,selwood,1,active,False,False,False,metadata:not_binary;n_samples_out_of_range;meta_missing:MinorityClassSize
422,topo_2_1,1,active,False,False,False,metadata:not_binary;n_samples_out_of_range;n_features_out_of_range;too_many_cells;meta_missing:MinorityClassSize
423,svensson,1,active,False,False,False,metadata:not_binary;n_samples_out_of_range;n_features_out_of_range;meta_missing:MinorityClassSize
424,pah,1,active,False,False,False,metadata:not_binary;n_samples_out_of_range;n_features_out_of_range;meta_missing:MinorityClassSize
425,penning,1,active,False,False,False,metadata:not_binary;n_samples_out_of_range;n_features_out_of_range;meta_missing:MinorityClassSize
426,qsfsr1,1,active,False,False,False,metadata:not_binary;n_samples_out_of_range;meta_missing:MinorityClassSize
427,qsfrdhla,1,active,False,False,False,metadata:not_binary;n_samples_out_of_range;meta_missing:MinorityClassSize
428,qsprcmpx,1,active,False,False,False,metadata:not_binary;n_samples_out_of_range;meta_missing:MinorityClassSize
429,qsfsr2,1,active,False,False,False,metadata:not_binary;n_samples_out_of_range;meta_missing:MinorityClassSize
430,mtp2,1,active,False,False,False,metadata:not_binary;n_features_out_of_range;too_many_cells;meta_missing:MinorityClassSize
431,qsbralks,1,active,False,False,False,metadata:not_binary;n_samples_out_of_range;meta_missing:MinorityClassSize
432,stevenson,1,active,False,False,False,metadata:not_binary;n_samples_out_of_range;n_features_out_of_range;meta_missing:MinorityClassSize
433,qsartox,1,active,False,False,False,metadata:not_binary;n_samples_out_of_range;meta_missing:MinorityClassSize
434,benzo32,1,active,False,False,False,metadata:not_binary;n_samples_out_of_range;meta_missing:MinorityClassSize
435,uehling,1,active,False,False,False,metadata:not_binary;n_samples_out_of_range;n_features_out_of_range;meta_missing:MinorityClassSize
436,rosowky,1,active,False,False,False,metadata:not_binary;n_samples_out_of_range;n_features_out_of_range;meta_missing:MinorityClassSize
437,garrat,1,active,False,False,False,metadata:not_binary;n_samples_out_of_range;n_features_out_of_range;meta_missing:MinorityClassSize
438,doherty,1,active,False,False,False,metadata:not_binary;n_samples_out_of_range;n_features_out_of_range;meta_missing:MinorityClassSize
439,chang,1,active,False,False,False,metadata:not_binary;n_samples_out_of_range;n_features_out_of_range;meta_missing:MinorityClassSize
440,qsabr2,1,active,False,False,False,metadata:not_binary;n_samples_out_of_range;meta_missing:MinorityClassSize
441,qsabr1,1,active,False,False,False,metadata:not_binary;n_samples_out_of_range;meta_missing:MinorityClassSize
442,qsbr_rw1,1,active,False,False,False,metadata:not_binary;n_samples_out_of_range;meta_missing:MinorityClassSize
443,analcatdata_broadway,1,active,False,False,False,metadata:not_binary;has_missing_values;non_numeric_features;n_samples_out_of_range;minority_too_small
444,analcatdata_boxing2,1,active,False,False,False,metadata:non_numeric_features;n_samples_out_of_range
446,prnn_crabs,1,active,False,False,False,metadata:non_numeric_features
448,analcatdata_boxing1,1,active,False,False,False,metadata:non_numeric_features;n_samples_out_of_range
449,analcatdata_homerun,1,active,False,False,False,metadata:not_binary;has_missing_values;non_numeric_features;n_samples_out_of_range;minority_too_small
450,analcatdata_lawsuit,1,active,False,False,False,metadata:non_numeric_features;minority_too_small
451,irish,1,active,False,False,False,metadata:has_missing_values;non_numeric_features
452,analcatdata_broadwaymult,1,active,False,False,False,metadata:not_binary;has_missing_values;non_numeric_features;minority_too_small
453,analcatdata_bondrate,1,active,False,False,False,metadata:not_binary;has_missing_values;non_numeric_features;n_samples_out_of_range;minority_too_small
454,analcatdata_halloffame,1,active,False,False,False,metadata:not_binary;has_missing_values;non_numeric_features
455,cars,1,active,False,False,False,metadata:not_binary;has_missing_values;non_numeric_features
456,analcatdata_birthday,1,active,False,False,False,metadata:not_binary;has_missing_values;non_numeric_features;meta_missing:MinorityClassSize
457,prnn_cushings,1,active,False,False,False,metadata:not_binary;n_samples_out_of_range;minority_too_small
458,analcatdata_authorship,1,active,False,False,False,metadata:not_binary
459,analcatdata_asbestos,1,active,False,False,False,metadata:non_numeric_features;n_samples_out_of_range
460,analcatdata_reviewer,1,active,False,False,False,metadata:not_binary;has_missing_values;non_numeric_features
461,analcatdata_creditscore,1,active,False,False,False,metadata:non_numeric_features;n_samples_out_of_range;minority_too_small
462,analcatdata_challenger,1,active,False,False,False,metadata:not_binary;non_numeric_features;n_samples_out_of_range;minority_too_small
463,backache,1,active,False,False,False,metadata:non_numeric_features;n_samples_out_of_range;minority_too_small
464,prnn_synth,1,active,True,True,True,
465,analcatdata_cyyoung8092,1,active,False,False,False,metadata:non_numeric_features;n_samples_out_of_range;minority_too_small
466,schizo,1,active,False,False,False,metadata:has_missing_values;non_numeric_features
467,analcatdata_japansolvent,1,active,False,False,False,metadata:n_samples_out_of_range;minority_too_small
468,confidence,1,active,False,False,False,metadata:not_binary;n_samples_out_of_range;minority_too_small
469,analcatdata_dmft,1,active,False,False,False,metadata:not_binary;non_numeric_features
470,profb,1,active,False,False,False,metadata:has_missing_values;non_numeric_features
471,analcatdata_draft,1,active,False,False,False,metadata:meta_missing:NumberOfClasses;has_missing_values;non_numeric_features;meta_missing:MinorityClassSize
472,lupus,1,active,False,False,False,metadata:n_samples_out_of_range
473,cjs,1,active,False,False,False,metadata:not_binary;has_missing_values;non_numeric_features
474,analcatdata_marketing,1,active,False,False,False,metadata:not_binary;has_missing_values;non_numeric_features;minority_too_small
475,analcatdata_germangss,1,active,False,False,False,metadata:not_binary;non_numeric_features
476,analcatdata_bankruptcy,1,active,False,False,False,metadata:n_samples_out_of_range;minority_too_small
477,fl2000,1,active,False,False,False,metadata:not_binary;non_numeric_features;n_samples_out_of_range;minority_too_small
479,analcatdata_cyyoung9302,1,active,False,False,False,metadata:non_numeric_features;n_samples_out_of_range;minority_too_small
480,prnn_viruses,1,active,False,False,False,metadata:not_binary;non_numeric_features;n_samples_out_of_range;minority_too_small
481,biomed,1,active,False,False,False,metadata:has_missing_values;non_numeric_features
482,arsenic-male-bladder,1,active,False,False,False,metadata:not_binary;meta_missing:MinorityClassSize
483,iq_brain_size,1,active,False,False,False,metadata:not_binary;non_numeric_features;n_samples_out_of_range;meta_missing:MinorityClassSize
485,analcatdata_vehicle,1,active,False,False,False,metadata:not_binary;non_numeric_features;n_samples_out_of_range;meta_missing:MinorityClassSize
486,papir_1,1,active,False,False,False,metadata:not_binary;has_missing_values;non_numeric_features;n_samples_out_of_range;meta_missing:MinorityClassSize
487,papir_2,1,active,False,False,False,metadata:not_binary;n_samples_out_of_range;meta_missing:MinorityClassSize
488,colleges_aaup,1,active,False,False,False,metadata:not_binary;has_missing_values;non_numeric_features;minority_too_small
490,hip,1,active,False,False,False,metadata:meta_missing:NumberOfClasses;has_missing_values;n_samples_out_of_range;meta_missing:MinorityClassSize
491,analcatdata_negotiation,1,active,False,False,False,metadata:not_binary;has_missing_values;n_samples_out_of_range;meta_missing:MinorityClassSize
492,newton_hema,1,active,False,False,False,metadata:not_binary;n_samples_out_of_range;meta_missing:MinorityClassSize
493,wind_correlations,1,active,False,False,False,metadata:meta_missing:NumberOfClasses;n_samples_out_of_range;meta_missing:MinorityClassSize
494,analcatdata_hiroshima,1,active,False,False,False,metadata:not_binary;meta_missing:MinorityClassSize
495,baseball-pitcher,1,active,False,False,False,metadata:not_binary;has_missing_values;non_numeric_features;meta_missing:MinorityClassSize
497,veteran,1,active,False,False,False,metadata:not_binary;non_numeric_features;n_samples_out_of_range;meta_missing:MinorityClassSize
498,analcatdata_runshoes,1,active,False,False,False,metadata:not_binary;has_missing_values;non_numeric_features;n_samples_out_of_range;meta_missing:MinorityClassSize
500,analcatdata_vineyard,1,active,False,False,False,metadata:not_binary;meta_missing:MinorityClassSize
501,analcatdata_impeach,1,active,False,False,False,metadata:meta_missing:NumberOfClasses;non_numeric_features;n_samples_out_of_range;meta_missing:MinorityClassSize
502,analcatdata_whale,1,active,False,False,False,metadata:meta_missing:NumberOfClasses;has_missing_values;non_numeric_features;meta_missing:MinorityClassSize
503,wind,1,active,False,False,False,metadata:not_binary;n_samples_out_of_range;meta_missing:MinorityClassSize
504,analcatdata_supreme,1,active,False,False,False,metadata:not_binary;meta_missing:MinorityClassSize
505,tecator,1,active,False,False,False,metadata:not_binary;n_features_out_of_range;meta_missing:MinorityClassSize
506,analcatdata_gsssexsurvey,1,active,False,False,False,metadata:not_binary;has_missing_values;non_numeric_features;n_samples_out_of_range;meta_missing:MinorityClassSize
507,space_ga,1,active,False,False,False,metadata:not_binary;meta_missing:MinorityClassSize
508,nflpass,1,active,False,False,False,metadata:not_binary;n_samples_out_of_range;meta_missing:MinorityClassSize
509,places,1,active,False,False,False,metadata:not_binary;meta_missing:MinorityClassSize
510,sleep,2,active,False,False,False,metadata:not_binary;has_missing_values;n_samples_out_of_range;meta_missing:MinorityClassSize
511,plasma_retinol,1,active,False,False,False,metadata:not_binary;non_numeric_features;meta_missing:MinorityClassSize
512,balloon,1,active,False,False,False,metadata:not_binary;n_features_out_of_range;meta_missing:MinorityClassSize
513,arsenic-female-lung,1,active,False,False,False,metadata:not_binary;meta_missing:MinorityClassSize
515,baseball-team,1,active,False,False,False,metadata:not_binary;non_numeric_features;n_samples_out_of_range;meta_missing:MinorityClassSize
516,pbcseq,1,active,False,False,False,metadata:not_binary;has_missing_values;non_numeric_features;meta_missing:MinorityClassSize
518,analcatdata_gviolence,1,active,False,False,False,metadata:not_binary;n_samples_out_of_range;meta_missing:MinorityClassSize
519,vinnie,1,active,False,False,False,metadata:not_binary;meta_missing:MinorityClassSize
520,analcatdata_wildcat,1,active,False,False,False,metadata:not_binary;non_numeric_features;n_samples_out_of_range;meta_missing:MinorityClassSize
521,analcatdata_ncaa,1,active,False,False,False,metadata:not_binary;non_numeric_features;n_samples_out_of_range;meta_missing:MinorityClassSize
522,pm10,1,active,False,False,False,metadata:not_binary;meta_missing:MinorityClassSize
523,analcatdata_neavote,1,active,False,False,False,metadata:not_binary;n_samples_out_of_range;meta_missing:MinorityClassSize
524,pbc,2,active,False,False,False,metadata:not_binary;has_missing_values;non_numeric_features;meta_missing:MinorityClassSize
525,baseball-hitter,1,active,False,False,False,metadata:not_binary;has_missing_values;non_numeric_features;meta_missing:MinorityClassSize
526,analcatdata_seropositive,1,active,False,False,False,metadata:not_binary;n_samples_out_of_range;meta_missing:MinorityClassSize
527,analcatdata_election2000,1,active,False,False,False,metadata:not_binary;n_samples_out_of_range;meta_missing:MinorityClassSize
528,humandevel,1,active,False,False,False,metadata:not_binary;n_samples_out_of_range;n_features_out_of_range;meta_missing:MinorityClassSize
529,pollen,1,active,False,False,False,metadata:not_binary;meta_missing:MinorityClassSize
530,analcatdata_olympic2000,1,active,False,False,False,metadata:not_binary;n_samples_out_of_range;meta_missing:MinorityClassSize
531,boston,1,active,False,False,False,metadata:not_binary;non_numeric_features;meta_missing:MinorityClassSize
532,analcatdata_uktrainacc,1,active,False,False,False,metadata:meta_missing:NumberOfClasses;has_missing_values;n_samples_out_of_range;meta_missing:MinorityClassSize
533,arsenic-female-bladder,1,active,False,False,False,metadata:not_binary;meta_missing:MinorityClassSize
534,cps_85_wages,1,active,False,False,False,metadata:not_binary;non_numeric_features;meta_missing:MinorityClassSize
535,analcatdata_chlamydia,1,active,False,False,False,metadata:not_binary;non_numeric_features;n_samples_out_of_range;meta_missing:MinorityClassSize
536,arsenic-male-lung,1,active,False,False,False,metadata:not_binary;meta_missing:MinorityClassSize
537,houses,1,active,False,False,False,metadata:not_binary;n_samples_out_of_range;too_many_cells;meta_missing:MinorityClassSize
538,colleges_usnews,1,active,False,False,False,metadata:not_binary;has_missing_values;meta_missing:MinorityClassSize
539,analcatdata_galapagos,1,active,False,False,False,metadata:not_binary;has_missing_values;n_samples_out_of_range;meta_missing:MinorityClassSize
540,mu284,1,active,False,False,False,metadata:not_binary;meta_missing:MinorityClassSize
541,socmob,1,active,False,False,False,metadata:not_binary;non_numeric_features;meta_missing:MinorityClassSize
542,pollution,1,active,False,False,False,metadata:not_binary;n_samples_out_of_range;meta_missing:MinorityClassSize
543,boston_corrected,1,active,False,False,False,metadata:not_binary;non_numeric_features;meta_missing:MinorityClassSize
544,transplant,1,active,False,False,False,metadata:not_binary;n_samples_out_of_range;meta_missing:MinorityClassSize
545,lmpavw,1,active,False,False,False,metadata:not_binary;n_samples_out_of_range;n_features_out_of_range;meta_missing:MinorityClassSize
546,sensory,1,active,False,False,False,metadata:not_binary;non_numeric_features;meta_missing:MinorityClassSize
547,no2,1,active,False,False,False,metadata:not_binary;meta_missing:MinorityClassSize
549,strikes,1,active,False,False,False,metadata:not_binary;meta_missing:MinorityClassSize
550,quake,2,active,False,False,False,metadata:not_binary;meta_missing:MinorityClassSize
551,analcatdata_michiganacc,1,active,False,False,False,metadata:not_binary;non_numeric_features;n_samples_out_of_range;meta_missing:MinorityClassSize
552,detroit,2,active,False,False,False,metadata:not_binary;n_samples_out_of_range;meta_missing:MinorityClassSize
553,kidney,1,active,False,False,False,metadata:not_binary;non_numeric_features;n_samples_out_of_range;meta_missing:MinorityClassSize
554,mnist_784,1,active,False,False,False,metadata:not_binary;n_samples_out_of_range;n_features_out_of_range;too_many_cells
555,analcatdata_apnea3,1,active,False,False,False,metadata:not_binary;non_numeric_features;meta_missing:MinorityClassSize
556,analcatdata_apnea2,1,active,False,False,False,metadata:not_binary;non_numeric_features;meta_missing:MinorityClassSize
557,analcatdata_apnea1,1,active,False,False,False,metadata:not_binary;non_numeric_features;meta_missing:MinorityClassSize
558,bank32nh,1,active,False,False,False,metadata:not_binary;n_samples_out_of_range;too_many_cells;meta_missing:MinorityClassSize
559,schlvote,1,active,False,False,False,metadata:not_binary;has_missing_values;n_samples_out_of_range;meta_missing:MinorityClassSize
560,bodyfat,1,active,False,False,False,metadata:not_binary;meta_missing:MinorityClassSize
561,cpu,1,active,False,False,False,metadata:not_binary;meta_missing:MinorityClassSize
562,cpu_small,2,active,False,False,False,metadata:not_binary;n_samples_out_of_range;meta_missing:MinorityClassSize
563,kdd_el_nino-small,1,active,False,False,False,metadata:not_binary;has_missing_values;non_numeric_features;meta_missing:MinorityClassSize
564,fried,1,active,False,False,False,metadata:not_binary;n_samples_out_of_range;too_many_cells;meta_missing:MinorityClassSize
565,water-treatment,1,active,False,False,False,metadata:not_binary;has_missing_values;non_numeric_features;meta_missing:MinorityClassSize
566,meta,1,active,False,False,False,metadata:not_binary;has_missing_values;non_numeric_features;meta_missing:MinorityClassSize
567,kdd_coil_1,1,active,False,False,False,metadata:not_binary;has_missing_values;non_numeric_features;meta_missing:MinorityClassSize
568,kdd_coil_2,1,active,False,False,False,metadata:not_binary;has_missing_values;non_numeric_features;meta_missing:MinorityClassSize
569,auto93,1,active,False,False,False,metadata:not_binary;has_missing_values;non_numeric_features;n_samples_out_of_range;meta_missing:MinorityClassSize
570,kdd_coil_3,1,active,False,False,False,metadata:not_binary;has_missing_values;non_numeric_features;meta_missing:MinorityClassSize
572,bank8FM,1,active,False,False,False,metadata:not_binary;n_samples_out_of_range;meta_missing:MinorityClassSize
573,cpu_act,2,active,False,False,False,metadata:not_binary;n_samples_out_of_range;too_many_cells;meta_missing:MinorityClassSize
574,house_16H,1,active,False,False,False,metadata:not_binary;n_samples_out_of_range;too_many_cells;meta_missing:MinorityClassSize
575,kdd_coil_4,1,active,False,False,False,metadata:not_binary;has_missing_values;non_numeric_features;meta_missing:MinorityClassSize
576,kdd_coil_5,1,active,False,False,False,metadata:not_binary;has_missing_values;non_numeric_features;meta_missing:MinorityClassSize
577,kdd_coil_6,1,active,False,False,False,metadata:not_binary;has_missing_values;non_numeric_features;meta_missing:MinorityClassSize
578,kdd_coil_7,1,active,False,False,False,metadata:not_binary;has_missing_values;non_numeric_features;meta_missing:MinorityClassSize
579,fri_c0_250_5,1,active,False,False,False,metadata:not_binary;meta_missing:MinorityClassSize
580,fri_c4_250_100,1,active,False,False,False,metadata:not_binary;meta_missing:MinorityClassSize
581,fri_c3_500_25,1,active,False,False,False,metadata:not_binary;meta_missing:MinorityClassSize
582,fri_c1_500_25,1,active,False,False,False,metadata:not_binary;meta_missing:MinorityClassSize
583,fri_c1_1000_50,1,active,False,False,False,metadata:not_binary;meta_missing:MinorityClassSize
584,fri_c4_500_25,1,active,False,False,False,metadata:not_binary;meta_missing:MinorityClassSize
585,fri_c3_100_10,1,active,False,False,False,metadata:not_binary;n_samples_out_of_range;meta_missing:MinorityClassSize
586,fri_c3_1000_25,1,active,False,False,False,metadata:not_binary;meta_missing:MinorityClassSize
587,fri_c3_100_50,1,active,False,False,False,metadata:not_binary;n_samples_out_of_range;meta_missing:MinorityClassSize
588,fri_c4_1000_100,1,active,False,False,False,metadata:not_binary;meta_missing:MinorityClassSize
589,fri_c2_1000_25,1,active,False,False,False,metadata:not_binary;meta_missing:MinorityClassSize
590,fri_c0_1000_50,1,active,False,False,False,metadata:not_binary;meta_missing:MinorityClassSize
591,fri_c1_100_10,1,active,False,False,False,metadata:not_binary;n_samples_out_of_range;meta_missing:MinorityClassSize
592,fri_c4_1000_25,1,active,False,False,False,metadata:not_binary;meta_missing:MinorityClassSize
593,fri_c1_1000_10,1,active,False,False,False,metadata:not_binary;meta_missing:MinorityClassSize
594,fri_c2_100_5,1,active,False,False,False,metadata:not_binary;n_samples_out_of_range;meta_missing:MinorityClassSize
595,fri_c0_1000_10,1,active,False,False,False,metadata:not_binary;meta_missing:MinorityClassSize
596,fri_c2_250_5,1,active,False,False,False,metadata:not_binary;meta_missing:MinorityClassSize
597,fri_c2_500_5,1,active,False,False,False,metadata:not_binary;meta_missing:MinorityClassSize
598,fri_c0_1000_25,1,active,False,False,False,metadata:not_binary;meta_missing:MinorityClassSize
599,fri_c2_1000_5,1,active,False,False,False,metadata:not_binary;meta_missing:MinorityClassSize
600,fri_c0_100_50,1,active,False,False,False,metadata:not_binary;n_samples_out_of_range;meta_missing:MinorityClassSize
601,fri_c1_250_5,1,active,False,False,False,metadata:not_binary;meta_missing:MinorityClassSize
602,fri_c3_250_10,1,active,False,False,False,metadata:not_binary;meta_missing:MinorityClassSize
603,fri_c0_250_50,1,active,False,False,False,metadata:not_binary;meta_missing:MinorityClassSize
604,fri_c4_500_10,1,active,False,False,False,metadata:not_binary;meta_missing:MinorityClassSize
605,fri_c2_250_25,1,active,False,False,False,metadata:not_binary;meta_missing:MinorityClassSize
606,fri_c2_1000_10,1,active,False,False,False,metadata:not_binary;meta_missing:MinorityClassSize
607,fri_c4_1000_50,1,active,False,False,False,metadata:not_binary;meta_missing:MinorityClassSize
608,fri_c3_1000_10,1,active,False,False,False,metadata:not_binary;meta_missing:MinorityClassSize
609,fri_c0_1000_5,1,active,False,False,False,metadata:not_binary;meta_missing:MinorityClassSize
610,fri_c4_500_100,1,active,False,False,False,metadata:not_binary;meta_missing:MinorityClassSize
611,fri_c3_100_5,1,active,False,False,False,metadata:not_binary;n_samples_out_of_range;meta_missing:MinorityClassSize
612,fri_c1_1000_5,1,active,False,False,False,metadata:not_binary;meta_missing:MinorityClassSize
613,fri_c3_250_5,1,active,False,False,False,metadata:not_binary;meta_missing:MinorityClassSize
614,fri_c1_250_25,1,active,False,False,False,metadata:not_binary;meta_missing:MinorityClassSize
615,fri_c4_250_10,1,active,False,False,False,metadata:not_binary;meta_missing:MinorityClassSize
616,fri_c4_500_50,1,active,False,False,False,metadata:not_binary;meta_missing:MinorityClassSize
617,fri_c3_500_5,1,active,False,False,False,metadata:not_binary;meta_missing:MinorityClassSize
618,fri_c3_1000_50,1,active,False,False,False,metadata:not_binary;meta_missing:MinorityClassSize
619,fri_c4_250_50,1,active,False,False,False,metadata:not_binary;meta_missing:MinorityClassSize
620,fri_c1_1000_25,1,active,False,False,False,metadata:not_binary;meta_missing:MinorityClassSize
621,fri_c0_100_10,1,active,False,False,False,metadata:not_binary;n_samples_out_of_range;meta_missing:MinorityClassSize
622,fri_c2_1000_50,1,active,False,False,False,metadata:not_binary;meta_missing:MinorityClassSize
623,fri_c4_1000_10,1,active,False,False,False,metadata:not_binary;meta_missing:MinorityClassSize
624,fri_c0_100_5,1,active,False,False,False,metadata:not_binary;n_samples_out_of_range;meta_missing:MinorityClassSize
625,fri_c4_100_25,1,active,False,False,False,metadata:not_binary;n_samples_out_of_range;meta_missing:MinorityClassSize
626,fri_c2_500_50,1,active,False,False,False,metadata:not_binary;meta_missing:MinorityClassSize
627,fri_c2_500_10,1,active,False,False,False,metadata:not_binary;meta_missing:MinorityClassSize
628,fri_c3_1000_5,1,active,False,False,False,metadata:not_binary;meta_missing:MinorityClassSize
629,fri_c1_100_25,1,active,False,False,False,metadata:not_binary;n_samples_out_of_range;meta_missing:MinorityClassSize
630,fri_c2_100_50,1,active,False,False,False,metadata:not_binary;n_samples_out_of_range;meta_missing:MinorityClassSize
631,fri_c1_500_5,1,active,False,False,False,metadata:not_binary;meta_missing:MinorityClassSize
632,fri_c3_250_50,1,active,False,False,False,metadata:not_binary;meta_missing:MinorityClassSize
633,fri_c0_500_25,1,active,False,False,False,metadata:not_binary;meta_missing:MinorityClassSize
634,fri_c2_100_10,1,active,False,False,False,metadata:not_binary;n_samples_out_of_range;meta_missing:MinorityClassSize
635,fri_c0_250_10,1,active,False,False,False,metadata:not_binary;meta_missing:MinorityClassSize
636,fri_c1_100_50,1,active,False,False,False,metadata:not_binary;n_samples_out_of_range;meta_missing:MinorityClassSize
637,fri_c1_500_50,1,active,False,False,False,metadata:not_binary;meta_missing:MinorityClassSize
638,fri_c2_250_50,1,active,False,False,False,metadata:not_binary;meta_missing:MinorityClassSize
639,fri_c3_100_25,1,active,False,False,False,metadata:not_binary;n_samples_out_of_range;meta_missing:MinorityClassSize
640,fri_c4_100_10,1,active,False,False,False,metadata:not_binary;n_samples_out_of_range;meta_missing:MinorityClassSize
641,fri_c1_500_10,1,active,False,False,False,metadata:not_binary;meta_missing:MinorityClassSize
642,fri_c4_100_50,1,active,False,False,False,metadata:not_binary;n_samples_out_of_range;meta_missing:MinorityClassSize
643,fri_c2_500_25,1,active,False,False,False,metadata:not_binary;meta_missing:MinorityClassSize
644,fri_c4_250_25,1,active,False,False,False,metadata:not_binary;meta_missing:MinorityClassSize
645,fri_c3_500_50,1,active,False,False,False,metadata:not_binary;meta_missing:MinorityClassSize
646,fri_c3_500_10,1,active,False,False,False,metadata:not_binary;meta_missing:MinorityClassSize
647,fri_c1_250_10,1,active,False,False,False,metadata:not_binary;meta_missing:MinorityClassSize
648,fri_c1_250_50,1,active,False,False,False,metadata:not_binary;meta_missing:MinorityClassSize
649,fri_c0_500_5,1,active,False,False,False,metadata:not_binary;meta_missing:MinorityClassSize
650,fri_c0_500_50,1,active,False,False,False,metadata:not_binary;meta_missing:MinorityClassSize
651,fri_c0_100_25,1,active,False,False,False,metadata:not_binary;n_samples_out_of_range;meta_missing:MinorityClassSize
652,fri_c4_100_100,1,active,False,False,False,metadata:not_binary;n_samples_out_of_range;meta_missing:MinorityClassSize
653,fri_c0_250_25,1,active,False,False,False,metadata:not_binary;meta_missing:MinorityClassSize
654,fri_c0_500_10,1,active,False,False,False,metadata:not_binary;meta_missing:MinorityClassSize
655,fri_c2_100_25,1,active,False,False,False,metadata:not_binary;n_samples_out_of_range;meta_missing:MinorityClassSize
656,fri_c1_100_5,1,active,False,False,False,metadata:not_binary;n_samples_out_of_range;meta_missing:MinorityClassSize
657,fri_c2_250_10,1,active,False,False,False,metadata:not_binary;meta_missing:MinorityClassSize
658,fri_c3_250_25,1,active,False,False,False,metadata:not_binary;meta_missing:MinorityClassSize
659,sleuth_ex1714,1,active,False,False,False,metadata:not_binary;n_samples_out_of_range;meta_missing:MinorityClassSize
660,rabe_265,1,active,False,False,False,metadata:not_binary;n_samples_out_of_range;meta_missing:MinorityClassSize
661,sleuth_case1102,1,active,False,False,False,metadata:not_binary;non_numeric_features;n_samples_out_of_range;meta_missing:MinorityClassSize
663,rabe_266,1,active,False,False,False,metadata:not_binary;n_samples_out_of_range;meta_missing:MinorityClassSize
664,chscase_census6,1,active,False,False,False,metadata:not_binary;meta_missing:MinorityClassSize
665,sleuth_case2002,1,active,False,False,False,metadata:not_binary;non_numeric_features;n_samples_out_of_range;meta_missing:MinorityClassSize
666,rmftsa_ladata,1,active,False,False,False,metadata:not_binary;meta_missing:MinorityClassSize
668,witmer_census_1980,1,active,False,False,False,metadata:not_binary;n_samples_out_of_range;meta_missing:MinorityClassSize
669,chscase_adopt,1,active,False,False,False,metadata:not_binary;has_missing_values;n_samples_out_of_range;meta_missing:MinorityClassSize
670,chscase_census5,1,active,False,False,False,metadata:not_binary;meta_missing:MinorityClassSize
671,chscase_census4,1,active,False,False,False,metadata:not_binary;meta_missing:MinorityClassSize
672,chscase_census3,1,active,False,False,False,metadata:not_binary;meta_missing:MinorityClassSize
673,chscase_census2,1,active,False,False,False,metadata:not_binary;meta_missing:MinorityClassSize
674,chscase_demand,1,active,False,False,False,metadata:not_binary;n_samples_out_of_range;meta_missing:MinorityClassSize
675,visualizing_slope,1,active,False,False,False,metadata:not_binary;n_samples_out_of_range;meta_missing:MinorityClassSize
676,disclosure_x_tampered,1,active,False,False,False,metadata:not_binary;meta_missing:MinorityClassSize
678,visualizing_environmental,1,active,False,False,False,metadata:not_binary;n_samples_out_of_range;meta_missing:MinorityClassSize
679,rmftsa_sleepdata,1,active,False,False,False,metadata:not_binary
680,chscase_funds,1,active,False,False,False,metadata:meta_missing:NumberOfClasses;n_samples_out_of_range;n_features_out_of_range;meta_missing:MinorityClassSize
681,hutsof99_logis,1,active,False,False,False,metadata:not_binary;non_numeric_features;n_samples_out_of_range;meta_missing:MinorityClassSize
682,sleuth_ex2016,1,active,False,False,False,metadata:non_numeric_features;n_samples_out_of_range
683,sleuth_ex2015,1,active,False,False,False,metadata:n_samples_out_of_range
684,rabe_166,1,active,False,False,False,metadata:not_binary;n_samples_out_of_range;meta_missing:MinorityClassSize
685,visualizing_livestock,1,active,False,False,False,metadata:not_binary;non_numeric_features;n_samples_out_of_range;minority_too_small
686,rmftsa_ctoarrivals,1,active,False,False,False,metadata:not_binary;meta_missing:MinorityClassSize
687,sleuth_ex1605,1,active,False,False,False,metadata:not_binary;n_samples_out_of_range;meta_missing:MinorityClassSize
688,visualizing_soil,1,active,False,False,False,metadata:not_binary;n_samples_out_of_range;meta_missing:MinorityClassSize
689,chscase_vine2,1,active,False,False,False,metadata:not_binary;meta_missing:MinorityClassSize
690,visualizing_galaxy,1,active,False,False,False,metadata:not_binary;meta_missing:MinorityClassSize
691,chscase_vine1,1,active,False,False,False,metadata:not_binary;n_samples_out_of_range;meta_missing:MinorityClassSize
692,rabe_131,1,active,False,False,False,metadata:not_binary;n_samples_out_of_range;meta_missing:MinorityClassSize
693,diggle_table_a1,1,active,False,False,False,metadata:not_binary;n_samples_out_of_range;meta_missing:MinorityClassSize
694,diggle_table_a2,1,active,False,False,False,metadata:not_binary;minority_too_small
695,chatfield_4,1,active,False,False,False,metadata:not_binary;meta_missing:MinorityClassSize
696,hutsof99_child_witness,1,active,False,False,False,metadata:not_binary;n_samples_out_of_range;meta_missing:MinorityClassSize
697,rabe_97,1,active,False,False,False,metadata:not_binary;n_samples_out_of_range;meta_missing:MinorityClassSize
698,rabe_176,1,active,False,False,False,metadata:not_binary;n_samples_out_of_range;meta_missing:MinorityClassSize
699,disclosure_z,1,active,False,False,False,metadata:not_binary;meta_missing:MinorityClassSize
700,chscase_whale,1,active,False,False,False,metadata:not_binary;has_missing_values;meta_missing:MinorityClassSize
702,sleuth_ex1221,1,active,False,False,False,metadata:not_binary;n_samples_out_of_range;meta_missing:MinorityClassSize
703,chscase_foot,1,active,False,False,False,metadata:not_binary;non_numeric_features;meta_missing:MinorityClassSize
704,disclosure_x_noise,1,active,False,False,False,metadata:not_binary;meta_missing:MinorityClassSize
705,chscase_health,1,active,False,False,False,metadata:meta_missing:NumberOfClasses;n_samples_out_of_range;meta_missing:MinorityClassSize
706,sleuth_case1202,1,active,False,False,False,metadata:not_binary;non_numeric_features;n_samples_out_of_range;meta_missing:MinorityClassSize
707,sleuth_case1201,1,active,False,False,False,metadata:not_binary;n_samples_out_of_range;meta_missing:MinorityClassSize
708,visualizing_hamster,1,active,False,False,False,metadata:not_binary;n_samples_out_of_range;meta_missing:MinorityClassSize
709,disclosure_x_bias,1,active,False,False,False,metadata:not_binary;meta_missing:MinorityClassSize
710,rabe_148,1,active,False,False,False,metadata:not_binary;n_samples_out_of_range;meta_missing:MinorityClassSize
711,visualizing_ethanol,1,active,False,False,False,metadata:not_binary;n_samples_out_of_range;meta_missing:MinorityClassSize
712,chscase_geyser1,1,active,False,False,False,metadata:not_binary;meta_missing:MinorityClassSize
713,vineyard,2,active,False,False,False,metadata:n_samples_out_of_range;minority_too_small
714,fruitfly,2,active,False,False,False,metadata:non_numeric_features;n_samples_out_of_range
715,fri_c3_1000_25,2,active,True,True,True,
716,fri_c3_100_50,2,active,False,False,False,metadata:n_samples_out_of_range
717,rmftsa_ladata,2,active,True,True,True,
718,fri_c4_1000_100,2,active,True,True,True,
719,veteran,2,active,False,False,False,metadata:non_numeric_features;n_samples_out_of_range
720,abalone,2,active,False,False,False,metadata:non_numeric_features
721,pwLinear,2,active,True,True,True,
722,pol,2,active,False,False,False,metadata:n_samples_out_of_range;too_many_cells
723,fri_c4_1000_25,2,active,True,True,True,
724,analcatdata_vineyard,2,active,False,False,False,metadata:non_numeric_features
725,bank8FM,2,active,False,False,False,metadata:n_samples_out_of_range
726,fri_c2_100_5,2,active,False,False,False,metadata:n_samples_out_of_range
727,2dplanes,2,active,False,False,False,metadata:n_samples_out_of_range;too_many_cells
728,analcatdata_supreme,2,active,True,True,False,duplicate_rate_too_high
729,visualizing_slope,2,active,False,False,False,metadata:n_samples_out_of_range;minority_too_small
730,fri_c1_250_5,2,active,True,True,True,
731,baskball,2,active,False,False,False,metadata:n_samples_out_of_range
732,fri_c0_250_50,2,active,True,True,True,
733,machine_cpu,2,active,True,True,True,
734,ailerons,2,active,False,False,False,metadata:n_samples_out_of_range;too_many_cells
735,cpu_small,3,active,False,False,False,metadata:n_samples_out_of_range
736,visualizing_environmental,2,active,False,False,False,metadata:n_samples_out_of_range
737,space_ga,2,active,True,True,True,
738,pharynx,2,active,False,False,False,metadata:has_missing_values;non_numeric_features;n_samples_out_of_range
739,sleep,3,active,False,False,False,metadata:has_missing_values;n_samples_out_of_range;minority_too_small
740,fri_c3_1000_10,2,active,True,True,True,
741,rmftsa_sleepdata,2,active,False,False,False,metadata:non_numeric_features
742,fri_c4_500_100,2,active,True,True,True,
743,fri_c1_1000_5,2,active,True,True,True,
744,fri_c3_250_5,2,active,True,True,True,
745,auto_price,2,active,False,False,False,metadata:non_numeric_features;n_samples_out_of_range
746,fri_c1_250_25,2,active,True,True,True,
747,servo,1,active,False,False,False,metadata:non_numeric_features;n_samples_out_of_range
748,analcatdata_wildcat,2,active,False,False,False,metadata:non_numeric_features;n_samples_out_of_range
749,fri_c3_500_5,2,active,True,True,True,
750,pm10,2,active,True,True,True,
751,fri_c4_1000_10,2,active,True,True,True,
752,puma32H,2,active,False,False,False,metadata:n_samples_out_of_range;too_many_cells
753,wisconsin,2,active,False,False,False,metadata:n_samples_out_of_range
754,fri_c0_100_5,2,active,False,False,False,metadata:n_samples_out_of_range
755,sleuth_ex1605,2,active,False,False,False,metadata:n_samples_out_of_range
756,autoPrice,2,active,False,False,False,metadata:n_samples_out_of_range
757,meta,2,active,False,False,False,metadata:has_missing_values;non_numeric_features
758,analcatdata_election2000,2,active,False,False,False,metadata:n_samples_out_of_range;minority_too_small
759,analcatdata_olympic2000,2,active,False,False,False,metadata:n_samples_out_of_range
760,analcatdata_uktrainacc,2,active,False,False,False,metadata:has_missing_values;n_samples_out_of_range;minority_too_small
761,cpu_act,3,active,False,False,False,metadata:n_samples_out_of_range;too_many_cells
762,fri_c2_100_10,2,active,False,False,False,metadata:n_samples_out_of_range
763,fri_c0_250_10,2,active,True,True,True,
764,analcatdata_apnea3,2,active,False,False,False,metadata:non_numeric_features
765,analcatdata_apnea2,2,active,False,False,False,metadata:non_numeric_features
766,fri_c1_500_50,2,active,True,True,True,
767,analcatdata_apnea1,2,active,False,False,False,metadata:non_numeric_features
768,fri_c3_100_25,2,active,False,False,False,metadata:n_samples_out_of_range
769,fri_c1_250_50,2,active,True,True,True,
770,strikes,2,active,True,True,True,
771,analcatdata_michiganacc,2,active,False,False,False,metadata:non_numeric_features;n_samples_out_of_range
772,quake,3,active,True,True,True,
773,fri_c0_250_25,2,active,True,True,True,
774,disclosure_x_bias,2,active,True,True,True,
775,fri_c2_100_25,2,active,False,False,False,metadata:n_samples_out_of_range
776,fri_c0_250_5,2,active,True,True,True,
777,sleuth_ex1714,2,active,False,False,False,metadata:n_samples_out_of_range;minority_too_small
778,bodyfat,2,active,True,True,True,
779,fri_c1_500_25,2,active,True,True,True,
780,rabe_265,2,active,False,False,False,metadata:n_samples_out_of_range;minority_too_small
782,rabe_266,2,active,False,False,False,metadata:n_samples_out_of_range
783,fri_c3_100_10,2,active,False,False,False,metadata:n_samples_out_of_range
784,newton_hema,2,active,False,False,False,metadata:non_numeric_features;n_samples_out_of_range
785,wind_correlations,2,active,False,False,False,metadata:n_samples_out_of_range;minority_too_small
786,cleveland,2,active,False,False,False,metadata:has_missing_values;non_numeric_features
787,witmer_census_1980,2,active,False,False,False,metadata:n_samples_out_of_range;minority_too_small
788,triazines,2,active,False,False,False,metadata:n_samples_out_of_range
789,fri_c1_100_10,2,active,False,False,False,metadata:n_samples_out_of_range
790,elusage,2,active,False,False,False,metadata:non_numeric_features;n_samples_out_of_range;minority_too_small
791,diabetes_numeric,2,active,False,False,False,metadata:n_samples_out_of_range;minority_too_small
792,fri_c2_500_5,2,active,True,True,True,
793,fri_c3_250_10,2,active,True,True,True,
794,fri_c2_250_25,2,active,True,True,True,
795,disclosure_x_tampered,2,active,True,True,True,
796,cpu,2,active,False,False,False,metadata:non_numeric_features
797,fri_c4_1000_50,2,active,True,True,True,
798,cholesterol,2,active,False,False,False,metadata:has_missing_values;non_numeric_features
799,fri_c0_1000_5,2,active,True,True,True,
800,pyrim,2,active,False,False,False,metadata:n_samples_out_of_range
801,chscase_funds,2,active,False,False,False,metadata:n_samples_out_of_range
802,pbcseq,2,active,False,False,False,metadata:has_missing_values;non_numeric_features
803,delta_ailerons,1,active,False,False,False,metadata:n_samples_out_of_range
804,hutsof99_logis,2,active,False,False,False,metadata:non_numeric_features;n_samples_out_of_range
805,fri_c4_500_50,2,active,True,True,True,
806,fri_c3_1000_50,2,active,True,True,True,
807,kin8nm,2,active,False,False,False,metadata:n_samples_out_of_range
808,fri_c0_100_10,2,active,False,False,False,metadata:n_samples_out_of_range
810,pbc,3,active,False,False,False,metadata:has_missing_values;non_numeric_features
811,rmftsa_ctoarrivals,2,active,False,False,False,metadata:non_numeric_features
812,fri_c1_100_25,2,active,False,False,False,metadata:n_samples_out_of_range
813,fri_c3_1000_5,2,active,True,True,True,
814,chscase_vine2,2,active,True,True,True,
815,chscase_vine1,2,active,False,False,False,metadata:n_samples_out_of_range;minority_too_small
816,puma8NH,2,active,False,False,False,metadata:n_samples_out_of_range
817,diggle_table_a1,2,active,False,False,False,metadata:n_samples_out_of_range;minority_too_small
818,diggle_table_a2,2,active,False,False,False,metadata:non_numeric_features
819,delta_elevators,3,active,False,False,False,metadata:n_samples_out_of_range
820,chatfield_4,2,active,True,True,True,
821,house_16H,2,active,False,False,False,metadata:n_samples_out_of_range;too_many_cells
823,houses,2,active,False,False,False,metadata:n_samples_out_of_range;too_many_cells
824,fri_c1_500_10,2,active,True,True,True,
825,boston_corrected,2,active,False,False,False,metadata:non_numeric_features
826,sensory,2,active,False,False,False,metadata:non_numeric_features
827,disclosure_x_noise,2,active,True,True,True,
828,fri_c4_100_100,2,active,False,False,False,metadata:n_samples_out_of_range
829,fri_c1_100_5,2,active,False,False,False,metadata:n_samples_out_of_range
830,fri_c2_250_10,2,active,True,True,True,
831,autoMpg,2,active,False,False,False,metadata:has_missing_values;non_numeric_features
832,fri_c3_250_25,2,active,True,True,True,
833,bank32nh,2,active,False,False,False,metadata:n_samples_out_of_range;too_many_cells
834,fri_c4_250_100,2,active,True,True,True,
835,analcatdata_vehicle,2,active,False,False,False,metadata:non_numeric_features;n_samples_out_of_range;minority_too_small
836,sleuth_case1102,2,active,False,False,False,metadata:non_numeric_features;n_samples_out_of_range;minority_too_small
837,fri_c1_1000_50,2,active,True,True,True,
838,fri_c4_500_25,2,active,True,True,True,
839,kdd_el_nino-small,2,active,False,False,False,metadata:has_missing_values;non_numeric_features
840,autoHorse,2,active,False,False,False,metadata:has_missing_values;non_numeric_features
841,stock,2,active,True,True,True,
842,analcatdata_runshoes,2,active,False,False,False,metadata:has_missing_values;non_numeric_features;n_samples_out_of_range;minority_too_small
843,house_8L,2,active,False,False,False,metadata:n_samples_out_of_range;too_many_cells
844,breastTumor,2,active,False,False,False,metadata:has_missing_values;non_numeric_features
845,fri_c0_1000_10,2,active,True,True,True,
846,elevators,2,active,False,False,False,metadata:n_samples_out_of_range;too_many_cells
847,wind,2,active,False,False,False,metadata:n_samples_out_of_range
848,schlvote,2,active,False,False,False,metadata:non_numeric_features;n_samples_out_of_range;minority_too_small
849,fri_c0_1000_25,2,active,True,True,True,
850,fri_c0_100_50,2,active,False,False,False,metadata:n_samples_out_of_range
851,tecator,2,active,False,False,False,metadata:n_features_out_of_range
852,analcatdata_gsssexsurvey,2,active,False,False,False,metadata:has_missing_values;non_numeric_features;n_samples_out_of_range
853,boston,2,active,False,False,False,metadata:non_numeric_features
854,fishcatch,2,active,False,False,False,metadata:has_missing_values;non_numeric_features;n_samples_out_of_range
855,fri_c4_500_10,2,active,True,True,True,
857,bolts,2,active,False,False,False,metadata:n_samples_out_of_range;minority_too_small
858,hungarian,2,active,False,False,False,metadata:has_missing_values;non_numeric_features
859,analcatdata_gviolence,2,active,False,False,False,metadata:n_samples_out_of_range
860,vinnie,2,active,True,True,False,duplicate_rate_too_high
861,auto93,2,active,False,False,False,metadata:has_missing_values;non_numeric_features;n_samples_out_of_range
862,sleuth_ex2016,2,active,False,False,False,metadata:non_numeric_features;n_samples_out_of_range
863,fri_c4_250_10,2,active,True,True,True,
864,sleuth_ex2015,2,active,False,False,False,metadata:non_numeric_features;n_samples_out_of_range;minority_too_small
865,analcatdata_neavote,2,active,False,False,False,metadata:non_numeric_features;n_samples_out_of_range;minority_too_small
866,fri_c2_1000_50,2,active,True,True,True,
867,visualizing_livestock,2,active,False,False,False,metadata:non_numeric_features;n_samples_out_of_range;minority_too_small
868,fri_c4_100_25,2,active,False,False,False,metadata:n_samples_out_of_range
869,fri_c2_500_10,2,active,True,True,True,
870,fri_c1_500_5,2,active,True,True,True,
871,pollen,2,active,True,True,True,
873,fri_c3_250_50,2,active,True,True,True,
874,rabe_131,2,active,False,False,False,metadata:n_samples_out_of_range;minority_too_small
875,analcatdata_chlamydia,2,active,False,False,False,metadata:non_numeric_features;n_samples_out_of_range;minority_too_small
876,fri_c1_100_50,2,active,False,False,False,metadata:n_samples_out_of_range
877,fri_c2_250_50,2,active,True,True,True,
878,fri_c4_100_10,2,active,False,False,False,metadata:n_samples_out_of_range
879,fri_c2_500_25,2,active,True,True,True,
880,mu284,2,active,True,True,True,
881,mv,2,active,False,False,False,metadata:non_numeric_features;n_samples_out_of_range;too_many_cells
882,pollution,2,active,False,False,False,metadata:n_samples_out_of_range;minority_too_small
884,fri_c0_500_5,2,active,True,True,True,
885,transplant,2,active,False,False,False,metadata:n_samples_out_of_range
886,no2,2,active,True,True,True,
887,mbagrade,2,active,False,False,False,metadata:non_numeric_features;n_samples_out_of_range;minority_too_small
888,fri_c0_500_50,2,active,True,True,True,
889,fri_c0_100_25,2,active,False,False,False,metadata:n_samples_out_of_range
890,cloud,2,active,False,False,False,metadata:non_numeric_features;n_samples_out_of_range
891,sleuth_case1202,2,active,False,False,False,metadata:non_numeric_features;n_samples_out_of_range
892,sleuth_case1201,2,active,False,False,False,metadata:n_samples_out_of_range;minority_too_small
893,visualizing_hamster,2,active,False,False,False,metadata:n_samples_out_of_range
894,rabe_148,2,active,False,False,False,metadata:n_samples_out_of_range
895,chscase_geyser1,2,active,True,True,True,
896,fri_c3_500_25,2,active,True,True,True,
897,colleges_aaup,2,active,False,False,False,metadata:has_missing_values;non_numeric_features
898,hip,2,active,False,False,False,metadata:has_missing_values;n_samples_out_of_range;minority_too_small
899,analcatdata_negotiation,2,active,False,False,False,metadata:has_missing_values;non_numeric_features;n_samples_out_of_range;minority_too_small
900,chscase_census6,2,active,True,True,True,
901,fried,2,active,False,False,False,metadata:n_samples_out_of_range;too_many_cells
902,sleuth_case2002,2,active,False,False,False,metadata:non_numeric_features;n_samples_out_of_range
903,fri_c2_1000_25,2,active,True,True,True,
904,fri_c0_1000_50,2,active,True,True,True,
905,chscase_adopt,2,active,False,False,False,metadata:n_samples_out_of_range;minority_too_small
906,chscase_census5,2,active,True,True,True,
907,chscase_census4,2,active,True,True,True,
908,chscase_census3,2,active,True,True,True,
909,chscase_census2,2,active,True,True,True,
910,fri_c1_1000_10,2,active,True,True,True,
911,fri_c2_250_5,2,active,True,True,True,
912,fri_c2_1000_5,2,active,True,True,True,
913,fri_c2_1000_10,2,active,True,True,True,
914,balloon,2,active,False,False,False,metadata:n_features_out_of_range
915,plasma_retinol,2,active,False,False,False,metadata:non_numeric_features
916,fri_c3_100_5,2,active,False,False,False,metadata:n_samples_out_of_range
917,fri_c1_1000_25,2,active,True,True,True,
918,fri_c4_250_50,2,active,True,True,True,
919,rabe_166,2,active,False,False,False,metadata:n_samples_out_of_range;n_features_out_of_range;minority_too_small
920,fri_c2_500_50,2,active,True,True,True,
921,analcatdata_seropositive,2,active,False,False,False,metadata:non_numeric_features;n_samples_out_of_range
922,fri_c2_100_50,2,active,False,False,False,metadata:n_samples_out_of_range
923,visualizing_soil,2,active,False,False,False,metadata:non_numeric_features;n_samples_out_of_range
924,humandevel,2,active,False,False,False,metadata:n_samples_out_of_range;n_features_out_of_range
925,visualizing_galaxy,2,active,True,True,True,
926,fri_c0_500_25,2,active,True,True,True,
927,hutsof99_child_witness,2,active,False,False,False,metadata:n_samples_out_of_range;minority_too_small
928,rabe_97,2,active,False,False,False,metadata:non_numeric_features;n_samples_out_of_range;minority_too_small
929,rabe_176,2,active,False,False,False,metadata:n_samples_out_of_range
930,colleges_usnews,2,active,False,False,False,metadata:has_missing_values;non_numeric_features
931,disclosure_z,2,active,True,True,True,
932,fri_c4_100_50,2,active,False,False,False,metadata:n_samples_out_of_range
933,fri_c4_250_25,2,active,True,True,True,
934,socmob,2,active,False,False,False,metadata:non_numeric_features
935,fri_c1_250_10,2,active,True,True,True,
936,fri_c3_500_10,2,active,True,True,True,
937,fri_c3_500_50,2,active,True,True,True,
938,sleuth_ex1221,2,active,False,False,False,metadata:non_numeric_features;n_samples_out_of_range;minority_too_small
939,chscase_whale,2,active,False,False,False,metadata:has_missing_values
940,water-treatment,2,active,False,False,False,metadata:has_missing_values;non_numeric_features
941,lowbwt,2,active,False,False,False,metadata:non_numeric_features;n_samples_out_of_range
942,chscase_health,2,active,False,False,False,metadata:non_numeric_features;n_samples_out_of_range;minority_too_small
943,fri_c0_500_10,2,active,True,True,True,
944,echoMonths,2,active,False,False,False,metadata:has_missing_values;non_numeric_features;n_samples_out_of_range
945,kidney,2,active,False,False,False,metadata:non_numeric_features;n_samples_out_of_range
946,visualizing_ethanol,2,active,False,False,False,metadata:n_samples_out_of_range
947,arsenic-male-bladder,2,active,False,False,False,metadata:non_numeric_features;minority_too_small
949,arsenic-female-bladder,2,active,False,False,False,metadata:non_numeric_features
950,arsenic-female-lung,2,active,False,False,False,metadata:non_numeric_features;minority_too_small
951,arsenic-male-lung,2,active,False,False,False,metadata:non_numeric_features;minority_too_small
952,prnn_fglass,1,active,False,False,False,metadata:not_binary;minority_too_small
953,splice,2,active,False,False,False,metadata:non_numeric_features;too_many_cells
954,spectrometer,2,active,False,False,False,metadata:non_numeric_features;n_features_out_of_range
955,tae,2,active,False,False,False,metadata:non_numeric_features;n_samples_out_of_range
956,molecular-biology_promoters,2,active,False,False,False,metadata:non_numeric_features;n_samples_out_of_range
957,braziltourism,2,active,False,False,False,metadata:has_missing_values;non_numeric_features
958,segment,2,active,True,True,True,
959,nursery,2,active,False,False,False,metadata:non_numeric_features;n_samples_out_of_range
960,postoperative-patient-data,2,active,False,False,False,metadata:has_missing_values;non_numeric_features;n_samples_out_of_range;minority_too_small
961,analcatdata_broadwaymult,2,active,False,False,False,metadata:has_missing_values;non_numeric_features
962,mfeat-morphological,2,active,True,True,True,
963,heart-h,2,active,False,False,False,metadata:has_missing_values;non_numeric_features
964,pasture,2,active,False,False,False,metadata:non_numeric_features;n_samples_out_of_range;minority_too_small
965,zoo,2,active,False,False,False,metadata:non_numeric_features;n_samples_out_of_range
966,analcatdata_halloffame,2,active,False,False,False,metadata:has_missing_values;non_numeric_features
967,cars,2,active,False,False,False,metadata:has_missing_values;non_numeric_features
968,analcatdata_birthday,2,active,False,False,False,metadata:has_missing_values;non_numeric_features
969,iris,3,active,False,False,False,metadata:n_samples_out_of_range
970,analcatdata_authorship,2,active,True,True,True,
971,mfeat-fourier,2,active,False,False,False,metadata:too_many_cells
972,squash-stored,2,active,False,False,False,metadata:has_missing_values;non_numeric_features;n_samples_out_of_range;minority_too_small
973,wine,2,active,False,False,False,metadata:n_samples_out_of_range
974,hayes-roth,2,active,False,False,False,metadata:n_samples_out_of_range
975,autos,2,active,False,False,False,metadata:has_missing_values;non_numeric_features
976,JapaneseVowels,2,active,False,False,False,metadata:n_samples_out_of_range
977,letter,2,active,False,False,False,metadata:n_samples_out_of_range;too_many_cells
978,mfeat-factors,2,active,False,False,False,metadata:n_features_out_of_range;too_many_cells
979,waveform-5000,2,active,False,False,False,metadata:too_many_cells
980,optdigits,2,active,False,False,False,metadata:n_samples_out_of_range;too_many_cells
981,kdd_internet_usage,1,active,False,False,False,metadata:has_missing_values;non_numeric_features;n_samples_out_of_range;too_many_cells
982,heart-c,2,active,False,False,False,metadata:has_missing_values;non_numeric_features
983,cmc,2,active,False,False,False,metadata:non_numeric_features
984,analcatdata_draft,2,active,False,False,False,metadata:has_missing_values;non_numeric_features
985,squash-unstored,2,active,False,False,False,metadata:has_missing_values;non_numeric_features;n_samples_out_of_range;minority_too_small
986,analcatdata_marketing,2,active,False,False,False,metadata:has_missing_values;non_numeric_features
987,collins,2,active,False,False,False,metadata:non_numeric_features
988,fl2000,2,active,False,False,False,metadata:non_numeric_features;n_samples_out_of_range;minority_too_small
989,anneal,3,active,False,False,False,metadata:has_missing_values;non_numeric_features
990,eucalyptus,2,active,False,False,False,metadata:has_missing_values;non_numeric_features
991,car,2,active,False,False,False,metadata:non_numeric_features
992,analcatdata_broadway,2,active,False,False,False,metadata:has_missing_values;non_numeric_features;n_samples_out_of_range;minority_too_small
993,kdd_ipums_la_97-small,1,active,False,False,False,metadata:has_missing_values;non_numeric_features;n_samples_out_of_range;too_many_cells
994,vehicle,2,active,True,True,True,
995,mfeat-zernike,2,active,True,True,True,
996,prnn_fglass,2,active,True,True,True,
997,balance-scale,2,active,True,True,True,
998,analcatdata_bondrate,2,active,False,False,False,metadata:has_missing_values;non_numeric_features;n_samples_out_of_range;minority_too_small
999,audiology,2,active,False,False,False,metadata:has_missing_values;non_numeric_features
1000,hypothyroid,2,active,False,False,False,metadata:has_missing_values;non_numeric_features
1001,sponge,2,active,False,False,False,metadata:has_missing_values;non_numeric_features;n_samples_out_of_range;minority_too_small
1002,ipums_la_98-small,2,active,False,False,False,metadata:has_missing_values;non_numeric_features;n_samples_out_of_range;too_many_cells
1003,primary-tumor,2,active,False,False,False,metadata:has_missing_values;non_numeric_features
1004,synthetic_control,2,active,True,True,True,
1005,glass,2,active,True,True,True,
1006,lymph,2,active,False,False,False,metadata:non_numeric_features;n_samples_out_of_range
1007,bridges,5,active,False,False,False,metadata:has_missing_values;non_numeric_features;n_samples_out_of_range
1008,analcatdata_reviewer,2,active,False,False,False,metadata:has_missing_values;non_numeric_features
1009,white-clover,2,active,False,False,False,metadata:non_numeric_features;n_samples_out_of_range;minority_too_small
1010,dermatology,2,active,False,False,False,metadata:has_missing_values;non_numeric_features
1011,ecoli,2,active,True,True,True,
1012,flags,2,active,False,False,False,metadata:non_numeric_features;n_samples_out_of_range
1013,analcatdata_challenger,2,active,False,False,False,metadata:non_numeric_features;n_samples_out_of_range;minority_too_small
1014,analcatdata_dmft,2,active,False,False,False,metadata:non_numeric_features
1015,confidence,2,active,False,False,False,metadata:n_samples_out_of_range;minority_too_small
1016,vowel,3,active,False,False,False,metadata:non_numeric_features
1017,arrhythmia,2,active,False,False,False,metadata:has_missing_values;non_numeric_features;n_features_out_of_range
1018,ipums_la_99-small,2,active,False,False,False,metadata:has_missing_values;non_numeric_features;n_samples_out_of_range;too_many_cells
1019,pendigits,2,active,False,False,False,metadata:n_samples_out_of_range;too_many_cells
1020,mfeat-karhunen,2,active,True,True,True,
1021,page-blocks,2,active,False,False,False,metadata:n_samples_out_of_range
1022,mfeat-pixel,2,active,False,False,False,metadata:non_numeric_features;n_features_out_of_range;too_many_cells
1023,soybean,2,active,False,False,False,metadata:has_missing_values;non_numeric_features
1024,cjs,2,active,False,False,False,metadata:has_missing_values;non_numeric_features
1025,analcatdata_germangss,2,active,False,False,False,metadata:non_numeric_features
1026,grub-damage,2,active,False,False,False,metadata:non_numeric_features;n_samples_out_of_range
1027,ESL,1,active,False,False,False,metadata:not_binary;meta_missing:MinorityClassSize
1028,SWD,1,active,False,False,False,metadata:not_binary;meta_missing:MinorityClassSize
1029,LEV,1,active,False,False,False,metadata:not_binary;meta_missing:MinorityClassSize
1030,ERA,1,active,False,False,False,metadata:not_binary;meta_missing:MinorityClassSize
1035,ESL,2,active,False,False,False,metadata:not_binary;meta_missing:MinorityClassSize
1037,ada_prior,1,active,False,False,False,metadata:has_missing_values;non_numeric_features
1038,gina_agnostic,1,active,False,False,False,metadata:n_features_out_of_range;too_many_cells
1039,hiva_agnostic,1,active,False,False,False,metadata:n_features_out_of_range;too_many_cells
1040,sylva_prior,1,active,False,False,False,metadata:n_samples_out_of_range;n_features_out_of_range;too_many_cells
1041,gina_prior2,1,active,False,False,False,metadata:not_binary;n_features_out_of_range;too_many_cells
1042,gina_prior,1,active,False,False,False,metadata:n_features_out_of_range;too_many_cells
1044,eye_movements,1,active,False,False,False,metadata:not_binary;non_numeric_features;n_samples_out_of_range;too_many_cells
1045,kc1-top5,1,active,False,False,False,metadata:n_samples_out_of_range;minority_too_small
1046,mozilla4,1,active,False,False,False,metadata:n_samples_out_of_range
1047,usp05,1,active,False,False,False,metadata:not_binary;non_numeric_features;minority_too_small
1048,jEdit_4.2_4.3,1,active,True,True,True,
1049,pc4,1,active,True,True,True,
1050,pc3,1,active,True,True,True,
1051,cocomo_numeric,1,active,False,False,False,metadata:not_binary;non_numeric_features;n_samples_out_of_range;meta_missing:MinorityClassSize
1053,jm1,1,active,False,False,False,metadata:has_missing_values;n_samples_out_of_range;too_many_cells
1054,mc2,1,active,False,False,False,metadata:n_samples_out_of_range
1055,cm1_req,1,active,False,False,False,metadata:non_numeric_features;n_samples_out_of_range;minority_too_small
1056,mc1,1,active,False,False,False,metadata:n_samples_out_of_range;too_many_cells
1057,usp05-ft,1,active,False,False,False,metadata:not_binary;has_missing_values;non_numeric_features;n_samples_out_of_range;minority_too_small
1058,humans_numeric,1,active,False,False,False,metadata:not_binary;n_samples_out_of_range;meta_missing:MinorityClassSize
1059,ar1,1,active,False,False,False,metadata:n_samples_out_of_range;minority_too_small
1060,ar3,1,active,False,False,False,metadata:n_samples_out_of_range;minority_too_small
1061,ar4,1,active,False,False,False,metadata:n_samples_out_of_range;minority_too_small
1062,ar5,1,active,False,False,False,metadata:n_samples_out_of_range;minority_too_small
1063,kc2,1,active,True,True,True,
1064,ar6,1,active,False,False,False,metadata:n_samples_out_of_range;minority_too_small
1065,kc3,1,active,True,True,True,
1066,kc1-binary,1,active,False,False,False,metadata:n_samples_out_of_range
1067,kc1,1,active,True,True,False,duplicate_rate_too_high
1068,pc1,1,active,True,True,True,
1069,pc2,1,active,False,False,False,metadata:n_samples_out_of_range;too_many_cells;minority_too_small
1070,kc1-numeric,1,active,False,False,False,metadata:not_binary;n_samples_out_of_range;meta_missing:MinorityClassSize
1071,mw1,1,active,True,True,True,
1072,qqdefects_numeric,1,active,False,False,False,metadata:not_binary;has_missing_values;non_numeric_features;n_samples_out_of_range;meta_missing:MinorityClassSize
1073,jEdit_4.0_4.2,1,active,True,True,True,
1075,datatrieve,1,active,False,False,False,metadata:n_samples_out_of_range;minority_too_small
1076,nasa_numeric,1,active,False,False,False,metadata:not_binary;non_numeric_features;n_samples_out_of_range;meta_missing:MinorityClassSize
1077,rsctc2010_1,1,active,False,False,False,metadata:not_binary;n_samples_out_of_range;n_features_out_of_range;too_many_cells;minority_too_small
1078,rsctc2010_2,1,active,False,False,False,metadata:not_binary;n_samples_out_of_range;n_features_out_of_range;too_many_cells;minority_too_small
1079,rsctc2010_3,1,active,False,False,False,metadata:not_binary;n_samples_out_of_range;n_features_out_of_range;too_many_cells;minority_too_small
1080,rsctc2010_4,1,active,False,False,False,metadata:not_binary;n_samples_out_of_range;n_features_out_of_range;too_many_cells;minority_too_small
1081,rsctc2010_5,1,active,False,False,False,metadata:not_binary;n_samples_out_of_range;n_features_out_of_range;too_many_cells;minority_too_small
1082,rsctc2010_6,1,active,False,False,False,metadata:not_binary;n_samples_out_of_range;n_features_out_of_range;too_many_cells;minority_too_small
1083,mouseType,1,active,False,False,False,metadata:not_binary;n_features_out_of_range;too_many_cells;minority_too_small
1084,BurkittLymphoma,1,active,False,False,False,metadata:not_binary;n_features_out_of_range;too_many_cells
1085,anthracyclineTaxaneChemotherapy,1,active,False,False,False,metadata:n_samples_out_of_range;n_features_out_of_range;too_many_cells
1086,ovarianTumour,1,active,False,False,False,metadata:not_binary;n_features_out_of_range;too_many_cells;minority_too_small
1087,hepatitisC,1,active,False,False,False,metadata:not_binary;n_features_out_of_range;too_many_cells;minority_too_small
1088,variousCancers_final,1,active,False,False,False,metadata:not_binary;n_features_out_of_range;too_many_cells;minority_too_small
1089,USCrime,1,active,False,False,False,metadata:not_binary;n_samples_out_of_range;meta_missing:MinorityClassSize
1090,MercuryinBass,1,active,False,False,False,metadata:not_binary;n_samples_out_of_range;meta_missing:MinorityClassSize
1091,SMSA,1,active,False,False,False,metadata:not_binary;n_samples_out_of_range;meta_missing:MinorityClassSize
1092,Crash,1,active,False,False,False,metadata:not_binary;has_missing_values;non_numeric_features;meta_missing:MinorityClassSize
1093,Brainsize,1,active,False,False,False,metadata:not_binary;has_missing_values;n_samples_out_of_range;meta_missing:MinorityClassSize
1094,Acorns,1,active,False,False,False,metadata:not_binary;n_samples_out_of_range;meta_missing:MinorityClassSize
1096,FacultySalaries,1,active,False,False,False,metadata:not_binary;n_samples_out_of_range;meta_missing:MinorityClassSize
1097,ICU,1,active,False,False,False,metadata:not_binary;meta_missing:MinorityClassSize
1098,pubexpendat,1,active,False,False,False,metadata:not_binary;n_samples_out_of_range;meta_missing:MinorityClassSize
1099,EgyptianSkulls,1,active,False,False,False,metadata:not_binary;n_samples_out_of_range;meta_missing:MinorityClassSize
1100,PopularKids,1,active,False,False,False,metadata:not_binary;non_numeric_features
1101,lymphoma_2classes,1,active,False,False,False,metadata:has_missing_values;n_samples_out_of_range;n_features_out_of_range;too_many_cells;minority_too_small
1102,lymphoma_9classes,1,active,False,False,False,metadata:not_binary;has_missing_values;n_samples_out_of_range;n_features_out_of_range;too_many_cells;minority_too_small
1103,yeast_gene,1,active,False,False,False,metadata:not_binary;n_samples_out_of_range;n_features_out_of_range;meta_missing:MinorityClassSize
1104,leukemia,1,active,False,False,False,metadata:n_samples_out_of_range;n_features_out_of_range;too_many_cells;minority_too_small
1106,GCM,1,active,False,False,False,metadata:not_binary;n_samples_out_of_range;n_features_out_of_range;too_many_cells;minority_too_small
1107,tumors_C,1,active,False,False,False,metadata:n_samples_out_of_range;n_features_out_of_range;too_many_cells;minority_too_small
1109,lymphoma_11classes,1,active,False,False,False,metadata:not_binary;has_missing_values;n_samples_out_of_range;n_features_out_of_range;too_many_cells;minority_too_small
1110,KDDCup99_full,1,active,False,False,False,metadata:not_binary;non_numeric_features;n_samples_out_of_range;too_many_cells;minority_too_small
1111,KDDCup09_appetency,1,active,False,False,False,metadata:has_missing_values;non_numeric_features;n_samples_out_of_range;n_features_out_of_range;too_many_cells
1112,KDDCup09_churn,1,active,False,False,False,metadata:has_missing_values;non_numeric_features;n_samples_out_of_range;n_features_out_of_range;too_many_cells
1113,KDDCup99,1,active,False,False,False,metadata:not_binary;non_numeric_features;n_samples_out_of_range;too_many_cells;minority_too_small
1114,KDDCup09_upselling,1,active,False,False,False,metadata:has_missing_values;non_numeric_features;n_samples_out_of_range;n_features_out_of_range;too_many_cells
1115,teachingAssistant,1,active,False,False,False,metadata:not_binary;non_numeric_features;n_samples_out_of_range
1116,musk,1,active,False,False,False,metadata:non_numeric_features;n_samples_out_of_range;n_features_out_of_range;too_many_cells
1117,desharnais,2,active,False,False,False,metadata:not_binary;n_samples_out_of_range;minority_too_small
1119,adult-census,1,active,False,False,False,metadata:has_missing_values;non_numeric_features;n_samples_out_of_range;too_many_cells
1120,MagicTelescope,1,active,False,False,False,metadata:n_samples_out_of_range;too_many_cells
1121,badges2,1,active,False,False,False,metadata:non_numeric_features
1122,AP_Breast_Prostate,1,active,False,False,False,metadata:n_features_out_of_range;too_many_cells
1123,AP_Endometrium_Breast,1,active,False,False,False,metadata:n_features_out_of_range;too_many_cells
1124,AP_Omentum_Uterus,1,active,False,False,False,metadata:n_features_out_of_range;too_many_cells
1125,AP_Omentum_Prostate,1,active,False,False,False,metadata:n_samples_out_of_range;n_features_out_of_range;too_many_cells
1126,AP_Colon_Lung,1,active,False,False,False,metadata:n_features_out_of_range;too_many_cells
1127,AP_Breast_Omentum,1,active,False,False,False,metadata:n_features_out_of_range;too_many_cells
1128,OVA_Breast,1,active,False,False,False,metadata:n_features_out_of_range;too_many_cells
1129,AP_Uterus_Kidney,1,active,False,False,False,metadata:n_features_out_of_range;too_many_cells
1130,OVA_Lung,1,active,False,False,False,metadata:n_features_out_of_range;too_many_cells
1131,AP_Prostate_Uterus,1,active,False,False,False,metadata:n_samples_out_of_range;n_features_out_of_range;too_many_cells
1132,AP_Omentum_Lung,1,active,False,False,False,metadata:n_features_out_of_range;too_many_cells
1133,AP_Endometrium_Colon,1,active,False,False,False,metadata:n_features_out_of_range;too_many_cells
1134,OVA_Kidney,1,active,False,False,False,metadata:n_features_out_of_range;too_many_cells
1135,AP_Colon_Prostate,1,active,False,False,False,metadata:n_features_out_of_range;too_many_cells
1136,AP_Lung_Uterus,1,active,False,False,False,metadata:n_features_out_of_range;too_many_cells
1137,AP_Colon_Kidney,1,active,False,False,False,metadata:n_features_out_of_range;too_many_cells
1138,OVA_Uterus,1,active,False,False,False,metadata:n_features_out_of_range;too_many_cells
1139,OVA_Omentum,1,active,False,False,False,metadata:n_features_out_of_range;too_many_cells
1140,AP_Ovary_Lung,1,active,False,False,False,metadata:n_features_out_of_range;too_many_cells
1141,AP_Endometrium_Prostate,1,active,False,False,False,metadata:n_samples_out_of_range;n_features_out_of_range;too_many_cells
1142,OVA_Endometrium,1,active,False,False,False,metadata:n_features_out_of_range;too_many_cells
1143,AP_Colon_Omentum,1,active,False,False,False,metadata:n_features_out_of_range;too_many_cells
1144,AP_Prostate_Kidney,1,active,False,False,False,metadata:n_features_out_of_range;too_many_cells
1145,AP_Breast_Colon,1,active,False,False,False,metadata:n_features_out_of_range;too_many_cells
1146,OVA_Prostate,1,active,False,False,False,metadata:n_features_out_of_range;too_many_cells
1147,AP_Omentum_Kidney,1,active,False,False,False,metadata:n_features_out_of_range;too_many_cells
1148,AP_Breast_Uterus,1,active,False,False,False,metadata:n_features_out_of_range;too_many_cells
1149,AP_Ovary_Kidney,1,active,False,False,False,metadata:n_features_out_of_range;too_many_cells
1150,AP_Breast_Lung,1,active,False,False,False,metadata:n_features_out_of_range;too_many_cells
1151,AP_Endometrium_Omentum,1,active,False,False,False,metadata:n_samples_out_of_range;n_features_out_of_range;too_many_cells
1152,AP_Prostate_Ovary,1,active,False,False,False,metadata:n_features_out_of_range;too_many_cells
1153,AP_Colon_Ovary,1,active,False,False,False,metadata:n_features_out_of_range;too_many_cells
1154,AP_Endometrium_Lung,1,active,False,False,False,metadata:n_samples_out_of_range;n_features_out_of_range;too_many_cells
1155,AP_Prostate_Lung,1,active,False,False,False,metadata:n_samples_out_of_range;n_features_out_of_range;too_many_cells
1156,AP_Omentum_Ovary,1,active,False,False,False,metadata:n_features_out_of_range;too_many_cells
1157,AP_Endometrium_Kidney,1,active,False,False,False,metadata:n_features_out_of_range;too_many_cells
1158,AP_Breast_Kidney,1,active,False,False,False,metadata:n_features_out_of_range;too_many_cells
1159,AP_Endometrium_Ovary,1,active,False,False,False,metadata:n_features_out_of_range;too_many_cells
1160,AP_Colon_Uterus,1,active,False,False,False,metadata:n_features_out_of_range;too_many_cells
1161,OVA_Colon,1,active,False,False,False,metadata:n_features_out_of_range;too_many_cells
1162,AP_Ovary_Uterus,1,active,False,False,False,metadata:n_features_out_of_range;too_many_cells
1163,AP_Lung_Kidney,1,active,False,False,False,metadata:n_features_out_of_range;too_many_cells
1164,AP_Endometrium_Uterus,1,active,False,False,False,metadata:n_samples_out_of_range;n_features_out_of_range;too_many_cells
1165,AP_Breast_Ovary,1,active,False,False,False,metadata:n_features_out_of_range;too_many_cells
1166,OVA_Ovary,1,active,False,False,False,metadata:n_features_out_of_range;too_many_cells
1167,pc1_req,1,active,False,False,False,metadata:non_numeric_features
1168,electricity_prices_ICON,1,active,False,False,False,metadata:not_binary;has_missing_values;n_samples_out_of_range;too_many_cells;meta_missing:MinorityClassSize
1169,airlines,1,active,False,False,False,metadata:non_numeric_features;n_samples_out_of_range;too_many_cells
1177,BNG(primary-tumor),1,active,False,False,False,metadata:not_binary;non_numeric_features;n_samples_out_of_range;too_many_cells
1178,BNG(solar-flare),1,active,False,False,False,metadata:non_numeric_features;n_samples_out_of_range;too_many_cells
1179,BNG(solar-flare),1,active,False,False,False,metadata:not_binary;non_numeric_features;n_samples_out_of_range;too_many_cells
1180,BNG(spect_test),1,active,False,False,False,metadata:non_numeric_features;n_samples_out_of_range;too_many_cells
1181,BNG(spectf_test),1,active,False,False,False,metadata:n_samples_out_of_range;too_many_cells
1182,BNG(adult),1,active,False,False,False,metadata:non_numeric_features;n_samples_out_of_range;too_many_cells
1183,BNG(satimage),1,active,False,False,False,metadata:not_binary;n_samples_out_of_range;too_many_cells
1184,BNG(baseball),1,active,False,False,False,metadata:meta_missing:NumberOfClasses;non_numeric_features;n_samples_out_of_range;too_many_cells;meta_missing:MinorityClassSize
1185,BNG(wine),1,active,False,False,False,metadata:not_binary;n_samples_out_of_range;too_many_cells
1186,BNG(eucalyptus),1,active,False,False,False,metadata:not_binary;non_numeric_features;n_samples_out_of_range;too_many_cells
1187,BNG(wisconsin),1,active,False,False,False,metadata:not_binary;n_samples_out_of_range;too_many_cells;meta_missing:MinorityClassSize
1188,BNG(cleveland),1,active,False,False,False,metadata:not_binary;non_numeric_features;n_samples_out_of_range;too_many_cells;meta_missing:MinorityClassSize
1189,BNG(auto_price),1,active,False,False,False,metadata:not_binary;n_samples_out_of_range;too_many_cells;meta_missing:MinorityClassSize
1190,BNG(cpu_act),1,active,False,False,False,metadata:not_binary;n_samples_out_of_range;too_many_cells;meta_missing:MinorityClassSize
1191,BNG(pbc),1,active,False,False,False,metadata:not_binary;non_numeric_features;n_samples_out_of_range;too_many_cells;meta_missing:MinorityClassSize
1192,BNG(autoHorse),1,active,False,False,False,metadata:not_binary;non_numeric_features;n_samples_out_of_range;too_many_cells;meta_missing:MinorityClassSize
1193,BNG(lowbwt),1,active,False,False,False,metadata:not_binary;non_numeric_features;n_samples_out_of_range;too_many_cells;meta_missing:MinorityClassSize
1194,BNG(cholesterol),1,active,False,False,False,metadata:not_binary;non_numeric_features;n_samples_out_of_range;too_many_cells;meta_missing:MinorityClassSize
1195,BNG(autoPrice),1,active,False,False,False,metadata:not_binary;n_samples_out_of_range;too_many_cells;meta_missing:MinorityClassSize
1196,BNG(pharynx),1,active,False,False,False,metadata:not_binary;non_numeric_features;n_samples_out_of_range;too_many_cells;meta_missing:MinorityClassSize
1197,BNG(2dplanes),1,active,False,False,False,metadata:not_binary;n_samples_out_of_range;too_many_cells;meta_missing:MinorityClassSize
1198,BNG(elevators),1,active,False,False,False,metadata:not_binary;n_samples_out_of_range;too_many_cells;meta_missing:MinorityClassSize
1199,BNG(echoMonths),1,active,False,False,False,metadata:not_binary;non_numeric_features;n_samples_out_of_range;too_many_cells;meta_missing:MinorityClassSize
1200,BNG(stock),1,active,False,False,False,metadata:not_binary;n_samples_out_of_range;too_many_cells;meta_missing:MinorityClassSize
1201,BNG(breastTumor),1,active,False,False,False,metadata:not_binary;non_numeric_features;n_samples_out_of_range;too_many_cells;meta_missing:MinorityClassSize
1202,BNG(cpu_small),1,active,False,False,False,metadata:not_binary;n_samples_out_of_range;too_many_cells;meta_missing:MinorityClassSize
1203,BNG(pwLinear),1,active,False,False,False,metadata:not_binary;n_samples_out_of_range;too_many_cells;meta_missing:MinorityClassSize
1204,BNG(wine_quality),1,active,False,False,False,metadata:not_binary;n_samples_out_of_range;too_many_cells;meta_missing:MinorityClassSize
1205,BNG(Australian),1,active,False,False,False,metadata:n_samples_out_of_range;too_many_cells
1206,BNG(satellite_image),1,active,False,False,False,metadata:not_binary;n_samples_out_of_range;too_many_cells;meta_missing:MinorityClassSize
1207,BNG(Ailerons),1,active,False,False,False,metadata:not_binary;n_samples_out_of_range;too_many_cells;meta_missing:MinorityClassSize
1208,BNG(libras_move),1,active,False,False,False,metadata:not_binary;n_samples_out_of_range;too_many_cells;meta_missing:MinorityClassSize
1209,BNG(vowel),2,active,False,False,False,metadata:not_binary;non_numeric_features;n_samples_out_of_range;too_many_cells
1210,BNG(puma32H),1,active,False,False,False,metadata:not_binary;n_samples_out_of_range;too_many_cells;meta_missing:MinorityClassSize
1211,BNG(SPECT),1,active,False,False,False,metadata:non_numeric_features;n_samples_out_of_range;too_many_cells
1212,BNG(SPECTF),1,active,False,False,False,metadata:n_samples_out_of_range;too_many_cells
1213,BNG(mv),1,active,False,False,False,metadata:not_binary;non_numeric_features;n_samples_out_of_range;too_many_cells;meta_missing:MinorityClassSize
1214,BNG(JapaneseVowels),1,active,False,False,False,metadata:not_binary;n_samples_out_of_range;too_many_cells
1216,Click_prediction_small,1,active,False,False,False,metadata:n_samples_out_of_range;too_many_cells
1217,Click_prediction_small,2,active,False,False,False,metadata:n_samples_out_of_range;too_many_cells
1218,Click_prediction_small,3,active,False,False,False,metadata:n_samples_out_of_range;too_many_cells
1219,Click_prediction_small,4,active,False,False,False,metadata:n_samples_out_of_range;too_many_cells
1220,Click_prediction_small,5,active,False,False,False,metadata:n_samples_out_of_range;too_many_cells
1222,letter-challenge-unlabeled.arff,1,active,False,False,False,metadata:not_binary;has_missing_values;n_samples_out_of_range;too_many_cells
1226,Click_prediction_small,7,active,False,False,False,metadata:not_binary;has_missing_values;n_samples_out_of_range;too_many_cells
1228,nki70.arff,1,active,False,False,False,metadata:not_binary;non_numeric_features;n_samples_out_of_range;meta_missing:MinorityClassSize
1233,eating,1,active,False,False,False,metadata:not_binary;n_features_out_of_range;too_many_cells
1235,Agrawal1,1,active,False,False,False,metadata:non_numeric_features;n_samples_out_of_range;too_many_cells
1236,Stagger1,1,active,False,False,False,metadata:non_numeric_features;n_samples_out_of_range;too_many_cells
1237,Stagger2,1,active,False,False,False,metadata:non_numeric_features;n_samples_out_of_range;too_many_cells
1238,Stagger3,1,active,False,False,False,metadata:non_numeric_features;n_samples_out_of_range;too_many_cells
1240,AirlinesCodrnaAdult,1,active,False,False,False,metadata:has_missing_values;non_numeric_features;n_samples_out_of_range;too_many_cells
1241,codrnaNorm,1,active,False,False,False,metadata:n_samples_out_of_range;too_many_cells
1242,vehicleNorm,1,active,False,False,False,metadata:n_samples_out_of_range;too_many_cells
1245,lungcancer_shedden,1,active,False,False,False,metadata:not_binary;non_numeric_features;meta_missing:MinorityClassSize
1351,"BNG(anneal,1000,1)",1,active,False,False,False,metadata:not_binary;non_numeric_features;n_samples_out_of_range;too_many_cells
1352,"BNG(anneal,1000,5)",1,active,False,False,False,metadata:not_binary;non_numeric_features;n_samples_out_of_range;too_many_cells
1353,"BNG(anneal,1000,10)",1,active,False,False,False,metadata:not_binary;non_numeric_features;n_samples_out_of_range;too_many_cells
1354,"BNG(anneal,5000,1)",1,active,False,False,False,metadata:not_binary;non_numeric_features;n_samples_out_of_range;too_many_cells
1355,"BNG(anneal,5000,5)",1,active,False,False,False,metadata:not_binary;non_numeric_features;n_samples_out_of_range;too_many_cells
1356,"BNG(anneal,5000,10)",1,active,False,False,False,metadata:not_binary;non_numeric_features;n_samples_out_of_range;too_many_cells
1357,"BNG(anneal,10000,1)",1,active,False,False,False,metadata:not_binary;non_numeric_features;n_samples_out_of_range;too_many_cells
1358,"BNG(anneal,10000,5)",1,active,False,False,False,metadata:not_binary;non_numeric_features;n_samples_out_of_range;too_many_cells
1359,"BNG(anneal,10000,10)",1,active,False,False,False,metadata:not_binary;non_numeric_features;n_samples_out_of_range;too_many_cells
1360,"BNG(anneal.ORIG,1000,1)",1,active,False,False,False,metadata:not_binary;non_numeric_features;n_samples_out_of_range;too_many_cells
1361,"BNG(anneal.ORIG,1000,5)",1,active,False,False,False,metadata:not_binary;non_numeric_features;n_samples_out_of_range;too_many_cells
1362,"BNG(anneal.ORIG,1000,10)",1,active,False,False,False,metadata:not_binary;non_numeric_features;n_samples_out_of_range;too_many_cells
1363,"BNG(anneal.ORIG,5000,1)",1,active,False,False,False,metadata:not_binary;non_numeric_features;n_samples_out_of_range;too_many_cells
1364,"BNG(anneal.ORIG,5000,5)",1,active,False,False,False,metadata:not_binary;non_numeric_features;n_samples_out_of_range;too_many_cells
1365,"BNG(anneal.ORIG,5000,10)",1,active,False,False,False,metadata:not_binary;non_numeric_features;n_samples_out_of_range;too_many_cells
1366,"BNG(anneal.ORIG,10000,1)",1,active,False,False,False,metadata:not_binary;non_numeric_features;n_samples_out_of_range;too_many_cells
1367,"BNG(anneal.ORIG,10000,5)",1,active,False,False,False,metadata:not_binary;non_numeric_features;n_samples_out_of_range;too_many_cells
1368,"BNG(anneal.ORIG,10000,10)",1,active,False,False,False,metadata:not_binary;non_numeric_features;n_samples_out_of_range;too_many_cells
1369,"BNG(kr-vs-kp,1000,1)",1,active,False,False,False,metadata:non_numeric_features;n_samples_out_of_range;too_many_cells
1370,"BNG(kr-vs-kp,1000,5)",1,active,False,False,False,metadata:non_numeric_features;n_samples_out_of_range;too_many_cells
1371,"BNG(kr-vs-kp,1000,10)",1,active,False,False,False,metadata:non_numeric_features;n_samples_out_of_range;too_many_cells
1372,"BNG(kr-vs-kp,5000,1)",1,active,False,False,False,metadata:non_numeric_features;n_samples_out_of_range;too_many_cells
1373,"BNG(kr-vs-kp,5000,5)",1,active,False,False,False,metadata:non_numeric_features;n_samples_out_of_range;too_many_cells
1374,"BNG(kr-vs-kp,5000,10)",1,active,False,False,False,metadata:non_numeric_features;n_samples_out_of_range;too_many_cells
1375,"BNG(kr-vs-kp,10000,1)",1,active,False,False,False,metadata:non_numeric_features;n_samples_out_of_range;too_many_cells
1376,"BNG(kr-vs-kp,10000,5)",1,active,False,False,False,metadata:non_numeric_features;n_samples_out_of_range;too_many_cells
1377,"BNG(kr-vs-kp,10000,10)",1,active,False,False,False,metadata:non_numeric_features;n_samples_out_of_range;too_many_cells
1378,"BNG(letter,1000,1)",1,active,False,False,False,metadata:not_binary;n_samples_out_of_range;too_many_cells
1379,"BNG(letter,1000,5)",1,active,False,False,False,metadata:not_binary;n_samples_out_of_range;too_many_cells
1380,"BNG(letter,1000,10)",1,active,False,False,False,metadata:not_binary;n_samples_out_of_range;too_many_cells
1381,"BNG(letter,5000,1)",1,active,False,False,False,metadata:not_binary;n_samples_out_of_range;too_many_cells
1382,"BNG(letter,5000,5)",1,active,False,False,False,metadata:not_binary;n_samples_out_of_range;too_many_cells
1383,"BNG(letter,5000,10)",1,active,False,False,False,metadata:not_binary;n_samples_out_of_range;too_many_cells
1384,"BNG(letter,10000,1)",1,active,False,False,False,metadata:not_binary;n_samples_out_of_range;too_many_cells
1385,"BNG(letter,10000,5)",1,active,False,False,False,metadata:not_binary;n_samples_out_of_range;too_many_cells
1386,"BNG(letter,10000,10)",1,active,False,False,False,metadata:not_binary;n_samples_out_of_range;too_many_cells
1387,"BNG(audiology,1000,1)",1,active,False,False,False,metadata:not_binary;non_numeric_features;n_samples_out_of_range;too_many_cells
1388,"BNG(audiology,1000,5)",1,active,False,False,False,metadata:not_binary;non_numeric_features;n_samples_out_of_range;too_many_cells
1389,"BNG(audiology,1000,10)",1,active,False,False,False,metadata:not_binary;non_numeric_features;n_samples_out_of_range;too_many_cells
1390,"BNG(audiology,5000,1)",1,active,False,False,False,metadata:not_binary;non_numeric_features;n_samples_out_of_range;too_many_cells
1391,"BNG(audiology,5000,5)",1,active,False,False,False,metadata:not_binary;non_numeric_features;n_samples_out_of_range;too_many_cells
1392,"BNG(audiology,5000,10)",1,active,False,False,False,metadata:not_binary;non_numeric_features;n_samples_out_of_range;too_many_cells
1393,"BNG(autos,1000,1)",1,active,False,False,False,metadata:not_binary;non_numeric_features;n_samples_out_of_range;too_many_cells
1394,"BNG(autos,1000,5)",1,active,False,False,False,metadata:not_binary;non_numeric_features;n_samples_out_of_range;too_many_cells
1395,"BNG(autos,1000,10)",1,active,False,False,False,metadata:not_binary;non_numeric_features;n_samples_out_of_range;too_many_cells
1396,"BNG(autos,5000,1)",1,active,False,False,False,metadata:not_binary;non_numeric_features;n_samples_out_of_range;too_many_cells
1397,"BNG(autos,5000,5)",1,active,False,False,False,metadata:not_binary;non_numeric_features;n_samples_out_of_range;too_many_cells
1398,"BNG(autos,5000,10)",1,active,False,False,False,metadata:not_binary;non_numeric_features;n_samples_out_of_range;too_many_cells
1399,"BNG(autos,10000,1)",1,active,False,False,False,metadata:not_binary;non_numeric_features;n_samples_out_of_range;too_many_cells
1400,"BNG(autos,10000,5)",1,active,False,False,False,metadata:not_binary;non_numeric_features;n_samples_out_of_range;too_many_cells
1401,"BNG(autos,10000,10)",1,active,False,False,False,metadata:not_binary;non_numeric_features;n_samples_out_of_range;too_many_cells
1402,"BNG(lymph,1000,1)",1,active,False,False,False,metadata:not_binary;non_numeric_features;n_samples_out_of_range;too_many_cells
1403,"BNG(lymph,1000,5)",1,active,False,False,False,metadata:not_binary;non_numeric_features;n_samples_out_of_range;too_many_cells
1404,"BNG(lymph,1000,10)",1,active,False,False,False,metadata:not_binary;non_numeric_features;n_samples_out_of_range;too_many_cells
1405,"BNG(lymph,5000,1)",1,active,False,False,False,metadata:not_binary;non_numeric_features;n_samples_out_of_range;too_many_cells
1406,"BNG(lymph,5000,5)",1,active,False,False,False,metadata:not_binary;non_numeric_features;n_samples_out_of_range;too_many_cells
1407,"BNG(lymph,5000,10)",1,active,False,False,False,metadata:not_binary;non_numeric_features;n_samples_out_of_range;too_many_cells
1408,"BNG(lymph,10000,1)",1,active,False,False,False,metadata:not_binary;non_numeric_features;n_samples_out_of_range;too_many_cells
1409,"BNG(lymph,10000,5)",1,active,False,False,False,metadata:not_binary;non_numeric_features;n_samples_out_of_range;too_many_cells
1410,"BNG(lymph,10000,10)",1,active,False,False,False,metadata:not_binary;non_numeric_features;n_samples_out_of_range;too_many_cells
1412,lungcancer_GSE31210,1,active,False,False,False,metadata:non_numeric_features
1413,MyIris,1,active,False,False,False,metadata:not_binary;n_samples_out_of_range
1414,Kaggle_bike_sharing_demand_challange,1,active,False,False,False,metadata:not_binary;non_numeric_features;n_samples_out_of_range;meta_missing:MinorityClassSize
1419,contact-lenses,1,active,False,False,False,metadata:meta_missing:NumberOfClasses;non_numeric_features;n_samples_out_of_range;meta_missing:MinorityClassSize
1420,cpu.with.vendor,1,active,False,False,False,metadata:meta_missing:NumberOfClasses;meta_missing:MinorityClassSize
1424,a3a,1,active,False,False,False,metadata:not_binary;n_samples_out_of_range;n_features_out_of_range;too_many_cells;meta_missing:MinorityClassSize
1425,a4a,1,active,False,False,False,metadata:not_binary;n_samples_out_of_range;n_features_out_of_range;too_many_cells;meta_missing:MinorityClassSize
1426,a5a,1,active,False,False,False,metadata:not_binary;n_samples_out_of_range;n_features_out_of_range;too_many_cells;meta_missing:MinorityClassSize
1427,a6a,1,active,False,False,False,metadata:not_binary;n_samples_out_of_range;n_features_out_of_range;too_many_cells;meta_missing:MinorityClassSize
1428,a7a,1,active,False,False,False,metadata:not_binary;n_samples_out_of_range;n_features_out_of_range;too_many_cells;meta_missing:MinorityClassSize
1429,a8a,1,active,False,False,False,metadata:not_binary;n_samples_out_of_range;n_features_out_of_range;too_many_cells;meta_missing:MinorityClassSize
1430,a9a,1,active,False,False,False,metadata:not_binary;n_samples_out_of_range;n_features_out_of_range;too_many_cells;meta_missing:MinorityClassSize
1432,colon-cancer,1,active,False,False,False,metadata:not_binary;n_samples_out_of_range;n_features_out_of_range;meta_missing:MinorityClassSize
1433,svmguide1,1,active,False,False,False,metadata:not_binary;n_samples_out_of_range;meta_missing:MinorityClassSize
1434,duke-breast-cancer,1,active,False,False,False,metadata:not_binary;n_samples_out_of_range;n_features_out_of_range;too_many_cells;meta_missing:MinorityClassSize
1435,fourclass,1,active,False,False,False,metadata:not_binary;meta_missing:MinorityClassSize
1436,german.numer,1,active,False,False,False,metadata:not_binary;meta_missing:MinorityClassSize
1441,KungChi3,1,active,False,False,False,metadata:n_samples_out_of_range;minority_too_small
1442,MegaWatt1,1,active,False,False,False,metadata:minority_too_small
1443,PizzaCutter1,1,active,True,True,True,
1444,PizzaCutter3,1,active,True,True,True,
1446,CostaMadre1,2,active,True,True,True,
1447,CastMetal1,1,active,True,True,True,
1448,KnuggetChase3,1,active,False,False,False,metadata:n_samples_out_of_range
1449,MeanWhile1,1,active,False,False,False,metadata:minority_too_small
1450,MindCave2,1,active,False,False,False,metadata:n_samples_out_of_range
1451,PieChart1,1,active,True,True,True,
1452,PieChart2,1,active,False,False,False,metadata:minority_too_small
1453,PieChart3,1,active,True,True,True,
1455,acute-inflammations,1,active,False,False,False,metadata:non_numeric_features;n_samples_out_of_range
1456,appendicitis,1,active,False,False,False,metadata:meta_missing:NumberOfClasses;n_samples_out_of_range;meta_missing:MinorityClassSize
1457,amazon-commerce-reviews,1,active,False,False,False,metadata:not_binary;n_features_out_of_range;too_many_cells
1458,arcene,1,active,False,False,False,metadata:n_features_out_of_range;too_many_cells
1459,artificial-characters,1,active,False,False,False,metadata:not_binary;n_samples_out_of_range
1460,banana,1,active,False,False,False,metadata:n_samples_out_of_range
1461,bank-marketing,1,active,False,False,False,metadata:non_numeric_features;n_samples_out_of_range;too_many_cells
1462,banknote-authentication,1,active,True,True,True,
1463,blogger,1,active,False,False,False,metadata:non_numeric_features;n_samples_out_of_range
1464,blood-transfusion-service-center,1,active,True,True,True,
1465,breast-tissue,1,active,False,False,False,metadata:not_binary;n_samples_out_of_range;minority_too_small
1466,cardiotocography,1,active,False,False,False,metadata:not_binary
1467,climate-model-simulation-crashes,1,active,True,True,True,
1468,cnae-9,1,active,False,False,False,metadata:not_binary;n_features_out_of_range;too_many_cells
1471,eeg-eye-state,1,active,False,False,False,metadata:n_samples_out_of_range;too_many_cells
1472,energy-efficiency,1,active,False,False,False,metadata:not_binary;non_numeric_features;minority_too_small
1473,fertility,1,active,False,False,False,metadata:n_samples_out_of_range;minority_too_small
1475,first-order-theorem-proving,1,active,False,False,False,metadata:not_binary;n_samples_out_of_range;too_many_cells
1476,gas-drift,1,active,False,False,False,metadata:not_binary;n_samples_out_of_range;n_features_out_of_range;too_many_cells
1477,gas-drift-different-concentrations,1,active,False,False,False,metadata:not_binary;n_samples_out_of_range;n_features_out_of_range;too_many_cells
1478,har,1,active,False,False,False,metadata:not_binary;n_samples_out_of_range;n_features_out_of_range;too_many_cells
1479,hill-valley,1,active,True,True,True,
1480,ilpd,1,active,False,False,False,metadata:non_numeric_features
1481,kr-vs-k,1,active,False,False,False,metadata:not_binary;non_numeric_features;n_samples_out_of_range;too_many_cells;minority_too_small
1482,leaf,1,active,False,False,False,metadata:not_binary;minority_too_small
1483,ldpa,1,active,False,False,False,metadata:not_binary;non_numeric_features;n_samples_out_of_range;too_many_cells
1484,lsvt,1,active,False,False,False,metadata:n_samples_out_of_range;n_features_out_of_range
1485,madelon,1,active,False,False,False,metadata:n_features_out_of_range;too_many_cells
1486,nomao,1,active,False,False,False,metadata:non_numeric_features;n_samples_out_of_range;n_features_out_of_range;too_many_cells
1487,ozone-level-8hr,1,active,False,False,False,metadata:too_many_cells
1488,parkinsons,1,active,False,False,False,metadata:n_samples_out_of_range
1489,phoneme,1,active,False,False,False,metadata:n_samples_out_of_range
1490,planning-relax,1,active,False,False,False,metadata:n_samples_out_of_range
1491,one-hundred-plants-margin,1,active,False,False,False,metadata:not_binary;minority_too_small
1492,one-hundred-plants-shape,1,active,False,False,False,metadata:not_binary;minority_too_small
1493,one-hundred-plants-texture,1,active,False,False,False,metadata:not_binary;minority_too_small
1494,qsar-biodeg,1,active,True,True,True,
1495,qualitative-bankruptcy,1,active,False,False,False,metadata:non_numeric_features
1496,ringnorm,1,active,False,False,False,metadata:n_samples_out_of_range
1497,wall-robot-navigation,1,active,False,False,False,metadata:not_binary;n_samples_out_of_range
1498,sa-heart,1,active,False,False,False,metadata:non_numeric_features
1499,seeds,1,active,False,False,False,metadata:not_binary
1500,seismic-bumps,1,active,False,False,False,metadata:not_binary
1501,semeion,1,active,False,False,False,metadata:not_binary;n_features_out_of_range;too_many_cells
1502,skin-segmentation,1,active,False,False,False,metadata:n_samples_out_of_range;too_many_cells
1503,spoken-arabic-digit,1,active,False,False,False,metadata:not_binary;n_samples_out_of_range;too_many_cells
1504,steel-plates-fault,1,active,True,True,True,
1506,thoracic-surgery,1,active,False,False,False,metadata:non_numeric_features
1507,twonorm,1,active,False,False,False,metadata:n_samples_out_of_range
1508,user-knowledge,1,active,False,False,False,metadata:not_binary;minority_too_small
1509,walking-activity,1,active,False,False,False,metadata:not_binary;n_samples_out_of_range;too_many_cells
1510,wdbc,1,active,True,True,True,
1511,wholesale-customers,1,active,False,False,False,metadata:non_numeric_features
1512,heart-long-beach,1,active,False,False,False,metadata:not_binary;minority_too_small
1513,heart-switzerland,1,active,False,False,False,metadata:not_binary;n_samples_out_of_range;minority_too_small
1514,micro-mass,1,active,False,False,False,metadata:not_binary;n_features_out_of_range;too_many_cells
1515,micro-mass,2,active,False,False,False,metadata:not_binary;n_features_out_of_range;too_many_cells;minority_too_small
1516,robot-failures-lp1,1,active,False,False,False,metadata:not_binary;n_samples_out_of_range;minority_too_small
1517,robot-failures-lp2,1,active,False,False,False,metadata:not_binary;n_samples_out_of_range;minority_too_small
1518,robot-failures-lp3,1,active,False,False,False,metadata:not_binary;n_samples_out_of_range;minority_too_small
1519,robot-failures-lp4,1,active,False,False,False,metadata:not_binary;n_samples_out_of_range;minority_too_small
1520,robot-failures-lp5,1,active,False,False,False,metadata:not_binary;n_samples_out_of_range;minority_too_small
1523,vertebra-column,1,active,False,False,False,metadata:not_binary
1524,vertebra-column,2,active,True,True,True,
1525,wall-robot-navigation,2,active,False,False,False,metadata:not_binary;n_samples_out_of_range
1526,wall-robot-navigation,3,active,False,False,False,metadata:not_binary;n_samples_out_of_range
1527,volcanoes-a1,1,active,False,False,False,metadata:not_binary
1528,volcanoes-a2,1,active,False,False,False,metadata:not_binary;minority_too_small
1529,volcanoes-a3,1,active,False,False,False,metadata:not_binary;minority_too_small
1530,volcanoes-a4,1,active,False,False,False,metadata:not_binary;minority_too_small
1531,volcanoes-b1,1,active,False,False,False,metadata:not_binary;n_samples_out_of_range;minority_too_small
1532,volcanoes-b2,1,active,False,False,False,metadata:not_binary;n_samples_out_of_range;minority_too_small
1533,volcanoes-b3,1,active,False,False,False,metadata:not_binary;n_samples_out_of_range;minority_too_small
1534,volcanoes-b4,1,active,False,False,False,metadata:not_binary;n_samples_out_of_range;minority_too_small
1535,volcanoes-b5,1,active,False,False,False,metadata:not_binary;n_samples_out_of_range;minority_too_small
1536,volcanoes-b6,1,active,False,False,False,metadata:not_binary;n_samples_out_of_range;minority_too_small
1537,volcanoes-c1,1,active,False,False,False,metadata:not_binary;n_samples_out_of_range
1538,volcanoes-d1,1,active,False,False,False,metadata:not_binary;n_samples_out_of_range
1539,volcanoes-d2,1,active,False,False,False,metadata:not_binary;n_samples_out_of_range
1540,volcanoes-d3,1,active,False,False,False,metadata:not_binary;n_samples_out_of_range
1541,volcanoes-d4,1,active,False,False,False,metadata:not_binary;n_samples_out_of_range
1542,volcanoes-e1,1,active,False,False,False,metadata:not_binary;minority_too_small
1543,volcanoes-e2,1,active,False,False,False,metadata:not_binary;minority_too_small
1544,volcanoes-e3,1,active,False,False,False,metadata:not_binary;minority_too_small
1545,volcanoes-e4,1,active,False,False,False,metadata:not_binary;minority_too_small
1546,volcanoes-e5,1,active,False,False,False,metadata:not_binary;minority_too_small
1547,autoUniv-au1-1000,1,active,True,True,True,
1548,autoUniv-au4-2500,1,active,False,False,False,metadata:not_binary;non_numeric_features;too_many_cells
1549,autoUniv-au6-750,1,active,False,False,False,metadata:not_binary;non_numeric_features
1551,autoUniv-au6-400,1,active,False,False,False,metadata:not_binary;non_numeric_features;minority_too_small
1552,autoUniv-au7-1100,1,active,False,False,False,metadata:not_binary;non_numeric_features
1553,autoUniv-au7-700,1,active,False,False,False,metadata:not_binary;non_numeric_features
1554,autoUniv-au7-500,1,active,False,False,False,metadata:not_binary;non_numeric_features
1555,autoUniv-au6-1000,1,active,False,False,False,metadata:not_binary;non_numeric_features
1556,acute-inflammations,2,active,False,False,False,metadata:non_numeric_features;n_samples_out_of_range
1557,abalone,3,active,False,False,False,metadata:not_binary;non_numeric_features
1558,bank-marketing,2,active,False,False,False,metadata:non_numeric_features
1559,breast-tissue,2,active,False,False,False,metadata:not_binary;n_samples_out_of_range;minority_too_small
1560,cardiotocography,2,active,False,False,False,metadata:not_binary
1561,dbworld-bodies-stemmed,1,active,False,False,False,metadata:non_numeric_features;n_samples_out_of_range;n_features_out_of_range;too_many_cells;minority_too_small
1562,dbworld-bodies,1,active,False,False,False,metadata:non_numeric_features;n_samples_out_of_range;n_features_out_of_range;too_many_cells;minority_too_small
1563,dbworld-subjects-stemmed,1,active,False,False,False,metadata:non_numeric_features;n_samples_out_of_range;n_features_out_of_range;minority_too_small
1564,dbworld-subjects,1,active,False,False,False,metadata:non_numeric_features;n_samples_out_of_range;n_features_out_of_range;minority_too_small
1565,heart-h,3,active,False,False,False,metadata:not_binary;minority_too_small
1566,hill-valley,2,active,True,True,True,
1567,poker-hand,1,active,False,False,False,metadata:not_binary;n_samples_out_of_range;too_many_cells;minority_too_small
1568,nursery,3,active,False,False,False,metadata:not_binary;non_numeric_features;n_samples_out_of_range
1569,poker-hand,2,active,False,False,False,metadata:not_binary;n_samples_out_of_range;too_many_cells;minority_too_small
1571,fourclass_scale,1,active,False,False,False,metadata:not_binary;meta_missing:MinorityClassSize
1572,german.numer,2,active,False,False,False,metadata:not_binary;meta_missing:MinorityClassSize
1574,heart,1,active,False,False,False,metadata:not_binary;meta_missing:MinorityClassSize
1575,ijcnn,1,active,False,False,False,metadata:not_binary;n_samples_out_of_range;too_many_cells;meta_missing:MinorityClassSize
1578,real-sim,1,active,False,False,False,metadata:not_binary;n_samples_out_of_range;n_features_out_of_range;too_many_cells;meta_missing:MinorityClassSize
1579,splice,3,active,False,False,False,metadata:not_binary;too_many_cells;meta_missing:MinorityClassSize
1581,w1a,1,active,False,False,False,metadata:not_binary;n_samples_out_of_range;n_features_out_of_range;too_many_cells;meta_missing:MinorityClassSize
1582,w2a,1,active,False,False,False,metadata:not_binary;n_samples_out_of_range;n_features_out_of_range;too_many_cells;meta_missing:MinorityClassSize
1583,w3a,1,active,False,False,False,metadata:not_binary;n_samples_out_of_range;n_features_out_of_range;too_many_cells;meta_missing:MinorityClassSize
1584,w4a,1,active,False,False,False,metadata:not_binary;n_samples_out_of_range;n_features_out_of_range;too_many_cells;meta_missing:MinorityClassSize
1585,w5a,1,active,False,False,False,metadata:not_binary;n_samples_out_of_range;n_features_out_of_range;too_many_cells;meta_missing:MinorityClassSize
1586,w6a,1,active,False,False,False,metadata:not_binary;n_samples_out_of_range;n_features_out_of_range;too_many_cells;meta_missing:MinorityClassSize
1587,w7a,1,active,False,False,False,metadata:not_binary;n_samples_out_of_range;n_features_out_of_range;too_many_cells;meta_missing:MinorityClassSize
1588,w8a,1,active,False,False,False,metadata:not_binary;n_samples_out_of_range;n_features_out_of_range;too_many_cells;meta_missing:MinorityClassSize
1589,svmguide3,1,active,False,False,False,metadata:not_binary;meta_missing:MinorityClassSize
1590,adult,2,active,False,False,False,metadata:has_missing_values;non_numeric_features;n_samples_out_of_range;too_many_cells
1591,connect-4,1,active,False,False,False,metadata:not_binary;n_samples_out_of_range;n_features_out_of_range;too_many_cells;meta_missing:MinorityClassSize
1592,aloi,1,active,False,False,False,metadata:not_binary;n_samples_out_of_range;n_features_out_of_range;too_many_cells;meta_missing:MinorityClassSize
1593,SensIT-Vehicle-Combined,1,active,False,False,False,metadata:not_binary;n_samples_out_of_range;too_many_cells;meta_missing:MinorityClassSize
1594,news20,2,active,False,False,False,metadata:meta_missing:NumberOfClasses;meta_missing:NumberOfMissingValues;meta_missing:NumberOfSymbolicFeatures;meta_missing:NumberOfInstances;meta_missing:NumberOfFeatures;meta_missing:MinorityClassSize
1595,poker,2,active,False,False,False,metadata:not_binary;n_samples_out_of_range;too_many_cells;meta_missing:MinorityClassSize
1596,covertype,4,active,False,False,False,metadata:not_binary;non_numeric_features;n_samples_out_of_range;too_many_cells
1597,creditcard,1,active,False,False,False,metadata:n_samples_out_of_range;too_many_cells
1600,SPECTF,2,active,True,True,True,
3040,QSAR-TID-12276,1,active,False,False,False,metadata:not_binary;n_samples_out_of_range;n_features_out_of_range;meta_missing:MinorityClassSize
3041,QSAR-TID-12475,1,active,False,False,False,metadata:not_binary;n_samples_out_of_range;n_features_out_of_range;meta_missing:MinorityClassSize
3042,QSAR-TID-12886,1,active,False,False,False,metadata:not_binary;n_samples_out_of_range;n_features_out_of_range;meta_missing:MinorityClassSize
3043,QSAR-TID-10113,1,active,False,False,False,metadata:not_binary;n_samples_out_of_range;n_features_out_of_range;meta_missing:MinorityClassSize
3044,QSAR-TID-12514,1,active,False,False,False,metadata:not_binary;n_features_out_of_range;too_many_cells;meta_missing:MinorityClassSize
3045,QSAR-TID-17106,1,active,False,False,False,metadata:not_binary;n_samples_out_of_range;n_features_out_of_range;meta_missing:MinorityClassSize
3046,QSAR-TID-10878,1,active,False,False,False,metadata:not_binary;n_features_out_of_range;too_many_cells;meta_missing:MinorityClassSize
3047,QSAR-TID-12949,1,active,False,False,False,metadata:not_binary;n_features_out_of_range;too_many_cells;meta_missing:MinorityClassSize
3048,QSAR-TID-12415,1,active,False,False,False,metadata:not_binary;n_features_out_of_range;too_many_cells;meta_missing:MinorityClassSize
3049,QSAR-TID-101506,1,active,False,False,False,metadata:not_binary;n_samples_out_of_range;n_features_out_of_range;meta_missing:MinorityClassSize
3050,QSAR-TID-11,1,active,False,False,False,metadata:not_binary;n_samples_out_of_range;n_features_out_of_range;too_many_cells;meta_missing:MinorityClassSize
3051,QSAR-TID-208,1,active,False,False,False,metadata:not_binary;n_samples_out_of_range;n_features_out_of_range;meta_missing:MinorityClassSize
3052,QSAR-TID-10574,1,active,False,False,False,metadata:not_binary;n_features_out_of_range;too_many_cells;meta_missing:MinorityClassSize
3053,QSAR-TID-18044,1,active,False,False,False,metadata:not_binary;n_samples_out_of_range;n_features_out_of_range;meta_missing:MinorityClassSize
3054,QSAR-TID-100140,1,active,False,False,False,metadata:not_binary;n_features_out_of_range;too_many_cells;meta_missing:MinorityClassSize
3055,QSAR-TID-17035,1,active,False,False,False,metadata:not_binary;n_samples_out_of_range;n_features_out_of_range;meta_missing:MinorityClassSize
3056,QSAR-TID-100951,1,active,False,False,False,metadata:not_binary;n_samples_out_of_range;n_features_out_of_range;meta_missing:MinorityClassSize
3057,QSAR-TID-100067,1,active,False,False,False,metadata:not_binary;n_samples_out_of_range;n_features_out_of_range;meta_missing:MinorityClassSize
3058,QSAR-TID-10444,1,active,False,False,False,metadata:not_binary;n_samples_out_of_range;n_features_out_of_range;meta_missing:MinorityClassSize
3059,QSAR-TID-101557,1,active,False,False,False,metadata:not_binary;n_features_out_of_range;too_many_cells;meta_missing:MinorityClassSize
3060,QSAR-TID-11556,1,active,False,False,False,metadata:not_binary;n_samples_out_of_range;n_features_out_of_range;meta_missing:MinorityClassSize
3061,QSAR-TID-17081,1,active,False,False,False,metadata:not_binary;n_features_out_of_range;too_many_cells;meta_missing:MinorityClassSize
3062,QSAR-TID-10781,1,active,False,False,False,metadata:not_binary;n_features_out_of_range;too_many_cells;meta_missing:MinorityClassSize
3063,QSAR-TID-226,1,active,False,False,False,metadata:not_binary;n_features_out_of_range;too_many_cells;meta_missing:MinorityClassSize
3064,QSAR-TID-11156,1,active,False,False,False,metadata:not_binary;n_features_out_of_range;too_many_cells;meta_missing:MinorityClassSize
3065,QSAR-TID-102421,1,active,False,False,False,metadata:not_binary;n_samples_out_of_range;n_features_out_of_range;meta_missing:MinorityClassSize
3066,QSAR-TID-12959,1,active,False,False,False,metadata:not_binary;n_samples_out_of_range;n_features_out_of_range;meta_missing:MinorityClassSize
3067,QSAR-TID-101386,1,active,False,False,False,metadata:not_binary;n_samples_out_of_range;n_features_out_of_range;too_many_cells;meta_missing:MinorityClassSize
3068,QSAR-TID-11024,1,active,False,False,False,metadata:not_binary;n_features_out_of_range;too_many_cells;meta_missing:MinorityClassSize
3069,QSAR-TID-10475,1,active,False,False,False,metadata:not_binary;n_features_out_of_range;too_many_cells;meta_missing:MinorityClassSize
3070,QSAR-TID-65,1,active,False,False,False,metadata:not_binary;n_features_out_of_range;too_many_cells;meta_missing:MinorityClassSize
3071,QSAR-TID-100975,1,active,False,False,False,metadata:not_binary;n_samples_out_of_range;n_features_out_of_range;meta_missing:MinorityClassSize
3072,QSAR-TID-100671,1,active,False,False,False,metadata:not_binary;n_samples_out_of_range;n_features_out_of_range;meta_missing:MinorityClassSize
3073,QSAR-TID-191,1,active,False,False,False,metadata:not_binary;n_features_out_of_range;too_many_cells;meta_missing:MinorityClassSize
3074,QSAR-TID-100835,1,active,False,False,False,metadata:not_binary;n_samples_out_of_range;n_features_out_of_range;meta_missing:MinorityClassSize
3075,QSAR-TID-10378,1,active,False,False,False,metadata:not_binary;n_features_out_of_range;too_many_cells;meta_missing:MinorityClassSize
3076,QSAR-TID-12507,1,active,False,False,False,metadata:not_binary;n_features_out_of_range;too_many_cells;meta_missing:MinorityClassSize
3077,QSAR-TID-11453,1,active,False,False,False,metadata:not_binary;n_samples_out_of_range;n_features_out_of_range;meta_missing:MinorityClassSize
3078,QSAR-TID-100621,1,active,False,False,False,metadata:not_binary;n_samples_out_of_range;n_features_out_of_range;meta_missing:MinorityClassSize
3079,QSAR-TID-10849,1,active,False,False,False,metadata:not_binary;n_features_out_of_range;too_many_cells;meta_missing:MinorityClassSize
3080,QSAR-TID-101508,1,active,False,False,False,metadata:not_binary;n_features_out_of_range;too_many_cells;meta_missing:MinorityClassSize
3081,QSAR-TID-234,1,active,False,False,False,metadata:not_binary;n_features_out_of_range;too_many_cells;meta_missing:MinorityClassSize
3082,QSAR-TID-11694,1,active,False,False,False,metadata:not_binary;n_samples_out_of_range;n_features_out_of_range;too_many_cells;meta_missing:MinorityClassSize
3083,QSAR-TID-103169,1,active,False,False,False,metadata:not_binary;n_samples_out_of_range;n_features_out_of_range;meta_missing:MinorityClassSize
3084,QSAR-TID-103561,1,active,False,False,False,metadata:not_binary;n_samples_out_of_range;n_features_out_of_range;meta_missing:MinorityClassSize
3085,QSAR-TID-10250,1,active,False,False,False,metadata:not_binary;n_samples_out_of_range;n_features_out_of_range;meta_missing:MinorityClassSize
3086,QSAR-TID-30007,1,active,False,False,False,metadata:not_binary;n_features_out_of_range;too_many_cells;meta_missing:MinorityClassSize
3087,QSAR-TID-101124,1,active,False,False,False,metadata:not_binary;n_samples_out_of_range;n_features_out_of_range;meta_missing:MinorityClassSize
3088,QSAR-TID-11451,1,active,False,False,False,metadata:not_binary;n_features_out_of_range;too_many_cells;meta_missing:MinorityClassSize
3089,QSAR-TID-10051,1,active,False,False,False,metadata:not_binary;n_features_out_of_range;too_many_cells;meta_missing:MinorityClassSize
3090,QSAR-TID-10981,1,active,False,False,False,metadata:not_binary;n_features_out_of_range;too_many_cells;meta_missing:MinorityClassSize
3091,QSAR-TID-10478,1,active,False,False,False,metadata:not_binary;n_samples_out_of_range;n_features_out_of_range;meta_missing:MinorityClassSize
3092,QSAR-TID-10009,1,active,False,False,False,metadata:not_binary;n_features_out_of_range;too_many_cells;meta_missing:MinorityClassSize
3093,QSAR-TID-10659,1,active,False,False,False,metadata:not_binary;n_samples_out_of_range;n_features_out_of_range;meta_missing:MinorityClassSize
3094,QSAR-TID-101097,1,active,False,False,False,metadata:not_binary;n_samples_out_of_range;n_features_out_of_range;meta_missing:MinorityClassSize
3095,QSAR-TID-101105,1,active,False,False,False,metadata:not_binary;n_samples_out_of_range;n_features_out_of_range;meta_missing:MinorityClassSize
3096,QSAR-TID-52,1,active,False,False,False,metadata:not_binary;n_features_out_of_range;too_many_cells;meta_missing:MinorityClassSize
3097,QSAR-TID-20174,1,active,False,False,False,metadata:not_binary;n_features_out_of_range;too_many_cells;meta_missing:MinorityClassSize
3098,QSAR-TID-100908,1,active,False,False,False,metadata:not_binary;n_samples_out_of_range;n_features_out_of_range;meta_missing:MinorityClassSize
3099,QSAR-TID-100479,1,active,False,False,False,metadata:not_binary;n_samples_out_of_range;n_features_out_of_range;meta_missing:MinorityClassSize
3100,QSAR-TID-10530,1,active,False,False,False,metadata:not_binary;n_samples_out_of_range;n_features_out_of_range;meta_missing:MinorityClassSize
3101,QSAR-TID-30049,1,active,False,False,False,metadata:not_binary;n_features_out_of_range;too_many_cells;meta_missing:MinorityClassSize
3102,QSAR-TID-101505,1,active,False,False,False,metadata:not_binary;n_samples_out_of_range;n_features_out_of_range;meta_missing:MinorityClassSize
3103,QSAR-TID-250,1,active,False,False,False,metadata:not_binary;n_features_out_of_range;too_many_cells;meta_missing:MinorityClassSize
3104,QSAR-TID-10075,1,active,False,False,False,metadata:not_binary;n_samples_out_of_range;n_features_out_of_range;too_many_cells;meta_missing:MinorityClassSize
3105,QSAR-TID-11300,1,active,False,False,False,metadata:not_binary;n_features_out_of_range;too_many_cells;meta_missing:MinorityClassSize
3106,QSAR-TID-19904,1,active,False,False,False,metadata:not_binary;n_features_out_of_range;too_many_cells;meta_missing:MinorityClassSize
3107,QSAR-TID-12078,1,active,False,False,False,metadata:not_binary;n_samples_out_of_range;n_features_out_of_range;meta_missing:MinorityClassSize
3108,QSAR-TID-10506,1,active,False,False,False,metadata:not_binary;n_samples_out_of_range;n_features_out_of_range;meta_missing:MinorityClassSize
3109,QSAR-TID-10227,1,active,False,False,False,metadata:not_binary;n_samples_out_of_range;n_features_out_of_range;meta_missing:MinorityClassSize
3110,QSAR-TID-10766,1,active,False,False,False,metadata:not_binary;n_samples_out_of_range;n_features_out_of_range;meta_missing:MinorityClassSize
3111,QSAR-TID-102406,1,active,False,False,False,metadata:not_binary;n_samples_out_of_range;n_features_out_of_range;meta_missing:MinorityClassSize
3112,QSAR-TID-12407,1,active,False,False,False,metadata:not_binary;n_samples_out_of_range;n_features_out_of_range;meta_missing:MinorityClassSize
3113,QSAR-TID-100080,1,active,False,False,False,metadata:not_binary;n_features_out_of_range;too_many_cells;meta_missing:MinorityClassSize
3114,QSAR-TID-11866,1,active,False,False,False,metadata:not_binary;n_samples_out_of_range;n_features_out_of_range;meta_missing:MinorityClassSize
3115,QSAR-TID-11242,1,active,False,False,False,metadata:not_binary;n_features_out_of_range;too_many_cells;meta_missing:MinorityClassSize
3116,QSAR-TID-30000,1,active,False,False,False,metadata:not_binary;n_samples_out_of_range;n_features_out_of_range;meta_missing:MinorityClassSize
3117,QSAR-TID-11017,1,active,False,False,False,metadata:not_binary;n_features_out_of_range;too_many_cells;meta_missing:MinorityClassSize
3118,QSAR-TID-17084,1,active,False,False,False,metadata:not_binary;n_features_out_of_range;too_many_cells;meta_missing:MinorityClassSize
3119,QSAR-TID-227,1,active,False,False,False,metadata:not_binary;n_features_out_of_range;too_many_cells;meta_missing:MinorityClassSize
3120,QSAR-TID-102465,1,active,False,False,False,metadata:not_binary;n_samples_out_of_range;n_features_out_of_range;meta_missing:MinorityClassSize
3121,QSAR-TID-11036,1,active,False,False,False,metadata:not_binary;n_features_out_of_range;too_many_cells;meta_missing:MinorityClassSize
3122,QSAR-TID-12014,1,active,False,False,False,metadata:not_binary;n_samples_out_of_range;n_features_out_of_range;meta_missing:MinorityClassSize
3123,QSAR-TID-30044,1,active,False,False,False,metadata:not_binary;n_samples_out_of_range;n_features_out_of_range;meta_missing:MinorityClassSize
3124,QSAR-TID-30010,1,active,False,False,False,metadata:not_binary;n_samples_out_of_range;n_features_out_of_range;meta_missing:MinorityClassSize
3125,QSAR-TID-20014,1,active,False,False,False,metadata:not_binary;n_features_out_of_range;too_many_cells;meta_missing:MinorityClassSize
3126,QSAR-TID-100416,1,active,False,False,False,metadata:not_binary;n_samples_out_of_range;n_features_out_of_range;meta_missing:MinorityClassSize
3127,QSAR-TID-12689,1,active,False,False,False,metadata:not_binary;n_features_out_of_range;too_many_cells;meta_missing:MinorityClassSize
3128,QSAR-TID-12863,1,active,False,False,False,metadata:not_binary;n_samples_out_of_range;n_features_out_of_range;meta_missing:MinorityClassSize
3129,QSAR-TID-280,1,active,False,False,False,metadata:not_binary;n_features_out_of_range;too_many_cells;meta_missing:MinorityClassSize
3130,QSAR-TID-11043,1,active,False,False,False,metadata:not_binary;n_samples_out_of_range;n_features_out_of_range;meta_missing:MinorityClassSize
3131,QSAR-TID-23,1,active,False,False,False,metadata:not_binary;n_samples_out_of_range;n_features_out_of_range;too_many_cells;meta_missing:MinorityClassSize
3132,QSAR-TID-11473,1,active,False,False,False,metadata:not_binary;n_features_out_of_range;too_many_cells;meta_missing:MinorityClassSize
3133,QSAR-TID-11004,1,active,False,False,False,metadata:not_binary;n_features_out_of_range;too_many_cells;meta_missing:MinorityClassSize
3134,QSAR-TID-10842,1,active,False,False,False,metadata:not_binary;n_features_out_of_range;too_many_cells;meta_missing:MinorityClassSize
3135,QSAR-TID-101359,1,active,False,False,False,metadata:not_binary;n_samples_out_of_range;n_features_out_of_range;meta_missing:MinorityClassSize
3136,QSAR-TID-12847,1,active,False,False,False,metadata:not_binary;n_features_out_of_range;too_many_cells;meta_missing:MinorityClassSize
3137,QSAR-TID-100286,1,active,False,False,False,metadata:not_binary;n_samples_out_of_range;n_features_out_of_range;meta_missing:MinorityClassSize
3138,QSAR-TID-30032,1,active,False,False,False,metadata:not_binary;n_samples_out_of_range;n_features_out_of_range;meta_missing:MinorityClassSize
3139,QSAR-TID-20113,1,active,False,False,False,metadata:not_binary;n_features_out_of_range;too_many_cells;meta_missing:MinorityClassSize
3140,QSAR-TID-100063,1,active,False,False,False,metadata:not_binary;n_samples_out_of_range;n_features_out_of_range;too_many_cells;meta_missing:MinorityClassSize
3141,QSAR-TID-12725,1,active,False,False,False,metadata:not_binary;n_samples_out_of_range;n_features_out_of_range;meta_missing:MinorityClassSize
3142,QSAR-TID-12252,1,active,False,False,False,metadata:not_binary;n_features_out_of_range;too_many_cells;meta_missing:MinorityClassSize
3143,QSAR-TID-20139,1,active,False,False,False,metadata:not_binary;n_samples_out_of_range;n_features_out_of_range;meta_missing:MinorityClassSize
3144,QSAR-TID-100836,1,active,False,False,False,metadata:not_binary;n_samples_out_of_range;n_features_out_of_range;meta_missing:MinorityClassSize
3145,QSAR-TID-12067,1,active,False,False,False,metadata:not_binary;n_features_out_of_range;too_many_cells;meta_missing:MinorityClassSize
3146,QSAR-TID-10496,1,active,False,False,False,metadata:not_binary;n_samples_out_of_range;n_features_out_of_range;meta_missing:MinorityClassSize
3147,QSAR-TID-100027,1,active,False,False,False,metadata:not_binary;n_samples_out_of_range;n_features_out_of_range;meta_missing:MinorityClassSize
3148,QSAR-TID-11559,1,active,False,False,False,metadata:not_binary;n_samples_out_of_range;n_features_out_of_range;meta_missing:MinorityClassSize
3149,QSAR-TID-13005,1,active,False,False,False,metadata:not_binary;n_samples_out_of_range;n_features_out_of_range;meta_missing:MinorityClassSize
3150,QSAR-TID-101231,1,active,False,False,False,metadata:not_binary;n_samples_out_of_range;n_features_out_of_range;meta_missing:MinorityClassSize
3151,QSAR-TID-30024,1,active,False,False,False,metadata:not_binary;n_samples_out_of_range;n_features_out_of_range;meta_missing:MinorityClassSize
3152,QSAR-TID-11908,1,active,False,False,False,metadata:not_binary;n_samples_out_of_range;n_features_out_of_range;meta_missing:MinorityClassSize
3153,QSAR-TID-197,1,active,False,False,False,metadata:not_binary;n_features_out_of_range;too_many_cells;meta_missing:MinorityClassSize
3154,QSAR-TID-101448,1,active,False,False,False,metadata:not_binary;n_samples_out_of_range;n_features_out_of_range;meta_missing:MinorityClassSize
3155,QSAR-TID-11044,1,active,False,False,False,metadata:not_binary;n_samples_out_of_range;n_features_out_of_range;meta_missing:MinorityClassSize
3156,QSAR-TID-100107,1,active,False,False,False,metadata:not_binary;n_samples_out_of_range;n_features_out_of_range;meta_missing:MinorityClassSize
3157,QSAR-TID-101110,1,active,False,False,False,metadata:not_binary;n_samples_out_of_range;n_features_out_of_range;too_many_cells;meta_missing:MinorityClassSize
3158,QSAR-TID-20104,1,active,False,False,False,metadata:not_binary;n_samples_out_of_range;n_features_out_of_range;meta_missing:MinorityClassSize
3159,QSAR-TID-20020,1,active,False,False,False,metadata:not_binary;n_samples_out_of_range;n_features_out_of_range;meta_missing:MinorityClassSize
3160,QSAR-TID-103111,1,active,False,False,False,metadata:not_binary;n_samples_out_of_range;n_features_out_of_range;meta_missing:MinorityClassSize
3161,QSAR-TID-10929,1,active,False,False,False,metadata:not_binary;n_samples_out_of_range;n_features_out_of_range;too_many_cells;meta_missing:MinorityClassSize
3162,QSAR-TID-11785,1,active,False,False,False,metadata:not_binary;n_features_out_of_range;too_many_cells;meta_missing:MinorityClassSize
3163,QSAR-TID-20158,1,active,False,False,False,metadata:not_binary;n_features_out_of_range;too_many_cells;meta_missing:MinorityClassSize
3164,QSAR-TID-136,1,active,False,False,False,metadata:not_binary;n_features_out_of_range;too_many_cells;meta_missing:MinorityClassSize
3165,QSAR-TID-129,1,active,False,False,False,metadata:not_binary;n_features_out_of_range;too_many_cells;meta_missing:MinorityClassSize
3166,QSAR-TID-279,1,active,False,False,False,metadata:not_binary;n_samples_out_of_range;n_features_out_of_range;meta_missing:MinorityClassSize
3167,QSAR-TID-100848,1,active,False,False,False,metadata:not_binary;n_samples_out_of_range;n_features_out_of_range;meta_missing:MinorityClassSize
3168,QSAR-TID-100869,1,active,False,False,False,metadata:not_binary;n_samples_out_of_range;n_features_out_of_range;meta_missing:MinorityClassSize
3169,QSAR-TID-10541,1,active,False,False,False,metadata:not_binary;n_samples_out_of_range;n_features_out_of_range;too_many_cells;meta_missing:MinorityClassSize
3170,QSAR-TID-17075,1,active,False,False,False,metadata:not_binary;n_samples_out_of_range;n_features_out_of_range;meta_missing:MinorityClassSize
3171,QSAR-TID-101309,1,active,False,False,False,metadata:not_binary;n_samples_out_of_range;n_features_out_of_range;meta_missing:MinorityClassSize
3172,QSAR-TID-12950,1,active,False,False,False,metadata:not_binary;n_samples_out_of_range;n_features_out_of_range;meta_missing:MinorityClassSize
3173,QSAR-TID-101584,1,active,False,False,False,metadata:not_binary;n_samples_out_of_range;n_features_out_of_range;meta_missing:MinorityClassSize
3174,QSAR-TID-100163,1,active,False,False,False,metadata:not_binary;n_samples_out_of_range;n_features_out_of_range;meta_missing:MinorityClassSize
3175,QSAR-TID-103900,1,active,False,False,False,metadata:not_binary;n_samples_out_of_range;n_features_out_of_range;meta_missing:MinorityClassSize
3176,QSAR-TID-100871,1,active,False,False,False,metadata:not_binary;n_samples_out_of_range;n_features_out_of_range;meta_missing:MinorityClassSize
3177,QSAR-TID-103063,1,active,False,False,False,metadata:not_binary;n_samples_out_of_range;n_features_out_of_range;meta_missing:MinorityClassSize
3178,QSAR-TID-11140,1,active,False,False,False,metadata:not_binary;n_features_out_of_range;too_many_cells;meta_missing:MinorityClassSize
3179,QSAR-TID-100430,1,active,False,False,False,metadata:not_binary;n_samples_out_of_range;n_features_out_of_range;meta_missing:MinorityClassSize
3180,QSAR-TID-12162,1,active,False,False,False,metadata:not_binary;n_samples_out_of_range;n_features_out_of_range;meta_missing:MinorityClassSize
3181,QSAR-TID-133,1,active,False,False,False,metadata:not_binary;n_features_out_of_range;too_many_cells;meta_missing:MinorityClassSize
3182,QSAR-TID-10266,1,active,False,False,False,metadata:not_binary;n_features_out_of_range;too_many_cells;meta_missing:MinorityClassSize
3183,QSAR-TID-30008,1,active,False,False,False,metadata:not_binary;n_features_out_of_range;too_many_cells;meta_missing:MinorityClassSize
3184,QSAR-TID-10116,1,active,False,False,False,metadata:not_binary;n_features_out_of_range;too_many_cells;meta_missing:MinorityClassSize
3185,QSAR-TID-11755,1,active,False,False,False,metadata:not_binary;n_features_out_of_range;too_many_cells;meta_missing:MinorityClassSize
3186,QSAR-TID-100120,1,active,False,False,False,metadata:not_binary;n_samples_out_of_range;n_features_out_of_range;meta_missing:MinorityClassSize
3187,QSAR-TID-266,1,active,False,False,False,metadata:not_binary;n_samples_out_of_range;n_features_out_of_range;meta_missing:MinorityClassSize
3188,QSAR-TID-100483,1,active,False,False,False,metadata:not_binary;n_samples_out_of_range;n_features_out_of_range;meta_missing:MinorityClassSize
3189,QSAR-TID-101356,1,active,False,False,False,metadata:not_binary;n_samples_out_of_range;n_features_out_of_range;meta_missing:MinorityClassSize
3190,QSAR-TID-101548,1,active,False,False,False,metadata:not_binary;n_samples_out_of_range;n_features_out_of_range;meta_missing:MinorityClassSize
3191,QSAR-TID-11403,1,active,False,False,False,metadata:not_binary;n_samples_out_of_range;n_features_out_of_range;meta_missing:MinorityClassSize
3192,QSAR-TID-102807,1,active,False,False,False,metadata:not_binary;n_samples_out_of_range;n_features_out_of_range;meta_missing:MinorityClassSize
3193,QSAR-TID-10188,1,active,False,False,False,metadata:not_binary;n_features_out_of_range;too_many_cells;meta_missing:MinorityClassSize
3194,QSAR-TID-101239,1,active,False,False,False,metadata:not_binary;n_samples_out_of_range;n_features_out_of_range;meta_missing:MinorityClassSize
3195,QSAR-TID-100857,1,active,False,False,False,metadata:not_binary;n_features_out_of_range;too_many_cells;meta_missing:MinorityClassSize
3196,QSAR-TID-102,1,active,False,False,False,metadata:not_binary;n_features_out_of_range;too_many_cells;meta_missing:MinorityClassSize
3197,QSAR-TID-10918,1,active,False,False,False,metadata:not_binary;n_features_out_of_range;too_many_cells;meta_missing:MinorityClassSize
3198,QSAR-TID-10074,1,active,False,False,False,metadata:not_binary;n_features_out_of_range;too_many_cells;meta_missing:MinorityClassSize
3199,QSAR-TID-30045,1,active,False,False,False,metadata:not_binary;n_features_out_of_range;too_many_cells;meta_missing:MinorityClassSize
3200,QSAR-TID-100843,1,active,False,False,False,metadata:not_binary;n_samples_out_of_range;n_features_out_of_range;meta_missing:MinorityClassSize
3201,QSAR-TID-11631,1,active,False,False,False,metadata:not_binary;n_features_out_of_range;too_many_cells;meta_missing:MinorityClassSize
3202,QSAR-TID-10280,1,active,False,False,False,metadata:not_binary;n_features_out_of_range;too_many_cells;meta_missing:MinorityClassSize
3203,QSAR-TID-11574,1,active,False,False,False,metadata:not_binary;n_features_out_of_range;too_many_cells;meta_missing:MinorityClassSize
3204,QSAR-TID-14071,1,active,False,False,False,metadata:not_binary;n_samples_out_of_range;n_features_out_of_range;meta_missing:MinorityClassSize
3205,QSAR-TID-11969,1,active,False,False,False,metadata:not_binary;n_features_out_of_range;too_many_cells;meta_missing:MinorityClassSize
3206,QSAR-TID-101055,1,active,False,False,False,metadata:not_binary;n_samples_out_of_range;n_features_out_of_range;meta_missing:MinorityClassSize
3207,QSAR-TID-12894,1,active,False,False,False,metadata:not_binary;n_features_out_of_range;too_many_cells;meta_missing:MinorityClassSize
3208,QSAR-TID-12238,1,active,False,False,False,metadata:not_binary;n_samples_out_of_range;n_features_out_of_range;meta_missing:MinorityClassSize
3209,QSAR-TID-100426,1,active,False,False,False,metadata:not_binary;n_samples_out_of_range;n_features_out_of_range;meta_missing:MinorityClassSize
3210,QSAR-TID-275,1,active,False,False,False,metadata:not_binary;n_features_out_of_range;too_many_cells;meta_missing:MinorityClassSize
3211,QSAR-TID-20157,1,active,False,False,False,metadata:not_binary;n_samples_out_of_range;n_features_out_of_range;meta_missing:MinorityClassSize
3212,QSAR-TID-12000,1,active,False,False,False,metadata:not_binary;n_features_out_of_range;too_many_cells;meta_missing:MinorityClassSize
3213,QSAR-TID-101464,1,active,False,False,False,metadata:not_binary;n_features_out_of_range;too_many_cells;meta_missing:MinorityClassSize
3214,QSAR-TID-100590,1,active,False,False,False,metadata:not_binary;n_samples_out_of_range;n_features_out_of_range;meta_missing:MinorityClassSize
3215,QSAR-TID-235,1,active,False,False,False,metadata:not_binary;n_features_out_of_range;too_many_cells;meta_missing:MinorityClassSize
3216,QSAR-TID-11414,1,active,False,False,False,metadata:not_binary;n_samples_out_of_range;n_features_out_of_range;meta_missing:MinorityClassSize
3217,QSAR-TID-278,1,active,False,False,False,metadata:not_binary;n_features_out_of_range;too_many_cells;meta_missing:MinorityClassSize
3218,QSAR-TID-30021,1,active,False,False,False,metadata:not_binary;n_samples_out_of_range;n_features_out_of_range;meta_missing:MinorityClassSize
3219,QSAR-TID-103456,1,active,False,False,False,metadata:not_binary;n_samples_out_of_range;n_features_out_of_range;meta_missing:MinorityClassSize
3220,QSAR-TID-20151,1,active,False,False,False,metadata:not_binary;n_features_out_of_range;too_many_cells;meta_missing:MinorityClassSize
3221,QSAR-TID-17120,1,active,False,False,False,metadata:not_binary;n_features_out_of_range;too_many_cells;meta_missing:MinorityClassSize
3222,QSAR-TID-10839,1,active,False,False,False,metadata:not_binary;n_features_out_of_range;too_many_cells;meta_missing:MinorityClassSize
3223,QSAR-TID-11774,1,active,False,False,False,metadata:not_binary;n_samples_out_of_range;n_features_out_of_range;meta_missing:MinorityClassSize
3224,QSAR-TID-12840,1,active,False,False,False,metadata:not_binary;n_features_out_of_range;too_many_cells;meta_missing:MinorityClassSize
3225,QSAR-TID-20025,1,active,False,False,False,metadata:not_binary;n_samples_out_of_range;n_features_out_of_range;meta_missing:MinorityClassSize
3226,QSAR-TID-103452,1,active,False,False,False,metadata:not_binary;n_samples_out_of_range;n_features_out_of_range;meta_missing:MinorityClassSize
3227,QSAR-TID-100867,1,active,False,False,False,metadata:not_binary;n_samples_out_of_range;n_features_out_of_range;meta_missing:MinorityClassSize
3228,QSAR-TID-12391,1,active,False,False,False,metadata:not_binary;n_samples_out_of_range;n_features_out_of_range;meta_missing:MinorityClassSize
3229,QSAR-TID-12265,1,active,False,False,False,metadata:not_binary;n_features_out_of_range;too_many_cells;meta_missing:MinorityClassSize
3230,QSAR-TID-10930,1,active,False,False,False,metadata:not_binary;n_features_out_of_range;too_many_cells;meta_missing:MinorityClassSize
3231,QSAR-TID-10979,1,active,False,False,False,metadata:not_binary;n_features_out_of_range;too_many_cells;meta_missing:MinorityClassSize
3232,QSAR-TID-102988,1,active,False,False,False,metadata:not_binary;n_samples_out_of_range;n_features_out_of_range;meta_missing:MinorityClassSize
3233,QSAR-TID-30038,1,active,False,False,False,metadata:not_binary;n_samples_out_of_range;n_features_out_of_range;meta_missing:MinorityClassSize
3234,QSAR-TID-10653,1,active,False,False,False,metadata:not_binary;n_features_out_of_range;too_many_cells;meta_missing:MinorityClassSize
3235,QSAR-TID-101360,1,active,False,False,False,metadata:not_binary;n_samples_out_of_range;n_features_out_of_range;meta_missing:MinorityClassSize
3236,QSAR-TID-12506,1,active,False,False,False,metadata:not_binary;n_samples_out_of_range;n_features_out_of_range;meta_missing:MinorityClassSize
3237,QSAR-TID-12752,1,active,False,False,False,metadata:not_binary;n_samples_out_of_range;n_features_out_of_range;meta_missing:MinorityClassSize
3238,QSAR-TID-11711,1,active,False,False,False,metadata:not_binary;n_samples_out_of_range;n_features_out_of_range;meta_missing:MinorityClassSize
3239,QSAR-TID-11902,1,active,False,False,False,metadata:not_binary;n_features_out_of_range;too_many_cells;meta_missing:MinorityClassSize
3240,QSAR-TID-10871,1,active,False,False,False,metadata:not_binary;n_samples_out_of_range;n_features_out_of_range;meta_missing:MinorityClassSize
3241,QSAR-TID-101538,1,active,False,False,False,metadata:not_binary;n_samples_out_of_range;n_features_out_of_range;meta_missing:MinorityClassSize
3242,QSAR-TID-11558,1,active,False,False,False,metadata:not_binary;n_samples_out_of_range;n_features_out_of_range;meta_missing:MinorityClassSize
3243,QSAR-TID-193,1,active,False,False,False,metadata:not_binary;n_samples_out_of_range;n_features_out_of_range;too_many_cells;meta_missing:MinorityClassSize
3244,QSAR-TID-103101,1,active,False,False,False,metadata:not_binary;n_samples_out_of_range;n_features_out_of_range;meta_missing:MinorityClassSize
3245,QSAR-TID-10701,1,active,False,False,False,metadata:not_binary;n_samples_out_of_range;n_features_out_of_range;meta_missing:MinorityClassSize
3246,QSAR-TID-19623,1,active,False,False,False,metadata:not_binary;n_features_out_of_range;too_many_cells;meta_missing:MinorityClassSize
3247,QSAR-TID-12366,1,active,False,False,False,metadata:not_binary;n_samples_out_of_range;n_features_out_of_range;too_many_cells;meta_missing:MinorityClassSize
3248,QSAR-TID-104499,1,active,False,False,False,metadata:not_binary;n_samples_out_of_range;n_features_out_of_range;meta_missing:MinorityClassSize
3249,QSAR-TID-11265,1,active,False,False,False,metadata:not_binary;n_features_out_of_range;too_many_cells;meta_missing:MinorityClassSize
3250,QSAR-TID-19642,1,active,False,False,False,metadata:not_binary;n_samples_out_of_range;n_features_out_of_range;meta_missing:MinorityClassSize
3251,QSAR-TID-12967,1,active,False,False,False,metadata:not_binary;n_features_out_of_range;too_many_cells;meta_missing:MinorityClassSize
3252,QSAR-TID-100858,1,active,False,False,False,metadata:not_binary;n_samples_out_of_range;n_features_out_of_range;meta_missing:MinorityClassSize
3253,QSAR-TID-11104,1,active,False,False,False,metadata:not_binary;n_samples_out_of_range;n_features_out_of_range;meta_missing:MinorityClassSize
3254,QSAR-TID-101496,1,active,False,False,False,metadata:not_binary;n_samples_out_of_range;n_features_out_of_range;meta_missing:MinorityClassSize
3255,QSAR-TID-12786,1,active,False,False,False,metadata:not_binary;n_features_out_of_range;too_many_cells;meta_missing:MinorityClassSize
3256,QSAR-TID-12688,1,active,False,False,False,metadata:not_binary;n_features_out_of_range;too_many_cells;meta_missing:MinorityClassSize
3257,QSAR-TID-236,1,active,False,False,False,metadata:not_binary;n_features_out_of_range;too_many_cells;meta_missing:MinorityClassSize
3258,QSAR-TID-10628,1,active,False,False,False,metadata:not_binary;n_samples_out_of_range;n_features_out_of_range;meta_missing:MinorityClassSize
3259,QSAR-TID-219,1,active,False,False,False,metadata:not_binary;n_features_out_of_range;too_many_cells;meta_missing:MinorityClassSize
3260,QSAR-TID-100860,1,active,False,False,False,metadata:not_binary;n_samples_out_of_range;n_features_out_of_range;meta_missing:MinorityClassSize
3261,QSAR-TID-101533,1,active,False,False,False,metadata:not_binary;n_samples_out_of_range;n_features_out_of_range;meta_missing:MinorityClassSize
3262,QSAR-TID-12261,1,active,False,False,False,metadata:not_binary;n_features_out_of_range;too_many_cells;meta_missing:MinorityClassSize
3263,QSAR-TID-100817,1,active,False,False,False,metadata:not_binary;n_samples_out_of_range;n_features_out_of_range;meta_missing:MinorityClassSize
3264,QSAR-TID-10019,1,active,False,False,False,metadata:not_binary;n_samples_out_of_range;n_features_out_of_range;meta_missing:MinorityClassSize
3265,QSAR-TID-10906,1,active,False,False,False,metadata:not_binary;n_features_out_of_range;too_many_cells;meta_missing:MinorityClassSize
3266,QSAR-TID-11169,1,active,False,False,False,metadata:not_binary;n_samples_out_of_range;n_features_out_of_range;meta_missing:MinorityClassSize
3267,QSAR-TID-17061,1,active,False,False,False,metadata:not_binary;n_samples_out_of_range;n_features_out_of_range;too_many_cells;meta_missing:MinorityClassSize
3268,QSAR-TID-10461,1,active,False,False,False,metadata:not_binary;n_samples_out_of_range;n_features_out_of_range;meta_missing:MinorityClassSize
3269,QSAR-TID-11142,1,active,False,False,False,metadata:not_binary;n_samples_out_of_range;n_features_out_of_range;meta_missing:MinorityClassSize
3270,QSAR-TID-100624,1,active,False,False,False,metadata:not_binary;n_samples_out_of_range;n_features_out_of_range;meta_missing:MinorityClassSize
3271,QSAR-TID-12169,1,active,False,False,False,metadata:not_binary;n_samples_out_of_range;n_features_out_of_range;meta_missing:MinorityClassSize
3272,QSAR-TID-100865,1,active,False,False,False,metadata:not_binary;n_samples_out_of_range;n_features_out_of_range;meta_missing:MinorityClassSize
3273,QSAR-TID-102401,1,active,False,False,False,metadata:not_binary;n_samples_out_of_range;n_features_out_of_range;meta_missing:MinorityClassSize
3274,QSAR-TID-12867,1,active,False,False,False,metadata:not_binary;n_samples_out_of_range;n_features_out_of_range;meta_missing:MinorityClassSize
3275,QSAR-TID-12944,1,active,False,False,False,metadata:not_binary;n_features_out_of_range;too_many_cells;meta_missing:MinorityClassSize
3276,QSAR-TID-101582,1,active,False,False,False,metadata:not_binary;n_samples_out_of_range;n_features_out_of_range;meta_missing:MinorityClassSize
3277,QSAR-TID-10980,1,active,False,False,False,metadata:not_binary;n_samples_out_of_range;n_features_out_of_range;too_many_cells;meta_missing:MinorityClassSize
3278,QSAR-TID-61,1,active,False,False,False,metadata:not_binary;n_features_out_of_range;too_many_cells;meta_missing:MinorityClassSize
3279,QSAR-TID-100044,1,active,False,False,False,metadata:not_binary;n_features_out_of_range;too_many_cells;meta_missing:MinorityClassSize
3280,QSAR-TID-100956,1,active,False,False,False,metadata:not_binary;n_samples_out_of_range;n_features_out_of_range;meta_missing:MinorityClassSize
3281,QSAR-TID-12895,1,active,False,False,False,metadata:not_binary;n_features_out_of_range;too_many_cells;meta_missing:MinorityClassSize
3282,QSAR-TID-11758,1,active,False,False,False,metadata:not_binary;n_features_out_of_range;too_many_cells;meta_missing:MinorityClassSize
3283,QSAR-TID-101348,1,active,False,False,False,metadata:not_binary;n_features_out_of_range;too_many_cells;meta_missing:MinorityClassSize
3284,QSAR-TID-18013,1,active,False,False,False,metadata:not_binary;n_samples_out_of_range;n_features_out_of_range;meta_missing:MinorityClassSize
3285,QSAR-TID-12485,1,active,False,False,False,metadata:not_binary;n_samples_out_of_range;n_features_out_of_range;meta_missing:MinorityClassSize
3286,QSAR-TID-12687,1,active,False,False,False,metadata:not_binary;n_features_out_of_range;too_many_cells;meta_missing:MinorityClassSize
3287,QSAR-TID-11811,1,active,False,False,False,metadata:not_binary;n_samples_out_of_range;n_features_out_of_range;meta_missing:MinorityClassSize
3288,QSAR-TID-30015,1,active,False,False,False,metadata:not_binary;n_samples_out_of_range;n_features_out_of_range;meta_missing:MinorityClassSize
3289,QSAR-TID-101299,1,active,False,False,False,metadata:not_binary;n_samples_out_of_range;n_features_out_of_range;meta_missing:MinorityClassSize
3290,QSAR-TID-20126,1,active,False,False,False,metadata:not_binary;n_samples_out_of_range;n_features_out_of_range;too_many_cells;meta_missing:MinorityClassSize
3291,QSAR-TID-12887,1,active,False,False,False,metadata:not_binary;n_samples_out_of_range;n_features_out_of_range;meta_missing:MinorityClassSize
3292,QSAR-TID-19689,1,active,False,False,False,metadata:not_binary;n_samples_out_of_range;n_features_out_of_range;too_many_cells;meta_missing:MinorityClassSize
3293,QSAR-TID-12569,1,active,False,False,False,metadata:not_binary;n_features_out_of_range;too_many_cells;meta_missing:MinorityClassSize
3294,QSAR-TID-11524,1,active,False,False,False,metadata:not_binary;n_features_out_of_range;too_many_cells;meta_missing:MinorityClassSize
3295,QSAR-TID-12933,1,active,False,False,False,metadata:not_binary;n_samples_out_of_range;n_features_out_of_range;meta_missing:MinorityClassSize
3296,QSAR-TID-11869,1,active,False,False,False,metadata:not_binary;n_features_out_of_range;too_many_cells;meta_missing:MinorityClassSize
3297,QSAR-TID-20122,1,active,False,False,False,metadata:not_binary;n_samples_out_of_range;n_features_out_of_range;meta_missing:MinorityClassSize
3298,QSAR-TID-12163,1,active,False,False,False,metadata:not_binary;n_features_out_of_range;too_many_cells;meta_missing:MinorityClassSize
3299,QSAR-TID-12641,1,active,False,False,False,metadata:not_binary;n_samples_out_of_range;n_features_out_of_range;meta_missing:MinorityClassSize
3300,QSAR-TID-12587,1,active,False,False,False,metadata:not_binary;n_samples_out_of_range;n_features_out_of_range;too_many_cells;meta_missing:MinorityClassSize
3301,QSAR-TID-10909,1,active,False,False,False,metadata:not_binary;n_samples_out_of_range;n_features_out_of_range;meta_missing:MinorityClassSize
3302,QSAR-TID-17073,1,active,False,False,False,metadata:not_binary;n_features_out_of_range;too_many_cells;meta_missing:MinorityClassSize
3303,QSAR-TID-103451,1,active,False,False,False,metadata:not_binary;n_samples_out_of_range;n_features_out_of_range;meta_missing:MinorityClassSize
3304,QSAR-TID-30022,1,active,False,False,False,metadata:not_binary;n_samples_out_of_range;n_features_out_of_range;meta_missing:MinorityClassSize
3305,QSAR-TID-134,1,active,False,False,False,metadata:not_binary;n_features_out_of_range;too_many_cells;meta_missing:MinorityClassSize
3306,QSAR-TID-100854,1,active,False,False,False,metadata:not_binary;n_features_out_of_range;too_many_cells;meta_missing:MinorityClassSize
3307,QSAR-TID-10498,1,active,False,False,False,metadata:not_binary;n_features_out_of_range;too_many_cells;meta_missing:MinorityClassSize
3308,QSAR-TID-10938,1,active,False,False,False,metadata:not_binary;n_features_out_of_range;too_many_cells;meta_missing:MinorityClassSize
3309,QSAR-TID-10850,1,active,False,False,False,metadata:not_binary;n_features_out_of_range;too_many_cells;meta_missing:MinorityClassSize
3311,QSAR-TID-100127,1,active,False,False,False,metadata:not_binary;n_samples_out_of_range;n_features_out_of_range;meta_missing:MinorityClassSize
3312,QSAR-TID-10901,1,active,False,False,False,metadata:not_binary;n_features_out_of_range;too_many_cells;meta_missing:MinorityClassSize
3313,QSAR-TID-102389,1,active,False,False,False,metadata:not_binary;n_samples_out_of_range;n_features_out_of_range;meta_missing:MinorityClassSize
3314,QSAR-TID-12591,1,active,False,False,False,metadata:not_binary;n_samples_out_of_range;n_features_out_of_range;meta_missing:MinorityClassSize
3315,QSAR-TID-90,1,active,False,False,False,metadata:not_binary;n_features_out_of_range;too_many_cells;meta_missing:MinorityClassSize
3316,QSAR-TID-12476,1,active,False,False,False,metadata:not_binary;n_features_out_of_range;too_many_cells;meta_missing:MinorityClassSize
3317,QSAR-TID-100976,1,active,False,False,False,metadata:not_binary;n_samples_out_of_range;n_features_out_of_range;meta_missing:MinorityClassSize
3318,QSAR-TID-72,1,active,False,False,False,metadata:not_binary;n_samples_out_of_range;n_features_out_of_range;too_many_cells;meta_missing:MinorityClassSize
3319,QSAR-TID-20109,1,active,False,False,False,metadata:not_binary;n_samples_out_of_range;n_features_out_of_range;meta_missing:MinorityClassSize
3320,QSAR-TID-186,1,active,False,False,False,metadata:not_binary;n_samples_out_of_range;n_features_out_of_range;meta_missing:MinorityClassSize
3321,QSAR-TID-101411,1,active,False,False,False,metadata:not_binary;n_samples_out_of_range;n_features_out_of_range;meta_missing:MinorityClassSize
3322,QSAR-TID-101338,1,active,False,False,False,metadata:not_binary;n_samples_out_of_range;n_features_out_of_range;meta_missing:MinorityClassSize
3323,QSAR-TID-30035,1,active,False,False,False,metadata:not_binary;n_features_out_of_range;too_many_cells;meta_missing:MinorityClassSize
3324,QSAR-TID-100969,1,active,False,False,False,metadata:not_binary;n_samples_out_of_range;n_features_out_of_range;meta_missing:MinorityClassSize
3325,QSAR-TID-102913,1,active,False,False,False,metadata:not_binary;n_samples_out_of_range;n_features_out_of_range;meta_missing:MinorityClassSize
3326,QSAR-TID-11055,1,active,False,False,False,metadata:not_binary;n_samples_out_of_range;n_features_out_of_range;meta_missing:MinorityClassSize
3327,QSAR-TID-101021,1,active,False,False,False,metadata:not_binary;n_samples_out_of_range;n_features_out_of_range;meta_missing:MinorityClassSize
3328,QSAR-TID-12474,1,active,False,False,False,metadata:not_binary;n_features_out_of_range;too_many_cells;meta_missing:MinorityClassSize
3329,QSAR-TID-104138,1,active,False,False,False,metadata:not_binary;n_samples_out_of_range;n_features_out_of_range;meta_missing:MinorityClassSize
3330,QSAR-TID-100851,1,active,False,False,False,metadata:not_binary;n_features_out_of_range;too_many_cells;meta_missing:MinorityClassSize
3331,QSAR-TID-12755,1,active,False,False,False,metadata:not_binary;n_samples_out_of_range;n_features_out_of_range;meta_missing:MinorityClassSize
3332,QSAR-TID-17145,1,active,False,False,False,metadata:not_binary;n_samples_out_of_range;n_features_out_of_range;meta_missing:MinorityClassSize
3333,QSAR-TID-10623,1,active,False,False,False,metadata:not_binary;n_features_out_of_range;too_many_cells;meta_missing:MinorityClassSize
3334,QSAR-TID-127,1,active,False,False,False,metadata:not_binary;n_features_out_of_range;too_many_cells;meta_missing:MinorityClassSize
3335,QSAR-TID-11624,1,active,False,False,False,metadata:not_binary;n_features_out_of_range;too_many_cells;meta_missing:MinorityClassSize
3336,QSAR-TID-12998,1,active,False,False,False,metadata:not_binary;n_samples_out_of_range;n_features_out_of_range;meta_missing:MinorityClassSize
3337,QSAR-TID-47,1,active,False,False,False,metadata:not_binary;n_features_out_of_range;too_many_cells;meta_missing:MinorityClassSize
3338,QSAR-TID-10782,1,active,False,False,False,metadata:not_binary;n_samples_out_of_range;n_features_out_of_range;meta_missing:MinorityClassSize
3339,QSAR-TID-100864,1,active,False,False,False,metadata:not_binary;n_samples_out_of_range;n_features_out_of_range;meta_missing:MinorityClassSize
3340,QSAR-TID-13068,1,active,False,False,False,metadata:not_binary;n_samples_out_of_range;n_features_out_of_range;meta_missing:MinorityClassSize
3341,QSAR-TID-30048,1,active,False,False,False,metadata:not_binary;n_samples_out_of_range;n_features_out_of_range;meta_missing:MinorityClassSize
3342,QSAR-TID-11691,1,active,False,False,False,metadata:not_binary;n_features_out_of_range;too_many_cells;meta_missing:MinorityClassSize
3343,QSAR-TID-14037,1,active,False,False,False,metadata:not_binary;n_features_out_of_range;too_many_cells;meta_missing:MinorityClassSize
3344,QSAR-TID-30017,1,active,False,False,False,metadata:not_binary;n_features_out_of_range;too_many_cells;meta_missing:MinorityClassSize
3345,QSAR-TID-17076,1,active,False,False,False,metadata:not_binary;n_samples_out_of_range;n_features_out_of_range;meta_missing:MinorityClassSize
3346,QSAR-TID-10244,1,active,False,False,False,metadata:not_binary;n_features_out_of_range;too_many_cells;meta_missing:MinorityClassSize
3347,QSAR-TID-260,1,active,False,False,False,metadata:not_binary;n_samples_out_of_range;n_features_out_of_range;meta_missing:MinorityClassSize
3348,QSAR-TID-10373,1,active,False,False,False,metadata:not_binary;n_samples_out_of_range;n_features_out_of_range;meta_missing:MinorityClassSize
3349,QSAR-TID-246,1,active,False,False,False,metadata:not_binary;n_features_out_of_range;too_many_cells;meta_missing:MinorityClassSize
3350,QSAR-TID-168,1,active,False,False,False,metadata:not_binary;n_features_out_of_range;too_many_cells;meta_missing:MinorityClassSize
3351,QSAR-TID-101552,1,active,False,False,False,metadata:not_binary;n_samples_out_of_range;n_features_out_of_range;meta_missing:MinorityClassSize
3352,QSAR-TID-12673,1,active,False,False,False,metadata:not_binary;n_samples_out_of_range;n_features_out_of_range;too_many_cells;meta_missing:MinorityClassSize
3353,QSAR-TID-12666,1,active,False,False,False,metadata:not_binary;n_features_out_of_range;too_many_cells;meta_missing:MinorityClassSize
3354,QSAR-TID-247,1,active,False,False,False,metadata:not_binary;n_features_out_of_range;too_many_cells;meta_missing:MinorityClassSize
3355,QSAR-TID-10143,1,active,False,False,False,metadata:not_binary;n_samples_out_of_range;n_features_out_of_range;meta_missing:MinorityClassSize
3356,QSAR-TID-103910,1,active,False,False,False,metadata:not_binary;n_samples_out_of_range;n_features_out_of_range;meta_missing:MinorityClassSize
3357,QSAR-TID-12345,1,active,False,False,False,metadata:not_binary;n_samples_out_of_range;n_features_out_of_range;meta_missing:MinorityClassSize
3358,QSAR-TID-146,1,active,False,False,False,metadata:not_binary;n_features_out_of_range;too_many_cells;meta_missing:MinorityClassSize
3359,QSAR-TID-10982,1,active,False,False,False,metadata:not_binary;n_features_out_of_range;too_many_cells;meta_missing:MinorityClassSize
3360,QSAR-TID-10544,1,active,False,False,False,metadata:not_binary;n_features_out_of_range;too_many_cells;meta_missing:MinorityClassSize
3361,QSAR-TID-103071,1,active,False,False,False,metadata:not_binary;n_samples_out_of_range;n_features_out_of_range;too_many_cells;meta_missing:MinorityClassSize
3362,QSAR-TID-101252,1,active,False,False,False,metadata:not_binary;n_samples_out_of_range;n_features_out_of_range;meta_missing:MinorityClassSize
3363,QSAR-TID-19905,1,active,False,False,False,metadata:not_binary;n_features_out_of_range;too_many_cells;meta_missing:MinorityClassSize
3364,QSAR-TID-10880,1,active,False,False,False,metadata:not_binary;n_features_out_of_range;too_many_cells;meta_missing:MinorityClassSize
3365,QSAR-TID-10167,1,active,False,False,False,metadata:not_binary;n_samples_out_of_range;n_features_out_of_range;meta_missing:MinorityClassSize
3366,QSAR-TID-10190,1,active,False,False,False,metadata:not_binary;n_samples_out_of_range;n_features_out_of_range;meta_missing:MinorityClassSize
3367,QSAR-TID-12132,1,active,False,False,False,metadata:not_binary;n_samples_out_of_range;n_features_out_of_range;meta_missing:MinorityClassSize
3368,QSAR-TID-252,1,active,False,False,False,metadata:not_binary;n_features_out_of_range;too_many_cells;meta_missing:MinorityClassSize
3370,QSAR-TID-20036,1,active,False,False,False,metadata:not_binary;n_samples_out_of_range;n_features_out_of_range;meta_missing:MinorityClassSize
3372,QSAR-TID-10502,1,active,False,False,False,metadata:not_binary;n_features_out_of_range;too_many_cells;meta_missing:MinorityClassSize
3373,QSAR-TID-100155,1,active,False,False,False,metadata:not_binary;n_samples_out_of_range;n_features_out_of_range;meta_missing:MinorityClassSize
3374,QSAR-TID-11299,1,active,False,False,False,metadata:not_binary;n_samples_out_of_range;n_features_out_of_range;meta_missing:MinorityClassSize
3375,QSAR-TID-11085,1,active,False,False,False,metadata:not_binary;n_features_out_of_range;too_many_cells;meta_missing:MinorityClassSize
3376,QSAR-TID-12186,1,active,False,False,False,metadata:not_binary;n_samples_out_of_range;n_features_out_of_range;meta_missing:MinorityClassSize
3377,QSAR-TID-101585,1,active,False,False,False,metadata:not_binary;n_samples_out_of_range;n_features_out_of_range;meta_missing:MinorityClassSize
3378,QSAR-TID-11084,1,active,False,False,False,metadata:not_binary;n_features_out_of_range;too_many_cells;meta_missing:MinorityClassSize
3379,QSAR-TID-101503,1,active,False,False,False,metadata:not_binary;n_samples_out_of_range;n_features_out_of_range;meta_missing:MinorityClassSize
3380,QSAR-TID-101598,1,active,False,False,False,metadata:not_binary;n_features_out_of_range;too_many_cells;meta_missing:MinorityClassSize
3381,QSAR-TID-17021,1,active,False,False,False,metadata:not_binary;n_features_out_of_range;too_many_cells;meta_missing:MinorityClassSize
3382,QSAR-TID-101045,1,active,False,False,False,metadata:not_binary;n_samples_out_of_range;n_features_out_of_range;meta_missing:MinorityClassSize
3383,QSAR-TID-12718,1,active,False,False,False,metadata:not_binary;n_samples_out_of_range;n_features_out_of_range;meta_missing:MinorityClassSize
3385,QSAR-TID-12029,1,active,False,False,False,metadata:not_binary;n_samples_out_of_range;n_features_out_of_range;meta_missing:MinorityClassSize
3386,QSAR-TID-104385,1,active,False,False,False,metadata:not_binary;n_samples_out_of_range;n_features_out_of_range;meta_missing:MinorityClassSize
3387,QSAR-TID-11058,1,active,False,False,False,metadata:not_binary;n_samples_out_of_range;n_features_out_of_range;meta_missing:MinorityClassSize
3388,QSAR-TID-10501,1,active,False,False,False,metadata:not_binary;n_samples_out_of_range;n_features_out_of_range;too_many_cells;meta_missing:MinorityClassSize
3389,QSAR-TID-12788,1,active,False,False,False,metadata:not_binary;n_samples_out_of_range;n_features_out_of_range;meta_missing:MinorityClassSize
3390,QSAR-TID-100427,1,active,False,False,False,metadata:not_binary;n_samples_out_of_range;n_features_out_of_range;meta_missing:MinorityClassSize
3391,QSAR-TID-100992,1,active,False,False,False,metadata:not_binary;n_samples_out_of_range;n_features_out_of_range;meta_missing:MinorityClassSize
3392,QSAR-TID-100918,1,active,False,False,False,metadata:not_binary;n_samples_out_of_range;n_features_out_of_range;meta_missing:MinorityClassSize
3393,QSAR-TID-11105,1,active,False,False,False,metadata:not_binary;n_features_out_of_range;too_many_cells;meta_missing:MinorityClassSize
3394,QSAR-TID-20154,1,active,False,False,False,metadata:not_binary;n_features_out_of_range;too_many_cells;meta_missing:MinorityClassSize
3395,QSAR-TID-13024,1,active,False,False,False,metadata:not_binary;n_samples_out_of_range;n_features_out_of_range;meta_missing:MinorityClassSize
3396,QSAR-TID-11269,1,active,False,False,False,metadata:not_binary;n_features_out_of_range;too_many_cells;meta_missing:MinorityClassSize
3397,QSAR-TID-12703,1,active,False,False,False,metadata:not_binary;n_features_out_of_range;too_many_cells;meta_missing:MinorityClassSize
3398,QSAR-TID-10058,1,active,False,False,False,metadata:not_binary;n_features_out_of_range;too_many_cells;meta_missing:MinorityClassSize
3399,QSAR-TID-20032,1,active,False,False,False,metadata:not_binary;n_samples_out_of_range;n_features_out_of_range;meta_missing:MinorityClassSize
3400,QSAR-TID-11863,1,active,False,False,False,metadata:not_binary;n_samples_out_of_range;n_features_out_of_range;meta_missing:MinorityClassSize
3401,QSAR-TID-10494,1,active,False,False,False,metadata:not_binary;n_features_out_of_range;too_many_cells;meta_missing:MinorityClassSize
3402,QSAR-TID-11081,1,active,False,False,False,metadata:not_binary;n_features_out_of_range;too_many_cells;meta_missing:MinorityClassSize
3403,QSAR-TID-240,1,active,False,False,False,metadata:not_binary;n_features_out_of_range;too_many_cells;meta_missing:MinorityClassSize
3404,QSAR-TID-10497,1,active,False,False,False,metadata:not_binary;n_samples_out_of_range;n_features_out_of_range;meta_missing:MinorityClassSize
3405,QSAR-TID-101053,1,active,False,False,False,metadata:not_binary;n_samples_out_of_range;n_features_out_of_range;meta_missing:MinorityClassSize
3406,QSAR-TID-11870,1,active,False,False,False,metadata:not_binary;n_samples_out_of_range;n_features_out_of_range;meta_missing:MinorityClassSize
3407,QSAR-TID-11977,1,active,False,False,False,metadata:not_binary;n_samples_out_of_range;n_features_out_of_range;meta_missing:MinorityClassSize
3408,QSAR-TID-12336,1,active,False,False,False,metadata:not_binary;n_samples_out_of_range;n_features_out_of_range;meta_missing:MinorityClassSize
3409,QSAR-TID-17134,1,active,False,False,False,metadata:not_binary;n_samples_out_of_range;n_features_out_of_range;meta_missing:MinorityClassSize
3410,QSAR-TID-101152,1,active,False,False,False,metadata:not_binary;n_samples_out_of_range;n_features_out_of_range;meta_missing:MinorityClassSize
3411,QSAR-TID-100859,1,active,False,False,False,metadata:not_binary;n_samples_out_of_range;n_features_out_of_range;meta_missing:MinorityClassSize
3412,QSAR-TID-11364,1,active,False,False,False,metadata:not_binary;n_features_out_of_range;too_many_cells;meta_missing:MinorityClassSize
3413,QSAR-TID-10056,1,active,False,False,False,metadata:not_binary;n_features_out_of_range;too_many_cells;meta_missing:MinorityClassSize
3414,QSAR-TID-10209,1,active,False,False,False,metadata:not_binary;n_features_out_of_range;too_many_cells;meta_missing:MinorityClassSize
3415,QSAR-TID-101300,1,active,False,False,False,metadata:not_binary;n_features_out_of_range;too_many_cells;meta_missing:MinorityClassSize
3416,QSAR-TID-10648,1,active,False,False,False,metadata:not_binary;n_samples_out_of_range;n_features_out_of_range;meta_missing:MinorityClassSize
3417,QSAR-TID-100436,1,active,False,False,False,metadata:not_binary;n_samples_out_of_range;n_features_out_of_range;too_many_cells;meta_missing:MinorityClassSize
3418,QSAR-TID-11249,1,active,False,False,False,metadata:not_binary;n_samples_out_of_range;n_features_out_of_range;meta_missing:MinorityClassSize
3419,QSAR-TID-10368,1,active,False,False,False,metadata:not_binary;n_features_out_of_range;too_many_cells;meta_missing:MinorityClassSize
3420,QSAR-TID-100069,1,active,False,False,False,metadata:not_binary;n_features_out_of_range;too_many_cells;meta_missing:MinorityClassSize
3421,QSAR-TID-11722,1,active,False,False,False,metadata:not_binary;n_samples_out_of_range;n_features_out_of_range;meta_missing:MinorityClassSize
3422,QSAR-TID-12593,1,active,False,False,False,metadata:not_binary;n_samples_out_of_range;n_features_out_of_range;meta_missing:MinorityClassSize
3423,QSAR-TID-101407,1,active,False,False,False,metadata:not_binary;n_features_out_of_range;too_many_cells;meta_missing:MinorityClassSize
3424,QSAR-TID-10728,1,active,False,False,False,metadata:not_binary;n_samples_out_of_range;n_features_out_of_range;too_many_cells;meta_missing:MinorityClassSize
3425,QSAR-TID-10273,1,active,False,False,False,metadata:not_binary;n_features_out_of_range;too_many_cells;meta_missing:MinorityClassSize
3426,QSAR-TID-10856,1,active,False,False,False,metadata:not_binary;n_samples_out_of_range;n_features_out_of_range;meta_missing:MinorityClassSize
3427,QSAR-TID-10576,1,active,False,False,False,metadata:not_binary;n_features_out_of_range;too_many_cells;meta_missing:MinorityClassSize
3428,QSAR-TID-12128,1,active,False,False,False,metadata:not_binary;n_features_out_of_range;too_many_cells;meta_missing:MinorityClassSize
3429,QSAR-TID-11441,1,active,False,False,False,metadata:not_binary;n_samples_out_of_range;n_features_out_of_range;meta_missing:MinorityClassSize
3430,QSAR-TID-10262,1,active,False,False,False,metadata:not_binary;n_features_out_of_range;too_many_cells;meta_missing:MinorityClassSize
3431,QSAR-TID-103441,1,active,False,False,False,metadata:not_binary;n_samples_out_of_range;n_features_out_of_range;meta_missing:MinorityClassSize
3432,QSAR-TID-11402,1,active,False,False,False,metadata:not_binary;n_features_out_of_range;too_many_cells;meta_missing:MinorityClassSize
3433,QSAR-TID-12824,1,active,False,False,False,metadata:not_binary;n_features_out_of_range;too_many_cells;meta_missing:MinorityClassSize
3434,QSAR-TID-11692,1,active,False,False,False,metadata:not_binary;n_samples_out_of_range;n_features_out_of_range;meta_missing:MinorityClassSize
3435,QSAR-TID-103163,1,active,False,False,False,metadata:not_binary;n_samples_out_of_range;n_features_out_of_range;meta_missing:MinorityClassSize
3436,QSAR-TID-101392,1,active,False,False,False,metadata:not_binary;n_samples_out_of_range;n_features_out_of_range;meta_missing:MinorityClassSize
3437,QSAR-TID-102981,1,active,False,False,False,metadata:not_binary;n_samples_out_of_range;n_features_out_of_range;meta_missing:MinorityClassSize
3438,QSAR-TID-12853,1,active,False,False,False,metadata:not_binary;n_samples_out_of_range;n_features_out_of_range;meta_missing:MinorityClassSize
3439,QSAR-TID-100912,1,active,False,False,False,metadata:not_binary;n_features_out_of_range;too_many_cells;meta_missing:MinorityClassSize
3440,QSAR-TID-101269,1,active,False,False,False,metadata:not_binary;n_features_out_of_range;too_many_cells;meta_missing:MinorityClassSize
3441,QSAR-TID-11427,1,active,False,False,False,metadata:not_binary;n_samples_out_of_range;n_features_out_of_range;too_many_cells;meta_missing:MinorityClassSize
3442,QSAR-TID-100433,1,active,False,False,False,metadata:not_binary;n_samples_out_of_range;n_features_out_of_range;meta_missing:MinorityClassSize
3443,QSAR-TID-11989,1,active,False,False,False,metadata:not_binary;n_samples_out_of_range;n_features_out_of_range;meta_missing:MinorityClassSize
3444,QSAR-TID-10970,1,active,False,False,False,metadata:not_binary;n_features_out_of_range;too_many_cells;meta_missing:MinorityClassSize
3445,QSAR-TID-12829,1,active,False,False,False,metadata:not_binary;n_features_out_of_range;too_many_cells;meta_missing:MinorityClassSize
3447,QSAR-TID-101221,1,active,False,False,False,metadata:not_binary;n_samples_out_of_range;n_features_out_of_range;meta_missing:MinorityClassSize
3448,QSAR-TID-12619,1,active,False,False,False,metadata:not_binary;n_samples_out_of_range;n_features_out_of_range;meta_missing:MinorityClassSize
3449,QSAR-TID-10329,1,active,False,False,False,metadata:not_binary;n_features_out_of_range;too_many_cells;meta_missing:MinorityClassSize
3450,QSAR-TID-176,1,active,False,False,False,metadata:not_binary;n_features_out_of_range;too_many_cells;meta_missing:MinorityClassSize
3451,QSAR-TID-100244,1,active,False,False,False,metadata:not_binary;n_samples_out_of_range;n_features_out_of_range;meta_missing:MinorityClassSize
3452,QSAR-TID-10184,1,active,False,False,False,metadata:not_binary;n_features_out_of_range;too_many_cells;meta_missing:MinorityClassSize
3453,QSAR-TID-10657,1,active,False,False,False,metadata:not_binary;n_samples_out_of_range;n_features_out_of_range;meta_missing:MinorityClassSize
3454,QSAR-TID-12744,1,active,False,False,False,metadata:not_binary;n_samples_out_of_range;n_features_out_of_range;meta_missing:MinorityClassSize
3455,QSAR-TID-100413,1,active,False,False,False,metadata:not_binary;n_features_out_of_range;too_many_cells;meta_missing:MinorityClassSize
3456,QSAR-TID-270,1,active,False,False,False,metadata:not_binary;n_features_out_of_range;too_many_cells;meta_missing:MinorityClassSize
3457,QSAR-TID-11399,1,active,False,False,False,metadata:not_binary;n_features_out_of_range;too_many_cells;meta_missing:MinorityClassSize
3458,QSAR-TID-30020,1,active,False,False,False,metadata:not_binary;n_samples_out_of_range;n_features_out_of_range;meta_missing:MinorityClassSize
3459,QSAR-TID-42,1,active,False,False,False,metadata:not_binary;n_features_out_of_range;too_many_cells;meta_missing:MinorityClassSize
3460,QSAR-TID-101041,1,active,False,False,False,metadata:not_binary;n_samples_out_of_range;n_features_out_of_range;meta_missing:MinorityClassSize
3461,QSAR-TID-10814,1,active,False,False,False,metadata:not_binary;n_samples_out_of_range;n_features_out_of_range;meta_missing:MinorityClassSize
3462,QSAR-TID-175,1,active,False,False,False,metadata:not_binary;n_features_out_of_range;too_many_cells;meta_missing:MinorityClassSize
3463,QSAR-TID-104260,1,active,False,False,False,metadata:not_binary;n_samples_out_of_range;n_features_out_of_range;meta_missing:MinorityClassSize
3464,QSAR-TID-101460,1,active,False,False,False,metadata:not_binary;n_samples_out_of_range;n_features_out_of_range;meta_missing:MinorityClassSize
3465,QSAR-TID-11018,1,active,False,False,False,metadata:not_binary;n_features_out_of_range;too_many_cells;meta_missing:MinorityClassSize
3466,QSAR-TID-10688,1,active,False,False,False,metadata:not_binary;n_samples_out_of_range;n_features_out_of_range;meta_missing:MinorityClassSize
3467,QSAR-TID-10485,1,active,False,False,False,metadata:not_binary;n_samples_out_of_range;n_features_out_of_range;meta_missing:MinorityClassSize
3468,QSAR-TID-12738,1,active,False,False,False,metadata:not_binary;n_features_out_of_range;too_many_cells;meta_missing:MinorityClassSize
3469,QSAR-TID-102770,1,active,False,False,False,metadata:not_binary;n_samples_out_of_range;n_features_out_of_range;meta_missing:MinorityClassSize
3470,QSAR-TID-102414,1,active,False,False,False,metadata:not_binary;n_features_out_of_range;too_many_cells;meta_missing:MinorityClassSize
3471,QSAR-TID-101079,1,active,False,False,False,metadata:not_binary;n_samples_out_of_range;n_features_out_of_range;meta_missing:MinorityClassSize
3472,QSAR-TID-11154,1,active,False,False,False,metadata:not_binary;n_features_out_of_range;too_many_cells;meta_missing:MinorityClassSize
3474,QSAR-TID-10450,1,active,False,False,False,metadata:not_binary;n_features_out_of_range;too_many_cells;meta_missing:MinorityClassSize
3475,QSAR-TID-137,1,active,False,False,False,metadata:not_binary;n_features_out_of_range;too_many_cells;meta_missing:MinorityClassSize
3476,QSAR-TID-118,1,active,False,False,False,metadata:not_binary;n_features_out_of_range;too_many_cells;meta_missing:MinorityClassSize
3477,QSAR-TID-101602,1,active,False,False,False,metadata:not_binary;n_samples_out_of_range;n_features_out_of_range;meta_missing:MinorityClassSize
3478,QSAR-TID-101324,1,active,False,False,False,metadata:not_binary;n_samples_out_of_range;n_features_out_of_range;meta_missing:MinorityClassSize
3479,QSAR-TID-100424,1,active,False,False,False,metadata:not_binary;n_samples_out_of_range;n_features_out_of_range;meta_missing:MinorityClassSize
3480,QSAR-TID-11868,1,active,False,False,False,metadata:not_binary;n_features_out_of_range;too_many_cells;meta_missing:MinorityClassSize
3481,QSAR-TID-12787,1,active,False,False,False,metadata:not_binary;n_samples_out_of_range;n_features_out_of_range;meta_missing:MinorityClassSize
3482,QSAR-TID-12090,1,active,False,False,False,metadata:not_binary;n_features_out_of_range;too_many_cells;meta_missing:MinorityClassSize
3483,QSAR-TID-20023,1,active,False,False,False,metadata:not_binary;n_samples_out_of_range;n_features_out_of_range;meta_missing:MinorityClassSize
3484,QSAR-TID-12131,1,active,False,False,False,metadata:not_binary;n_samples_out_of_range;n_features_out_of_range;meta_missing:MinorityClassSize
3485,QSAR-TID-11199,1,active,False,False,False,metadata:not_binary;n_samples_out_of_range;n_features_out_of_range;meta_missing:MinorityClassSize
3486,QSAR-TID-11942,1,active,False,False,False,metadata:not_binary;n_features_out_of_range;too_many_cells;meta_missing:MinorityClassSize
3487,QSAR-TID-100962,1,active,False,False,False,metadata:not_binary;n_samples_out_of_range;n_features_out_of_range;meta_missing:MinorityClassSize
3488,QSAR-TID-12227,1,active,False,False,False,metadata:not_binary;n_features_out_of_range;too_many_cells;meta_missing:MinorityClassSize
3489,QSAR-TID-12735,1,active,False,False,False,metadata:not_binary;n_features_out_of_range;too_many_cells;meta_missing:MinorityClassSize
3490,QSAR-TID-20033,1,active,False,False,False,metadata:not_binary;n_features_out_of_range;too_many_cells;meta_missing:MinorityClassSize
3491,QSAR-TID-11528,1,active,False,False,False,metadata:not_binary;n_samples_out_of_range;n_features_out_of_range;meta_missing:MinorityClassSize
3492,QSAR-TID-100834,1,active,False,False,False,metadata:not_binary;n_features_out_of_range;too_many_cells;meta_missing:MinorityClassSize
3493,QSAR-TID-101361,1,active,False,False,False,metadata:not_binary;n_features_out_of_range;too_many_cells;meta_missing:MinorityClassSize
3494,QSAR-TID-11831,1,active,False,False,False,metadata:not_binary;n_samples_out_of_range;n_features_out_of_range;meta_missing:MinorityClassSize
3495,QSAR-TID-100432,1,active,False,False,False,metadata:not_binary;n_features_out_of_range;too_many_cells;meta_missing:MinorityClassSize
3496,QSAR-TID-102774,1,active,False,False,False,metadata:not_binary;n_samples_out_of_range;n_features_out_of_range;meta_missing:MinorityClassSize
3497,QSAR-TID-115,1,active,False,False,False,metadata:not_binary;n_features_out_of_range;too_many_cells;meta_missing:MinorityClassSize
3498,QSAR-TID-10616,1,active,False,False,False,metadata:not_binary;n_features_out_of_range;too_many_cells;meta_missing:MinorityClassSize
3499,QSAR-TID-101397,1,active,False,False,False,metadata:not_binary;n_samples_out_of_range;n_features_out_of_range;meta_missing:MinorityClassSize
3500,QSAR-TID-10452,1,active,False,False,False,metadata:not_binary;n_features_out_of_range;too_many_cells;meta_missing:MinorityClassSize
3501,QSAR-TID-100418,1,active,False,False,False,metadata:not_binary;n_samples_out_of_range;n_features_out_of_range;meta_missing:MinorityClassSize
3502,QSAR-TID-100993,1,active,False,False,False,metadata:not_binary;n_samples_out_of_range;n_features_out_of_range;meta_missing:MinorityClassSize
3503,QSAR-TID-20171,1,active,False,False,False,metadata:not_binary;n_samples_out_of_range;n_features_out_of_range;meta_missing:MinorityClassSize
3504,QSAR-TID-10526,1,active,False,False,False,metadata:not_binary;n_features_out_of_range;too_many_cells;meta_missing:MinorityClassSize
3505,QSAR-TID-249,1,active,False,False,False,metadata:not_binary;n_features_out_of_range;too_many_cells;meta_missing:MinorityClassSize
3506,QSAR-TID-101399,1,active,False,False,False,metadata:not_binary;n_samples_out_of_range;n_features_out_of_range;meta_missing:MinorityClassSize
3507,QSAR-TID-10808,1,active,False,False,False,metadata:not_binary;n_samples_out_of_range;n_features_out_of_range;too_many_cells;meta_missing:MinorityClassSize
3508,QSAR-TID-101182,1,active,False,False,False,metadata:not_binary;n_samples_out_of_range;n_features_out_of_range;meta_missing:MinorityClassSize
3509,QSAR-TID-12857,1,active,False,False,False,metadata:not_binary;n_samples_out_of_range;n_features_out_of_range;meta_missing:MinorityClassSize
3510,QSAR-TID-12910,1,active,False,False,False,metadata:not_binary;n_features_out_of_range;too_many_cells;meta_missing:MinorityClassSize
3511,QSAR-TID-10702,1,active,False,False,False,metadata:not_binary;n_features_out_of_range;too_many_cells;meta_missing:MinorityClassSize
3512,QSAR-TID-11726,1,active,False,False,False,metadata:not_binary;n_samples_out_of_range;n_features_out_of_range;meta_missing:MinorityClassSize
3513,QSAR-TID-101222,1,active,False,False,False,metadata:not_binary;n_samples_out_of_range;n_features_out_of_range;meta_missing:MinorityClassSize
3514,QSAR-TID-101237,1,active,False,False,False,metadata:not_binary;n_samples_out_of_range;n_features_out_of_range;meta_missing:MinorityClassSize
3515,QSAR-TID-216,1,active,False,False,False,metadata:not_binary;n_features_out_of_range;too_many_cells;meta_missing:MinorityClassSize
3516,QSAR-TID-10876,1,active,False,False,False,metadata:not_binary;n_samples_out_of_range;n_features_out_of_range;meta_missing:MinorityClassSize
3517,QSAR-TID-87,1,active,False,False,False,metadata:not_binary;n_features_out_of_range;too_many_cells;meta_missing:MinorityClassSize
3518,QSAR-TID-140,1,active,False,False,False,metadata:not_binary;n_samples_out_of_range;n_features_out_of_range;too_many_cells;meta_missing:MinorityClassSize
3519,QSAR-TID-12809,1,active,False,False,False,metadata:not_binary;n_samples_out_of_range;n_features_out_of_range;meta_missing:MinorityClassSize
3520,QSAR-TID-11209,1,active,False,False,False,metadata:not_binary;n_samples_out_of_range;n_features_out_of_range;meta_missing:MinorityClassSize
3521,QSAR-TID-10226,1,active,False,False,False,metadata:not_binary;n_samples_out_of_range;n_features_out_of_range;meta_missing:MinorityClassSize
3522,QSAR-TID-100629,1,active,False,False,False,metadata:not_binary;n_samples_out_of_range;n_features_out_of_range;meta_missing:MinorityClassSize
3523,QSAR-TID-100425,1,active,False,False,False,metadata:not_binary;n_samples_out_of_range;n_features_out_of_range;meta_missing:MinorityClassSize
3524,QSAR-TID-102734,1,active,False,False,False,metadata:not_binary;n_samples_out_of_range;n_features_out_of_range;meta_missing:MinorityClassSize
3525,QSAR-TID-12071,1,active,False,False,False,metadata:not_binary;n_features_out_of_range;too_many_cells;meta_missing:MinorityClassSize
3526,QSAR-TID-10012,1,active,False,False,False,metadata:not_binary;n_features_out_of_range;too_many_cells;meta_missing:MinorityClassSize
3527,QSAR-TID-10120,1,active,False,False,False,metadata:not_binary;n_features_out_of_range;too_many_cells;meta_missing:MinorityClassSize
3528,QSAR-TID-12938,1,active,False,False,False,metadata:not_binary;n_samples_out_of_range;n_features_out_of_range;meta_missing:MinorityClassSize
3529,QSAR-TID-10685,1,active,False,False,False,metadata:not_binary;n_features_out_of_range;too_many_cells;meta_missing:MinorityClassSize
3530,QSAR-TID-30002,1,active,False,False,False,metadata:not_binary;n_features_out_of_range;too_many_cells;meta_missing:MinorityClassSize
3531,QSAR-TID-174,1,active,False,False,False,metadata:not_binary;n_features_out_of_range;too_many_cells;meta_missing:MinorityClassSize
3532,QSAR-TID-19903,1,active,False,False,False,metadata:not_binary;n_samples_out_of_range;n_features_out_of_range;meta_missing:MinorityClassSize
3533,QSAR-TID-12480,1,active,False,False,False,metadata:not_binary;n_samples_out_of_range;n_features_out_of_range;too_many_cells;meta_missing:MinorityClassSize
3534,QSAR-TID-17005,1,active,False,False,False,metadata:not_binary;n_samples_out_of_range;n_features_out_of_range;meta_missing:MinorityClassSize
3535,QSAR-TID-11003,1,active,False,False,False,metadata:not_binary;n_features_out_of_range;too_many_cells;meta_missing:MinorityClassSize
3536,QSAR-TID-12868,1,active,False,False,False,metadata:not_binary;n_samples_out_of_range;n_features_out_of_range;meta_missing:MinorityClassSize
3537,QSAR-TID-10649,1,active,False,False,False,metadata:not_binary;n_samples_out_of_range;n_features_out_of_range;meta_missing:MinorityClassSize
3538,QSAR-TID-220,1,active,False,False,False,metadata:not_binary;n_features_out_of_range;too_many_cells;meta_missing:MinorityClassSize
3539,QSAR-TID-10371,1,active,False,False,False,metadata:not_binary;n_samples_out_of_range;n_features_out_of_range;meta_missing:MinorityClassSize
3540,QSAR-TID-10081,1,active,False,False,False,metadata:not_binary;n_features_out_of_range;too_many_cells;meta_missing:MinorityClassSize
3541,QSAR-TID-20007,1,active,False,False,False,metadata:not_binary;n_features_out_of_range;too_many_cells;meta_missing:MinorityClassSize
3542,QSAR-TID-11898,1,active,False,False,False,metadata:not_binary;n_samples_out_of_range;n_features_out_of_range;meta_missing:MinorityClassSize
3543,QSAR-TID-100868,1,active,False,False,False,metadata:not_binary;n_samples_out_of_range;n_features_out_of_range;meta_missing:MinorityClassSize
3544,QSAR-TID-101032,1,active,False,False,False,metadata:not_binary;n_samples_out_of_range;n_features_out_of_range;meta_missing:MinorityClassSize
3545,QSAR-TID-10903,1,active,False,False,False,metadata:not_binary;n_samples_out_of_range;n_features_out_of_range;too_many_cells;meta_missing:MinorityClassSize
3546,QSAR-TID-101473,1,active,False,False,False,metadata:not_binary;n_samples_out_of_range;n_features_out_of_range;meta_missing:MinorityClassSize
3547,QSAR-TID-251,1,active,False,False,False,metadata:not_binary;n_features_out_of_range;too_many_cells;meta_missing:MinorityClassSize
3548,QSAR-TID-101340,1,active,False,False,False,metadata:not_binary;n_samples_out_of_range;n_features_out_of_range;meta_missing:MinorityClassSize
3549,QSAR-TID-101521,1,active,False,False,False,metadata:not_binary;n_samples_out_of_range;n_features_out_of_range;meta_missing:MinorityClassSize
3550,QSAR-TID-11005,1,active,False,False,False,metadata:not_binary;n_samples_out_of_range;n_features_out_of_range;meta_missing:MinorityClassSize
3551,QSAR-TID-12913,1,active,False,False,False,metadata:not_binary;n_features_out_of_range;too_many_cells;meta_missing:MinorityClassSize
3552,QSAR-TID-10872,1,active,False,False,False,metadata:not_binary;n_samples_out_of_range;n_features_out_of_range;meta_missing:MinorityClassSize
3553,QSAR-TID-11498,1,active,False,False,False,metadata:not_binary;n_samples_out_of_range;n_features_out_of_range;meta_missing:MinorityClassSize
3554,QSAR-TID-101273,1,active,False,False,False,metadata:not_binary;n_samples_out_of_range;n_features_out_of_range;meta_missing:MinorityClassSize
3555,QSAR-TID-12807,1,active,False,False,False,metadata:not_binary;n_samples_out_of_range;n_features_out_of_range;meta_missing:MinorityClassSize
3556,QSAR-TID-148,1,active,False,False,False,metadata:not_binary;n_features_out_of_range;too_many_cells;meta_missing:MinorityClassSize
3558,QSAR-TID-100826,1,active,False,False,False,metadata:not_binary;n_samples_out_of_range;n_features_out_of_range;meta_missing:MinorityClassSize
3559,QSAR-TID-10489,1,active,False,False,False,metadata:not_binary;n_samples_out_of_range;n_features_out_of_range;meta_missing:MinorityClassSize
3560,QSAR-TID-13067,1,active,False,False,False,metadata:not_binary;n_features_out_of_range;too_many_cells;meta_missing:MinorityClassSize
3561,QSAR-TID-17034,1,active,False,False,False,metadata:not_binary;n_samples_out_of_range;n_features_out_of_range;meta_missing:MinorityClassSize
3562,QSAR-TID-102733,1,active,False,False,False,metadata:not_binary;n_samples_out_of_range;n_features_out_of_range;meta_missing:MinorityClassSize
3563,QSAR-TID-100789,1,active,False,False,False,metadata:not_binary;n_features_out_of_range;too_many_cells;meta_missing:MinorityClassSize
3564,QSAR-TID-20112,1,active,False,False,False,metadata:not_binary;n_features_out_of_range;too_many_cells;meta_missing:MinorityClassSize
3565,QSAR-TID-10304,1,active,False,False,False,metadata:not_binary;n_features_out_of_range;too_many_cells;meta_missing:MinorityClassSize
3566,QSAR-TID-12753,1,active,False,False,False,metadata:not_binary;n_samples_out_of_range;n_features_out_of_range;meta_missing:MinorityClassSize
3567,QSAR-TID-10044,1,active,False,False,False,metadata:not_binary;n_features_out_of_range;too_many_cells;meta_missing:MinorityClassSize
3568,QSAR-TID-30018,1,active,False,False,False,metadata:not_binary;n_features_out_of_range;too_many_cells;meta_missing:MinorityClassSize
3569,QSAR-TID-112,1,active,False,False,False,metadata:not_binary;n_features_out_of_range;too_many_cells;meta_missing:MinorityClassSize
3570,QSAR-TID-12971,1,active,False,False,False,metadata:not_binary;n_samples_out_of_range;n_features_out_of_range;too_many_cells;meta_missing:MinorityClassSize
3571,QSAR-TID-10919,1,active,False,False,False,metadata:not_binary;n_features_out_of_range;too_many_cells;meta_missing:MinorityClassSize
3572,QSAR-TID-10960,1,active,False,False,False,metadata:not_binary;n_samples_out_of_range;n_features_out_of_range;meta_missing:MinorityClassSize
3573,QSAR-TID-20067,1,active,False,False,False,metadata:not_binary;n_samples_out_of_range;n_features_out_of_range;meta_missing:MinorityClassSize
3574,QSAR-TID-10958,1,active,False,False,False,metadata:not_binary;n_samples_out_of_range;n_features_out_of_range;meta_missing:MinorityClassSize
3575,QSAR-TID-100579,1,active,False,False,False,metadata:not_binary;n_features_out_of_range;too_many_cells;meta_missing:MinorityClassSize
3576,QSAR-TID-100895,1,active,False,False,False,metadata:not_binary;n_samples_out_of_range;n_features_out_of_range;meta_missing:MinorityClassSize
3577,QSAR-TID-103446,1,active,False,False,False,metadata:not_binary;n_samples_out_of_range;n_features_out_of_range;meta_missing:MinorityClassSize
3578,QSAR-TID-262,1,active,False,False,False,metadata:not_binary;n_features_out_of_range;too_many_cells;meta_missing:MinorityClassSize
3579,QSAR-TID-12295,1,active,False,False,False,metadata:not_binary;n_samples_out_of_range;n_features_out_of_range;meta_missing:MinorityClassSize
3580,QSAR-TID-103140,1,active,False,False,False,metadata:not_binary;n_samples_out_of_range;n_features_out_of_range;meta_missing:MinorityClassSize
3581,QSAR-TID-10580,1,active,False,False,False,metadata:not_binary;n_features_out_of_range;too_many_cells;meta_missing:MinorityClassSize
3582,QSAR-TID-10004,1,active,False,False,False,metadata:not_binary;n_samples_out_of_range;n_features_out_of_range;meta_missing:MinorityClassSize
3583,QSAR-TID-10477,1,active,False,False,False,metadata:not_binary;n_features_out_of_range;too_many_cells;meta_missing:MinorityClassSize
3584,QSAR-TID-12665,1,active,False,False,False,metadata:not_binary;n_features_out_of_range;too_many_cells;meta_missing:MinorityClassSize
3585,QSAR-TID-11534,1,active,False,False,False,metadata:not_binary;n_features_out_of_range;too_many_cells;meta_missing:MinorityClassSize
3586,QSAR-TID-104390,1,active,False,False,False,metadata:not_binary;n_samples_out_of_range;n_features_out_of_range;meta_missing:MinorityClassSize
3587,QSAR-TID-101183,1,active,False,False,False,metadata:not_binary;n_samples_out_of_range;n_features_out_of_range;meta_missing:MinorityClassSize
3588,QSAR-TID-11873,1,active,False,False,False,metadata:not_binary;n_samples_out_of_range;n_features_out_of_range;meta_missing:MinorityClassSize
3589,QSAR-TID-100186,1,active,False,False,False,metadata:not_binary;n_features_out_of_range;too_many_cells;meta_missing:MinorityClassSize
3590,QSAR-TID-17115,1,active,False,False,False,metadata:not_binary;n_samples_out_of_range;n_features_out_of_range;meta_missing:MinorityClassSize
3591,QSAR-TID-101204,1,active,False,False,False,metadata:not_binary;n_samples_out_of_range;n_features_out_of_range;meta_missing:MinorityClassSize
3592,QSAR-TID-12077,1,active,False,False,False,metadata:not_binary;n_samples_out_of_range;n_features_out_of_range;meta_missing:MinorityClassSize
3593,QSAR-TID-11113,1,active,False,False,False,metadata:not_binary;n_samples_out_of_range;n_features_out_of_range;meta_missing:MinorityClassSize
3594,QSAR-TID-11056,1,active,False,False,False,metadata:not_binary;n_samples_out_of_range;n_features_out_of_range;meta_missing:MinorityClassSize
3595,QSAR-TID-102576,1,active,False,False,False,metadata:not_binary;n_samples_out_of_range;n_features_out_of_range;meta_missing:MinorityClassSize
3596,QSAR-TID-10438,1,active,False,False,False,metadata:not_binary;n_features_out_of_range;too_many_cells;meta_missing:MinorityClassSize
3597,QSAR-TID-143,1,active,False,False,False,metadata:not_binary;n_features_out_of_range;too_many_cells;meta_missing:MinorityClassSize
3598,QSAR-TID-10439,1,active,False,False,False,metadata:not_binary;n_samples_out_of_range;n_features_out_of_range;too_many_cells;meta_missing:MinorityClassSize
3599,QSAR-TID-101349,1,active,False,False,False,metadata:not_binary;n_features_out_of_range;too_many_cells;meta_missing:MinorityClassSize
3600,QSAR-TID-10956,1,active,False,False,False,metadata:not_binary;n_samples_out_of_range;n_features_out_of_range;meta_missing:MinorityClassSize
3601,QSAR-TID-13000,1,active,False,False,False,metadata:not_binary;n_features_out_of_range;too_many_cells;meta_missing:MinorityClassSize
3602,QSAR-TID-100853,1,active,False,False,False,metadata:not_binary;n_samples_out_of_range;n_features_out_of_range;meta_missing:MinorityClassSize
3603,QSAR-TID-10614,1,active,False,False,False,metadata:not_binary;n_features_out_of_range;too_many_cells;meta_missing:MinorityClassSize
3604,QSAR-TID-8,1,active,False,False,False,metadata:not_binary;n_features_out_of_range;too_many_cells;meta_missing:MinorityClassSize
3605,QSAR-TID-10527,1,active,False,False,False,metadata:not_binary;n_features_out_of_range;too_many_cells;meta_missing:MinorityClassSize
3606,QSAR-TID-38,1,active,False,False,False,metadata:not_binary;n_samples_out_of_range;n_features_out_of_range;meta_missing:MinorityClassSize
3607,QSAR-TID-10300,1,active,False,False,False,metadata:not_binary;n_samples_out_of_range;n_features_out_of_range;meta_missing:MinorityClassSize
3608,QSAR-TID-11141,1,active,False,False,False,metadata:not_binary;n_samples_out_of_range;n_features_out_of_range;meta_missing:MinorityClassSize
3609,QSAR-TID-11019,1,active,False,False,False,metadata:not_binary;n_features_out_of_range;too_many_cells;meta_missing:MinorityClassSize
3610,QSAR-TID-102678,1,active,False,False,False,metadata:not_binary;n_samples_out_of_range;n_features_out_of_range;meta_missing:MinorityClassSize
3611,QSAR-TID-124,1,active,False,False,False,metadata:not_binary;n_features_out_of_range;too_many_cells;meta_missing:MinorityClassSize
3612,QSAR-TID-11409,1,active,False,False,False,metadata:not_binary;n_features_out_of_range;too_many_cells;meta_missing:MinorityClassSize
3613,QSAR-TID-10505,1,active,False,False,False,metadata:not_binary;n_samples_out_of_range;n_features_out_of_range;meta_missing:MinorityClassSize
3614,QSAR-TID-20166,1,active,False,False,False,metadata:not_binary;n_features_out_of_range;too_many_cells;meta_missing:MinorityClassSize
3615,QSAR-TID-12832,1,active,False,False,False,metadata:not_binary;n_features_out_of_range;too_many_cells;meta_missing:MinorityClassSize
3616,QSAR-TID-105,1,active,False,False,False,metadata:not_binary;n_features_out_of_range;too_many_cells;meta_missing:MinorityClassSize
3617,QSAR-TID-103095,1,active,False,False,False,metadata:not_binary;n_samples_out_of_range;n_features_out_of_range;meta_missing:MinorityClassSize
3618,QSAR-TID-12512,1,active,False,False,False,metadata:not_binary;n_features_out_of_range;too_many_cells;meta_missing:MinorityClassSize
3619,QSAR-TID-11006,1,active,False,False,False,metadata:not_binary;n_features_out_of_range;too_many_cells;meta_missing:MinorityClassSize
3620,QSAR-TID-102840,1,active,False,False,False,metadata:not_binary;n_samples_out_of_range;n_features_out_of_range;meta_missing:MinorityClassSize
3621,QSAR-TID-30016,1,active,False,False,False,metadata:not_binary;n_samples_out_of_range;n_features_out_of_range;meta_missing:MinorityClassSize
3622,QSAR-TID-100872,1,active,False,False,False,metadata:not_binary;n_features_out_of_range;too_many_cells;meta_missing:MinorityClassSize
3623,QSAR-TID-101433,1,active,False,False,False,metadata:not_binary;n_samples_out_of_range;n_features_out_of_range;meta_missing:MinorityClassSize
3624,QSAR-TID-101220,1,active,False,False,False,metadata:not_binary;n_features_out_of_range;too_many_cells;meta_missing:MinorityClassSize
3625,QSAR-TID-11000,1,active,False,False,False,metadata:not_binary;n_samples_out_of_range;n_features_out_of_range;meta_missing:MinorityClassSize
3626,QSAR-TID-103437,1,active,False,False,False,metadata:not_binary;n_samples_out_of_range;n_features_out_of_range;meta_missing:MinorityClassSize
3627,QSAR-TID-100942,1,active,False,False,False,metadata:not_binary;n_samples_out_of_range;n_features_out_of_range;meta_missing:MinorityClassSize
3628,QSAR-TID-12294,1,active,False,False,False,metadata:not_binary;n_features_out_of_range;too_many_cells;meta_missing:MinorityClassSize
3629,QSAR-TID-100917,1,active,False,False,False,metadata:not_binary;n_samples_out_of_range;n_features_out_of_range;meta_missing:MinorityClassSize
3630,QSAR-TID-101281,1,active,False,False,False,metadata:not_binary;n_features_out_of_range;too_many_cells;meta_missing:MinorityClassSize
3631,QSAR-TID-12719,1,active,False,False,False,metadata:not_binary;n_samples_out_of_range;n_features_out_of_range;meta_missing:MinorityClassSize
3632,QSAR-TID-10928,1,active,False,False,False,metadata:not_binary;n_samples_out_of_range;n_features_out_of_range;meta_missing:MinorityClassSize
3633,QSAR-TID-100452,1,active,False,False,False,metadata:not_binary;n_samples_out_of_range;n_features_out_of_range;meta_missing:MinorityClassSize
3634,QSAR-TID-105654,1,active,False,False,False,metadata:not_binary;n_samples_out_of_range;n_features_out_of_range;meta_missing:MinorityClassSize
3635,QSAR-TID-102473,1,active,False,False,False,metadata:not_binary;n_samples_out_of_range;n_features_out_of_range;meta_missing:MinorityClassSize
3636,QSAR-TID-101036,1,active,False,False,False,metadata:not_binary;n_samples_out_of_range;n_features_out_of_range;meta_missing:MinorityClassSize
3637,QSAR-TID-11617,1,active,False,False,False,metadata:not_binary;n_features_out_of_range;too_many_cells;meta_missing:MinorityClassSize
3638,QSAR-TID-12037,1,active,False,False,False,metadata:not_binary;n_samples_out_of_range;n_features_out_of_range;meta_missing:MinorityClassSize
3639,QSAR-TID-12790,1,active,False,False,False,metadata:not_binary;n_samples_out_of_range;n_features_out_of_range;meta_missing:MinorityClassSize
3640,QSAR-TID-11260,1,active,False,False,False,metadata:not_binary;n_samples_out_of_range;n_features_out_of_range;too_many_cells;meta_missing:MinorityClassSize
3641,QSAR-TID-11606,1,active,False,False,False,metadata:not_binary;n_samples_out_of_range;n_features_out_of_range;meta_missing:MinorityClassSize
3642,QSAR-TID-10586,1,active,False,False,False,metadata:not_binary;n_samples_out_of_range;n_features_out_of_range;meta_missing:MinorityClassSize
3643,QSAR-TID-102578,1,active,False,False,False,metadata:not_binary;n_samples_out_of_range;n_features_out_of_range;meta_missing:MinorityClassSize
3644,QSAR-TID-101610,1,active,False,False,False,metadata:not_binary;n_samples_out_of_range;n_features_out_of_range;meta_missing:MinorityClassSize
3645,QSAR-TID-102391,1,active,False,False,False,metadata:not_binary;n_features_out_of_range;too_many_cells;meta_missing:MinorityClassSize
3646,QSAR-TID-12202,1,active,False,False,False,metadata:not_binary;n_samples_out_of_range;n_features_out_of_range;meta_missing:MinorityClassSize
3647,QSAR-TID-19639,1,active,False,False,False,metadata:not_binary;n_features_out_of_range;too_many_cells;meta_missing:MinorityClassSize
3648,QSAR-TID-102580,1,active,False,False,False,metadata:not_binary;n_samples_out_of_range;n_features_out_of_range;meta_missing:MinorityClassSize
3649,QSAR-TID-30025,1,active,False,False,False,metadata:not_binary;n_features_out_of_range;too_many_cells;meta_missing:MinorityClassSize
3650,QSAR-TID-103726,1,active,False,False,False,metadata:not_binary;n_features_out_of_range;too_many_cells;meta_missing:MinorityClassSize
3651,QSAR-TID-11522,1,active,False,False,False,metadata:not_binary;n_features_out_of_range;too_many_cells;meta_missing:MinorityClassSize
3652,QSAR-TID-100415,1,active,False,False,False,metadata:not_binary;n_features_out_of_range;too_many_cells;meta_missing:MinorityClassSize
3653,QSAR-TID-17052,1,active,False,False,False,metadata:not_binary;n_samples_out_of_range;n_features_out_of_range;meta_missing:MinorityClassSize
3654,QSAR-TID-100833,1,active,False,False,False,metadata:not_binary;n_samples_out_of_range;n_features_out_of_range;meta_missing:MinorityClassSize
3655,QSAR-TID-11720,1,active,False,False,False,metadata:not_binary;n_features_out_of_range;too_many_cells;meta_missing:MinorityClassSize
3656,QSAR-TID-99,1,active,False,False,False,metadata:not_binary;n_samples_out_of_range;n_features_out_of_range;meta_missing:MinorityClassSize
3657,QSAR-TID-12968,1,active,False,False,False,metadata:not_binary;n_features_out_of_range;too_many_cells;meta_missing:MinorityClassSize
3658,QSAR-TID-57,1,active,False,False,False,metadata:not_binary;n_features_out_of_range;too_many_cells;meta_missing:MinorityClassSize
3659,QSAR-TID-10403,1,active,False,False,False,metadata:not_binary;n_features_out_of_range;too_many_cells;meta_missing:MinorityClassSize
3660,QSAR-TID-101607,1,active,False,False,False,metadata:not_binary;n_samples_out_of_range;n_features_out_of_range;meta_missing:MinorityClassSize
3661,QSAR-TID-20137,1,active,False,False,False,metadata:not_binary;n_samples_out_of_range;n_features_out_of_range;meta_missing:MinorityClassSize
3662,QSAR-TID-101179,1,active,False,False,False,metadata:not_binary;n_samples_out_of_range;n_features_out_of_range;meta_missing:MinorityClassSize
3663,QSAR-TID-17033,1,active,False,False,False,metadata:not_binary;n_features_out_of_range;too_many_cells;meta_missing:MinorityClassSize
3664,QSAR-TID-12013,1,active,False,False,False,metadata:not_binary;n_features_out_of_range;too_many_cells;meta_missing:MinorityClassSize
3665,QSAR-TID-19607,1,active,False,False,False,metadata:not_binary;n_samples_out_of_range;n_features_out_of_range;meta_missing:MinorityClassSize
3666,QSAR-TID-10971,1,active,False,False,False,metadata:not_binary;n_samples_out_of_range;n_features_out_of_range;meta_missing:MinorityClassSize
3667,QSAR-TID-10964,1,active,False,False,False,metadata:not_binary;n_samples_out_of_range;n_features_out_of_range;too_many_cells;meta_missing:MinorityClassSize
3668,QSAR-TID-100071,1,active,False,False,False,metadata:not_binary;n_samples_out_of_range;n_features_out_of_range;meta_missing:MinorityClassSize
3669,QSAR-TID-19624,1,active,False,False,False,metadata:not_binary;n_samples_out_of_range;n_features_out_of_range;meta_missing:MinorityClassSize
3670,QSAR-TID-19907,1,active,False,False,False,metadata:not_binary;n_samples_out_of_range;n_features_out_of_range;meta_missing:MinorityClassSize
3671,QSAR-TID-30042,1,active,False,False,False,metadata:not_binary;n_samples_out_of_range;n_features_out_of_range;meta_missing:MinorityClassSize
3672,QSAR-TID-101404,1,active,False,False,False,metadata:not_binary;n_samples_out_of_range;n_features_out_of_range;meta_missing:MinorityClassSize
3673,QSAR-TID-12861,1,active,False,False,False,metadata:not_binary;n_features_out_of_range;too_many_cells;meta_missing:MinorityClassSize
3674,QSAR-TID-12635,1,active,False,False,False,metadata:not_binary;n_samples_out_of_range;n_features_out_of_range;meta_missing:MinorityClassSize
3675,QSAR-TID-10908,1,active,False,False,False,metadata:not_binary;n_samples_out_of_range;n_features_out_of_range;meta_missing:MinorityClassSize
3676,QSAR-TID-214,1,active,False,False,False,metadata:not_binary;n_features_out_of_range;too_many_cells;meta_missing:MinorityClassSize
3677,QSAR-TID-11635,1,active,False,False,False,metadata:not_binary;n_features_out_of_range;too_many_cells;meta_missing:MinorityClassSize
3678,QSAR-TID-12469,1,active,False,False,False,metadata:not_binary;n_samples_out_of_range;n_features_out_of_range;meta_missing:MinorityClassSize
3679,QSAR-TID-101317,1,active,False,False,False,metadata:not_binary;n_samples_out_of_range;n_features_out_of_range;meta_missing:MinorityClassSize
3680,QSAR-TID-30006,1,active,False,False,False,metadata:not_binary;n_samples_out_of_range;n_features_out_of_range;meta_missing:MinorityClassSize
3681,QSAR-TID-12299,1,active,False,False,False,metadata:not_binary;n_samples_out_of_range;n_features_out_of_range;meta_missing:MinorityClassSize
3682,QSAR-TID-100790,1,active,False,False,False,metadata:not_binary;n_samples_out_of_range;n_features_out_of_range;too_many_cells;meta_missing:MinorityClassSize
3683,QSAR-TID-18033,1,active,False,False,False,metadata:not_binary;n_samples_out_of_range;n_features_out_of_range;meta_missing:MinorityClassSize
3684,QSAR-TID-10651,1,active,False,False,False,metadata:not_binary;n_features_out_of_range;too_many_cells;meta_missing:MinorityClassSize
3685,QSAR-TID-12214,1,active,False,False,False,metadata:not_binary;n_features_out_of_range;too_many_cells;meta_missing:MinorityClassSize
3686,QSAR-TID-10014,1,active,False,False,False,metadata:not_binary;n_features_out_of_range;too_many_cells;meta_missing:MinorityClassSize
3687,QSAR-TID-11281,1,active,False,False,False,metadata:not_binary;n_samples_out_of_range;n_features_out_of_range;meta_missing:MinorityClassSize
3688,QSAR-TID-11848,1,active,False,False,False,metadata:not_binary;n_samples_out_of_range;n_features_out_of_range;meta_missing:MinorityClassSize
3689,QSAR-TID-10549,1,active,False,False,False,metadata:not_binary;n_features_out_of_range;too_many_cells;meta_missing:MinorityClassSize
3690,QSAR-TID-10008,1,active,False,False,False,metadata:not_binary;n_samples_out_of_range;n_features_out_of_range;too_many_cells;meta_missing:MinorityClassSize
3691,QSAR-TID-10984,1,active,False,False,False,metadata:not_binary;n_samples_out_of_range;n_features_out_of_range;meta_missing:MinorityClassSize
3692,QSAR-TID-12679,1,active,False,False,False,metadata:not_binary;n_features_out_of_range;too_many_cells;meta_missing:MinorityClassSize
3693,QSAR-TID-11192,1,active,False,False,False,metadata:not_binary;n_features_out_of_range;too_many_cells;meta_missing:MinorityClassSize
3694,QSAR-TID-10466,1,active,False,False,False,metadata:not_binary;n_samples_out_of_range;n_features_out_of_range;meta_missing:MinorityClassSize
3695,QSAR-TID-30005,1,active,False,False,False,metadata:not_binary;n_samples_out_of_range;n_features_out_of_range;meta_missing:MinorityClassSize
3696,QSAR-TID-11842,1,active,False,False,False,metadata:not_binary;n_features_out_of_range;too_many_cells;meta_missing:MinorityClassSize
3697,QSAR-TID-11629,1,active,False,False,False,metadata:not_binary;n_features_out_of_range;too_many_cells;meta_missing:MinorityClassSize
3698,QSAR-TID-12793,1,active,False,False,False,metadata:not_binary;n_samples_out_of_range;n_features_out_of_range;meta_missing:MinorityClassSize
3699,QSAR-TID-12947,1,active,False,False,False,metadata:not_binary;n_features_out_of_range;too_many_cells;meta_missing:MinorityClassSize
3700,QSAR-TID-10407,1,active,False,False,False,metadata:not_binary;n_samples_out_of_range;n_features_out_of_range;too_many_cells;meta_missing:MinorityClassSize
3701,QSAR-TID-14070,1,active,False,False,False,metadata:not_binary;n_samples_out_of_range;n_features_out_of_range;meta_missing:MinorityClassSize
3702,QSAR-TID-101130,1,active,False,False,False,metadata:not_binary;n_samples_out_of_range;n_features_out_of_range;meta_missing:MinorityClassSize
3703,QSAR-TID-10441,1,active,False,False,False,metadata:not_binary;n_features_out_of_range;too_many_cells;meta_missing:MinorityClassSize
3704,QSAR-TID-12720,1,active,False,False,False,metadata:not_binary;n_samples_out_of_range;n_features_out_of_range;meta_missing:MinorityClassSize
3705,QSAR-TID-12449,1,active,False,False,False,metadata:not_binary;n_samples_out_of_range;n_features_out_of_range;meta_missing:MinorityClassSize
3706,QSAR-TID-12956,1,active,False,False,False,metadata:not_binary;n_samples_out_of_range;n_features_out_of_range;meta_missing:MinorityClassSize
3707,QSAR-TID-25,1,active,False,False,False,metadata:not_binary;n_features_out_of_range;too_many_cells;meta_missing:MinorityClassSize
3708,QSAR-TID-12919,1,active,False,False,False,metadata:not_binary;n_samples_out_of_range;n_features_out_of_range;meta_missing:MinorityClassSize
3709,QSAR-TID-102815,1,active,False,False,False,metadata:not_binary;n_samples_out_of_range;n_features_out_of_range;meta_missing:MinorityClassSize
3710,QSAR-TID-11188,1,active,False,False,False,metadata:not_binary;n_samples_out_of_range;n_features_out_of_range;meta_missing:MinorityClassSize
3711,QSAR-TID-10331,1,active,False,False,False,metadata:not_binary;n_features_out_of_range;too_many_cells;meta_missing:MinorityClassSize
3712,QSAR-TID-64,1,active,False,False,False,metadata:not_binary;n_features_out_of_range;too_many_cells;meta_missing:MinorityClassSize
3713,QSAR-TID-11752,1,active,False,False,False,metadata:not_binary;n_features_out_of_range;too_many_cells;meta_missing:MinorityClassSize
3714,QSAR-TID-11119,1,active,False,False,False,metadata:not_binary;n_samples_out_of_range;n_features_out_of_range;too_many_cells;meta_missing:MinorityClassSize
3715,QSAR-TID-102927,1,active,False,False,False,metadata:not_binary;n_features_out_of_range;too_many_cells;meta_missing:MinorityClassSize
3716,QSAR-TID-30033,1,active,False,False,False,metadata:not_binary;n_samples_out_of_range;n_features_out_of_range;meta_missing:MinorityClassSize
3717,QSAR-TID-103433,1,active,False,False,False,metadata:not_binary;n_samples_out_of_range;n_features_out_of_range;meta_missing:MinorityClassSize
3718,QSAR-TID-30029,1,active,False,False,False,metadata:not_binary;n_samples_out_of_range;n_features_out_of_range;meta_missing:MinorityClassSize
3719,QSAR-TID-100052,1,active,False,False,False,metadata:not_binary;n_samples_out_of_range;n_features_out_of_range;meta_missing:MinorityClassSize
3720,QSAR-TID-17074,1,active,False,False,False,metadata:not_binary;n_features_out_of_range;too_many_cells;meta_missing:MinorityClassSize
3721,QSAR-TID-11061,1,active,False,False,False,metadata:not_binary;n_features_out_of_range;too_many_cells;meta_missing:MinorityClassSize
3722,QSAR-TID-30003,1,active,False,False,False,metadata:not_binary;n_features_out_of_range;too_many_cells;meta_missing:MinorityClassSize
3723,QSAR-TID-10747,1,active,False,False,False,metadata:not_binary;n_samples_out_of_range;n_features_out_of_range;meta_missing:MinorityClassSize
3724,QSAR-TID-10679,1,active,False,False,False,metadata:not_binary;n_features_out_of_range;too_many_cells;meta_missing:MinorityClassSize
3725,QSAR-TID-10674,1,active,False,False,False,metadata:not_binary;n_features_out_of_range;too_many_cells;meta_missing:MinorityClassSize
3726,QSAR-TID-30046,1,active,False,False,False,metadata:not_binary;n_samples_out_of_range;n_features_out_of_range;meta_missing:MinorityClassSize
3727,QSAR-TID-12076,1,active,False,False,False,metadata:not_binary;n_features_out_of_range;too_many_cells;meta_missing:MinorityClassSize
3728,QSAR-TID-11337,1,active,False,False,False,metadata:not_binary;n_samples_out_of_range;n_features_out_of_range;meta_missing:MinorityClassSize
3729,QSAR-TID-17063,1,active,False,False,False,metadata:not_binary;n_samples_out_of_range;n_features_out_of_range;meta_missing:MinorityClassSize
3730,QSAR-TID-11408,1,active,False,False,False,metadata:not_binary;n_features_out_of_range;too_many_cells;meta_missing:MinorityClassSize
3731,QSAR-TID-43,1,active,False,False,False,metadata:not_binary;n_features_out_of_range;too_many_cells;meta_missing:MinorityClassSize
3732,QSAR-TID-101405,1,active,False,False,False,metadata:not_binary;n_samples_out_of_range;n_features_out_of_range;meta_missing:MinorityClassSize
3733,QSAR-TID-11622,1,active,False,False,False,metadata:not_binary;n_features_out_of_range;too_many_cells;meta_missing:MinorityClassSize
3734,QSAR-TID-11569,1,active,False,False,False,metadata:not_binary;n_samples_out_of_range;n_features_out_of_range;meta_missing:MinorityClassSize
3735,QSAR-TID-11680,1,active,False,False,False,metadata:not_binary;n_features_out_of_range;too_many_cells;meta_missing:MinorityClassSize
3736,QSAR-TID-20129,1,active,False,False,False,metadata:not_binary;n_samples_out_of_range;n_features_out_of_range;meta_missing:MinorityClassSize
3737,QSAR-TID-101199,1,active,False,False,False,metadata:not_binary;n_features_out_of_range;too_many_cells;meta_missing:MinorityClassSize
3738,QSAR-TID-17089,1,active,False,False,False,metadata:not_binary;n_samples_out_of_range;n_features_out_of_range;meta_missing:MinorityClassSize
3739,QSAR-TID-12017,1,active,False,False,False,metadata:not_binary;n_samples_out_of_range;n_features_out_of_range;meta_missing:MinorityClassSize
3740,QSAR-TID-18025,1,active,False,False,False,metadata:not_binary;n_samples_out_of_range;n_features_out_of_range;meta_missing:MinorityClassSize
3741,QSAR-TID-11149,1,active,False,False,False,metadata:not_binary;n_features_out_of_range;too_many_cells;meta_missing:MinorityClassSize
3742,QSAR-TID-30019,1,active,False,False,False,metadata:not_binary;n_samples_out_of_range;n_features_out_of_range;meta_missing:MinorityClassSize
3743,QSAR-TID-10078,1,active,False,False,False,metadata:not_binary;n_samples_out_of_range;n_features_out_of_range;meta_missing:MinorityClassSize
3744,QSAR-TID-104430,1,active,False,False,False,metadata:not_binary;n_samples_out_of_range;n_features_out_of_range;meta_missing:MinorityClassSize
3745,QSAR-TID-10684,1,active,False,False,False,metadata:not_binary;n_samples_out_of_range;n_features_out_of_range;meta_missing:MinorityClassSize
3746,QSAR-TID-10222,1,active,False,False,False,metadata:not_binary;n_samples_out_of_range;n_features_out_of_range;meta_missing:MinorityClassSize
3747,QSAR-TID-12226,1,active,False,False,False,metadata:not_binary;n_features_out_of_range;too_many_cells;meta_missing:MinorityClassSize
3748,QSAR-TID-12831,1,active,False,False,False,metadata:not_binary;n_samples_out_of_range;n_features_out_of_range;meta_missing:MinorityClassSize
3749,QSAR-TID-10529,1,active,False,False,False,metadata:not_binary;n_features_out_of_range;too_many_cells;meta_missing:MinorityClassSize
3750,QSAR-TID-119,1,active,False,False,False,metadata:not_binary;n_samples_out_of_range;n_features_out_of_range;meta_missing:MinorityClassSize
3751,QSAR-TID-100613,1,active,False,False,False,metadata:not_binary;n_samples_out_of_range;n_features_out_of_range;meta_missing:MinorityClassSize
3752,QSAR-TID-248,1,active,False,False,False,metadata:not_binary;n_features_out_of_range;too_many_cells;meta_missing:MinorityClassSize
3753,QSAR-TID-10436,1,active,False,False,False,metadata:not_binary;n_samples_out_of_range;n_features_out_of_range;meta_missing:MinorityClassSize
3754,QSAR-TID-11615,1,active,False,False,False,metadata:not_binary;n_samples_out_of_range;n_features_out_of_range;meta_missing:MinorityClassSize
3755,QSAR-TID-10542,1,active,False,False,False,metadata:not_binary;n_features_out_of_range;too_many_cells;meta_missing:MinorityClassSize
3756,QSAR-TID-102399,1,active,False,False,False,metadata:not_binary;n_samples_out_of_range;n_features_out_of_range;meta_missing:MinorityClassSize
3757,QSAR-TID-11639,1,active,False,False,False,metadata:not_binary;n_features_out_of_range;too_many_cells;meta_missing:MinorityClassSize
3758,QSAR-TID-20128,1,active,False,False,False,metadata:not_binary;n_samples_out_of_range;n_features_out_of_range;meta_missing:MinorityClassSize
3759,QSAR-TID-69,1,active,False,False,False,metadata:not_binary;n_features_out_of_range;too_many_cells;meta_missing:MinorityClassSize
3760,QSAR-TID-117,1,active,False,False,False,metadata:not_binary;n_features_out_of_range;too_many_cells;meta_missing:MinorityClassSize
3761,QSAR-TID-11536,1,active,False,False,False,metadata:not_binary;n_features_out_of_range;too_many_cells;meta_missing:MinorityClassSize
3762,QSAR-TID-10889,1,active,False,False,False,metadata:not_binary;n_samples_out_of_range;n_features_out_of_range;meta_missing:MinorityClassSize
3763,QSAR-TID-10677,1,active,False,False,False,metadata:not_binary;n_samples_out_of_range;n_features_out_of_range;meta_missing:MinorityClassSize
3764,QSAR-TID-30026,1,active,False,False,False,metadata:not_binary;n_features_out_of_range;too_many_cells;meta_missing:MinorityClassSize
3765,QSAR-TID-30013,1,active,False,False,False,metadata:not_binary;n_features_out_of_range;too_many_cells;meta_missing:MinorityClassSize
3766,QSAR-TID-11626,1,active,False,False,False,metadata:not_binary;n_features_out_of_range;too_many_cells;meta_missing:MinorityClassSize
3767,QSAR-TID-11843,1,active,False,False,False,metadata:not_binary;n_samples_out_of_range;n_features_out_of_range;meta_missing:MinorityClassSize
3768,QSAR-TID-10323,1,active,False,False,False,metadata:not_binary;n_samples_out_of_range;n_features_out_of_range;meta_missing:MinorityClassSize
3769,QSAR-TID-10579,1,active,False,False,False,metadata:not_binary;n_features_out_of_range;too_many_cells;meta_missing:MinorityClassSize
3770,QSAR-TID-103088,1,active,False,False,False,metadata:not_binary;n_samples_out_of_range;n_features_out_of_range;meta_missing:MinorityClassSize
3771,QSAR-TID-100098,1,active,False,False,False,metadata:not_binary;n_features_out_of_range;too_many_cells;meta_missing:MinorityClassSize
3772,QSAR-TID-12825,1,active,False,False,False,metadata:not_binary;n_features_out_of_range;too_many_cells;meta_missing:MinorityClassSize
3773,QSAR-TID-10613,1,active,False,False,False,metadata:not_binary;n_features_out_of_range;too_many_cells;meta_missing:MinorityClassSize
3774,QSAR-TID-11947,1,active,False,False,False,metadata:not_binary;n_samples_out_of_range;n_features_out_of_range;meta_missing:MinorityClassSize
3775,QSAR-TID-88,1,active,False,False,False,metadata:not_binary;n_features_out_of_range;too_many_cells;meta_missing:MinorityClassSize
3776,QSAR-TID-10131,1,active,False,False,False,metadata:not_binary;n_features_out_of_range;too_many_cells;meta_missing:MinorityClassSize
3777,QSAR-TID-10235,1,active,False,False,False,metadata:not_binary;n_samples_out_of_range;n_features_out_of_range;meta_missing:MinorityClassSize
3778,QSAR-TID-11336,1,active,False,False,False,metadata:not_binary;n_features_out_of_range;too_many_cells;meta_missing:MinorityClassSize
3779,QSAR-TID-10927,1,active,False,False,False,metadata:not_binary;n_features_out_of_range;too_many_cells;meta_missing:MinorityClassSize
3780,QSAR-TID-11926,1,active,False,False,False,metadata:not_binary;n_features_out_of_range;too_many_cells;meta_missing:MinorityClassSize
3781,QSAR-TID-20084,1,active,False,False,False,metadata:not_binary;n_samples_out_of_range;n_features_out_of_range;meta_missing:MinorityClassSize
3782,QSAR-TID-100429,1,active,False,False,False,metadata:not_binary;n_samples_out_of_range;n_features_out_of_range;meta_missing:MinorityClassSize
3783,QSAR-TID-128,1,active,False,False,False,metadata:not_binary;n_features_out_of_range;too_many_cells;meta_missing:MinorityClassSize
3784,QSAR-TID-10711,1,active,False,False,False,metadata:not_binary;n_samples_out_of_range;n_features_out_of_range;meta_missing:MinorityClassSize
3785,QSAR-TID-100852,1,active,False,False,False,metadata:not_binary;n_features_out_of_range;too_many_cells;meta_missing:MinorityClassSize
3786,QSAR-TID-100633,1,active,False,False,False,metadata:not_binary;n_samples_out_of_range;n_features_out_of_range;meta_missing:MinorityClassSize
3787,QSAR-TID-11046,1,active,False,False,False,metadata:not_binary;n_features_out_of_range;too_many_cells;meta_missing:MinorityClassSize
3788,QSAR-TID-100126,1,active,False,False,False,metadata:not_binary;n_features_out_of_range;too_many_cells;meta_missing:MinorityClassSize
3789,QSAR-TID-13004,1,active,False,False,False,metadata:not_binary;n_features_out_of_range;too_many_cells;meta_missing:MinorityClassSize
3790,QSAR-TID-17080,1,active,False,False,False,metadata:not_binary;n_features_out_of_range;too_many_cells;meta_missing:MinorityClassSize
3791,QSAR-TID-10564,1,active,False,False,False,metadata:not_binary;n_samples_out_of_range;n_features_out_of_range;meta_missing:MinorityClassSize
3792,QSAR-TID-11638,1,active,False,False,False,metadata:not_binary;n_features_out_of_range;too_many_cells;meta_missing:MinorityClassSize
3793,QSAR-TID-12,1,active,False,False,False,metadata:not_binary;n_features_out_of_range;too_many_cells;meta_missing:MinorityClassSize
3794,QSAR-TID-10778,1,active,False,False,False,metadata:not_binary;n_samples_out_of_range;n_features_out_of_range;meta_missing:MinorityClassSize
3795,QSAR-TID-14073,1,active,False,False,False,metadata:not_binary;n_samples_out_of_range;n_features_out_of_range;meta_missing:MinorityClassSize
3797,QSAR-TID-11589,1,active,False,False,False,metadata:not_binary;n_samples_out_of_range;n_features_out_of_range;meta_missing:MinorityClassSize
3798,QSAR-TID-10486,1,active,False,False,False,metadata:not_binary;n_samples_out_of_range;n_features_out_of_range;meta_missing:MinorityClassSize
3799,QSAR-TID-10939,1,active,False,False,False,metadata:not_binary;n_samples_out_of_range;n_features_out_of_range;meta_missing:MinorityClassSize
3800,QSAR-TID-104261,1,active,False,False,False,metadata:not_binary;n_samples_out_of_range;n_features_out_of_range;meta_missing:MinorityClassSize
3801,QSAR-TID-100845,1,active,False,False,False,metadata:not_binary;n_features_out_of_range;too_many_cells;meta_missing:MinorityClassSize
3802,QSAR-TID-12789,1,active,False,False,False,metadata:not_binary;n_features_out_of_range;too_many_cells;meta_missing:MinorityClassSize
3803,QSAR-TID-103435,1,active,False,False,False,metadata:not_binary;n_samples_out_of_range;n_features_out_of_range;meta_missing:MinorityClassSize
3804,QSAR-TID-11530,1,active,False,False,False,metadata:not_binary;n_samples_out_of_range;n_features_out_of_range;meta_missing:MinorityClassSize
3805,QSAR-TID-11685,1,active,False,False,False,metadata:not_binary;n_samples_out_of_range;n_features_out_of_range;too_many_cells;meta_missing:MinorityClassSize
3806,QSAR-TID-101477,1,active,False,False,False,metadata:not_binary;n_samples_out_of_range;n_features_out_of_range;meta_missing:MinorityClassSize
3807,QSAR-TID-101465,1,active,False,False,False,metadata:not_binary;n_samples_out_of_range;n_features_out_of_range;meta_missing:MinorityClassSize
3808,QSAR-TID-101417,1,active,False,False,False,metadata:not_binary;n_samples_out_of_range;n_features_out_of_range;meta_missing:MinorityClassSize
3809,QSAR-TID-11082,1,active,False,False,False,metadata:not_binary;n_features_out_of_range;too_many_cells;meta_missing:MinorityClassSize
3810,QSAR-TID-12862,1,active,False,False,False,metadata:not_binary;n_features_out_of_range;too_many_cells;meta_missing:MinorityClassSize
3811,QSAR-TID-10885,1,active,False,False,False,metadata:not_binary;n_features_out_of_range;too_many_cells;meta_missing:MinorityClassSize
3812,QSAR-TID-50,1,active,False,False,False,metadata:not_binary;n_features_out_of_range;too_many_cells;meta_missing:MinorityClassSize
3813,QSAR-TID-100412,1,active,False,False,False,metadata:not_binary;n_features_out_of_range;too_many_cells;meta_missing:MinorityClassSize
3814,QSAR-TID-12592,1,active,False,False,False,metadata:not_binary;n_features_out_of_range;too_many_cells;meta_missing:MinorityClassSize
3816,QSAR-TID-12567,1,active,False,False,False,metadata:not_binary;n_samples_out_of_range;n_features_out_of_range;meta_missing:MinorityClassSize
3817,QSAR-TID-116,1,active,False,False,False,metadata:not_binary;n_features_out_of_range;too_many_cells;meta_missing:MinorityClassSize
3818,QSAR-TID-17049,1,active,False,False,False,metadata:not_binary;n_samples_out_of_range;n_features_out_of_range;meta_missing:MinorityClassSize
3819,QSAR-TID-11288,1,active,False,False,False,metadata:not_binary;n_features_out_of_range;too_many_cells;meta_missing:MinorityClassSize
3820,QSAR-TID-36,1,active,False,False,False,metadata:not_binary;n_features_out_of_range;too_many_cells;meta_missing:MinorityClassSize
3821,QSAR-TID-100856,1,active,False,False,False,metadata:not_binary;n_features_out_of_range;too_many_cells;meta_missing:MinorityClassSize
3822,QSAR-TID-100861,1,active,False,False,False,metadata:not_binary;n_samples_out_of_range;n_features_out_of_range;meta_missing:MinorityClassSize
3823,QSAR-TID-103,1,active,False,False,False,metadata:not_binary;n_features_out_of_range;too_many_cells;meta_missing:MinorityClassSize
3824,QSAR-TID-10034,1,active,False,False,False,metadata:not_binary;n_features_out_of_range;too_many_cells;meta_missing:MinorityClassSize
3825,QSAR-TID-101612,1,active,False,False,False,metadata:not_binary;n_samples_out_of_range;n_features_out_of_range;meta_missing:MinorityClassSize
3826,QSAR-TID-100947,1,active,False,False,False,metadata:not_binary;n_features_out_of_range;too_many_cells;meta_missing:MinorityClassSize
3827,QSAR-TID-101191,1,active,False,False,False,metadata:not_binary;n_samples_out_of_range;n_features_out_of_range;meta_missing:MinorityClassSize
3828,QSAR-TID-100288,1,active,False,False,False,metadata:not_binary;n_samples_out_of_range;n_features_out_of_range;meta_missing:MinorityClassSize
3829,QSAR-TID-12566,1,active,False,False,False,metadata:not_binary;n_features_out_of_range;too_many_cells;meta_missing:MinorityClassSize
3830,QSAR-TID-101186,1,active,False,False,False,metadata:not_binary;n_samples_out_of_range;n_features_out_of_range;meta_missing:MinorityClassSize
3831,QSAR-TID-101048,1,active,False,False,False,metadata:not_binary;n_samples_out_of_range;n_features_out_of_range;meta_missing:MinorityClassSize
3832,QSAR-TID-102667,1,active,False,False,False,metadata:not_binary;n_samples_out_of_range;n_features_out_of_range;meta_missing:MinorityClassSize
3833,QSAR-TID-12898,1,active,False,False,False,metadata:not_binary;n_samples_out_of_range;n_features_out_of_range;meta_missing:MinorityClassSize
3834,QSAR-TID-12780,1,active,False,False,False,metadata:not_binary;n_samples_out_of_range;n_features_out_of_range;meta_missing:MinorityClassSize
3835,QSAR-TID-10003,1,active,False,False,False,metadata:not_binary;n_features_out_of_range;too_many_cells;meta_missing:MinorityClassSize
3836,QSAR-TID-142,1,active,False,False,False,metadata:not_binary;n_features_out_of_range;too_many_cells;meta_missing:MinorityClassSize
3837,QSAR-TID-12023,1,active,False,False,False,metadata:not_binary;n_features_out_of_range;too_many_cells;meta_missing:MinorityClassSize
3838,QSAR-TID-10216,1,active,False,False,False,metadata:not_binary;n_features_out_of_range;too_many_cells;meta_missing:MinorityClassSize
3839,QSAR-TID-11089,1,active,False,False,False,metadata:not_binary;n_samples_out_of_range;n_features_out_of_range;meta_missing:MinorityClassSize
3840,QSAR-TID-10959,1,active,False,False,False,metadata:not_binary;n_samples_out_of_range;n_features_out_of_range;meta_missing:MinorityClassSize
3841,QSAR-TID-11678,1,active,False,False,False,metadata:not_binary;n_features_out_of_range;too_many_cells;meta_missing:MinorityClassSize
3842,QSAR-TID-12413,1,active,False,False,False,metadata:not_binary;n_samples_out_of_range;n_features_out_of_range;meta_missing:MinorityClassSize
3843,QSAR-TID-10811,1,active,False,False,False,metadata:not_binary;n_features_out_of_range;too_many_cells;meta_missing:MinorityClassSize
3844,QSAR-TID-12347,1,active,False,False,False,metadata:not_binary;n_samples_out_of_range;n_features_out_of_range;meta_missing:MinorityClassSize
3845,QSAR-TID-30034,1,active,False,False,False,metadata:not_binary;n_samples_out_of_range;n_features_out_of_range;too_many_cells;meta_missing:MinorityClassSize
3846,QSAR-TID-103780,1,active,False,False,False,metadata:not_binary;n_samples_out_of_range;n_features_out_of_range;meta_missing:MinorityClassSize
3847,QSAR-TID-11736,1,active,False,False,False,metadata:not_binary;n_features_out_of_range;too_many_cells;meta_missing:MinorityClassSize
3848,QSAR-TID-11929,1,active,False,False,False,metadata:not_binary;n_samples_out_of_range;n_features_out_of_range;meta_missing:MinorityClassSize
3849,QSAR-TID-11407,1,active,False,False,False,metadata:not_binary;n_features_out_of_range;too_many_cells;meta_missing:MinorityClassSize
3850,QSAR-TID-10140,1,active,False,False,False,metadata:not_binary;n_features_out_of_range;too_many_cells;meta_missing:MinorityClassSize
3851,QSAR-TID-10809,1,active,False,False,False,metadata:not_binary;n_features_out_of_range;too_many_cells;meta_missing:MinorityClassSize
3852,QSAR-TID-101131,1,active,False,False,False,metadata:not_binary;n_features_out_of_range;too_many_cells;meta_missing:MinorityClassSize
3853,QSAR-TID-10462,1,active,False,False,False,metadata:not_binary;n_samples_out_of_range;n_features_out_of_range;meta_missing:MinorityClassSize
3854,QSAR-TID-11262,1,active,False,False,False,metadata:not_binary;n_samples_out_of_range;n_features_out_of_range;meta_missing:MinorityClassSize
3855,QSAR-TID-237,1,active,False,False,False,metadata:not_binary;n_features_out_of_range;too_many_cells;meta_missing:MinorityClassSize
3856,QSAR-TID-30040,1,active,False,False,False,metadata:not_binary;n_samples_out_of_range;n_features_out_of_range;meta_missing:MinorityClassSize
3857,QSAR-TID-10617,1,active,False,False,False,metadata:not_binary;n_features_out_of_range;too_many_cells;meta_missing:MinorityClassSize
3858,QSAR-TID-101078,1,active,False,False,False,metadata:not_binary;n_samples_out_of_range;n_features_out_of_range;meta_missing:MinorityClassSize
3859,QSAR-TID-125,1,active,False,False,False,metadata:not_binary;n_features_out_of_range;too_many_cells;meta_missing:MinorityClassSize
3860,QSAR-TID-10283,1,active,False,False,False,metadata:not_binary;n_samples_out_of_range;n_features_out_of_range;meta_missing:MinorityClassSize
3861,QSAR-TID-100850,1,active,False,False,False,metadata:not_binary;n_samples_out_of_range;n_features_out_of_range;meta_missing:MinorityClassSize
3862,QSAR-TID-10624,1,active,False,False,False,metadata:not_binary;n_features_out_of_range;too_many_cells;meta_missing:MinorityClassSize
3863,QSAR-TID-238,1,active,False,False,False,metadata:not_binary;n_features_out_of_range;too_many_cells;meta_missing:MinorityClassSize
3864,QSAR-TID-11280,1,active,False,False,False,metadata:not_binary;n_features_out_of_range;too_many_cells;meta_missing:MinorityClassSize
3865,QSAR-TID-100287,1,active,False,False,False,metadata:not_binary;n_samples_out_of_range;n_features_out_of_range;meta_missing:MinorityClassSize
3866,QSAR-TID-101553,1,active,False,False,False,metadata:not_binary;n_samples_out_of_range;n_features_out_of_range;meta_missing:MinorityClassSize
3867,QSAR-TID-11562,1,active,False,False,False,metadata:not_binary;n_features_out_of_range;too_many_cells;meta_missing:MinorityClassSize
3868,QSAR-TID-30031,1,active,False,False,False,metadata:not_binary;n_samples_out_of_range;n_features_out_of_range;meta_missing:MinorityClassSize
3869,QSAR-TID-12806,1,active,False,False,False,metadata:not_binary;n_features_out_of_range;too_many_cells;meta_missing:MinorityClassSize
3870,QSAR-TID-10983,1,active,False,False,False,metadata:not_binary;n_samples_out_of_range;n_features_out_of_range;meta_missing:MinorityClassSize
3871,QSAR-TID-100931,1,active,False,False,False,metadata:not_binary;n_samples_out_of_range;n_features_out_of_range;meta_missing:MinorityClassSize
3872,QSAR-TID-107,1,active,False,False,False,metadata:not_binary;n_features_out_of_range;too_many_cells;meta_missing:MinorityClassSize
3873,QSAR-TID-11107,1,active,False,False,False,metadata:not_binary;n_samples_out_of_range;n_features_out_of_range;meta_missing:MinorityClassSize
3874,QSAR-TID-11290,1,active,False,False,False,metadata:not_binary;n_features_out_of_range;too_many_cells;meta_missing:MinorityClassSize
3875,QSAR-TID-188,1,active,False,False,False,metadata:not_binary;n_features_out_of_range;too_many_cells;meta_missing:MinorityClassSize
3876,QSAR-TID-103469,1,active,False,False,False,metadata:not_binary;n_samples_out_of_range;n_features_out_of_range;meta_missing:MinorityClassSize
3877,QSAR-TID-10626,1,active,False,False,False,metadata:not_binary;n_samples_out_of_range;n_features_out_of_range;meta_missing:MinorityClassSize
3878,QSAR-TID-10026,1,active,False,False,False,metadata:not_binary;n_features_out_of_range;too_many_cells;meta_missing:MinorityClassSize
3879,QSAR-TID-11426,1,active,False,False,False,metadata:not_binary;n_features_out_of_range;too_many_cells;meta_missing:MinorityClassSize
3880,QSAR-TID-12114,1,active,False,False,False,metadata:not_binary;n_samples_out_of_range;n_features_out_of_range;meta_missing:MinorityClassSize
3881,QSAR-TID-10961,1,active,False,False,False,metadata:not_binary;n_samples_out_of_range;n_features_out_of_range;too_many_cells;meta_missing:MinorityClassSize
3882,QSAR-TID-11298,1,active,False,False,False,metadata:not_binary;n_samples_out_of_range;n_features_out_of_range;meta_missing:MinorityClassSize
3883,QSAR-TID-11090,1,active,False,False,False,metadata:not_binary;n_samples_out_of_range;n_features_out_of_range;meta_missing:MinorityClassSize
3884,QSAR-TID-103081,1,active,False,False,False,metadata:not_binary;n_samples_out_of_range;n_features_out_of_range;meta_missing:MinorityClassSize
3885,QSAR-TID-12247,1,active,False,False,False,metadata:not_binary;n_features_out_of_range;too_many_cells;meta_missing:MinorityClassSize
3886,QSAR-TID-95,1,active,False,False,False,metadata:not_binary;n_samples_out_of_range;n_features_out_of_range;meta_missing:MinorityClassSize
3887,QSAR-TID-12243,1,active,False,False,False,metadata:not_binary;n_samples_out_of_range;n_features_out_of_range;meta_missing:MinorityClassSize
3888,QSAR-TID-11968,1,active,False,False,False,metadata:not_binary;n_features_out_of_range;too_many_cells;meta_missing:MinorityClassSize
3889,QSAR-TID-12659,1,active,False,False,False,metadata:not_binary;n_features_out_of_range;too_many_cells;meta_missing:MinorityClassSize
3890,QSAR-TID-103584,1,active,False,False,False,metadata:not_binary;n_samples_out_of_range;n_features_out_of_range;meta_missing:MinorityClassSize
3891,QSAR-TID-10351,1,active,False,False,False,metadata:not_binary;n_samples_out_of_range;n_features_out_of_range;meta_missing:MinorityClassSize
3892,QSAR-TID-10453,1,active,False,False,False,metadata:not_binary;n_samples_out_of_range;n_features_out_of_range;meta_missing:MinorityClassSize
3893,QSAR-TID-12627,1,active,False,False,False,metadata:not_binary;n_features_out_of_range;too_many_cells;meta_missing:MinorityClassSize
3894,QSAR-TID-101613,1,active,False,False,False,metadata:not_binary;n_samples_out_of_range;n_features_out_of_range;meta_missing:MinorityClassSize
3895,QSAR-TID-179,1,active,False,False,False,metadata:not_binary;n_samples_out_of_range;n_features_out_of_range;meta_missing:MinorityClassSize
3896,QSAR-TID-100824,1,active,False,False,False,metadata:not_binary;n_samples_out_of_range;n_features_out_of_range;meta_missing:MinorityClassSize
3897,QSAR-TID-10360,1,active,False,False,False,metadata:not_binary;n_samples_out_of_range;n_features_out_of_range;too_many_cells;meta_missing:MinorityClassSize
3898,QSAR-TID-101014,1,active,False,False,False,metadata:not_binary;n_features_out_of_range;too_many_cells;meta_missing:MinorityClassSize
3899,QSAR-TID-10618,1,active,False,False,False,metadata:not_binary;n_samples_out_of_range;n_features_out_of_range;meta_missing:MinorityClassSize
3900,QSAR-TID-101333,1,active,False,False,False,metadata:not_binary;n_samples_out_of_range;n_features_out_of_range;too_many_cells;meta_missing:MinorityClassSize
3901,QSAR-TID-30023,1,active,False,False,False,metadata:not_binary;n_features_out_of_range;too_many_cells;meta_missing:MinorityClassSize
3902,QSAR-TID-10577,1,active,False,False,False,metadata:not_binary;n_features_out_of_range;too_many_cells;meta_missing:MinorityClassSize
3903,QSAR-TID-103521,1,active,False,False,False,metadata:not_binary;n_samples_out_of_range;n_features_out_of_range;meta_missing:MinorityClassSize
3904,QSAR-TID-30012,1,active,False,False,False,metadata:not_binary;n_features_out_of_range;too_many_cells;meta_missing:MinorityClassSize
3905,QSAR-TID-100925,1,active,False,False,False,metadata:not_binary;n_samples_out_of_range;n_features_out_of_range;meta_missing:MinorityClassSize
3906,QSAR-TID-10741,1,active,False,False,False,metadata:not_binary;n_samples_out_of_range;n_features_out_of_range;meta_missing:MinorityClassSize
3907,QSAR-TID-10031,1,active,False,False,False,metadata:not_binary;n_samples_out_of_range;n_features_out_of_range;meta_missing:MinorityClassSize
3908,QSAR-TID-101188,1,active,False,False,False,metadata:not_binary;n_samples_out_of_range;n_features_out_of_range;meta_missing:MinorityClassSize
3909,QSAR-TID-12263,1,active,False,False,False,metadata:not_binary;n_samples_out_of_range;n_features_out_of_range;meta_missing:MinorityClassSize
3910,QSAR-TID-10057,1,active,False,False,False,metadata:not_binary;n_features_out_of_range;too_many_cells;meta_missing:MinorityClassSize
3911,QSAR-TID-11047,1,active,False,False,False,metadata:not_binary;n_samples_out_of_range;n_features_out_of_range;meta_missing:MinorityClassSize
3912,QSAR-TID-30050,1,active,False,False,False,metadata:not_binary;n_samples_out_of_range;n_features_out_of_range;meta_missing:MinorityClassSize
3913,QSAR-TID-102420,1,active,False,False,False,metadata:not_binary;n_features_out_of_range;too_many_cells;meta_missing:MinorityClassSize
3914,QSAR-TID-100431,1,active,False,False,False,metadata:not_binary;n_features_out_of_range;too_many_cells;meta_missing:MinorityClassSize
3915,QSAR-TID-11109,1,active,False,False,False,metadata:not_binary;n_features_out_of_range;too_many_cells;meta_missing:MinorityClassSize
3916,QSAR-TID-30001,1,active,False,False,False,metadata:not_binary;n_features_out_of_range;too_many_cells;meta_missing:MinorityClassSize
3917,QSAR-TID-30037,1,active,False,False,False,metadata:not_binary;n_features_out_of_range;too_many_cells;meta_missing:MinorityClassSize
3918,QSAR-TID-12396,1,active,False,False,False,metadata:not_binary;n_samples_out_of_range;n_features_out_of_range;meta_missing:MinorityClassSize
3919,QSAR-TID-10785,1,active,False,False,False,metadata:not_binary;n_samples_out_of_range;n_features_out_of_range;meta_missing:MinorityClassSize
3920,QSAR-TID-11279,1,active,False,False,False,metadata:not_binary;n_features_out_of_range;too_many_cells;meta_missing:MinorityClassSize
3921,QSAR-TID-17121,1,active,False,False,False,metadata:not_binary;n_samples_out_of_range;n_features_out_of_range;too_many_cells;meta_missing:MinorityClassSize
3922,QSAR-TID-100414,1,active,False,False,False,metadata:not_binary;n_features_out_of_range;too_many_cells;meta_missing:MinorityClassSize
3923,QSAR-TID-20110,1,active,False,False,False,metadata:not_binary;n_samples_out_of_range;n_features_out_of_range;meta_missing:MinorityClassSize
3924,QSAR-TID-10297,1,active,False,False,False,metadata:not_binary;n_samples_out_of_range;n_features_out_of_range;meta_missing:MinorityClassSize
3925,QSAR-TID-101090,1,active,False,False,False,metadata:not_binary;n_samples_out_of_range;n_features_out_of_range;meta_missing:MinorityClassSize
3926,QSAR-TID-10627,1,active,False,False,False,metadata:not_binary;n_features_out_of_range;too_many_cells;meta_missing:MinorityClassSize
3927,QSAR-TID-11567,1,active,False,False,False,metadata:not_binary;n_samples_out_of_range;n_features_out_of_range;meta_missing:MinorityClassSize
3928,QSAR-TID-100417,1,active,False,False,False,metadata:not_binary;n_features_out_of_range;too_many_cells;meta_missing:MinorityClassSize
3929,QSAR-TID-11010,1,active,False,False,False,metadata:not_binary;n_samples_out_of_range;n_features_out_of_range;meta_missing:MinorityClassSize
3930,QSAR-TID-11925,1,active,False,False,False,metadata:not_binary;n_samples_out_of_range;n_features_out_of_range;meta_missing:MinorityClassSize
3931,QSAR-TID-100855,1,active,False,False,False,metadata:not_binary;n_features_out_of_range;too_many_cells;meta_missing:MinorityClassSize
3932,QSAR-TID-10187,1,active,False,False,False,metadata:not_binary;n_samples_out_of_range;n_features_out_of_range;meta_missing:MinorityClassSize
3933,QSAR-TID-9,1,active,False,False,False,metadata:not_binary;n_samples_out_of_range;n_features_out_of_range;too_many_cells;meta_missing:MinorityClassSize
3934,QSAR-TID-10904,1,active,False,False,False,metadata:not_binary;n_features_out_of_range;too_many_cells;meta_missing:MinorityClassSize
3935,QSAR-TID-11766,1,active,False,False,False,metadata:not_binary;n_samples_out_of_range;n_features_out_of_range;meta_missing:MinorityClassSize
3936,QSAR-TID-11637,1,active,False,False,False,metadata:not_binary;n_samples_out_of_range;n_features_out_of_range;meta_missing:MinorityClassSize
3937,QSAR-TID-11718,1,active,False,False,False,metadata:not_binary;n_samples_out_of_range;n_features_out_of_range;meta_missing:MinorityClassSize
3938,QSAR-TID-101030,1,active,False,False,False,metadata:not_binary;n_samples_out_of_range;n_features_out_of_range;meta_missing:MinorityClassSize
3939,QSAR-TID-101056,1,active,False,False,False,metadata:not_binary;n_samples_out_of_range;n_features_out_of_range;meta_missing:MinorityClassSize
3940,QSAR-TID-11150,1,active,False,False,False,metadata:not_binary;n_samples_out_of_range;n_features_out_of_range;meta_missing:MinorityClassSize
3941,QSAR-TID-10578,1,active,False,False,False,metadata:not_binary;n_samples_out_of_range;n_features_out_of_range;meta_missing:MinorityClassSize
3942,QSAR-TID-101034,1,active,False,False,False,metadata:not_binary;n_features_out_of_range;too_many_cells;meta_missing:MinorityClassSize
3943,QSAR-TID-102669,1,active,False,False,False,metadata:not_binary;n_samples_out_of_range;n_features_out_of_range;too_many_cells;meta_missing:MinorityClassSize
3944,QSAR-TID-35,1,active,False,False,False,metadata:not_binary;n_features_out_of_range;too_many_cells;meta_missing:MinorityClassSize
3945,QSAR-TID-10495,1,active,False,False,False,metadata:not_binary;n_features_out_of_range;too_many_cells;meta_missing:MinorityClassSize
3947,QSAR-TID-10315,1,active,False,False,False,metadata:not_binary;n_features_out_of_range;too_many_cells;meta_missing:MinorityClassSize
3948,QSAR-TID-100143,1,active,False,False,False,metadata:not_binary;n_samples_out_of_range;n_features_out_of_range;meta_missing:MinorityClassSize
3949,QSAR-TID-12471,1,active,False,False,False,metadata:not_binary;n_features_out_of_range;too_many_cells;meta_missing:MinorityClassSize
3950,QSAR-TID-261,1,active,False,False,False,metadata:not_binary;n_features_out_of_range;too_many_cells;meta_missing:MinorityClassSize
3951,QSAR-TID-10907,1,active,False,False,False,metadata:not_binary;n_features_out_of_range;too_many_cells;meta_missing:MinorityClassSize
3952,QSAR-TID-17000,1,active,False,False,False,metadata:not_binary;n_samples_out_of_range;n_features_out_of_range;meta_missing:MinorityClassSize
3953,QSAR-TID-12965,1,active,False,False,False,metadata:not_binary;n_samples_out_of_range;n_features_out_of_range;meta_missing:MinorityClassSize
3954,QSAR-TID-12854,1,active,False,False,False,metadata:not_binary;n_samples_out_of_range;n_features_out_of_range;meta_missing:MinorityClassSize
3955,QSAR-TID-12406,1,active,False,False,False,metadata:not_binary;n_samples_out_of_range;n_features_out_of_range;meta_missing:MinorityClassSize
3956,QSAR-TID-103800,1,active,False,False,False,metadata:not_binary;n_samples_out_of_range;n_features_out_of_range;meta_missing:MinorityClassSize
3957,QSAR-TID-12038,1,active,False,False,False,metadata:not_binary;n_samples_out_of_range;n_features_out_of_range;meta_missing:MinorityClassSize
3958,QSAR-TID-11806,1,active,False,False,False,metadata:not_binary;n_samples_out_of_range;n_features_out_of_range;meta_missing:MinorityClassSize
3959,QSAR-TID-10062,1,active,False,False,False,metadata:not_binary;n_features_out_of_range;too_many_cells;meta_missing:MinorityClassSize
3960,QSAR-TID-101408,1,active,False,False,False,metadata:not_binary;n_features_out_of_range;too_many_cells;meta_missing:MinorityClassSize
3961,QSAR-TID-100435,1,active,False,False,False,metadata:not_binary;n_samples_out_of_range;n_features_out_of_range;meta_missing:MinorityClassSize
3962,QSAR-TID-30041,1,active,False,False,False,metadata:not_binary;n_samples_out_of_range;n_features_out_of_range;meta_missing:MinorityClassSize
3963,QSAR-TID-243,1,active,False,False,False,metadata:not_binary;n_features_out_of_range;too_many_cells;meta_missing:MinorityClassSize
3964,QSAR-TID-10620,1,active,False,False,False,metadata:not_binary;n_samples_out_of_range;n_features_out_of_range;meta_missing:MinorityClassSize
3965,QSAR-TID-12694,1,active,False,False,False,metadata:not_binary;n_features_out_of_range;too_many_cells;meta_missing:MinorityClassSize
3966,QSAR-TID-10443,1,active,False,False,False,metadata:not_binary;n_features_out_of_range;too_many_cells;meta_missing:MinorityClassSize
3967,QSAR-TID-114,1,active,False,False,False,metadata:not_binary;n_features_out_of_range;too_many_cells;meta_missing:MinorityClassSize
3968,QSAR-TID-10197,1,active,False,False,False,metadata:not_binary;n_features_out_of_range;too_many_cells;meta_missing:MinorityClassSize
3969,QSAR-TID-12568,1,active,False,False,False,metadata:not_binary;n_features_out_of_range;too_many_cells;meta_missing:MinorityClassSize
3970,QSAR-TID-12135,1,active,False,False,False,metadata:not_binary;n_samples_out_of_range;n_features_out_of_range;meta_missing:MinorityClassSize
3971,QSAR-TID-10796,1,active,False,False,False,metadata:not_binary;n_features_out_of_range;too_many_cells;meta_missing:MinorityClassSize
3972,QSAR-TID-130,1,active,False,False,False,metadata:not_binary;n_features_out_of_range;too_many_cells;meta_missing:MinorityClassSize
3973,QSAR-TID-11239,1,active,False,False,False,metadata:not_binary;n_samples_out_of_range;n_features_out_of_range;meta_missing:MinorityClassSize
3974,QSAR-TID-100129,1,active,False,False,False,metadata:not_binary;n_features_out_of_range;too_many_cells;meta_missing:MinorityClassSize
3975,QSAR-TID-11126,1,active,False,False,False,metadata:not_binary;n_samples_out_of_range;n_features_out_of_range;meta_missing:MinorityClassSize
3976,QSAR-TID-184,1,active,False,False,False,metadata:not_binary;n_features_out_of_range;too_many_cells;meta_missing:MinorityClassSize
3977,QSAR-TID-11094,1,active,False,False,False,metadata:not_binary;n_samples_out_of_range;n_features_out_of_range;too_many_cells;meta_missing:MinorityClassSize
3978,QSAR-TID-10472,1,active,False,False,False,metadata:not_binary;n_features_out_of_range;too_many_cells;meta_missing:MinorityClassSize
3979,QSAR-TID-10692,1,active,False,False,False,metadata:not_binary;n_features_out_of_range;too_many_cells;meta_missing:MinorityClassSize
3980,QSAR-TID-12742,1,active,False,False,False,metadata:not_binary;n_features_out_of_range;too_many_cells;meta_missing:MinorityClassSize
3981,QSAR-TID-10183,1,active,False,False,False,metadata:not_binary;n_features_out_of_range;too_many_cells;meta_missing:MinorityClassSize
3982,QSAR-TID-12171,1,active,False,False,False,metadata:not_binary;n_features_out_of_range;too_many_cells;meta_missing:MinorityClassSize
3983,QSAR-TID-10545,1,active,False,False,False,metadata:not_binary;n_samples_out_of_range;n_features_out_of_range;meta_missing:MinorityClassSize
3984,QSAR-TID-10493,1,active,False,False,False,metadata:not_binary;n_samples_out_of_range;n_features_out_of_range;meta_missing:MinorityClassSize
3985,QSAR-TID-12724,1,active,False,False,False,metadata:not_binary;n_features_out_of_range;too_many_cells;meta_missing:MinorityClassSize
3986,QSAR-TID-101434,1,active,False,False,False,metadata:not_binary;n_samples_out_of_range;n_features_out_of_range;meta_missing:MinorityClassSize
3987,QSAR-TID-11871,1,active,False,False,False,metadata:not_binary;n_features_out_of_range;too_many_cells;meta_missing:MinorityClassSize
3988,QSAR-TID-101033,1,active,False,False,False,metadata:not_binary;n_samples_out_of_range;n_features_out_of_range;meta_missing:MinorityClassSize
3989,QSAR-TID-101278,1,active,False,False,False,metadata:not_binary;n_samples_out_of_range;n_features_out_of_range;meta_missing:MinorityClassSize
3990,QSAR-TID-102826,1,active,False,False,False,metadata:not_binary;n_samples_out_of_range;n_features_out_of_range;meta_missing:MinorityClassSize
3991,QSAR-TID-194,1,active,False,False,False,metadata:not_binary;n_samples_out_of_range;n_features_out_of_range;too_many_cells;meta_missing:MinorityClassSize
3992,QSAR-TID-12104,1,active,False,False,False,metadata:not_binary;n_samples_out_of_range;n_features_out_of_range;meta_missing:MinorityClassSize
3993,QSAR-TID-10320,1,active,False,False,False,metadata:not_binary;n_samples_out_of_range;n_features_out_of_range;meta_missing:MinorityClassSize
3994,QSAR-TID-10797,1,active,False,False,False,metadata:not_binary;n_samples_out_of_range;n_features_out_of_range;meta_missing:MinorityClassSize
3995,QSAR-TID-101073,1,active,False,False,False,metadata:not_binary;n_samples_out_of_range;n_features_out_of_range;meta_missing:MinorityClassSize
3996,QSAR-TID-10207,1,active,False,False,False,metadata:not_binary;n_samples_out_of_range;n_features_out_of_range;meta_missing:MinorityClassSize
3997,QSAR-TID-51,1,active,False,False,False,metadata:not_binary;n_features_out_of_range;too_many_cells;meta_missing:MinorityClassSize
3998,QSAR-TID-10230,1,active,False,False,False,metadata:not_binary;n_samples_out_of_range;n_features_out_of_range;meta_missing:MinorityClassSize
3999,QSAR-TID-11430,1,active,False,False,False,metadata:not_binary;n_features_out_of_range;too_many_cells;meta_missing:MinorityClassSize
4000,QSAR-TID-106,1,active,False,False,False,metadata:not_binary;n_features_out_of_range;too_many_cells;meta_missing:MinorityClassSize
4001,QSAR-TID-100042,1,active,False,False,False,metadata:not_binary;n_samples_out_of_range;n_features_out_of_range;meta_missing:MinorityClassSize
4002,QSAR-TID-102718,1,active,False,False,False,metadata:not_binary;n_samples_out_of_range;n_features_out_of_range;meta_missing:MinorityClassSize
4003,QSAR-TID-102711,1,active,False,False,False,metadata:not_binary;n_samples_out_of_range;n_features_out_of_range;meta_missing:MinorityClassSize
4004,QSAR-TID-100075,1,active,False,False,False,metadata:not_binary;n_samples_out_of_range;n_features_out_of_range;meta_missing:MinorityClassSize
4005,QSAR-TID-48,1,active,False,False,False,metadata:not_binary;n_features_out_of_range;too_many_cells;meta_missing:MinorityClassSize
4006,QSAR-TID-100995,1,active,False,False,False,metadata:not_binary;n_features_out_of_range;too_many_cells;meta_missing:MinorityClassSize
4007,QSAR-TID-17147,1,active,False,False,False,metadata:not_binary;n_samples_out_of_range;n_features_out_of_range;meta_missing:MinorityClassSize
4008,QSAR-TID-101058,1,active,False,False,False,metadata:not_binary;n_features_out_of_range;too_many_cells;meta_missing:MinorityClassSize
4009,QSAR-TID-163,1,active,False,False,False,metadata:not_binary;n_features_out_of_range;too_many_cells;meta_missing:MinorityClassSize
4010,QSAR-TID-10426,1,active,False,False,False,metadata:not_binary;n_samples_out_of_range;n_features_out_of_range;meta_missing:MinorityClassSize
4011,QSAR-TID-10926,1,active,False,False,False,metadata:not_binary;n_samples_out_of_range;n_features_out_of_range;meta_missing:MinorityClassSize
4012,QSAR-TID-215,1,active,False,False,False,metadata:not_binary;n_features_out_of_range;too_many_cells;meta_missing:MinorityClassSize
4013,QSAR-TID-12268,1,active,False,False,False,metadata:not_binary;n_features_out_of_range;too_many_cells;meta_missing:MinorityClassSize
4014,QSAR-TID-103453,1,active,False,False,False,metadata:not_binary;n_samples_out_of_range;n_features_out_of_range;meta_missing:MinorityClassSize
4015,QSAR-TID-11575,1,active,False,False,False,metadata:not_binary;n_features_out_of_range;too_many_cells;meta_missing:MinorityClassSize
4016,QSAR-TID-12708,1,active,False,False,False,metadata:not_binary;n_features_out_of_range;too_many_cells;meta_missing:MinorityClassSize
4017,QSAR-TID-11110,1,active,False,False,False,metadata:not_binary;n_features_out_of_range;too_many_cells;meta_missing:MinorityClassSize
4018,QSAR-TID-12244,1,active,False,False,False,metadata:not_binary;n_samples_out_of_range;n_features_out_of_range;meta_missing:MinorityClassSize
4019,QSAR-TID-12983,1,active,False,False,False,metadata:not_binary;n_features_out_of_range;too_many_cells;meta_missing:MinorityClassSize
4020,QSAR-TID-11225,1,active,False,False,False,metadata:not_binary;n_features_out_of_range;too_many_cells;meta_missing:MinorityClassSize
4021,QSAR-TID-100863,1,active,False,False,False,metadata:not_binary;n_features_out_of_range;too_many_cells;meta_missing:MinorityClassSize
4022,QSAR-TID-10625,1,active,False,False,False,metadata:not_binary;n_samples_out_of_range;n_features_out_of_range;meta_missing:MinorityClassSize
4023,QSAR-TID-30027,1,active,False,False,False,metadata:not_binary;n_samples_out_of_range;n_features_out_of_range;meta_missing:MinorityClassSize
4024,QSAR-TID-10142,1,active,False,False,False,metadata:not_binary;n_features_out_of_range;too_many_cells;meta_missing:MinorityClassSize
4025,QSAR-TID-11361,1,active,False,False,False,metadata:not_binary;n_samples_out_of_range;n_features_out_of_range;meta_missing:MinorityClassSize
4026,QSAR-TID-17085,1,active,False,False,False,metadata:not_binary;n_features_out_of_range;too_many_cells;meta_missing:MinorityClassSize
4027,QSAR-TID-11907,1,active,False,False,False,metadata:not_binary;n_features_out_of_range;too_many_cells;meta_missing:MinorityClassSize
4028,QSAR-TID-10277,1,active,False,False,False,metadata:not_binary;n_features_out_of_range;too_many_cells;meta_missing:MinorityClassSize
4029,QSAR-TID-11296,1,active,False,False,False,metadata:not_binary;n_samples_out_of_range;n_features_out_of_range;too_many_cells;meta_missing:MinorityClassSize
4030,QSAR-TID-17086,1,active,False,False,False,metadata:not_binary;n_samples_out_of_range;n_features_out_of_range;meta_missing:MinorityClassSize
4031,QSAR-TID-10402,1,active,False,False,False,metadata:not_binary;n_samples_out_of_range;n_features_out_of_range;meta_missing:MinorityClassSize
4032,QSAR-TID-101504,1,active,False,False,False,metadata:not_binary;n_samples_out_of_range;n_features_out_of_range;meta_missing:MinorityClassSize
4033,QSAR-TID-30047,1,active,False,False,False,metadata:not_binary;n_samples_out_of_range;n_features_out_of_range;meta_missing:MinorityClassSize
4034,QSAR-TID-11054,1,active,False,False,False,metadata:not_binary;n_features_out_of_range;too_many_cells;meta_missing:MinorityClassSize
4035,QSAR-TID-11499,1,active,False,False,False,metadata:not_binary;n_samples_out_of_range;n_features_out_of_range;meta_missing:MinorityClassSize
4036,QSAR-TID-11064,1,active,False,False,False,metadata:not_binary;n_samples_out_of_range;n_features_out_of_range;meta_missing:MinorityClassSize
4037,QSAR-TID-11286,1,active,False,False,False,metadata:not_binary;n_features_out_of_range;too_many_cells;meta_missing:MinorityClassSize
4038,QSAR-TID-17024,1,active,False,False,False,metadata:not_binary;n_features_out_of_range;too_many_cells;meta_missing:MinorityClassSize
4039,QSAR-TID-30014,1,active,False,False,False,metadata:not_binary;n_features_out_of_range;too_many_cells;meta_missing:MinorityClassSize
4040,QSAR-TID-20162,1,active,False,False,False,metadata:not_binary;n_samples_out_of_range;n_features_out_of_range;too_many_cells;meta_missing:MinorityClassSize
4041,QSAR-TID-100097,1,active,False,False,False,metadata:not_binary;n_features_out_of_range;too_many_cells;meta_missing:MinorityClassSize
4042,QSAR-TID-12536,1,active,False,False,False,metadata:not_binary;n_features_out_of_range;too_many_cells;meta_missing:MinorityClassSize
4043,QSAR-TID-103458,1,active,False,False,False,metadata:not_binary;n_samples_out_of_range;n_features_out_of_range;meta_missing:MinorityClassSize
4044,QSAR-TID-100862,1,active,False,False,False,metadata:not_binary;n_samples_out_of_range;n_features_out_of_range;too_many_cells;meta_missing:MinorityClassSize
4045,QSAR-TID-259,1,active,False,False,False,metadata:not_binary;n_features_out_of_range;too_many_cells;meta_missing:MinorityClassSize
4046,QSAR-TID-12955,1,active,False,False,False,metadata:not_binary;n_features_out_of_range;too_many_cells;meta_missing:MinorityClassSize
4047,QSAR-TID-101225,1,active,False,False,False,metadata:not_binary;n_samples_out_of_range;n_features_out_of_range;meta_missing:MinorityClassSize
4048,QSAR-TID-11727,1,active,False,False,False,metadata:not_binary;n_features_out_of_range;too_many_cells;meta_missing:MinorityClassSize
4049,QSAR-TID-282,1,active,False,False,False,metadata:not_binary;n_features_out_of_range;too_many_cells;meta_missing:MinorityClassSize
4050,QSAR-TID-218,1,active,False,False,False,metadata:not_binary;n_features_out_of_range;too_many_cells;meta_missing:MinorityClassSize
4051,QSAR-TID-11379,1,active,False,False,False,metadata:not_binary;n_features_out_of_range;too_many_cells;meta_missing:MinorityClassSize
4052,QSAR-TID-10264,1,active,False,False,False,metadata:not_binary;n_samples_out_of_range;n_features_out_of_range;meta_missing:MinorityClassSize
4053,QSAR-TID-30009,1,active,False,False,False,metadata:not_binary;n_samples_out_of_range;n_features_out_of_range;meta_missing:MinorityClassSize
4054,QSAR-TID-11168,1,active,False,False,False,metadata:not_binary;n_samples_out_of_range;n_features_out_of_range;meta_missing:MinorityClassSize
4055,QSAR-TID-10654,1,active,False,False,False,metadata:not_binary;n_samples_out_of_range;n_features_out_of_range;meta_missing:MinorityClassSize
4056,QSAR-TID-277,1,active,False,False,False,metadata:not_binary;n_samples_out_of_range;n_features_out_of_range;meta_missing:MinorityClassSize
4057,QSAR-TID-10547,1,active,False,False,False,metadata:not_binary;n_features_out_of_range;too_many_cells;meta_missing:MinorityClassSize
4058,QSAR-TID-11634,1,active,False,False,False,metadata:not_binary;n_features_out_of_range;too_many_cells;meta_missing:MinorityClassSize
4059,QSAR-TID-10364,1,active,False,False,False,metadata:not_binary;n_samples_out_of_range;n_features_out_of_range;meta_missing:MinorityClassSize
4060,QSAR-TID-11602,1,active,False,False,False,metadata:not_binary;n_samples_out_of_range;n_features_out_of_range;meta_missing:MinorityClassSize
4061,QSAR-TID-11287,1,active,False,False,False,metadata:not_binary;n_samples_out_of_range;n_features_out_of_range;meta_missing:MinorityClassSize
4062,QSAR-TID-10844,1,active,False,False,False,metadata:not_binary;n_samples_out_of_range;n_features_out_of_range;too_many_cells;meta_missing:MinorityClassSize
4063,QSAR-TID-245,1,active,False,False,False,metadata:not_binary;n_samples_out_of_range;n_features_out_of_range;meta_missing:MinorityClassSize
4064,QSAR-TID-10695,1,active,False,False,False,metadata:not_binary;n_features_out_of_range;too_many_cells;meta_missing:MinorityClassSize
4065,QSAR-TID-100907,1,active,False,False,False,metadata:not_binary;n_samples_out_of_range;n_features_out_of_range;meta_missing:MinorityClassSize
4066,QSAR-TID-10528,1,active,False,False,False,metadata:not_binary;n_samples_out_of_range;n_features_out_of_range;meta_missing:MinorityClassSize
4067,QSAR-TID-11066,1,active,False,False,False,metadata:not_binary;n_samples_out_of_range;n_features_out_of_range;meta_missing:MinorityClassSize
4068,QSAR-TID-100990,1,active,False,False,False,metadata:not_binary;n_samples_out_of_range;n_features_out_of_range;meta_missing:MinorityClassSize
4069,QSAR-TID-101180,1,active,False,False,False,metadata:not_binary;n_samples_out_of_range;n_features_out_of_range;meta_missing:MinorityClassSize
4070,QSAR-TID-100796,1,active,False,False,False,metadata:not_binary;n_samples_out_of_range;n_features_out_of_range;meta_missing:MinorityClassSize
4071,QSAR-TID-10950,1,active,False,False,False,metadata:not_binary;n_features_out_of_range;too_many_cells;meta_missing:MinorityClassSize
4072,QSAR-TID-30030,1,active,False,False,False,metadata:not_binary;n_samples_out_of_range;n_features_out_of_range;meta_missing:MinorityClassSize
4073,QSAR-TID-17023,1,active,False,False,False,metadata:not_binary;n_samples_out_of_range;n_features_out_of_range;meta_missing:MinorityClassSize
4074,QSAR-TID-11891,1,active,False,False,False,metadata:not_binary;n_samples_out_of_range;n_features_out_of_range;meta_missing:MinorityClassSize
4075,QSAR-TID-10434,1,active,False,False,False,metadata:not_binary;n_features_out_of_range;too_many_cells;meta_missing:MinorityClassSize
4076,QSAR-TID-10773,1,active,False,False,False,metadata:not_binary;n_features_out_of_range;too_many_cells;meta_missing:MinorityClassSize
4077,QSAR-TID-11261,1,active,False,False,False,metadata:not_binary;n_features_out_of_range;too_many_cells;meta_missing:MinorityClassSize
4078,QSAR-TID-12699,1,active,False,False,False,metadata:not_binary;n_features_out_of_range;too_many_cells;meta_missing:MinorityClassSize
4079,QSAR-TID-103106,1,active,False,False,False,metadata:not_binary;n_features_out_of_range;too_many_cells;meta_missing:MinorityClassSize
4080,QSAR-TID-11636,1,active,False,False,False,metadata:not_binary;n_features_out_of_range;too_many_cells;meta_missing:MinorityClassSize
4081,QSAR-TID-100949,1,active,False,False,False,metadata:not_binary;n_samples_out_of_range;n_features_out_of_range;meta_missing:MinorityClassSize
4082,QSAR-TID-12173,1,active,False,False,False,metadata:not_binary;n_samples_out_of_range;n_features_out_of_range;meta_missing:MinorityClassSize
4083,QSAR-TID-103037,1,active,False,False,False,metadata:not_binary;n_samples_out_of_range;n_features_out_of_range;meta_missing:MinorityClassSize
4084,QSAR-TID-10396,1,active,False,False,False,metadata:not_binary;n_features_out_of_range;too_many_cells;meta_missing:MinorityClassSize
4085,QSAR-TID-10967,1,active,False,False,False,metadata:not_binary;n_samples_out_of_range;n_features_out_of_range;meta_missing:MinorityClassSize
4086,QSAR-TID-12264,1,active,False,False,False,metadata:not_binary;n_samples_out_of_range;n_features_out_of_range;meta_missing:MinorityClassSize
4087,QSAR-TID-101226,1,active,False,False,False,metadata:not_binary;n_samples_out_of_range;n_features_out_of_range;meta_missing:MinorityClassSize
4088,QSAR-TID-30036,1,active,False,False,False,metadata:not_binary;n_features_out_of_range;too_many_cells;meta_missing:MinorityClassSize
4089,QSAR-TID-101211,1,active,False,False,False,metadata:not_binary;n_samples_out_of_range;n_features_out_of_range;meta_missing:MinorityClassSize
4090,QSAR-TID-18046,1,active,False,False,False,metadata:not_binary;n_features_out_of_range;too_many_cells;meta_missing:MinorityClassSize
4091,QSAR-TID-10647,1,active,False,False,False,metadata:not_binary;n_features_out_of_range;too_many_cells;meta_missing:MinorityClassSize
4092,QSAR-TID-100914,1,active,False,False,False,metadata:not_binary;n_samples_out_of_range;n_features_out_of_range;meta_missing:MinorityClassSize
4093,QSAR-TID-100909,1,active,False,False,False,metadata:not_binary;n_samples_out_of_range;n_features_out_of_range;meta_missing:MinorityClassSize
4094,QSAR-TID-20105,1,active,False,False,False,metadata:not_binary;n_samples_out_of_range;n_features_out_of_range;meta_missing:MinorityClassSize
4095,QSAR-TID-10355,1,active,False,False,False,metadata:not_binary;n_samples_out_of_range;n_features_out_of_range;meta_missing:MinorityClassSize
4096,QSAR-TID-30028,1,active,False,False,False,metadata:not_binary;n_features_out_of_range;too_many_cells;meta_missing:MinorityClassSize
4097,QSAR-TID-101069,1,active,False,False,False,metadata:not_binary;n_samples_out_of_range;n_features_out_of_range;meta_missing:MinorityClassSize
4098,QSAR-TID-102849,1,active,False,False,False,metadata:not_binary;n_samples_out_of_range;n_features_out_of_range;meta_missing:MinorityClassSize
4099,QSAR-TID-11802,1,active,False,False,False,metadata:not_binary;n_samples_out_of_range;n_features_out_of_range;meta_missing:MinorityClassSize
4100,QSAR-TID-100410,1,active,False,False,False,metadata:not_binary;n_features_out_of_range;too_many_cells;meta_missing:MinorityClassSize
4101,QSAR-TID-10696,1,active,False,False,False,metadata:not_binary;n_features_out_of_range;too_many_cells;meta_missing:MinorityClassSize
4102,QSAR-TID-10294,1,active,False,False,False,metadata:not_binary;n_features_out_of_range;too_many_cells;meta_missing:MinorityClassSize
4103,QSAR-TID-100948,1,active,False,False,False,metadata:not_binary;n_samples_out_of_range;n_features_out_of_range;meta_missing:MinorityClassSize
4104,QSAR-TID-103062,1,active,False,False,False,metadata:not_binary;n_samples_out_of_range;n_features_out_of_range;meta_missing:MinorityClassSize
4105,QSAR-TID-101301,1,active,False,False,False,metadata:not_binary;n_samples_out_of_range;n_features_out_of_range;too_many_cells;meta_missing:MinorityClassSize
4106,QSAR-TID-17113,1,active,False,False,False,metadata:not_binary;n_samples_out_of_range;n_features_out_of_range;meta_missing:MinorityClassSize
4107,QSAR-TID-11049,1,active,False,False,False,metadata:not_binary;n_samples_out_of_range;n_features_out_of_range;meta_missing:MinorityClassSize
4108,QSAR-TID-17107,1,active,False,False,False,metadata:not_binary;n_features_out_of_range;too_many_cells;meta_missing:MinorityClassSize
4109,QSAR-TID-101312,1,active,False,False,False,metadata:not_binary;n_samples_out_of_range;n_features_out_of_range;meta_missing:MinorityClassSize
4110,QSAR-TID-11896,1,active,False,False,False,metadata:not_binary;n_samples_out_of_range;n_features_out_of_range;meta_missing:MinorityClassSize
4111,QSAR-TID-76,1,active,False,False,False,metadata:not_binary;n_features_out_of_range;too_many_cells;meta_missing:MinorityClassSize
4112,QSAR-TID-100906,1,active,False,False,False,metadata:not_binary;n_samples_out_of_range;n_features_out_of_range;meta_missing:MinorityClassSize
4113,QSAR-TID-10274,1,active,False,False,False,metadata:not_binary;n_features_out_of_range;too_many_cells;meta_missing:MinorityClassSize
4114,QSAR-TID-10548,1,active,False,False,False,metadata:not_binary;n_features_out_of_range;too_many_cells;meta_missing:MinorityClassSize
4115,QSAR-TID-108,1,active,False,False,False,metadata:not_binary;n_features_out_of_range;too_many_cells;meta_missing:MinorityClassSize
4116,QSAR-TID-12828,1,active,False,False,False,metadata:not_binary;n_samples_out_of_range;n_features_out_of_range;meta_missing:MinorityClassSize
4117,QSAR-TID-10621,1,active,False,False,False,metadata:not_binary;n_samples_out_of_range;n_features_out_of_range;meta_missing:MinorityClassSize
4118,QSAR-TID-11780,1,active,False,False,False,metadata:not_binary;n_samples_out_of_range;n_features_out_of_range;meta_missing:MinorityClassSize
4119,QSAR-TID-30043,1,active,False,False,False,metadata:not_binary;n_features_out_of_range;too_many_cells;meta_missing:MinorityClassSize
4120,QSAR-TID-10473,1,active,False,False,False,metadata:not_binary;n_features_out_of_range;too_many_cells;meta_missing:MinorityClassSize
4121,QSAR-TID-10682,1,active,False,False,False,metadata:not_binary;n_samples_out_of_range;n_features_out_of_range;meta_missing:MinorityClassSize
4122,QSAR-TID-138,1,active,False,False,False,metadata:not_binary;n_features_out_of_range;too_many_cells;meta_missing:MinorityClassSize
4123,QSAR-TID-101332,1,active,False,False,False,metadata:not_binary;n_samples_out_of_range;n_features_out_of_range;meta_missing:MinorityClassSize
4124,QSAR-TID-56,1,active,False,False,False,metadata:not_binary;n_features_out_of_range;too_many_cells;meta_missing:MinorityClassSize
4125,QSAR-TID-11784,1,active,False,False,False,metadata:not_binary;n_samples_out_of_range;n_features_out_of_range;meta_missing:MinorityClassSize
4126,QSAR-TID-271,1,active,False,False,False,metadata:not_binary;n_features_out_of_range;too_many_cells;meta_missing:MinorityClassSize
4127,QSAR-TID-30004,1,active,False,False,False,metadata:not_binary;n_samples_out_of_range;n_features_out_of_range;meta_missing:MinorityClassSize
4128,QSAR-TID-10803,1,active,False,False,False,metadata:not_binary;n_samples_out_of_range;n_features_out_of_range;meta_missing:MinorityClassSize
4129,QSAR-TID-12327,1,active,False,False,False,metadata:not_binary;n_samples_out_of_range;n_features_out_of_range;meta_missing:MinorityClassSize
4130,QSAR-TID-10962,1,active,False,False,False,metadata:not_binary;n_samples_out_of_range;n_features_out_of_range;meta_missing:MinorityClassSize
4131,QSAR-TID-101276,1,active,False,False,False,metadata:not_binary;n_samples_out_of_range;n_features_out_of_range;meta_missing:MinorityClassSize
4133,kdd_internet_usage,2,active,False,False,False,metadata:meta_missing:NumberOfClasses;has_missing_values;non_numeric_features;n_samples_out_of_range;too_many_cells;meta_missing:MinorityClassSize
4134,Bioresponse,1,active,False,False,False,metadata:n_features_out_of_range;too_many_cells
4135,Amazon_employee_access,1,active,False,False,False,metadata:non_numeric_features;n_samples_out_of_range;too_many_cells
4136,Dexter,1,active,False,False,False,metadata:n_features_out_of_range;too_many_cells
4137,Dorothea,1,active,False,False,False,metadata:n_features_out_of_range;too_many_cells
4138,DBpedia(YAGO).arff,1,active,False,False,False,metadata:meta_missing:NumberOfClasses;non_numeric_features;n_samples_out_of_range;n_features_out_of_range;too_many_cells;meta_missing:MinorityClassSize
4139,Wikidata,1,active,False,False,False,metadata:meta_missing:NumberOfClasses;non_numeric_features;n_samples_out_of_range;n_features_out_of_range;too_many_cells;meta_missing:MinorityClassSize
4140,NELL,1,active,False,False,False,metadata:meta_missing:NumberOfClasses;non_numeric_features;n_samples_out_of_range;n_features_out_of_range;too_many_cells;meta_missing:MinorityClassSize
4153,Smartphone-Based_Recognition_of_Human_Activities,1,active,False,False,False,metadata:not_binary;non_numeric_features;n_samples_out_of_range
4154,CreditCardSubset,1,active,False,False,False,metadata:n_samples_out_of_range;too_many_cells;minority_too_small
4329,thoracic_surgery,1,active,False,False,False,metadata:non_numeric_features
4340,Engine1,1,active,False,False,False,metadata:not_binary;minority_too_small
4353,Concrete_Data,1,active,False,False,False,metadata:meta_missing:NumberOfClasses;meta_missing:MinorityClassSize
4531,parkinsons-telemonitoring,1,active,False,False,False,metadata:meta_missing:NumberOfClasses;n_samples_out_of_range;meta_missing:MinorityClassSize
4532,higgs,1,active,False,False,False,metadata:not_binary;has_missing_values;n_samples_out_of_range;too_many_cells;meta_missing:MinorityClassSize
4533,KEGGMetabolicReactionNetwork,1,active,False,False,False,metadata:meta_missing:NumberOfClasses;non_numeric_features;n_samples_out_of_range;too_many_cells;meta_missing:MinorityClassSize
4534,PhishingWebsites,1,active,False,False,False,metadata:non_numeric_features;n_samples_out_of_range;too_many_cells
4535,Census-Income,1,active,False,False,False,metadata:meta_missing:NumberOfClasses;non_numeric_features;n_samples_out_of_range;too_many_cells;meta_missing:MinorityClassSize
4537,GesturePhaseSegmentationRAW,1,active,False,False,False,metadata:meta_missing:NumberOfClasses;meta_missing:NumberOfMissingValues;meta_missing:NumberOfSymbolicFeatures;meta_missing:NumberOfInstances;meta_missing:NumberOfFeatures;meta_missing:MinorityClassSize
4538,GesturePhaseSegmentationProcessed,1,active,False,False,False,metadata:not_binary;n_samples_out_of_range;too_many_cells
4540,ParkinsonSpeechDatasetwithMultipleTypesofSoundRecordings,1,active,False,False,False,metadata:meta_missing:NumberOfClasses;meta_missing:MinorityClassSize
4541,Diabetes130US,1,active,False,False,False,metadata:not_binary;non_numeric_features;n_samples_out_of_range;too_many_cells
4544,GeographicalOriginalofMusic,1,active,False,False,False,metadata:not_binary;n_features_out_of_range;meta_missing:MinorityClassSize
4545,OnlineNewsPopularity,1,active,False,False,False,metadata:not_binary;n_samples_out_of_range;too_many_cells;meta_missing:MinorityClassSize
4546,Plants,1,active,False,False,False,metadata:meta_missing:NumberOfClasses;meta_missing:NumberOfMissingValues;meta_missing:NumberOfSymbolicFeatures;meta_missing:NumberOfInstances;meta_missing:NumberOfFeatures;meta_missing:MinorityClassSize
4548,BuzzinsocialmediaTomsHardware,1,active,False,False,False,metadata:meta_missing:NumberOfClasses;n_samples_out_of_range;too_many_cells;meta_missing:MinorityClassSize
4549,Buzzinsocialmedia_Twitter,1,active,False,False,False,metadata:not_binary;n_samples_out_of_range;too_many_cells;meta_missing:MinorityClassSize
4551,WaveformDatabaseGenerator,1,active,False,False,False,metadata:meta_missing:NumberOfClasses;meta_missing:MinorityClassSize
4552,BachChoralHarmony,1,active,False,False,False,metadata:not_binary;non_numeric_features;n_samples_out_of_range;minority_too_small
4553,TurkiyeStudentEvaluation,1,active,False,False,False,metadata:meta_missing:NumberOfClasses;n_samples_out_of_range;too_many_cells;meta_missing:MinorityClassSize
4562,InternetUsage,1,active,False,False,False,metadata:meta_missing:NumberOfClasses;meta_missing:NumberOfMissingValues;meta_missing:NumberOfSymbolicFeatures;meta_missing:NumberOfInstances;meta_missing:NumberOfFeatures;meta_missing:MinorityClassSize
4563,SpokenArabicDigit,1,active,False,False,False,metadata:meta_missing:NumberOfClasses;has_missing_values;n_samples_out_of_range;too_many_cells;meta_missing:MinorityClassSize
5587,COMET_MC,1,active,False,False,False,metadata:not_binary;n_samples_out_of_range;too_many_cells;meta_missing:MinorityClassSize
5648,COMET_MC,2,active,False,False,False,metadata:not_binary;n_samples_out_of_range;too_many_cells;meta_missing:MinorityClassSize
5889,COMET_MC,3,active,False,False,False,metadata:not_binary;n_samples_out_of_range;too_many_cells;meta_missing:MinorityClassSize
6331,LoanDefaultPrediction,1,active,False,False,False,metadata:not_binary;has_missing_values;non_numeric_features;n_samples_out_of_range;n_features_out_of_range;too_many_cells;meta_missing:MinorityClassSize
6332,cylinder-bands,2,active,False,False,False,metadata:has_missing_values;non_numeric_features
23380,cjs,3,active,False,False,False,metadata:not_binary;has_missing_values;non_numeric_features
23381,dresses-sales,2,active,False,False,False,metadata:has_missing_values;non_numeric_features
23383,SensorDataResource,1,active,False,False,False,metadata:meta_missing:NumberOfClasses;non_numeric_features;n_samples_out_of_range;too_many_cells;meta_missing:MinorityClassSize
23394,COMET_MC_SAMPLE,1,active,False,False,False,metadata:meta_missing:NumberOfClasses;n_samples_out_of_range;too_many_cells;meta_missing:MinorityClassSize
23395,COMET_MC_SAMPLE,2,active,False,False,False,metadata:not_binary;n_samples_out_of_range;too_many_cells;meta_missing:MinorityClassSize
23396,COMET_MC_SAMPLE,3,active,False,False,False,metadata:meta_missing:NumberOfClasses;n_samples_out_of_range;too_many_cells;meta_missing:MinorityClassSize
23397,COMET_MC_SAMPLE,4,active,False,False,False,metadata:not_binary;n_samples_out_of_range;too_many_cells;meta_missing:MinorityClassSize
23420,yagoSchema.ttl,4,active,False,False,False,metadata:meta_missing:NumberOfClasses;n_samples_out_of_range;meta_missing:MinorityClassSize
23499,breast-cancer-dropped-missing-attributes-values,1,active,False,False,False,metadata:non_numeric_features
23512,higgs,2,active,False,False,False,metadata:has_missing_values;n_samples_out_of_range;too_many_cells
23513,KDD98,1,active,False,False,False,metadata:not_binary;has_missing_values;non_numeric_features;n_samples_out_of_range;n_features_out_of_range;too_many_cells;meta_missing:MinorityClassSize
23515,sulfur,1,active,False,False,False,metadata:not_binary;n_samples_out_of_range;meta_missing:MinorityClassSize
23516,debutanizer,1,active,False,False,False,metadata:not_binary;meta_missing:MinorityClassSize
23517,numerai28.6,2,active,False,False,False,metadata:n_samples_out_of_range;too_many_cells
40474,thyroid-allbp,1,active,False,False,False,metadata:not_binary;non_numeric_features
40475,thyroid-allhyper,1,active,False,False,False,metadata:not_binary;non_numeric_features
40476,thyroid-allhypo,1,active,False,False,False,metadata:not_binary;non_numeric_features
40477,thyroid-allrep,1,active,False,False,False,metadata:not_binary;non_numeric_features
40478,thyroid-dis,1,active,False,False,False,metadata:not_binary;non_numeric_features
40496,LED-display-domain-7digit,1,active,False,False,False,metadata:not_binary
40497,thyroid-ann,1,active,False,False,False,metadata:not_binary
40498,wine-quality-white,1,active,False,False,False,metadata:not_binary;minority_too_small
40499,texture,1,active,False,False,False,metadata:not_binary;n_samples_out_of_range;too_many_cells
40505,treepipit,1,active,False,False,False,metadata:not_binary;n_samples_out_of_range;meta_missing:MinorityClassSize
40514,BNG(credit-g),2,active,False,False,False,metadata:non_numeric_features;n_samples_out_of_range;too_many_cells
40515,BNG(spambase),2,active,False,False,False,metadata:non_numeric_features;n_samples_out_of_range;too_many_cells
40516,BNG(optdigits),2,active,False,False,False,metadata:not_binary;non_numeric_features;n_samples_out_of_range;too_many_cells
40517,20_newsgroups.drift,2,active,False,False,False,metadata:non_numeric_features;n_samples_out_of_range;n_features_out_of_range;too_many_cells
40518,BNG(ionosphere),2,active,False,False,False,metadata:non_numeric_features;n_samples_out_of_range;too_many_cells
40519,BNG(segment),2,active,False,False,False,metadata:not_binary;non_numeric_features;n_samples_out_of_range;too_many_cells
40520,BNG(anneal),2,active,False,False,False,metadata:not_binary;non_numeric_features;n_samples_out_of_range;too_many_cells
40536,SpeedDating,1,active,False,False,False,metadata:has_missing_values;non_numeric_features;n_samples_out_of_range;n_features_out_of_range;too_many_cells
40588,birds,3,active,False,False,False,metadata:non_numeric_features;n_features_out_of_range;too_many_cells;minority_too_small
40589,emotions,3,active,False,False,False,metadata:non_numeric_features
40590,enron,2,active,False,False,False,metadata:non_numeric_features;n_features_out_of_range;too_many_cells;minority_too_small
40591,genbase,2,active,False,False,False,metadata:non_numeric_features;n_features_out_of_range;too_many_cells
40592,image,2,active,False,False,False,metadata:non_numeric_features;n_features_out_of_range;too_many_cells
40593,langLog,1,active,False,False,False,metadata:non_numeric_features;n_features_out_of_range;too_many_cells;minority_too_small
40594,reuters,2,active,False,False,False,metadata:non_numeric_features;n_features_out_of_range;too_many_cells
40595,scene,4,active,False,False,False,metadata:non_numeric_features;n_features_out_of_range;too_many_cells
40596,slashdot,3,active,False,False,False,metadata:non_numeric_features;n_features_out_of_range;too_many_cells
40597,yeast,4,active,False,False,False,metadata:non_numeric_features;n_features_out_of_range;too_many_cells
40598,XYZ,1,active,False,False,False,metadata:meta_missing:NumberOfClasses;non_numeric_features;n_samples_out_of_range;too_many_cells;meta_missing:MinorityClassSize
40601,RAM_price,1,active,False,False,False,metadata:not_binary;meta_missing:MinorityClassSize
40645,GAMETES_Epistasis_2-Way_1000atts_0.4H_EDM-1_EDM-1_1,1,active,False,False,False,metadata:non_numeric_features;n_features_out_of_range;too_many_cells
40646,GAMETES_Epistasis_2-Way_20atts_0.1H_EDM-1_1,1,active,False,False,False,metadata:non_numeric_features
40647,GAMETES_Epistasis_2-Way_20atts_0.4H_EDM-1_1,1,active,False,False,False,metadata:non_numeric_features
40648,GAMETES_Epistasis_3-Way_20atts_0.2H_EDM-1_1,1,active,False,False,False,metadata:non_numeric_features
40649,GAMETES_Heterogeneity_20atts_1600_Het_0.4_0.2_50_EDM-2_001,1,active,False,False,False,metadata:non_numeric_features
40650,GAMETES_Heterogeneity_20atts_1600_Het_0.4_0.2_75_EDM-2_001,1,active,False,False,False,metadata:non_numeric_features
40660,analcatdata_fraud,1,active,False,False,False,metadata:non_numeric_features;n_samples_out_of_range;minority_too_small
40663,calendarDOW,1,active,False,False,False,metadata:not_binary;non_numeric_features
40664,car-evaluation,1,active,False,False,False,metadata:not_binary;non_numeric_features
40665,clean1,1,active,False,False,False,metadata:n_features_out_of_range
40666,clean2,1,active,False,False,False,metadata:n_samples_out_of_range;n_features_out_of_range;too_many_cells
40668,connect-4,2,active,False,False,False,metadata:not_binary;non_numeric_features;n_samples_out_of_range;too_many_cells
40669,corral,1,active,False,False,False,metadata:non_numeric_features;n_samples_out_of_range
40670,dna,1,active,False,False,False,metadata:not_binary;non_numeric_features;n_features_out_of_range;too_many_cells
40671,ecoli,3,active,False,False,False,metadata:not_binary;minority_too_small
40672,fars,1,active,False,False,False,metadata:not_binary;non_numeric_features;n_samples_out_of_range;too_many_cells;minority_too_small
40677,led24,1,active,False,False,False,metadata:not_binary;non_numeric_features
40678,led7,1,active,False,False,False,metadata:not_binary;non_numeric_features
40680,mofn-3-7-10,1,active,False,False,False,metadata:non_numeric_features
40681,mux6,1,active,False,False,False,metadata:non_numeric_features;n_samples_out_of_range
40682,thyroid-new,1,active,False,False,False,metadata:not_binary
40683,postoperative-patient-data,3,active,False,False,False,metadata:non_numeric_features;n_samples_out_of_range;minority_too_small
40685,shuttle,1,active,False,False,False,metadata:not_binary;n_samples_out_of_range;too_many_cells;minority_too_small
40686,solar-flare,3,active,False,False,False,metadata:not_binary;non_numeric_features;minority_too_small
40687,solar-flare,4,active,False,False,False,metadata:not_binary;non_numeric_features
40690,threeOf9,1,active,False,False,False,metadata:non_numeric_features
40691,wine-quality-red,1,active,False,False,False,metadata:not_binary;minority_too_small
40693,xd6,1,active,False,False,False,metadata:non_numeric_features
40700,cars1,1,active,False,False,False,metadata:not_binary;non_numeric_features
40701,churn,1,active,False,False,False,metadata:non_numeric_features
40702,solar-flare,5,active,False,False,False,metadata:non_numeric_features
40704,Titanic,2,active,True,True,False,duplicate_rate_too_high
40705,tokyo1,1,active,False,False,False,metadata:non_numeric_features
40706,parity5_plus_5,1,active,False,False,False,metadata:non_numeric_features
40707,allbp,1,active,False,False,False,metadata:not_binary;non_numeric_features;minority_too_small
40708,allrep,1,active,False,False,False,metadata:not_binary;non_numeric_features
40709,analcatdata_happiness,1,active,False,False,False,metadata:not_binary;non_numeric_features;n_samples_out_of_range;minority_too_small
40710,cleve,1,active,False,False,False,metadata:non_numeric_features
40711,cleveland-nominal,1,active,False,False,False,metadata:not_binary;non_numeric_features;minority_too_small
40713,dis,1,active,False,False,False,metadata:non_numeric_features
40714,parity5,1,active,False,False,False,metadata:non_numeric_features;n_samples_out_of_range;minority_too_small
40728,Ceres-discovery-data,1,active,False,False,False,metadata:meta_missing:NumberOfClasses;has_missing_values;n_samples_out_of_range;meta_missing:MinorityClassSize
40729,olympic-marathon-men,1,active,False,False,False,metadata:meta_missing:NumberOfClasses;n_samples_out_of_range;n_features_out_of_range;meta_missing:MinorityClassSize
40753,delays_zurich_transport,1,active,False,False,False,metadata:not_binary;has_missing_values;n_samples_out_of_range;too_many_cells;meta_missing:MinorityClassSize
40864,Honey_bee_Seasonal_mortality,1,active,False,False,False,metadata:meta_missing:NumberOfClasses;non_numeric_features;too_many_cells;meta_missing:MinorityClassSize
40869,pathogen_survey_dataset,3,active,False,False,False,metadata:meta_missing:NumberOfClasses;non_numeric_features;meta_missing:MinorityClassSize
40900,Satellite,1,active,False,False,False,metadata:n_samples_out_of_range;too_many_cells
40910,Speech,1,active,False,False,False,metadata:n_features_out_of_range;too_many_cells
40916,HappinessRank_2015,1,active,False,False,False,metadata:not_binary;non_numeric_features;n_samples_out_of_range;meta_missing:MinorityClassSize
40918,Climate,1,active,False,False,False,metadata:meta_missing:NumberOfClasses;has_missing_values;n_samples_out_of_range;too_many_cells;meta_missing:MinorityClassSize
40920,Climate,2,active,False,False,False,metadata:meta_missing:NumberOfClasses;has_missing_values;n_samples_out_of_range;too_many_cells;meta_missing:MinorityClassSize
40922,Run_or_walk_information,1,active,False,False,False,metadata:n_samples_out_of_range;too_many_cells
40923,Devnagari-Script,1,active,False,False,False,metadata:not_binary;n_samples_out_of_range;n_features_out_of_range;too_many_cells
40926,CIFAR_10_small,1,active,False,False,False,metadata:not_binary;n_samples_out_of_range;n_features_out_of_range;too_many_cells
40927,CIFAR_10,1,active,False,False,False,metadata:not_binary;n_samples_out_of_range;n_features_out_of_range;too_many_cells
40945,Titanic,1,active,False,False,False,metadata:has_missing_values;non_numeric_features
40966,MiceProtein,4,active,False,False,False,metadata:not_binary;has_missing_values;non_numeric_features
40967,feedback,1,active,False,False,False,metadata:meta_missing:NumberOfClasses;n_samples_out_of_range;meta_missing:MinorityClassSize
40969,feedback_1,1,active,False,False,False,metadata:meta_missing:NumberOfClasses;n_samples_out_of_range;meta_missing:MinorityClassSize
40971,collins,4,active,False,False,False,metadata:not_binary;non_numeric_features;minority_too_small
40975,car,3,active,False,False,False,metadata:not_binary;non_numeric_features
40976,Bike,1,active,False,False,False,metadata:meta_missing:NumberOfClasses;meta_missing:MinorityClassSize
40978,Internet-Advertisements,2,active,False,False,False,metadata:non_numeric_features;n_features_out_of_range;too_many_cells
40979,mfeat-pixel,3,active,False,False,False,metadata:not_binary;n_features_out_of_range;too_many_cells
40981,Australian,4,active,False,False,False,metadata:non_numeric_features
40982,steel-plates-fault,3,active,False,False,False,metadata:not_binary
40983,wilt,2,active,True,True,True,
40984,segment,3,active,False,False,False,metadata:not_binary
40985,tamilnadu-electricity,3,active,False,False,False,metadata:not_binary;non_numeric_features;n_samples_out_of_range
40992,sylva_agnostic,2,active,False,False,False,metadata:meta_missing:NumberOfClasses;non_numeric_features;n_samples_out_of_range;n_features_out_of_range;too_many_cells;meta_missing:MinorityClassSize
40993,ada_agnostic,2,active,False,False,False,metadata:meta_missing:NumberOfClasses;non_numeric_features;too_many_cells;meta_missing:MinorityClassSize
40994,climate-model-simulation-crashes,4,active,True,True,True,
40996,Fashion-MNIST,1,active,False,False,False,metadata:not_binary;n_samples_out_of_range;n_features_out_of_range;too_many_cells
40997,jungle_chess_2pcs_endgame_panther_lion,1,active,False,False,False,metadata:not_binary;non_numeric_features;too_many_cells
40998,jungle_chess_2pcs_endgame_panther_lion,2,active,False,False,False,metadata:not_binary;non_numeric_features;too_many_cells
40999,jungle_chess_2pcs_endgame_elephant_elephant,1,active,False,False,False,metadata:non_numeric_features
41000,jungle_chess_2pcs_endgame_panther_elephant,1,active,False,False,False,metadata:not_binary;non_numeric_features;too_many_cells
41001,jungle_chess_2pcs_endgame_complete,1,active,False,False,False,metadata:not_binary;has_missing_values;non_numeric_features;n_samples_out_of_range;too_many_cells
41002,jungle_chess_2pcs_endgame_rat_panther,1,active,False,False,False,metadata:not_binary;has_missing_values;non_numeric_features;n_samples_out_of_range;too_many_cells
41003,jungle_chess_2pcs_endgame_rat_elephant,1,active,False,False,False,metadata:not_binary;has_missing_values;non_numeric_features;n_samples_out_of_range;too_many_cells
41004,jungle_chess_2pcs_endgame_lion_elephant,1,active,False,False,False,metadata:not_binary;non_numeric_features;too_many_cells
41005,jungle_chess_2pcs_endgame_rat_rat,1,active,False,False,False,metadata:non_numeric_features;too_many_cells
41006,jungle_chess_2pcs_endgame_rat_lion,1,active,False,False,False,metadata:not_binary;has_missing_values;non_numeric_features;n_samples_out_of_range;too_many_cells
41007,jungle_chess_2pcs_endgame_lion_lion,1,active,False,False,False,metadata:non_numeric_features
41021,Moneyball,2,active,False,False,False,metadata:not_binary;has_missing_values;non_numeric_features;meta_missing:MinorityClassSize
41022,Short_Track_Speed_Skating,2,active,False,False,False,metadata:not_binary;has_missing_values;non_numeric_features;n_samples_out_of_range;meta_missing:MinorityClassSize
41026,gisette,2,active,False,False,False,metadata:n_samples_out_of_range;n_features_out_of_range;too_many_cells
41027,jungle_chess_2pcs_raw_endgame_complete,1,active,False,False,False,metadata:not_binary;n_samples_out_of_range;too_many_cells
41039,EMNIST_Balanced,1,active,False,False,False,metadata:not_binary;n_samples_out_of_range;n_features_out_of_range;too_many_cells
41065,mnist_rotation,1,active,False,False,False,metadata:not_binary;n_samples_out_of_range;n_features_out_of_range;too_many_cells;meta_missing:MinorityClassSize
41081,SVHN,1,active,False,False,False,metadata:not_binary;n_samples_out_of_range;n_features_out_of_range;too_many_cells
41082,USPS,2,active,False,False,False,metadata:not_binary;n_samples_out_of_range;n_features_out_of_range;too_many_cells
41083,Olivetti_Faces,1,active,False,False,False,metadata:not_binary;n_features_out_of_range;too_many_cells;minority_too_small
41084,UMIST_Faces_Cropped,1,active,False,False,False,metadata:not_binary;n_features_out_of_range;too_many_cells;minority_too_small
41091,spellman_yeast,1,active,False,False,False,metadata:meta_missing:NumberOfClasses;has_missing_values;n_samples_out_of_range;too_many_cells;meta_missing:MinorityClassSize
41103,STL-10,1,active,False,False,False,metadata:not_binary;n_samples_out_of_range;n_features_out_of_range;too_many_cells
41138,APSFailure,1,active,False,False,False,metadata:has_missing_values;n_samples_out_of_range;n_features_out_of_range;too_many_cells
41142,christine,1,active,False,False,False,metadata:non_numeric_features;n_samples_out_of_range;n_features_out_of_range;too_many_cells
41143,jasmine,1,active,False,False,False,metadata:non_numeric_features;n_features_out_of_range;too_many_cells
41144,madeline,1,active,False,False,False,metadata:n_features_out_of_range;too_many_cells
41145,philippine,1,active,False,False,False,metadata:n_samples_out_of_range;n_features_out_of_range;too_many_cells
41146,sylvine,1,active,False,False,False,metadata:n_samples_out_of_range
41147,albert,1,active,False,False,False,metadata:has_missing_values;non_numeric_features;n_samples_out_of_range;too_many_cells
41150,MiniBooNE,1,active,False,False,False,metadata:n_samples_out_of_range;too_many_cells
41156,ada,1,active,False,False,False,metadata:too_many_cells
41157,arcene,2,active,False,False,False,metadata:n_samples_out_of_range;n_features_out_of_range;too_many_cells
41158,gina,1,active,False,False,False,metadata:n_features_out_of_range;too_many_cells
41159,guillermo,1,active,False,False,False,metadata:n_samples_out_of_range;n_features_out_of_range;too_many_cells
41160,rl,1,active,False,False,False,metadata:has_missing_values;non_numeric_features;n_samples_out_of_range;too_many_cells
41161,riccardo,1,active,False,False,False,metadata:n_samples_out_of_range;n_features_out_of_range;too_many_cells
41162,kick,1,active,False,False,False,metadata:has_missing_values;non_numeric_features;n_samples_out_of_range;too_many_cells
41163,dilbert,1,active,False,False,False,metadata:not_binary;n_samples_out_of_range;n_features_out_of_range;too_many_cells
41164,fabert,1,active,False,False,False,metadata:not_binary;n_samples_out_of_range;n_features_out_of_range;too_many_cells
41165,robert,1,active,False,False,False,metadata:not_binary;n_samples_out_of_range;n_features_out_of_range;too_many_cells
41166,volkert,1,active,False,False,False,metadata:not_binary;n_samples_out_of_range;n_features_out_of_range;too_many_cells
41167,dionis,1,active,False,False,False,metadata:not_binary;n_samples_out_of_range;too_many_cells
41168,jannis,1,active,False,False,False,metadata:not_binary;n_samples_out_of_range;too_many_cells
41169,helena,1,active,False,False,False,metadata:not_binary;n_samples_out_of_range;too_many_cells
41170,TUPRASBoilerData,1,active,False,False,False,metadata:meta_missing:NumberOfClasses;has_missing_values;n_samples_out_of_range;too_many_cells;meta_missing:MinorityClassSize
41187,mauna-loa-atmospheric-co2,1,active,False,False,False,metadata:not_binary;meta_missing:MinorityClassSize
41190,cwurData,1,active,False,False,False,metadata:meta_missing:NumberOfClasses;has_missing_values;meta_missing:MinorityClassSize
41197,ozone,1,active,False,False,False,metadata:not_binary;has_missing_values;non_numeric_features;meta_missing:MinorityClassSize
41199,Students,1,active,False,False,False,metadata:meta_missing:NumberOfClasses;n_samples_out_of_range;too_many_cells;meta_missing:MinorityClassSize
41214,freMTPL2freq,1,active,False,False,False,metadata:meta_missing:NumberOfClasses;non_numeric_features;n_samples_out_of_range;too_many_cells;meta_missing:MinorityClassSize
41215,freMTPL2sev,1,active,False,False,False,metadata:meta_missing:NumberOfClasses;n_samples_out_of_range;n_features_out_of_range;meta_missing:MinorityClassSize
41228,Klaverjas2018,1,active,False,False,False,metadata:n_samples_out_of_range;too_many_cells
41265,Titanic,4,active,False,False,False,metadata:not_binary;meta_missing:MinorityClassSize
41275,wine-reviews,1,active,False,False,False,metadata:not_binary;has_missing_values;non_numeric_features;n_samples_out_of_range;too_many_cells;meta_missing:MinorityClassSize
41430,DiabeticMellitus,1,active,False,False,False,metadata:has_missing_values
41434,Click_prediction_small,8,active,False,False,False,metadata:non_numeric_features;n_samples_out_of_range;too_many_cells
41440,okcupid-stem,2,active,False,False,False,metadata:not_binary;has_missing_values;non_numeric_features;n_samples_out_of_range;too_many_cells
41463,sarcasm_detection,1,active,False,False,False,metadata:not_binary;n_samples_out_of_range;n_features_out_of_range;meta_missing:MinorityClassSize
41464,birds,4,active,False,False,False,metadata:meta_missing:NumberOfClasses;non_numeric_features;n_features_out_of_range;too_many_cells;meta_missing:MinorityClassSize
41465,emotions,4,active,False,False,False,metadata:meta_missing:NumberOfClasses;non_numeric_features;meta_missing:MinorityClassSize
41466,enron,3,active,False,False,False,metadata:meta_missing:NumberOfClasses;non_numeric_features;n_features_out_of_range;too_many_cells;meta_missing:MinorityClassSize
41467,genbase,3,active,False,False,False,metadata:meta_missing:NumberOfClasses;non_numeric_features;n_features_out_of_range;too_many_cells;meta_missing:MinorityClassSize
41468,image,3,active,False,False,False,metadata:meta_missing:NumberOfClasses;non_numeric_features;n_features_out_of_range;too_many_cells;meta_missing:MinorityClassSize
41469,langLog,2,active,False,False,False,metadata:meta_missing:NumberOfClasses;non_numeric_features;n_features_out_of_range;too_many_cells;meta_missing:MinorityClassSize
41470,reuters,3,active,False,False,False,metadata:meta_missing:NumberOfClasses;non_numeric_features;n_features_out_of_range;too_many_cells;meta_missing:MinorityClassSize
41471,scene,5,active,False,False,False,metadata:meta_missing:NumberOfClasses;non_numeric_features;n_features_out_of_range;too_many_cells;meta_missing:MinorityClassSize
41472,slashdot,4,active,False,False,False,metadata:meta_missing:NumberOfClasses;non_numeric_features;n_features_out_of_range;too_many_cells;meta_missing:MinorityClassSize
41473,yeast,8,active,False,False,False,metadata:meta_missing:NumberOfClasses;non_numeric_features;n_features_out_of_range;too_many_cells;meta_missing:MinorityClassSize
41474,andro,2,active,False,False,False,metadata:meta_missing:NumberOfClasses;n_samples_out_of_range;meta_missing:MinorityClassSize
41475,atp1d,2,active,False,False,False,metadata:meta_missing:NumberOfClasses;n_features_out_of_range;meta_missing:MinorityClassSize
41476,atp7d,2,active,False,False,False,metadata:meta_missing:NumberOfClasses;n_features_out_of_range;meta_missing:MinorityClassSize
41477,edm,2,active,False,False,False,metadata:meta_missing:NumberOfClasses;n_samples_out_of_range;meta_missing:MinorityClassSize
41478,enb,2,active,False,False,False,metadata:meta_missing:NumberOfClasses;meta_missing:MinorityClassSize
41479,jura,2,active,False,False,False,metadata:meta_missing:NumberOfClasses;meta_missing:MinorityClassSize
41482,osales,2,active,False,False,False,metadata:meta_missing:NumberOfClasses;has_missing_values;n_features_out_of_range;too_many_cells;meta_missing:MinorityClassSize
41483,rf1,2,active,False,False,False,metadata:meta_missing:NumberOfClasses;has_missing_values;n_samples_out_of_range;too_many_cells;meta_missing:MinorityClassSize
41484,rf2,2,active,False,False,False,metadata:meta_missing:NumberOfClasses;has_missing_values;n_samples_out_of_range;n_features_out_of_range;too_many_cells;meta_missing:MinorityClassSize
41485,scm1d,2,active,False,False,False,metadata:meta_missing:NumberOfClasses;n_samples_out_of_range;n_features_out_of_range;too_many_cells;meta_missing:MinorityClassSize
41486,scm20d,2,active,False,False,False,metadata:meta_missing:NumberOfClasses;n_samples_out_of_range;too_many_cells;meta_missing:MinorityClassSize
41487,scpf,2,active,False,False,False,metadata:meta_missing:NumberOfClasses;has_missing_values;meta_missing:MinorityClassSize
41488,sf1,2,active,False,False,False,metadata:meta_missing:NumberOfClasses;non_numeric_features;meta_missing:MinorityClassSize
41489,sf2,2,active,False,False,False,metadata:meta_missing:NumberOfClasses;non_numeric_features;meta_missing:MinorityClassSize
41490,slump,2,active,False,False,False,metadata:meta_missing:NumberOfClasses;n_samples_out_of_range;meta_missing:MinorityClassSize
41491,wq,2,active,False,False,False,metadata:meta_missing:NumberOfClasses;meta_missing:MinorityClassSize
41492,youtube,2,active,False,False,False,metadata:meta_missing:NumberOfClasses;meta_missing:MinorityClassSize
41496,DRSongsLyrics,1,active,False,False,False,metadata:n_features_out_of_range
41506,NewFuelCar,1,active,False,False,False,metadata:not_binary;has_missing_values;n_samples_out_of_range;too_many_cells;meta_missing:MinorityClassSize
41510,iris,9,active,False,False,False,metadata:meta_missing:NumberOfClasses;n_samples_out_of_range;meta_missing:MinorityClassSize
41511,iris,10,active,False,False,False,metadata:not_binary;n_samples_out_of_range
41514,Diabetes(scikit-learn),1,active,False,False,False,metadata:not_binary;meta_missing:MinorityClassSize
41515,Diabetes(scikit-learn),2,active,False,False,False,metadata:not_binary;meta_missing:MinorityClassSize
41516,Diabetes(scikit-learn),3,active,False,False,False,metadata:not_binary;meta_missing:MinorityClassSize
41517,Diabetes(scikit-learn),4,active,False,False,False,metadata:not_binary;meta_missing:MinorityClassSize
41518,Diabetes(scikit-learn),5,active,False,False,False,metadata:not_binary;meta_missing:MinorityClassSize
41519,Diabetes(scikit-learn),6,active,False,False,False,metadata:not_binary;meta_missing:MinorityClassSize
41521,Weather,1,active,False,False,False,metadata:non_numeric_features;n_samples_out_of_range;minority_too_small
41523,test_dataset,3,active,False,False,False,metadata:not_binary;has_missing_values;n_samples_out_of_range;too_many_cells;meta_missing:MinorityClassSize
41524,test_dataset,4,active,False,False,False,metadata:not_binary;has_missing_values;n_samples_out_of_range;too_many_cells;meta_missing:MinorityClassSize
41525,test_dataset,5,active,False,False,False,metadata:not_binary;has_missing_values;n_samples_out_of_range;too_many_cells;meta_missing:MinorityClassSize
41526,test_dataset,6,active,False,False,False,metadata:has_missing_values;n_samples_out_of_range;too_many_cells
41533,Domainome,1,active,False,False,False,metadata:not_binary;has_missing_values;n_features_out_of_range;too_many_cells;minority_too_small
41538,conference_attendance,1,active,False,False,False,metadata:non_numeric_features
41539,rainfall_bangladesh,3,active,False,False,False,metadata:not_binary;non_numeric_features;n_samples_out_of_range;meta_missing:MinorityClassSize
41540,black_friday,1,active,False,False,False,metadata:not_binary;non_numeric_features;n_samples_out_of_range;too_many_cells;meta_missing:MinorityClassSize
41542,CD4,1,active,False,False,False,metadata:meta_missing:NumberOfClasses;n_samples_out_of_range;too_many_cells;meta_missing:MinorityClassSize
41544,Weather,2,active,False,False,False,metadata:non_numeric_features;n_samples_out_of_range;minority_too_small
41545,emotions,5,active,False,False,False,metadata:meta_missing:NumberOfClasses;non_numeric_features;meta_missing:MinorityClassSize
41546,image,4,active,False,False,False,metadata:meta_missing:NumberOfClasses;non_numeric_features;n_features_out_of_range;too_many_cells;meta_missing:MinorityClassSize
41547,reuters,4,active,False,False,False,metadata:meta_missing:NumberOfClasses;non_numeric_features;n_features_out_of_range;too_many_cells;meta_missing:MinorityClassSize
41548,scene,6,active,False,False,False,metadata:meta_missing:NumberOfClasses;non_numeric_features;n_features_out_of_range;too_many_cells;meta_missing:MinorityClassSize
41549,andro,3,active,False,False,False,metadata:meta_missing:NumberOfClasses;n_samples_out_of_range;meta_missing:MinorityClassSize
41550,atp1d,3,active,False,False,False,metadata:meta_missing:NumberOfClasses;n_features_out_of_range;meta_missing:MinorityClassSize
41551,atp7d,3,active,False,False,False,metadata:meta_missing:NumberOfClasses;n_features_out_of_range;meta_missing:MinorityClassSize
41552,edm,3,active,False,False,False,metadata:meta_missing:NumberOfClasses;n_samples_out_of_range;meta_missing:MinorityClassSize
41553,enb,3,active,False,False,False,metadata:meta_missing:NumberOfClasses;meta_missing:MinorityClassSize
41554,jura,3,active,False,False,False,metadata:meta_missing:NumberOfClasses;meta_missing:MinorityClassSize
41555,scpf,3,active,False,False,False,metadata:meta_missing:NumberOfClasses;has_missing_values;meta_missing:MinorityClassSize
41556,sf1,3,active,False,False,False,metadata:meta_missing:NumberOfClasses;non_numeric_features;meta_missing:MinorityClassSize
41557,sf2,3,active,False,False,False,metadata:meta_missing:NumberOfClasses;non_numeric_features;meta_missing:MinorityClassSize
41558,slump,3,active,False,False,False,metadata:meta_missing:NumberOfClasses;n_samples_out_of_range;meta_missing:MinorityClassSize
41559,youtube,3,active,False,False,False,metadata:meta_missing:NumberOfClasses;meta_missing:MinorityClassSize
41567,iris,11,active,False,False,False,metadata:meta_missing:NumberOfClasses;n_samples_out_of_range;meta_missing:MinorityClassSize
41568,iris,12,active,False,False,False,metadata:not_binary;n_samples_out_of_range
41582,iris,13,active,False,False,False,metadata:meta_missing:NumberOfClasses;n_samples_out_of_range;meta_missing:MinorityClassSize
41583,iris,14,active,False,False,False,metadata:not_binary;n_samples_out_of_range
41668,mj,1,active,False,False,False,metadata:meta_missing:NumberOfClasses;n_samples_out_of_range;n_features_out_of_range;meta_missing:MinorityClassSize
41669,mom,1,active,False,False,False,metadata:meta_missing:NumberOfClasses;n_samples_out_of_range;meta_missing:MinorityClassSize
41671,microaggregation2,1,active,False,False,False,metadata:not_binary;n_samples_out_of_range;too_many_cells
41672,airlines,2,active,False,False,False,metadata:non_numeric_features;n_samples_out_of_range;too_many_cells
41674,Weather,3,active,False,False,False,metadata:non_numeric_features;n_samples_out_of_range;minority_too_small
41675,Weather,4,active,False,False,False,metadata:non_numeric_features;n_samples_out_of_range;minority_too_small
41679,Weather,5,active,False,False,False,metadata:non_numeric_features;n_samples_out_of_range;minority_too_small
41680,Weather,6,active,False,False,False,metadata:non_numeric_features;n_samples_out_of_range;minority_too_small
41682,Weather,7,active,False,False,False,metadata:non_numeric_features;n_samples_out_of_range;minority_too_small
41684,Weather,8,active,False,False,False,metadata:non_numeric_features;n_samples_out_of_range;minority_too_small
41685,Weather,9,active,False,False,False,metadata:non_numeric_features;n_samples_out_of_range;minority_too_small
41700,CPMP-2015-regression,1,active,False,False,False,metadata:not_binary;non_numeric_features;meta_missing:MinorityClassSize
41701,CPMP-2015-classification,1,active,False,False,False,metadata:not_binary;non_numeric_features
41702,MIP-2016-regression,1,active,False,False,False,metadata:not_binary;non_numeric_features;n_features_out_of_range;too_many_cells;meta_missing:MinorityClassSize
41703,MIP-2016-classification,1,active,False,False,False,metadata:not_binary;non_numeric_features;n_features_out_of_range;minority_too_small
41704,ASP-POTASSCO-regression,1,active,False,False,False,metadata:not_binary;has_missing_values;non_numeric_features;n_samples_out_of_range;n_features_out_of_range;too_many_cells;meta_missing:MinorityClassSize
41705,ASP-POTASSCO-classification,1,active,False,False,False,metadata:not_binary;has_missing_values;non_numeric_features;n_features_out_of_range;too_many_cells;minority_too_small
41707,FOREX_usddkk-day-High,1,active,True,True,False,non_numeric_features
41708,FOREX_eurchf-minute-Close,1,active,False,False,False,metadata:n_samples_out_of_range;too_many_cells
41709,FOREX_audchf-hour-High,1,active,False,False,False,metadata:n_samples_out_of_range;too_many_cells
41710,FOREX_eurhkd-minute-High,1,active,False,False,False,metadata:n_samples_out_of_range;too_many_cells
41711,FOREX_eurusd-minute-Close,1,active,False,False,False,metadata:n_samples_out_of_range;too_many_cells
41712,FOREX_eurcad-hour-High,1,active,False,False,False,metadata:n_samples_out_of_range;too_many_cells
41713,FOREX_eurnzd-day-High,1,active,True,True,False,non_numeric_features
41714,FOREX_eurpln-minute-High,1,active,False,False,False,metadata:n_samples_out_of_range;too_many_cells
41715,FOREX_eurhuf-hour-High,1,active,False,False,False,metadata:n_samples_out_of_range;too_many_cells
41716,FOREX_eurcad-day-Close,1,active,True,True,False,non_numeric_features
41717,FOREX_usdjpy-minute-High,1,active,False,False,False,metadata:n_samples_out_of_range;too_many_cells
41718,FOREX_audjpy-hour-High,1,active,False,False,False,metadata:n_samples_out_of_range;too_many_cells
41719,FOREX_eurjpy-day-High,1,active,True,True,False,non_numeric_features
41720,FOREX_eurusd-day-High,1,active,True,True,False,non_numeric_features
41721,FOREX_audcad-day-High,1,active,True,True,False,non_numeric_features
41722,FOREX_usdjpy-day-Close,1,active,True,True,False,non_numeric_features
41723,FOREX_cadchf-hour-High,1,active,False,False,False,metadata:n_samples_out_of_range;too_many_cells
41724,FOREX_chfjpy-day-Close,1,active,True,True,False,non_numeric_features
41725,FOREX_eurcad-day-High,1,active,True,True,False,non_numeric_features
41726,FOREX_audusd-day-High,1,active,True,True,False,non_numeric_features
41727,FOREX_usdcad-hour-Close,1,active,False,False,False,metadata:n_samples_out_of_range;too_many_cells
41728,FOREX_cadjpy-minute-High,1,active,False,False,False,metadata:n_samples_out_of_range;too_many_cells
41729,FOREX_chfjpy-minute-Close,1,active,False,False,False,metadata:n_samples_out_of_range;too_many_cells
41730,FOREX_usdchf-day-High,1,active,True,True,False,non_numeric_features
41731,FOREX_eursek-day-High,1,active,True,True,False,non_numeric_features
41732,FOREX_usdjpy-minute-Close,1,active,False,False,False,metadata:n_samples_out_of_range;too_many_cells
41733,FOREX_eurhkd-day-High,1,active,True,True,False,non_numeric_features
41734,FOREX_eurpln-hour-Close,1,active,False,False,False,metadata:n_samples_out_of_range;too_many_cells
41735,FOREX_eurcad-minute-Close,1,active,False,False,False,metadata:n_samples_out_of_range;too_many_cells
41736,FOREX_eurhuf-hour-Close,1,active,False,False,False,metadata:n_samples_out_of_range;too_many_cells
41737,FOREX_audusd-day-Close,1,active,True,True,False,non_numeric_features
41738,FOREX_chfsgd-minute-High,1,active,False,False,False,metadata:n_samples_out_of_range;too_many_cells
41739,FOREX_eurhkd-hour-High,1,active,False,False,False,metadata:n_samples_out_of_range;too_many_cells
41740,FOREX_audchf-day-Close,1,active,True,True,False,non_numeric_features
41741,FOREX_eursgd-minute-High,1,active,False,False,False,metadata:n_samples_out_of_range;too_many_cells
41742,FOREX_eurgbp-hour-High,1,active,False,False,False,metadata:n_samples_out_of_range;too_many_cells
41743,FOREX_eurpln-minute-Close,1,active,False,False,False,metadata:n_samples_out_of_range;too_many_cells
41744,FOREX_eurrub-day-High,1,active,True,True,False,non_numeric_features
41745,FOREX_chfjpy-minute-High,1,active,False,False,False,metadata:n_samples_out_of_range;too_many_cells
41746,FOREX_cadchf-day-High,1,active,True,True,False,non_numeric_features
41747,FOREX_audnzd-minute-Close,1,active,False,False,False,metadata:n_samples_out_of_range;too_many_cells
41748,FOREX_usddkk-minute-Close,1,active,False,False,False,metadata:n_samples_out_of_range;too_many_cells
41749,FOREX_gbpusd-minute-High,1,active,False,False,False,metadata:n_samples_out_of_range;too_many_cells
41750,FOREX_eurhuf-day-Close,1,active,True,True,False,non_numeric_features
41751,FOREX_eurnok-minute-Close,1,active,False,False,False,metadata:n_samples_out_of_range;too_many_cells
41752,FOREX_eurjpy-minute-Close,1,active,False,False,False,metadata:n_samples_out_of_range;too_many_cells
41753,FOREX_usdcad-day-High,1,active,True,True,False,non_numeric_features
41754,FOREX_eurjpy-day-Close,1,active,True,True,False,non_numeric_features
41755,FOREX_cadchf-minute-Close,1,active,False,False,False,metadata:n_samples_out_of_range;too_many_cells
41756,FOREX_audsgd-day-High,1,active,True,True,False,non_numeric_features
41757,FOREX_usdchf-minute-Close,1,active,False,False,False,metadata:n_samples_out_of_range;too_many_cells
41758,FOREX_eursgd-hour-Close,1,active,False,False,False,metadata:n_samples_out_of_range;too_many_cells
41759,FOREX_eurtry-hour-High,1,active,False,False,False,metadata:n_samples_out_of_range;too_many_cells
41760,FOREX_eurhuf-day-High,1,active,True,True,False,non_numeric_features
41761,FOREX_eursek-minute-Close,1,active,False,False,False,metadata:n_samples_out_of_range;too_many_cells
41762,FOREX_audsgd-hour-Close,1,active,False,False,False,metadata:n_samples_out_of_range;too_many_cells
41763,FOREX_audcad-hour-High,1,active,False,False,False,metadata:n_samples_out_of_range;too_many_cells
41764,FOREX_gbpusd-day-High,1,active,True,True,False,non_numeric_features
41765,FOREX_eurtry-day-Close,1,active,True,True,False,non_numeric_features
41766,FOREX_eurgbp-day-High,1,active,True,True,False,non_numeric_features
41767,FOREX_cadjpy-hour-Close,1,active,False,False,False,metadata:n_samples_out_of_range;too_many_cells
41768,FOREX_eurnok-hour-High,1,active,False,False,False,metadata:n_samples_out_of_range;too_many_cells
41769,FOREX_audcad-day-Close,1,active,True,True,False,non_numeric_features
41770,FOREX_audjpy-minute-High,1,active,False,False,False,metadata:n_samples_out_of_range;too_many_cells
41771,FOREX_eurtry-minute-Close,1,active,False,False,False,metadata:n_samples_out_of_range;too_many_cells
41772,FOREX_audchf-minute-High,1,active,False,False,False,metadata:n_samples_out_of_range;too_many_cells
41773,FOREX_eurtry-hour-Close,1,active,False,False,False,metadata:n_samples_out_of_range;too_many_cells
41774,FOREX_eurhuf-minute-High,1,active,False,False,False,metadata:n_samples_out_of_range;too_many_cells
41775,FOREX_usdcad-minute-Close,1,active,False,False,False,metadata:n_samples_out_of_range;too_many_cells
41776,FOREX_eurhkd-minute-Close,1,active,False,False,False,metadata:n_samples_out_of_range;too_many_cells
41777,FOREX_eurjpy-hour-High,1,active,False,False,False,metadata:n_samples_out_of_range;too_many_cells
41778,FOREX_eurdkk-minute-High,1,active,False,False,False,metadata:n_samples_out_of_range;too_many_cells
41779,FOREX_eursek-hour-High,1,active,False,False,False,metadata:n_samples_out_of_range;too_many_cells
41780,FOREX_usdchf-hour-High,1,active,False,False,False,metadata:n_samples_out_of_range;too_many_cells
41781,FOREX_audcad-hour-Close,1,active,False,False,False,metadata:n_samples_out_of_range;too_many_cells
41782,FOREX_usdjpy-hour-Close,1,active,False,False,False,metadata:n_samples_out_of_range;too_many_cells
41783,FOREX_eurdkk-day-Close,1,active,True,True,False,non_numeric_features
41784,FOREX_gbpusd-day-Close,1,active,True,True,False,non_numeric_features
41785,FOREX_eurtry-day-High,1,active,True,True,False,non_numeric_features
41786,FOREX_eurgbp-minute-Close,1,active,False,False,False,metadata:n_samples_out_of_range;too_many_cells
41787,FOREX_eurpln-hour-High,1,active,False,False,False,metadata:n_samples_out_of_range;too_many_cells
41788,FOREX_audnzd-day-High,1,active,True,True,False,non_numeric_features
41789,FOREX_eurnzd-minute-High,1,active,False,False,False,metadata:n_samples_out_of_range;too_many_cells
41790,FOREX_cadjpy-day-Close,1,active,True,True,False,non_numeric_features
41791,FOREX_eurusd-day-Close,1,active,True,True,False,non_numeric_features
41792,FOREX_usdchf-hour-Close,1,active,False,False,False,metadata:n_samples_out_of_range;too_many_cells
41793,FOREX_eurjpy-minute-High,1,active,False,False,False,metadata:n_samples_out_of_range;too_many_cells
41794,FOREX_nzdusd-minute-Close,1,active,False,False,False,metadata:n_samples_out_of_range;too_many_cells
41795,FOREX_gbpusd-minute-Close,1,active,False,False,False,metadata:n_samples_out_of_range;too_many_cells
41796,FOREX_eurrub-minute-Close,1,active,False,False,False,metadata:n_samples_out_of_range;too_many_cells
41797,FOREX_usdjpy-day-High,1,active,True,True,False,non_numeric_features
41798,FOREX_usdcad-minute-High,1,active,False,False,False,metadata:n_samples_out_of_range;too_many_cells
41799,FOREX_eurhkd-hour-Close,1,active,False,False,False,metadata:n_samples_out_of_range;too_many_cells
41800,FOREX_cadjpy-minute-Close,1,active,False,False,False,metadata:n_samples_out_of_range;too_many_cells
41801,FOREX_eursgd-day-High,1,active,True,True,False,non_numeric_features
41802,FOREX_audcad-minute-High,1,active,False,False,False,metadata:n_samples_out_of_range;too_many_cells
41803,FOREX_eurchf-day-High,1,active,True,True,False,non_numeric_features
41804,FOREX_gbpusd-hour-Close,1,active,False,False,False,metadata:n_samples_out_of_range;too_many_cells
41805,FOREX_eurrub-hour-High,1,active,False,False,False,metadata:n_samples_out_of_range;too_many_cells
41806,FOREX_audjpy-hour-Close,1,active,False,False,False,metadata:n_samples_out_of_range;too_many_cells
41807,FOREX_nzdusd-minute-High,1,active,False,False,False,metadata:n_samples_out_of_range;too_many_cells
41808,FOREX_eurgbp-minute-High,1,active,False,False,False,metadata:n_samples_out_of_range;too_many_cells
41809,FOREX_audusd-minute-High,1,active,False,False,False,metadata:n_samples_out_of_range;too_many_cells
41810,FOREX_audchf-minute-Close,1,active,False,False,False,metadata:n_samples_out_of_range;too_many_cells
41811,FOREX_cadchf-day-Close,1,active,True,True,False,non_numeric_features
41812,FOREX_eurnok-day-Close,1,active,True,True,False,non_numeric_features
41813,FOREX_audsgd-minute-Close,1,active,False,False,False,metadata:n_samples_out_of_range;too_many_cells
41814,FOREX_euraud-minute-Close,1,active,False,False,False,metadata:n_samples_out_of_range;too_many_cells
41815,FOREX_eurrub-day-Close,1,active,True,True,False,non_numeric_features
41816,FOREX_usddkk-hour-High,1,active,False,False,False,metadata:n_samples_out_of_range;too_many_cells
41817,FOREX_audusd-minute-Close,1,active,False,False,False,metadata:n_samples_out_of_range;too_many_cells
41818,FOREX_euraud-day-Close,1,active,True,True,False,non_numeric_features
41819,FOREX_eurrub-minute-High,1,active,False,False,False,metadata:n_samples_out_of_range;too_many_cells
41820,FOREX_chfsgd-hour-High,1,active,False,False,False,metadata:n_samples_out_of_range;too_many_cells
41821,FOREX_eurpln-day-Close,1,active,True,True,False,non_numeric_features
41822,FOREX_audnzd-minute-High,1,active,False,False,False,metadata:n_samples_out_of_range;too_many_cells
41823,FOREX_eurcad-minute-High,1,active,False,False,False,metadata:n_samples_out_of_range;too_many_cells
41824,FOREX_eurgbp-hour-Close,1,active,False,False,False,metadata:n_samples_out_of_range;too_many_cells
41825,FOREX_audnzd-hour-High,1,active,False,False,False,metadata:n_samples_out_of_range;too_many_cells
41826,FOREX_eurnzd-day-Close,1,active,True,True,False,non_numeric_features
41827,FOREX_euraud-hour-Close,1,active,False,False,False,metadata:n_samples_out_of_range;too_many_cells
41828,FOREX_usdcad-hour-High,1,active,False,False,False,metadata:n_samples_out_of_range;too_many_cells
41829,FOREX_nzdusd-day-Close,1,active,True,True,False,non_numeric_features
41830,FOREX_nzdusd-day-High,1,active,True,True,False,non_numeric_features
41831,FOREX_eurdkk-hour-Close,1,active,False,False,False,metadata:n_samples_out_of_range;too_many_cells
41832,FOREX_nzdusd-hour-Close,1,active,False,False,False,metadata:n_samples_out_of_range;too_many_cells
41833,FOREX_cadjpy-hour-High,1,active,False,False,False,metadata:n_samples_out_of_range;too_many_cells
41834,FOREX_usdcad-day-Close,1,active,True,True,False,non_numeric_features
41835,FOREX_euraud-hour-High,1,active,False,False,False,metadata:n_samples_out_of_range;too_many_cells
41836,FOREX_cadchf-minute-High,1,active,False,False,False,metadata:n_samples_out_of_range;too_many_cells
41837,FOREX_audjpy-minute-Close,1,active,False,False,False,metadata:n_samples_out_of_range;too_many_cells
41838,FOREX_cadchf-hour-Close,1,active,False,False,False,metadata:n_samples_out_of_range;too_many_cells
41839,FOREX_cadjpy-day-High,1,active,True,True,False,non_numeric_features
41840,FOREX_eurnok-minute-High,1,active,False,False,False,metadata:n_samples_out_of_range;too_many_cells
41841,FOREX_chfsgd-day-Close,1,active,True,True,False,non_numeric_features
41842,FOREX_eurchf-hour-High,1,active,False,False,False,metadata:n_samples_out_of_range;too_many_cells
41843,FOREX_audusd-hour-High,1,active,False,False,False,metadata:n_samples_out_of_range;too_many_cells
41844,FOREX_eurgbp-day-Close,1,active,True,True,False,non_numeric_features
41845,FOREX_eurusd-minute-High,1,active,False,False,False,metadata:n_samples_out_of_range;too_many_cells
41846,FOREX_eursek-day-Close,1,active,True,True,False,non_numeric_features
41847,FOREX_eurdkk-day-High,1,active,True,True,False,non_numeric_features
41848,FOREX_chfjpy-day-High,1,active,True,True,False,non_numeric_features
41849,FOREX_audsgd-day-Close,1,active,True,True,False,non_numeric_features
41850,FOREX_eursek-minute-High,1,active,False,False,False,metadata:n_samples_out_of_range;too_many_cells
41851,FOREX_usdjpy-hour-High,1,active,False,False,False,metadata:n_samples_out_of_range;too_many_cells
41852,FOREX_eurchf-minute-High,1,active,False,False,False,metadata:n_samples_out_of_range;too_many_cells
41853,FOREX_eurnzd-minute-Close,1,active,False,False,False,metadata:n_samples_out_of_range;too_many_cells
41854,FOREX_audcad-minute-Close,1,active,False,False,False,metadata:n_samples_out_of_range;too_many_cells
41855,FOREX_eurtry-minute-High,1,active,False,False,False,metadata:n_samples_out_of_range;too_many_cells
41856,FOREX_eurdkk-hour-High,1,active,False,False,False,metadata:n_samples_out_of_range;too_many_cells
41857,FOREX_audjpy-day-Close,1,active,True,True,False,non_numeric_features
41858,FOREX_usdchf-day-Close,1,active,True,True,False,non_numeric_features
41859,FOREX_eurnok-hour-Close,1,active,False,False,False,metadata:n_samples_out_of_range;too_many_cells
41860,FOREX_eurusd-hour-Close,1,active,False,False,False,metadata:n_samples_out_of_range;too_many_cells
41861,FOREX_euraud-minute-High,1,active,False,False,False,metadata:n_samples_out_of_range;too_many_cells
41862,FOREX_eurrub-hour-Close,1,active,False,False,False,metadata:n_samples_out_of_range;too_many_cells
41863,FOREX_eurnok-day-High,1,active,True,True,False,non_numeric_features
41864,FOREX_chfsgd-day-High,1,active,True,True,False,non_numeric_features
41865,FOREX_audsgd-hour-High,1,active,False,False,False,metadata:n_samples_out_of_range;too_many_cells
41866,FOREX_euraud-day-High,1,active,True,True,False,non_numeric_features
41867,FOREX_audnzd-day-Close,1,active,True,True,False,non_numeric_features
41868,FOREX_eurpln-day-High,1,active,True,True,False,non_numeric_features
41869,FOREX_eursgd-minute-Close,1,active,False,False,False,metadata:n_samples_out_of_range;too_many_cells
41870,FOREX_chfjpy-hour-Close,1,active,False,False,False,metadata:n_samples_out_of_range;too_many_cells
41871,FOREX_usddkk-hour-Close,1,active,False,False,False,metadata:n_samples_out_of_range;too_many_cells
41872,FOREX_eurhkd-day-Close,1,active,True,True,False,non_numeric_features
41873,FOREX_eurusd-hour-High,1,active,False,False,False,metadata:n_samples_out_of_range;too_many_cells
41874,FOREX_eursgd-day-Close,1,active,True,True,False,non_numeric_features
41875,FOREX_audchf-day-High,1,active,True,True,False,non_numeric_features
41876,FOREX_eurdkk-minute-Close,1,active,False,False,False,metadata:n_samples_out_of_range;too_many_cells
41877,FOREX_eurchf-hour-Close,1,active,False,False,False,metadata:n_samples_out_of_range;too_many_cells
41878,FOREX_audusd-hour-Close,1,active,False,False,False,metadata:n_samples_out_of_range;too_many_cells
41879,FOREX_gbpusd-hour-High,1,active,False,False,False,metadata:n_samples_out_of_range;too_many_cells
41880,FOREX_chfsgd-minute-Close,1,active,False,False,False,metadata:n_samples_out_of_range;too_many_cells
41881,FOREX_chfjpy-hour-High,1,active,False,False,False,metadata:n_samples_out_of_range;too_many_cells
41882,FOREX_audjpy-day-High,1,active,True,True,False,non_numeric_features
41883,FOREX_eurnzd-hour-High,1,active,False,False,False,metadata:n_samples_out_of_range;too_many_cells
41884,FOREX_nzdusd-hour-High,1,active,False,False,False,metadata:n_samples_out_of_range;too_many_cells
41885,FOREX_chfsgd-hour-Close,1,active,False,False,False,metadata:n_samples_out_of_range;too_many_cells
41886,FOREX_eurnzd-hour-Close,1,active,False,False,False,metadata:n_samples_out_of_range;too_many_cells
41887,FOREX_audsgd-minute-High,1,active,False,False,False,metadata:n_samples_out_of_range;too_many_cells
41888,FOREX_audchf-hour-Close,1,active,False,False,False,metadata:n_samples_out_of_range;too_many_cells
41889,FOREX_eurjpy-hour-Close,1,active,False,False,False,metadata:n_samples_out_of_range;too_many_cells
41890,FOREX_usddkk-minute-High,1,active,False,False,False,metadata:n_samples_out_of_range;too_many_cells
41891,FOREX_eurcad-hour-Close,1,active,False,False,False,metadata:n_samples_out_of_range;too_many_cells
41892,FOREX_usdchf-minute-High,1,active,False,False,False,metadata:n_samples_out_of_range;too_many_cells
41893,FOREX_eursgd-hour-High,1,active,False,False,False,metadata:n_samples_out_of_range;too_many_cells
41894,FOREX_eurchf-day-Close,1,active,True,True,False,non_numeric_features
41895,FOREX_eurhuf-minute-Close,1,active,False,False,False,metadata:n_samples_out_of_range;too_many_cells
41896,FOREX_eursek-hour-Close,1,active,False,False,False,metadata:n_samples_out_of_range;too_many_cells
41897,FOREX_usddkk-day-Close,1,active,True,True,False,non_numeric_features
41898,FOREX_audnzd-hour-Close,1,active,False,False,False,metadata:n_samples_out_of_range;too_many_cells
41899,MultilingualDS,1,active,False,False,False,metadata:meta_missing:NumberOfClasses;n_samples_out_of_range;meta_missing:MinorityClassSize
41906,Forex,2,active,False,False,False,metadata:meta_missing:NumberOfClasses;n_samples_out_of_range;too_many_cells;meta_missing:MinorityClassSize
41907,branin,1,active,False,False,False,metadata:meta_missing:NumberOfClasses;meta_missing:MinorityClassSize
41919,CPMP-2015-runtime-classification,1,active,False,False,False,metadata:not_binary
41928,CPMP-2015-runtime-regression,1,active,False,False,False,metadata:not_binary;meta_missing:MinorityClassSize
41937,exercises,1,active,False,False,False,metadata:meta_missing:NumberOfClasses;n_samples_out_of_range;meta_missing:MinorityClassSize
41938,MIP-2016-PAR10-regression,1,active,False,False,False,metadata:not_binary;n_features_out_of_range;too_many_cells;meta_missing:MinorityClassSize
41939,MIP-2016-PAR10-classification,1,active,False,False,False,metadata:not_binary;n_features_out_of_range;minority_too_small
41940,exercises,2,active,False,False,False,metadata:meta_missing:NumberOfClasses;n_samples_out_of_range;meta_missing:MinorityClassSize
41943,ilpd-numeric,1,active,False,False,False,metadata:not_binary;meta_missing:MinorityClassSize
41944,Sick_numeric,1,active,False,False,False,metadata:meta_missing:NumberOfClasses;meta_missing:MinorityClassSize
41945,ilpd-numeric,2,active,True,True,True,
41946,Sick_numeric,2,active,True,True,True,
41949,Elegibilidade,1,active,False,False,False,metadata:n_samples_out_of_range;n_features_out_of_range;too_many_cells
41950,iris_test_upload,1,active,False,False,False,metadata:not_binary;n_samples_out_of_range
41952,TaskCreationTestDataset,1,active,False,False,False,metadata:meta_missing:NumberOfClasses;n_samples_out_of_range;meta_missing:MinorityClassSize
41953,TaskCreationTestDataset,2,active,False,False,False,metadata:meta_missing:NumberOfClasses;n_samples_out_of_range;meta_missing:MinorityClassSize
41960,seattlecrime6,1,active,False,False,False,metadata:not_binary;has_missing_values;non_numeric_features;n_samples_out_of_range;too_many_cells;minority_too_small
41961,TaskCreationTestDataset,3,active,False,False,False,metadata:meta_missing:NumberOfClasses;n_samples_out_of_range;meta_missing:MinorityClassSize
41962,TaskCreationTestDataset,4,active,False,False,False,metadata:meta_missing:NumberOfClasses;n_samples_out_of_range;meta_missing:MinorityClassSize
41964,USPS,3,active,False,False,False,metadata:n_features_out_of_range;too_many_cells
41966,isolet,2,active,False,False,False,metadata:n_features_out_of_range;too_many_cells
41967,cnae-9,2,active,False,False,False,metadata:n_features_out_of_range;too_many_cells
41968,crimecommunitynums,1,active,False,False,False,metadata:not_binary;has_missing_values;n_features_out_of_range;too_many_cells;meta_missing:MinorityClassSize
41969,crimecommunitynums2,1,active,False,False,False,metadata:not_binary;n_features_out_of_range;too_many_cells;meta_missing:MinorityClassSize
41971,1DUltrasoundMuscleContractionData,1,active,False,False,False,metadata:meta_missing:NumberOfClasses;n_samples_out_of_range;too_many_cells;meta_missing:MinorityClassSize
41972,Indian_pines,1,active,False,False,False,metadata:not_binary;n_samples_out_of_range;n_features_out_of_range;too_many_cells;minority_too_small
41973,semeion,2,active,False,False,False,metadata:n_features_out_of_range
41976,TuningSVMs,1,active,False,False,False,metadata:n_samples_out_of_range
41977,TuningSVMs,2,active,False,False,False,metadata:n_samples_out_of_range
41978,TuningSVMs,3,active,False,False,False,metadata:n_samples_out_of_range
41980,SAT11-HAND-runtime-regression,1,active,False,False,False,metadata:not_binary;has_missing_values;n_features_out_of_range;too_many_cells;meta_missing:MinorityClassSize
41981,SAT11-HAND-runtime-classification,1,active,False,False,False,metadata:not_binary;has_missing_values;n_features_out_of_range;minority_too_small
41982,Kuzushiji-MNIST,1,active,False,False,False,metadata:not_binary;n_samples_out_of_range;n_features_out_of_range;too_many_cells
41983,CIFAR-100,1,active,False,False,False,metadata:not_binary;n_samples_out_of_range;n_features_out_of_range;too_many_cells
41986,GTSRB-HOG01,1,active,False,False,False,metadata:not_binary;n_samples_out_of_range;n_features_out_of_range;too_many_cells
41988,GTSRB-HOG02,1,active,False,False,False,metadata:not_binary;n_samples_out_of_range;n_features_out_of_range;too_many_cells
41989,GTSRB-HOG03,1,active,False,False,False,metadata:not_binary;n_samples_out_of_range;n_features_out_of_range;too_many_cells
41990,GTSRB-HueHist,1,active,False,False,False,metadata:not_binary;n_samples_out_of_range;n_features_out_of_range;too_many_cells
41991,Kuzushiji-49,1,active,False,False,False,metadata:not_binary;n_samples_out_of_range;n_features_out_of_range;too_many_cells
41996,iris,15,active,False,False,False,metadata:meta_missing:NumberOfClasses;n_samples_out_of_range;meta_missing:MinorityClassSize
41997,iris,16,active,False,False,False,metadata:not_binary;n_samples_out_of_range
41998,Weather,10,active,False,False,False,metadata:non_numeric_features;n_samples_out_of_range;minority_too_small
42002,iris,17,active,False,False,False,metadata:meta_missing:NumberOfClasses;n_samples_out_of_range;meta_missing:MinorityClassSize
42003,iris,18,active,False,False,False,metadata:not_binary;n_samples_out_of_range
42004,ID,1,active,False,False,False,metadata:meta_missing:NumberOfClasses;has_missing_values;n_samples_out_of_range;too_many_cells;meta_missing:MinorityClassSize
42006,WebEvaluationss,1,active,False,False,False,metadata:meta_missing:NumberOfClasses;has_missing_values;n_samples_out_of_range;too_many_cells;meta_missing:MinorityClassSize
42010,iris,19,active,False,False,False,metadata:meta_missing:NumberOfClasses;n_samples_out_of_range;meta_missing:MinorityClassSize
42011,iris,20,active,False,False,False,metadata:not_binary;n_samples_out_of_range
42015,iris,21,active,False,False,False,metadata:meta_missing:NumberOfClasses;n_samples_out_of_range;meta_missing:MinorityClassSize
42016,iris,22,active,False,False,False,metadata:not_binary;n_samples_out_of_range
42020,iris,23,active,False,False,False,metadata:meta_missing:NumberOfClasses;n_samples_out_of_range;meta_missing:MinorityClassSize
42021,iris,24,active,False,False,False,metadata:not_binary;n_samples_out_of_range
42025,iris,25,active,False,False,False,metadata:meta_missing:NumberOfClasses;n_samples_out_of_range;meta_missing:MinorityClassSize
42026,iris,26,active,False,False,False,metadata:not_binary;n_samples_out_of_range
42030,iris,27,active,False,False,False,metadata:meta_missing:NumberOfClasses;n_samples_out_of_range;meta_missing:MinorityClassSize
42031,iris,28,active,False,False,False,metadata:not_binary;n_samples_out_of_range
42035,iris,29,active,False,False,False,metadata:meta_missing:NumberOfClasses;n_samples_out_of_range;meta_missing:MinorityClassSize
42036,iris,30,active,False,False,False,metadata:not_binary;n_samples_out_of_range
42040,iris,31,active,False,False,False,metadata:meta_missing:NumberOfClasses;n_samples_out_of_range;meta_missing:MinorityClassSize
42041,iris,32,active,False,False,False,metadata:not_binary;n_samples_out_of_range
42045,iris,33,active,False,False,False,metadata:meta_missing:NumberOfClasses;n_samples_out_of_range;meta_missing:MinorityClassSize
42046,iris,34,active,False,False,False,metadata:not_binary;n_samples_out_of_range
42050,iris,35,active,False,False,False,metadata:meta_missing:NumberOfClasses;n_samples_out_of_range;meta_missing:MinorityClassSize
42051,iris,36,active,False,False,False,metadata:not_binary;n_samples_out_of_range
42055,iris,37,active,False,False,False,metadata:meta_missing:NumberOfClasses;n_samples_out_of_range;meta_missing:MinorityClassSize
42056,iris,38,active,False,False,False,metadata:not_binary;n_samples_out_of_range
42057,airquality,1,active,False,False,False,metadata:not_binary;has_missing_values;n_samples_out_of_range;meta_missing:MinorityClassSize
42058,airquality,2,active,False,False,False,metadata:not_binary;has_missing_values;n_samples_out_of_range;meta_missing:MinorityClassSize
42059,airquality,3,active,False,False,False,metadata:not_binary;has_missing_values;n_samples_out_of_range;meta_missing:MinorityClassSize
42060,subsample_delays_zurich_transport,3,active,False,False,False,metadata:not_binary;has_missing_values;n_samples_out_of_range;meta_missing:MinorityClassSize
42065,iris,39,active,False,False,False,metadata:meta_missing:NumberOfClasses;n_samples_out_of_range;meta_missing:MinorityClassSize
42066,iris,40,active,False,False,False,metadata:not_binary;n_samples_out_of_range
42070,iris,41,active,False,False,False,metadata:meta_missing:NumberOfClasses;n_samples_out_of_range;meta_missing:MinorityClassSize
42071,iris,42,active,False,False,False,metadata:not_binary;n_samples_out_of_range
42072,bot-iot-all-features,1,active,False,False,False,metadata:not_binary;non_numeric_features;n_samples_out_of_range;too_many_cells;meta_missing:MinorityClassSize
42074,wine_reviews,1,active,False,False,False,metadata:meta_missing:NumberOfClasses;has_missing_values;n_samples_out_of_range;too_many_cells;meta_missing:MinorityClassSize
42076,kickstarter_projects,1,active,False,False,False,metadata:meta_missing:NumberOfClasses;has_missing_values;n_samples_out_of_range;too_many_cells;meta_missing:MinorityClassSize
42078,beer_reviews,4,active,False,False,False,metadata:not_binary;has_missing_values;n_samples_out_of_range;too_many_cells
42079,house_sales,1,active,False,False,False,metadata:meta_missing:NumberOfClasses;n_samples_out_of_range;too_many_cells;meta_missing:MinorityClassSize
42080,federal_election,1,active,False,False,False,metadata:not_binary;has_missing_values;n_samples_out_of_range;too_many_cells;meta_missing:MinorityClassSize
42087,beer_reviews,5,active,False,False,False,metadata:not_binary;has_missing_values;n_samples_out_of_range;too_many_cells
42088,beer_reviews,6,active,False,False,False,metadata:not_binary;has_missing_values;n_samples_out_of_range;too_many_cells
42089,vancouver_employee,1,active,False,False,False,metadata:not_binary;has_missing_values;n_samples_out_of_range;too_many_cells
42090,vancouver_employee,2,active,False,False,False,metadata:not_binary;has_missing_values;meta_missing:MinorityClassSize
42091,iris,43,active,False,False,False,metadata:meta_missing:NumberOfClasses;n_samples_out_of_range;meta_missing:MinorityClassSize
42092,house_sales,2,active,False,False,False,metadata:not_binary;n_samples_out_of_range;too_many_cells;meta_missing:MinorityClassSize
42093,public_procurement,3,active,False,False,False,metadata:not_binary;has_missing_values;n_samples_out_of_range;too_many_cells;meta_missing:MinorityClassSize
42097,iris,44,active,False,False,False,metadata:meta_missing:NumberOfClasses;n_samples_out_of_range;meta_missing:MinorityClassSize
42098,iris,45,active,False,False,False,metadata:not_binary;n_samples_out_of_range
42099,lotto,1,active,False,False,False,metadata:meta_missing:NumberOfClasses;meta_missing:MinorityClassSize
42104,adult_income_p,1,active,False,False,False,metadata:meta_missing:NumberOfClasses;has_missing_values;non_numeric_features;n_samples_out_of_range;too_many_cells;meta_missing:MinorityClassSize
42105,default_credit_card_p,1,active,False,False,False,metadata:meta_missing:NumberOfClasses;non_numeric_features;n_samples_out_of_range;too_many_cells;meta_missing:MinorityClassSize
42106,uci_diabetes_p,1,active,False,False,False,metadata:meta_missing:NumberOfClasses;has_missing_values;non_numeric_features;n_samples_out_of_range;too_many_cells;meta_missing:MinorityClassSize
42107,hmeq_p,1,active,False,False,False,metadata:meta_missing:NumberOfClasses;has_missing_values;non_numeric_features;n_samples_out_of_range;meta_missing:MinorityClassSize
42108,kaggle_santander_p,1,active,False,False,False,metadata:meta_missing:NumberOfClasses;n_samples_out_of_range;n_features_out_of_range;too_many_cells;meta_missing:MinorityClassSize
42110,S1,1,active,False,False,False,metadata:not_binary;meta_missing:MinorityClassSize
42111,S2,1,active,False,False,False,metadata:not_binary;meta_missing:MinorityClassSize
42112,S3,1,active,False,False,False,metadata:not_binary;meta_missing:MinorityClassSize
42113,S4,1,active,False,False,False,metadata:not_binary;meta_missing:MinorityClassSize
42118,public_procurement,4,active,False,False,False,metadata:not_binary;has_missing_values;n_samples_out_of_range;too_many_cells;meta_missing:MinorityClassSize
42121,colleges,9,active,False,False,False,metadata:not_binary;has_missing_values;non_numeric_features;n_samples_out_of_range;too_many_cells;meta_missing:MinorityClassSize
42123,article_influence,2,active,False,False,False,metadata:not_binary;has_missing_values;minority_too_small
42125,employee_salaries,14,active,False,False,False,metadata:not_binary;has_missing_values;non_numeric_features;n_samples_out_of_range;meta_missing:MinorityClassSize
42130,medical_charges,5,active,False,False,False,metadata:not_binary;non_numeric_features;n_samples_out_of_range;too_many_cells;meta_missing:MinorityClassSize
42131,medical_charges,6,active,False,False,False,metadata:not_binary;non_numeric_features;n_samples_out_of_range;too_many_cells;meta_missing:MinorityClassSize
42132,Traffic_violations,4,active,False,False,False,metadata:not_binary;has_missing_values;non_numeric_features;n_samples_out_of_range;too_many_cells
42133,cacao_flavor,3,active,False,False,False,metadata:not_binary;has_missing_values;minority_too_small
42134,colleges,10,active,False,False,False,metadata:not_binary;has_missing_values;non_numeric_features;n_samples_out_of_range;too_many_cells;meta_missing:MinorityClassSize
42136,la_crimes,2,active,False,False,False,metadata:not_binary;has_missing_values;non_numeric_features;n_samples_out_of_range;too_many_cells;meta_missing:MinorityClassSize
42139,public_procurement,5,active,False,False,False,metadata:not_binary;has_missing_values;n_samples_out_of_range;too_many_cells;meta_missing:MinorityClassSize
42140,SVHN_small,1,active,False,False,False,metadata:not_binary;n_samples_out_of_range;n_features_out_of_range;too_many_cells
42141,SVHN_medium,1,active,False,False,False,metadata:not_binary;n_samples_out_of_range;n_features_out_of_range;too_many_cells
42143,nfl_games,1,active,False,False,False,metadata:meta_missing:NumberOfClasses;non_numeric_features;n_samples_out_of_range;too_many_cells;meta_missing:MinorityClassSize
42159,colleges,11,active,False,False,False,metadata:not_binary;has_missing_values;non_numeric_features;n_samples_out_of_range;too_many_cells;meta_missing:MinorityClassSize
42160,la_crimes,3,active,False,False,False,metadata:not_binary;has_missing_values;non_numeric_features;n_samples_out_of_range;too_many_cells;meta_missing:MinorityClassSize
42163,public_procurement,6,active,False,False,False,metadata:not_binary;has_missing_values;n_samples_out_of_range;too_many_cells;meta_missing:MinorityClassSize
42164,dating_profile,1,active,False,False,False,metadata:not_binary;has_missing_values;n_samples_out_of_range;too_many_cells;meta_missing:MinorityClassSize
42165,house_prices,1,active,False,False,False,metadata:not_binary;has_missing_values;meta_missing:MinorityClassSize
42166,cacao_flavor,4,active,False,False,False,metadata:not_binary;minority_too_small
42167,stress,1,active,False,False,False,metadata:not_binary;has_missing_values;non_numeric_features;minority_too_small
42169,epiparo_extract,1,active,False,False,False,metadata:not_binary;has_missing_values;non_numeric_features;minority_too_small
42172,regime_alimentaire,1,active,False,False,False,metadata:has_missing_values;non_numeric_features
42175,CreditCardFraudDetection,1,active,False,False,False,metadata:not_binary;n_samples_out_of_range;too_many_cells;meta_missing:MinorityClassSize
42176,parkinson-speech-uci,1,active,False,False,False,metadata:not_binary;n_features_out_of_range;too_many_cells;meta_missing:MinorityClassSize
42177,echocardiogram-uci,1,active,False,False,False,metadata:not_binary;has_missing_values;n_samples_out_of_range;minority_too_small
42178,telco-customer-churn,1,active,False,False,False,metadata:n_samples_out_of_range
42182,Lorenz_attractor_regime_changes,1,active,False,False,False,metadata:meta_missing:NumberOfClasses;meta_missing:MinorityClassSize
42183,dataset_sales,1,active,False,False,False,metadata:not_binary;n_samples_out_of_range;too_many_cells;meta_missing:MinorityClassSize
42184,Wine,3,active,False,False,False,metadata:meta_missing:NumberOfClasses;meta_missing:MinorityClassSize
42186,JuanFeldmanIris,1,active,False,False,False,metadata:not_binary;n_samples_out_of_range
42188,premier_league_with_tda,1,active,False,False,False,metadata:meta_missing:NumberOfClasses;meta_missing:MinorityClassSize
42192,compas-two-years,3,active,False,False,False,metadata:non_numeric_features;n_samples_out_of_range
42193,compas-two-years,4,active,False,False,False,metadata:non_numeric_features;n_samples_out_of_range
42194,Football_players_Fifa_stats,1,active,False,False,False,metadata:meta_missing:NumberOfClasses;has_missing_values;n_samples_out_of_range;too_many_cells;meta_missing:MinorityClassSize
42195,premier_league_matches_2014_2015,1,active,False,False,False,metadata:meta_missing:NumberOfClasses;has_missing_values;meta_missing:MinorityClassSize
42196,serie_a_matches_2015_2016,1,active,False,False,False,metadata:meta_missing:NumberOfClasses;has_missing_values;meta_missing:MinorityClassSize
42197,Premier_League_matches,1,active,False,False,False,metadata:meta_missing:NumberOfClasses;meta_missing:MinorityClassSize
42198,Premier_League_odds_and_prob,1,active,False,False,False,metadata:meta_missing:NumberOfClasses;meta_missing:MinorityClassSize
42199,Player_names,1,active,False,False,False,metadata:meta_missing:NumberOfClasses;n_samples_out_of_range;meta_missing:MinorityClassSize
42200,Mine,1,active,False,False,False,metadata:meta_missing:NumberOfClasses;n_samples_out_of_range;meta_missing:MinorityClassSize
42201,sbilifeNSE,1,active,False,False,False,metadata:meta_missing:NumberOfClasses;non_numeric_features;meta_missing:MinorityClassSize
42202,Chaos_detection_in_Duffing_system,1,active,False,False,False,metadata:meta_missing:NumberOfClasses;n_samples_out_of_range;too_many_cells;meta_missing:MinorityClassSize
42203,Duffing_system_phase_transition,1,active,False,False,False,metadata:meta_missing:NumberOfClasses;n_samples_out_of_range;meta_missing:MinorityClassSize
42204,punch,1,active,False,False,False,metadata:meta_missing:NumberOfClasses;n_features_out_of_range;meta_missing:MinorityClassSize
42206,porto-seguro,2,active,False,False,False,metadata:has_missing_values;non_numeric_features;n_samples_out_of_range;too_many_cells
42207,particulate-matter-ukair-2017,2,active,False,False,False,metadata:not_binary;non_numeric_features;n_samples_out_of_range;too_many_cells;meta_missing:MinorityClassSize
42208,nyc-taxi-green-dec-2016,2,active,False,False,False,metadata:not_binary;non_numeric_features;n_samples_out_of_range;too_many_cells;meta_missing:MinorityClassSize
42218,Node_Embedding,1,active,False,False,False,metadata:meta_missing:NumberOfClasses;n_samples_out_of_range;too_many_cells;meta_missing:MinorityClassSize
42220,Edge_Embedding,1,active,False,False,False,metadata:meta_missing:NumberOfClasses;n_samples_out_of_range;too_many_cells;meta_missing:MinorityClassSize
42223,dataset-autoHorse_fixed,1,active,False,False,False,metadata:not_binary;minority_too_small
42224,dataset-autoHorse_fixed,2,active,False,False,False,metadata:not_binary;meta_missing:MinorityClassSize
42225,diamonds,1,active,False,False,False,metadata:not_binary;non_numeric_features;n_samples_out_of_range;too_many_cells;meta_missing:MinorityClassSize
42231,hisua,1,active,False,False,False,metadata:meta_missing:NumberOfClasses;meta_missing:MinorityClassSize
42233,test001,1,active,False,False,False,metadata:meta_missing:NumberOfClasses;meta_missing:MinorityClassSize
42236,datapm2.5,1,active,False,False,False,metadata:meta_missing:NumberOfClasses;n_samples_out_of_range;too_many_cells;meta_missing:MinorityClassSize
42252,Asteroid_Dataset,1,active,False,False,False,metadata:has_missing_values;non_numeric_features;n_samples_out_of_range;too_many_cells
42256,Asteroid_Dataset,2,active,False,False,False,metadata:has_missing_values;n_samples_out_of_range;too_many_cells
42259,Test,4,active,False,False,False,metadata:meta_missing:NumberOfClasses;n_samples_out_of_range;meta_missing:MinorityClassSize
42260,Nishant,1,active,False,False,False,metadata:meta_missing:NumberOfClasses;has_missing_values;non_numeric_features;n_samples_out_of_range;meta_missing:MinorityClassSize
42261,iris-example,1,active,False,False,False,metadata:not_binary;n_samples_out_of_range
42328,SolarPower,1,active,False,False,False,metadata:meta_missing:NumberOfClasses;meta_missing:MinorityClassSize
42332,SoilKsatDB,1,active,False,False,False,metadata:not_binary;has_missing_values;n_samples_out_of_range;too_many_cells;meta_missing:MinorityClassSize
42333,SoilHydroDB,1,active,False,False,False,metadata:not_binary;has_missing_values;n_samples_out_of_range;too_many_cells;meta_missing:MinorityClassSize
42334,digits_wrote,1,active,False,False,False,metadata:n_features_out_of_range;too_many_cells
42336,sbox_sar,2,active,False,False,False,metadata:meta_missing:NumberOfClasses;n_samples_out_of_range;too_many_cells;meta_missing:MinorityClassSize
42337,nadeem,1,active,False,False,False,metadata:meta_missing:NumberOfClasses;non_numeric_features;n_samples_out_of_range;meta_missing:MinorityClassSize
42343,KDD98,3,active,False,False,False,metadata:has_missing_values;non_numeric_features;n_samples_out_of_range;n_features_out_of_range;too_many_cells
42344,sf-police-incidents,5,active,False,False,False,metadata:non_numeric_features;n_samples_out_of_range;too_many_cells
42345,Traffic_violations,5,active,False,False,False,metadata:not_binary;has_missing_values;non_numeric_features;n_samples_out_of_range;too_many_cells
42347,test,5,active,False,False,False,metadata:meta_missing:NumberOfClasses;meta_missing:MinorityClassSize
42349,datasets-uta4,1,active,False,False,False,metadata:meta_missing:NumberOfClasses;n_samples_out_of_range;meta_missing:MinorityClassSize
42351,UCI-student-performance-por,1,active,False,False,False,metadata:not_binary;meta_missing:MinorityClassSize
42352,UCI-student-performance-mat,1,active,False,False,False,metadata:not_binary;meta_missing:MinorityClassSize
42359,CSM,1,active,False,False,False,metadata:meta_missing:NumberOfClasses;has_missing_values;meta_missing:MinorityClassSize
42360,DEE,1,active,False,False,False,metadata:not_binary;meta_missing:MinorityClassSize
42361,ELE-1,1,active,False,False,False,metadata:not_binary;meta_missing:MinorityClassSize
42362,ELE-2,1,active,False,False,False,metadata:not_binary;meta_missing:MinorityClassSize
42363,forest_fires,1,active,False,False,False,metadata:not_binary;non_numeric_features;meta_missing:MinorityClassSize
42364,laser,1,active,False,False,False,metadata:not_binary;meta_missing:MinorityClassSize
42365,optical_interconnection_network,1,active,False,False,False,metadata:meta_missing:NumberOfClasses;non_numeric_features;meta_missing:MinorityClassSize
42366,residential_building,1,active,False,False,False,metadata:not_binary;n_features_out_of_range;meta_missing:MinorityClassSize
42367,treasury,1,active,False,False,False,metadata:not_binary;meta_missing:MinorityClassSize
42368,weather_ankara,1,active,False,False,False,metadata:not_binary;meta_missing:MinorityClassSize
42369,weather_izmir,1,active,False,False,False,metadata:not_binary;meta_missing:MinorityClassSize
42370,yacht_hydrodynamics,1,active,False,False,False,metadata:not_binary;meta_missing:MinorityClassSize
42371,CSM,2,active,False,False,False,metadata:meta_missing:NumberOfClasses;has_missing_values;meta_missing:MinorityClassSize
42372,autoMpg,3,active,False,False,False,metadata:not_binary;meta_missing:MinorityClassSize
42395,SantanderCustomerSatisfaction,1,active,False,False,False,metadata:n_samples_out_of_range;n_features_out_of_range;too_many_cells
42396,aloi,3,active,False,False,False,metadata:not_binary;n_samples_out_of_range;n_features_out_of_range;too_many_cells
42397,CreditCardFraudDetection,2,active,False,False,False,metadata:n_samples_out_of_range;too_many_cells
42399,Test,7,active,False,False,False,metadata:meta_missing:NumberOfClasses;non_numeric_features;meta_missing:MinorityClassSize
42400,Test,8,active,False,False,False,metadata:meta_missing:NumberOfClasses;n_samples_out_of_range;n_features_out_of_range;meta_missing:MinorityClassSize
42401,TestTICTACTOE,1,active,False,False,False,metadata:meta_missing:NumberOfClasses;non_numeric_features;meta_missing:MinorityClassSize
42402,filmrev,1,active,False,False,False,metadata:meta_missing:NumberOfClasses;n_samples_out_of_range;n_features_out_of_range;meta_missing:MinorityClassSize
42403,fetch_openml_test,1,active,False,False,False,metadata:meta_missing:NumberOfClasses;n_samples_out_of_range;n_features_out_of_range;meta_missing:MinorityClassSize
42404,fetch_openml_test2,1,active,False,False,False,metadata:meta_missing:NumberOfClasses;n_samples_out_of_range;n_features_out_of_range;meta_missing:MinorityClassSize
42405,fetch_openml_test,2,active,False,False,False,metadata:meta_missing:NumberOfClasses;n_samples_out_of_range;n_features_out_of_range;meta_missing:MinorityClassSize
42406,hate_det,1,active,False,False,False,metadata:meta_missing:NumberOfClasses;n_samples_out_of_range;n_features_out_of_range;meta_missing:MinorityClassSize
42407,hate_det2,1,active,False,False,False,metadata:meta_missing:NumberOfClasses;n_samples_out_of_range;n_features_out_of_range;meta_missing:MinorityClassSize
42408,hate_det3,1,active,False,False,False,metadata:meta_missing:NumberOfClasses;n_samples_out_of_range;n_features_out_of_range;meta_missing:MinorityClassSize
42410,hate_det5,1,active,False,False,False,metadata:meta_missing:NumberOfClasses;n_samples_out_of_range;n_features_out_of_range;meta_missing:MinorityClassSize
42411,hate_sample_cln,1,active,False,False,False,metadata:meta_missing:NumberOfClasses;n_samples_out_of_range;n_features_out_of_range;meta_missing:MinorityClassSize
42414,hate_det4,1,active,False,False,False,metadata:meta_missing:NumberOfClasses;n_samples_out_of_range;n_features_out_of_range;meta_missing:MinorityClassSize
42416,hate_det3b,1,active,False,False,False,metadata:meta_missing:NumberOfClasses;n_samples_out_of_range;n_features_out_of_range;meta_missing:MinorityClassSize
42417,hate_det5,2,active,False,False,False,metadata:meta_missing:NumberOfClasses;n_samples_out_of_range;n_features_out_of_range;meta_missing:MinorityClassSize
42418,hate_det5,3,active,False,False,False,metadata:meta_missing:NumberOfClasses;n_samples_out_of_range;n_features_out_of_range;meta_missing:MinorityClassSize
42419,hate_det6,1,active,False,False,False,metadata:meta_missing:NumberOfClasses;n_samples_out_of_range;n_features_out_of_range;meta_missing:MinorityClassSize
42422,hate_det9,1,active,False,False,False,metadata:meta_missing:NumberOfClasses;n_samples_out_of_range;n_features_out_of_range;meta_missing:MinorityClassSize
42423,hate_det10,1,active,False,False,False,metadata:meta_missing:NumberOfClasses;n_samples_out_of_range;n_features_out_of_range;meta_missing:MinorityClassSize
42424,hate_det11,1,active,False,False,False,metadata:meta_missing:NumberOfClasses;n_samples_out_of_range;n_features_out_of_range;meta_missing:MinorityClassSize
42425,hate_det12,1,active,False,False,False,metadata:meta_missing:NumberOfClasses;n_samples_out_of_range;n_features_out_of_range;meta_missing:MinorityClassSize
42426,hate_det13,1,active,False,False,False,metadata:meta_missing:NumberOfClasses;n_samples_out_of_range;n_features_out_of_range;meta_missing:MinorityClassSize
42428,hate_det13_dnl,1,active,False,False,False,metadata:meta_missing:NumberOfClasses;n_samples_out_of_range;n_features_out_of_range;meta_missing:MinorityClassSize
42430,fake_det,1,active,False,False,False,metadata:meta_missing:NumberOfClasses;n_samples_out_of_range;n_features_out_of_range;meta_missing:MinorityClassSize
42433,fntest_sh,1,active,False,False,False,metadata:meta_missing:NumberOfClasses;n_samples_out_of_range;n_features_out_of_range;meta_missing:MinorityClassSize
42435,SantanderCustomerSatisfaction,2,active,False,False,False,metadata:non_numeric_features;n_samples_out_of_range;n_features_out_of_range;too_many_cells
42436,Titanic,5,active,False,False,False,metadata:not_binary;meta_missing:MinorityClassSize
42437,titanic,6,active,False,False,False,metadata:not_binary;meta_missing:MinorityClassSize
42438,Titanic,7,active,False,False,False,metadata:not_binary;meta_missing:MinorityClassSize
42439,titanic_1,1,active,False,False,False,metadata:not_binary;meta_missing:MinorityClassSize
42440,titanic_1,2,active,False,False,False,metadata:meta_missing:NumberOfClasses;meta_missing:MinorityClassSize
42441,titanic_1,3,active,False,False,False,metadata:meta_missing:NumberOfClasses;meta_missing:MinorityClassSize
42442,titanic_2,1,active,False,False,False,metadata:meta_missing:NumberOfClasses;meta_missing:MinorityClassSize
42443,titanic_2,2,active,False,False,False,metadata:meta_missing:NumberOfClasses;meta_missing:MinorityClassSize
42444,titanic_2,3,active,False,False,False,metadata:not_binary;meta_missing:MinorityClassSize
42445,titanic_3,1,active,False,False,False,metadata:not_binary;meta_missing:MinorityClassSize
42450,Toxic_comment,1,active,False,False,False,metadata:meta_missing:NumberOfClasses;non_numeric_features;n_samples_out_of_range;meta_missing:MinorityClassSize
42454,mlr_knn_rng,1,active,False,False,False,metadata:meta_missing:NumberOfClasses;n_samples_out_of_range;too_many_cells;meta_missing:MinorityClassSize
42455,mlr_glmnet_rng,1,active,False,False,False,metadata:meta_missing:NumberOfClasses;n_samples_out_of_range;too_many_cells;meta_missing:MinorityClassSize
42456,mlr_svm_rng,1,active,False,False,False,metadata:meta_missing:NumberOfClasses;has_missing_values;n_samples_out_of_range;too_many_cells;meta_missing:MinorityClassSize
42457,mlr_rpart_rng,1,active,False,False,False,metadata:meta_missing:NumberOfClasses;n_samples_out_of_range;too_many_cells;meta_missing:MinorityClassSize
42458,mlr_ranger_rng,1,active,False,False,False,metadata:meta_missing:NumberOfClasses;has_missing_values;n_samples_out_of_range;too_many_cells;meta_missing:MinorityClassSize
42459,mlr_xgboost_rng,1,active,False,False,False,metadata:meta_missing:NumberOfClasses;has_missing_values;n_samples_out_of_range;too_many_cells;meta_missing:MinorityClassSize
42460,Dataset,1,active,False,False,False,metadata:meta_missing:NumberOfClasses;has_missing_values;non_numeric_features;n_samples_out_of_range;meta_missing:MinorityClassSize
42462,Test_vectors,1,active,False,False,False,metadata:meta_missing:NumberOfClasses;non_numeric_features;n_samples_out_of_range;meta_missing:MinorityClassSize
42463,Test_vectors2,1,active,False,False,False,metadata:meta_missing:NumberOfClasses;non_numeric_features;n_samples_out_of_range;meta_missing:MinorityClassSize
42464,Waterstress,1,active,False,False,False,metadata:not_binary;meta_missing:MinorityClassSize
42468,hls4ml_lhc_jets_hlf,1,active,False,False,False,metadata:not_binary;n_samples_out_of_range;too_many_cells
42470,hate_news,1,active,False,False,False,metadata:meta_missing:NumberOfClasses;n_features_out_of_range;meta_missing:MinorityClassSize
42471,hate_news2,1,active,False,False,False,metadata:meta_missing:NumberOfClasses;non_numeric_features;meta_missing:MinorityClassSize
42472,hate_news3,1,active,False,False,False,metadata:meta_missing:NumberOfClasses;non_numeric_features;meta_missing:MinorityClassSize
42477,default-of-credit-card-clients,1,active,False,False,False,metadata:n_samples_out_of_range;too_many_cells
42480,Test_vectors_sm,1,active,False,False,False,metadata:meta_missing:NumberOfClasses;n_samples_out_of_range;meta_missing:MinorityClassSize
42486,hate_news4,1,active,False,False,False,metadata:meta_missing:NumberOfClasses;n_samples_out_of_range;meta_missing:MinorityClassSize
42487,Test_2vectors,1,active,False,False,False,metadata:meta_missing:NumberOfClasses;n_samples_out_of_range;meta_missing:MinorityClassSize
42488,Test_3vectors,1,active,False,False,False,metadata:meta_missing:NumberOfClasses;n_samples_out_of_range;meta_missing:MinorityClassSize
42489,Test_3vectors_num,1,active,False,False,False,metadata:meta_missing:NumberOfClasses;n_samples_out_of_range;meta_missing:MinorityClassSize
42491,Test_3vectors_num_let,1,active,False,False,False,metadata:meta_missing:NumberOfClasses;non_numeric_features;n_samples_out_of_range;meta_missing:MinorityClassSize
42492,Test_5vectors_num,1,active,False,False,False,metadata:meta_missing:NumberOfClasses;non_numeric_features;n_samples_out_of_range;meta_missing:MinorityClassSize
42493,airlines,3,active,False,False,False,metadata:non_numeric_features;n_samples_out_of_range;too_many_cells
42495,delays_zurich_transport,2,active,False,False,False,metadata:not_binary;has_missing_values;non_numeric_features;n_samples_out_of_range;too_many_cells;meta_missing:MinorityClassSize
42496,seattlecrime6,2,active,False,False,False,metadata:not_binary;has_missing_values;non_numeric_features;n_samples_out_of_range;too_many_cells;meta_missing:MinorityClassSize
42498,Test_vectors_500,1,active,False,False,False,metadata:meta_missing:NumberOfClasses;n_features_out_of_range;too_many_cells;meta_missing:MinorityClassSize
42499,Test_vectors_1500,1,active,False,False,False,metadata:meta_missing:NumberOfClasses;n_features_out_of_range;too_many_cells;meta_missing:MinorityClassSize
42530,Midwest_Survey,11,active,False,False,False,metadata:not_binary;has_missing_values;non_numeric_features
42532,Midwest_Survey_nominal,1,active,False,False,False,metadata:not_binary;has_missing_values;non_numeric_features
42533,Test_vectors_1500_repaired,1,active,False,False,False,metadata:meta_missing:NumberOfClasses;n_features_out_of_range;too_many_cells;meta_missing:MinorityClassSize
42535,TEST10e627dcde-UploadTestWithURL,1,active,False,False,False,metadata:meta_missing:NumberOfClasses;n_samples_out_of_range;meta_missing:MinorityClassSize
42538,Test_vectors_1500_notrans,1,active,False,False,False,metadata:meta_missing:NumberOfClasses;n_samples_out_of_range;meta_missing:MinorityClassSize
42543,Touch,1,active,False,False,False,metadata:meta_missing:NumberOfClasses;meta_missing:MinorityClassSize
42544,Touch2,1,active,False,False,False,metadata:not_binary;minority_too_small
42545,stock_fardamento02,1,active,False,False,False,metadata:not_binary;n_samples_out_of_range;meta_missing:MinorityClassSize
42546,Test_vectors_1500_notrans2,1,active,False,False,False,metadata:meta_missing:NumberOfClasses;n_samples_out_of_range;meta_missing:MinorityClassSize
42547,Test_vectors_test_other,1,active,False,False,False,metadata:meta_missing:NumberOfClasses;non_numeric_features;meta_missing:MinorityClassSize
42548,Test_vectors_notrans_posneg,1,active,False,False,False,metadata:meta_missing:NumberOfClasses;n_samples_out_of_range;meta_missing:MinorityClassSize
42549,Test_vectors_1500_notrans_posneg,1,active,False,False,False,metadata:meta_missing:NumberOfClasses;n_features_out_of_range;too_many_cells;meta_missing:MinorityClassSize
42550,Test_vectors_trans_posneg,1,active,False,False,False,metadata:meta_missing:NumberOfClasses;non_numeric_features;n_features_out_of_range;too_many_cells;meta_missing:MinorityClassSize
42551,Test_vectors_trans_posneg2,1,active,False,False,False,metadata:meta_missing:NumberOfClasses;non_numeric_features;n_features_out_of_range;too_many_cells;meta_missing:MinorityClassSize
42552,Test_vectors_trans_posneg3,1,active,False,False,False,metadata:meta_missing:NumberOfClasses;non_numeric_features;n_features_out_of_range;too_many_cells;meta_missing:MinorityClassSize
42553,BitcoinHeist_Ransomware,1,active,False,False,False,metadata:not_binary;n_samples_out_of_range;too_many_cells;minority_too_small
42554,test_hate_vects,1,active,False,False,False,metadata:non_numeric_features;n_samples_out_of_range;minority_too_small
42555,test_hate_vects2,1,active,False,False,False,metadata:meta_missing:NumberOfClasses;non_numeric_features;n_samples_out_of_range;meta_missing:MinorityClassSize
42556,test_hate_vects3,1,active,False,False,False,metadata:meta_missing:NumberOfClasses;non_numeric_features;n_features_out_of_range;too_many_cells;meta_missing:MinorityClassSize
42557,test_hate_vects4,1,active,False,False,False,metadata:meta_missing:NumberOfClasses;non_numeric_features;n_features_out_of_range;too_many_cells;meta_missing:MinorityClassSize
42558,demo_hate,1,active,False,False,False,metadata:meta_missing:NumberOfClasses;non_numeric_features;n_samples_out_of_range;meta_missing:MinorityClassSize
42559,medical_charges_nominal,1,active,False,False,False,metadata:not_binary;non_numeric_features;n_samples_out_of_range;too_many_cells;meta_missing:MinorityClassSize
42563,house_prices_nominal,1,active,False,False,False,metadata:not_binary;has_missing_values;non_numeric_features;meta_missing:MinorityClassSize
42564,RB_Leipzig_18_19,1,active,False,False,False,metadata:meta_missing:NumberOfClasses;n_samples_out_of_range;n_features_out_of_range;meta_missing:MinorityClassSize
42565,1m,1,active,False,False,False,metadata:meta_missing:NumberOfClasses;meta_missing:MinorityClassSize
42566,mydata,1,active,False,False,False,metadata:meta_missing:NumberOfClasses;meta_missing:MinorityClassSize
42570,Mercedes_Benz_Greener_Manufacturing,2,active,False,False,False,metadata:not_binary;non_numeric_features;n_features_out_of_range;too_many_cells;meta_missing:MinorityClassSize
42571,Allstate_Claims_Severity,1,active,False,False,False,metadata:not_binary;non_numeric_features;n_samples_out_of_range;n_features_out_of_range;too_many_cells;meta_missing:MinorityClassSize
42572,Santander_transaction_value,1,active,False,False,False,metadata:not_binary;n_features_out_of_range;too_many_cells;meta_missing:MinorityClassSize
42575,Ishwar,1,active,False,False,False,metadata:meta_missing:NumberOfClasses;non_numeric_features;meta_missing:MinorityClassSize
42585,penguins,1,active,False,False,False,metadata:not_binary;has_missing_values;non_numeric_features
42603,train,2,active,False,False,False,metadata:meta_missing:NumberOfClasses;has_missing_values;meta_missing:MinorityClassSize
42604,train,3,active,False,False,False,metadata:meta_missing:NumberOfClasses;has_missing_values;meta_missing:MinorityClassSize
42605,train,4,active,False,False,False,metadata:meta_missing:NumberOfClasses;has_missing_values;meta_missing:MinorityClassSize
42606,train,5,active,False,False,False,metadata:meta_missing:NumberOfClasses;has_missing_values;meta_missing:MinorityClassSize
42607,train,6,active,False,False,False,metadata:meta_missing:NumberOfClasses;has_missing_values;meta_missing:MinorityClassSize
42608,diabetes,5,active,False,False,False,metadata:meta_missing:NumberOfClasses;meta_missing:MinorityClassSize
42609,train,7,active,False,False,False,metadata:meta_missing:NumberOfClasses;has_missing_values;meta_missing:MinorityClassSize
42610,train,8,active,False,False,False,metadata:meta_missing:NumberOfClasses;has_missing_values;meta_missing:MinorityClassSize
42611,train,9,active,False,False,False,metadata:meta_missing:NumberOfClasses;has_missing_values;meta_missing:MinorityClassSize
42612,train,10,active,False,False,False,metadata:meta_missing:NumberOfClasses;has_missing_values;meta_missing:MinorityClassSize
42613,train,11,active,False,False,False,metadata:meta_missing:NumberOfClasses;has_missing_values;meta_missing:MinorityClassSize
42614,train,12,active,False,False,False,metadata:meta_missing:NumberOfClasses;has_missing_values;meta_missing:MinorityClassSize
42615,train,13,active,False,False,False,metadata:meta_missing:NumberOfClasses;has_missing_values;meta_missing:MinorityClassSize
42616,train,14,active,False,False,False,metadata:meta_missing:NumberOfClasses;has_missing_values;meta_missing:MinorityClassSize
42617,train,15,active,False,False,False,metadata:meta_missing:NumberOfClasses;has_missing_values;meta_missing:MinorityClassSize
42618,train,16,active,False,False,False,metadata:meta_missing:NumberOfClasses;has_missing_values;meta_missing:MinorityClassSize
42619,train,17,active,False,False,False,metadata:meta_missing:NumberOfClasses;has_missing_values;meta_missing:MinorityClassSize
42620,train,18,active,False,False,False,metadata:meta_missing:NumberOfClasses;has_missing_values;meta_missing:MinorityClassSize
42621,train,19,active,False,False,False,metadata:meta_missing:NumberOfClasses;has_missing_values;meta_missing:MinorityClassSize
42622,train,20,active,False,False,False,metadata:meta_missing:NumberOfClasses;has_missing_values;meta_missing:MinorityClassSize
42623,train,21,active,False,False,False,metadata:meta_missing:NumberOfClasses;has_missing_values;meta_missing:MinorityClassSize
42624,train,22,active,False,False,False,metadata:meta_missing:NumberOfClasses;has_missing_values;meta_missing:MinorityClassSize
42625,train,23,active,False,False,False,metadata:meta_missing:NumberOfClasses;has_missing_values;meta_missing:MinorityClassSize
42626,train,24,active,False,False,False,metadata:meta_missing:NumberOfClasses;has_missing_values;meta_missing:MinorityClassSize
42627,dataset_31_credit-g,1,active,False,False,False,metadata:meta_missing:NumberOfClasses;meta_missing:MinorityClassSize
42628,dataset_31_credit-g,2,active,False,False,False,metadata:meta_missing:NumberOfClasses;meta_missing:MinorityClassSize
42629,dataset_31_credit-g,3,active,False,False,False,metadata:meta_missing:NumberOfClasses;meta_missing:MinorityClassSize
42630,dataset_31_credit-g,4,active,False,False,False,metadata:meta_missing:NumberOfClasses;meta_missing:MinorityClassSize
42631,dataset_31_credit-g,5,active,False,False,False,metadata:meta_missing:NumberOfClasses;meta_missing:MinorityClassSize
42632,dataset_31_credit-g,6,active,False,False,False,metadata:meta_missing:NumberOfClasses;meta_missing:MinorityClassSize
42633,dataset_31_credit-g,7,active,False,False,False,metadata:meta_missing:NumberOfClasses;meta_missing:MinorityClassSize
42635,house_sales_reduced,1,active,False,False,False,metadata:not_binary;n_samples_out_of_range;too_many_cells;meta_missing:MinorityClassSize
42636,Long,1,active,False,False,False,metadata:not_binary;meta_missing:MinorityClassSize
42637,titanic,8,active,False,False,False,metadata:meta_missing:NumberOfClasses;has_missing_values;non_numeric_features;meta_missing:MinorityClassSize
42638,titanic,9,active,False,False,False,metadata:has_missing_values;non_numeric_features
42642,dataset_53_heart-statlog,1,active,False,False,False,metadata:meta_missing:NumberOfClasses;meta_missing:MinorityClassSize
42643,dataset_time,1,active,False,False,False,metadata:meta_missing:NumberOfClasses;meta_missing:MinorityClassSize
42644,dataset_time,2,active,False,False,False,metadata:meta_missing:NumberOfClasses;meta_missing:MinorityClassSize
42645,dataset_time,3,active,False,False,False,metadata:meta_missing:NumberOfClasses;meta_missing:MinorityClassSize
42646,dataset_time_2,1,active,False,False,False,metadata:meta_missing:NumberOfClasses;meta_missing:MinorityClassSize
42647,dataset_time_3,1,active,False,False,False,metadata:meta_missing:NumberOfClasses;has_missing_values;meta_missing:MinorityClassSize
42648,dataset_time_4,1,active,False,False,False,metadata:meta_missing:NumberOfClasses;has_missing_values;n_samples_out_of_range;too_many_cells;meta_missing:MinorityClassSize
42649,dataset_time_4,2,active,False,False,False,metadata:meta_missing:NumberOfClasses;has_missing_values;n_samples_out_of_range;too_many_cells;meta_missing:MinorityClassSize
42650,dataset_time_4,3,active,False,False,False,metadata:meta_missing:NumberOfClasses;has_missing_values;n_samples_out_of_range;too_many_cells;meta_missing:MinorityClassSize
42651,dataset_time_4,4,active,False,False,False,metadata:meta_missing:NumberOfClasses;has_missing_values;n_samples_out_of_range;too_many_cells;meta_missing:MinorityClassSize
42652,dataset_time_5,1,active,False,False,False,metadata:meta_missing:NumberOfClasses;has_missing_values;meta_missing:MinorityClassSize
42653,dataset_time_1,1,active,False,False,False,metadata:meta_missing:NumberOfClasses;meta_missing:MinorityClassSize
42654,dataset_time_6,1,active,False,False,False,metadata:meta_missing:NumberOfClasses;has_missing_values;n_samples_out_of_range;meta_missing:MinorityClassSize
42655,dataset_time_5,2,active,False,False,False,metadata:meta_missing:NumberOfClasses;has_missing_values;meta_missing:MinorityClassSize
42656,dataset_time_7,1,active,False,False,False,metadata:meta_missing:NumberOfClasses;n_samples_out_of_range;too_many_cells;meta_missing:MinorityClassSize
42657,dataset_time_8,1,active,False,False,False,metadata:meta_missing:NumberOfClasses;has_missing_values;n_samples_out_of_range;too_many_cells;meta_missing:MinorityClassSize
42658,dataset_time_4,5,active,False,False,False,metadata:meta_missing:NumberOfClasses;has_missing_values;n_samples_out_of_range;too_many_cells;meta_missing:MinorityClassSize
42659,dataset_time_4,6,active,False,False,False,metadata:meta_missing:NumberOfClasses;has_missing_values;n_samples_out_of_range;too_many_cells;meta_missing:MinorityClassSize
42660,SalaryData,1,active,False,False,False,metadata:meta_missing:NumberOfClasses;non_numeric_features;n_samples_out_of_range;n_features_out_of_range;meta_missing:MinorityClassSize
42661,iris,46,active,False,False,False,metadata:meta_missing:NumberOfClasses;n_samples_out_of_range;meta_missing:MinorityClassSize
42662,dataset_time_8,2,active,False,False,False,metadata:meta_missing:NumberOfClasses;meta_missing:MinorityClassSize
42663,dataset_time_9,1,active,False,False,False,metadata:meta_missing:NumberOfClasses;meta_missing:MinorityClassSize
42664,dataset_time_10,1,active,False,False,False,metadata:meta_missing:NumberOfClasses;has_missing_values;n_samples_out_of_range;too_many_cells;meta_missing:MinorityClassSize
42665,ricci_vs_destefano,1,active,False,False,False,metadata:n_samples_out_of_range
42667,ZOO,3,active,False,False,False,metadata:meta_missing:NumberOfClasses;non_numeric_features;n_samples_out_of_range;meta_missing:MinorityClassSize
42680,RelevantImagesDatasetTEST,1,active,False,False,False,metadata:non_numeric_features;n_samples_out_of_range;too_many_cells
42682,wingstop_stock_prices,1,active,False,False,False,metadata:meta_missing:NumberOfClasses;meta_missing:MinorityClassSize
42688,Brazilian_houses,4,active,False,False,False,metadata:not_binary;non_numeric_features;n_samples_out_of_range;meta_missing:MinorityClassSize
42689,MY_DB,1,active,False,False,False,metadata:meta_missing:NumberOfClasses;non_numeric_features;n_samples_out_of_range;meta_missing:MinorityClassSize
42690,weather,11,active,False,False,False,metadata:meta_missing:NumberOfClasses;non_numeric_features;n_samples_out_of_range;meta_missing:MinorityClassSize
42691,weather,12,active,False,False,False,metadata:meta_missing:NumberOfClasses;non_numeric_features;n_samples_out_of_range;meta_missing:MinorityClassSize
42692,test,9,active,False,False,False,metadata:meta_missing:NumberOfClasses;n_samples_out_of_range;meta_missing:MinorityClassSize
42693,testdata,2,active,False,False,False,metadata:meta_missing:NumberOfClasses;n_samples_out_of_range;meta_missing:MinorityClassSize
42694,testnew2,1,active,False,False,False,metadata:meta_missing:NumberOfClasses;n_samples_out_of_range;meta_missing:MinorityClassSize
42695,test3,1,active,False,False,False,metadata:meta_missing:NumberOfClasses;n_samples_out_of_range;meta_missing:MinorityClassSize
42699,iris,47,active,False,False,False,metadata:meta_missing:NumberOfClasses;n_samples_out_of_range;meta_missing:MinorityClassSize
42700,iris,48,active,False,False,False,metadata:not_binary;n_samples_out_of_range
42701,Methane,1,active,False,False,False,metadata:meta_missing:NumberOfClasses;n_samples_out_of_range;too_many_cells;meta_missing:MinorityClassSize
42702,test4,1,active,False,False,False,metadata:meta_missing:NumberOfClasses;n_samples_out_of_range;meta_missing:MinorityClassSize
42703,NEERI,1,active,False,False,False,metadata:meta_missing:NumberOfClasses;n_samples_out_of_range;meta_missing:MinorityClassSize
42705,Yolanda,2,active,False,False,False,metadata:not_binary;n_samples_out_of_range;too_many_cells;meta_missing:MinorityClassSize
42706,Flora,1,active,False,False,False,metadata:not_binary;n_samples_out_of_range;n_features_out_of_range;too_many_cells;meta_missing:MinorityClassSize
42708,Flora,2,active,False,False,False,metadata:not_binary;n_samples_out_of_range;n_features_out_of_range;too_many_cells;meta_missing:MinorityClassSize
42710,shapes,1,active,False,False,False,metadata:meta_missing:NumberOfClasses;n_samples_out_of_range;meta_missing:MinorityClassSize
42712,Bike_Sharing_Demand,2,active,False,False,False,metadata:not_binary;non_numeric_features;n_samples_out_of_range;too_many_cells;meta_missing:MinorityClassSize
42713,Bike_Sharing_Demand,3,active,False,False,False,metadata:not_binary;non_numeric_features;n_samples_out_of_range;too_many_cells;meta_missing:MinorityClassSize
42716,anneal,4,active,False,False,False,metadata:not_binary;non_numeric_features;minority_too_small
42717,Click_prediction_small,9,active,False,False,False,metadata:n_samples_out_of_range;too_many_cells
42718,BNG(vehicle),2,active,False,False,False,metadata:not_binary;n_samples_out_of_range;too_many_cells
42720,medical_charges,7,active,False,False,False,metadata:not_binary;non_numeric_features;n_samples_out_of_range;too_many_cells;meta_missing:MinorityClassSize
42721,Airlines_DepDelay_1M,1,active,False,False,False,metadata:not_binary;non_numeric_features;n_samples_out_of_range;too_many_cells;meta_missing:MinorityClassSize
42723,colleges,12,active,False,False,False,metadata:not_binary;has_missing_values;non_numeric_features;n_samples_out_of_range;too_many_cells;meta_missing:MinorityClassSize
42724,OnlineNewsPopularity,2,active,False,False,False,metadata:not_binary;n_samples_out_of_range;too_many_cells;meta_missing:MinorityClassSize
42726,abalone,5,active,False,False,False,metadata:not_binary;meta_missing:MinorityClassSize
42727,colleges,14,active,False,False,False,metadata:not_binary;has_missing_values;non_numeric_features;n_samples_out_of_range;too_many_cells;meta_missing:MinorityClassSize
42728,Airlines_DepDelay_10M,1,active,False,False,False,metadata:not_binary;non_numeric_features;n_samples_out_of_range;too_many_cells;meta_missing:MinorityClassSize
42729,nyc-taxi-green-dec-2016,3,active,False,False,False,metadata:not_binary;non_numeric_features;n_samples_out_of_range;too_many_cells;meta_missing:MinorityClassSize
42730,us_crime,2,active,False,False,False,metadata:not_binary;has_missing_values;n_features_out_of_range;too_many_cells;meta_missing:MinorityClassSize
42731,house_sales,3,active,False,False,False,metadata:not_binary;n_samples_out_of_range;too_many_cells;meta_missing:MinorityClassSize
42732,sf-police-incidents,6,active,False,False,False,metadata:non_numeric_features;n_samples_out_of_range;too_many_cells
42733,Click_prediction_small,10,active,False,False,False,metadata:non_numeric_features;n_samples_out_of_range;too_many_cells
42734,okcupid-stem,3,active,False,False,False,metadata:not_binary;has_missing_values;non_numeric_features;n_samples_out_of_range;too_many_cells
42737,fps-in-video-games,1,active,False,False,False,metadata:not_binary;has_missing_values;non_numeric_features;n_samples_out_of_range;too_many_cells;meta_missing:MinorityClassSize
42738,open_payments,3,active,False,False,False,metadata:has_missing_values;n_samples_out_of_range;too_many_cells
42739,road_safety,2,active,False,False,False,metadata:not_binary;has_missing_values;n_samples_out_of_range;too_many_cells;meta_missing:MinorityClassSize
42742,porto-seguro,3,active,False,False,False,metadata:has_missing_values;non_numeric_features;n_samples_out_of_range;too_many_cells
42746,KDDCup99,5,active,False,False,False,metadata:not_binary;non_numeric_features;n_samples_out_of_range;too_many_cells;minority_too_small
42750,Census-Income-KDD,3,active,False,False,False,metadata:has_missing_values;n_samples_out_of_range;too_many_cells
42757,KDDCup09-Appetency,1,active,False,False,False,metadata:has_missing_values;n_samples_out_of_range;n_features_out_of_range;too_many_cells
42758,KDDCup09-Churn,1,active,False,False,False,metadata:has_missing_values;n_samples_out_of_range;n_features_out_of_range;too_many_cells
42759,KDDCup09-Upselling,1,active,False,False,False,metadata:has_missing_values;n_samples_out_of_range;n_features_out_of_range;too_many_cells
42762,kits-subset,1,active,False,False,False,metadata:not_binary;n_samples_out_of_range;n_features_out_of_range;too_many_cells;meta_missing:MinorityClassSize
42763,kits-subset,2,active,False,False,False,metadata:n_samples_out_of_range;n_features_out_of_range;too_many_cells
42764,kits-subset,3,active,False,False,False,metadata:not_binary;n_samples_out_of_range;n_features_out_of_range;too_many_cells;meta_missing:MinorityClassSize
42766,kits-subset,4,active,False,False,False,metadata:n_samples_out_of_range;n_features_out_of_range;too_many_cells
42768,Midwest_survey,15,active,False,False,False,metadata:not_binary;has_missing_values;non_numeric_features
42769,Higgs,3,active,False,False,False,metadata:n_samples_out_of_range;too_many_cells
42770,SKdailyCOVID19,1,active,False,False,False,metadata:meta_missing:NumberOfClasses;meta_missing:MinorityClassSize
42773,KDDCup09-Upselling,2,active,False,False,False,metadata:has_missing_values;non_numeric_features;n_samples_out_of_range;n_features_out_of_range;too_many_cells
42774,KDDCup09-Appetency,2,active,False,False,False,metadata:has_missing_values;non_numeric_features;n_samples_out_of_range;n_features_out_of_range;too_many_cells
42775,KDDCup09-Churn,2,active,False,False,False,metadata:has_missing_values;non_numeric_features;n_samples_out_of_range;n_features_out_of_range;too_many_cells
42781,danish_pronunciation,1,active,False,False,False,metadata:meta_missing:NumberOfClasses;has_missing_values;non_numeric_features;n_samples_out_of_range;n_features_out_of_range;meta_missing:MinorityClassSize
42793,olindda_outliers,1,active,False,False,False,metadata:not_binary;n_samples_out_of_range;minority_too_small
42795,Kassa,1,active,False,False,False,metadata:meta_missing:NumberOfClasses;non_numeric_features;n_features_out_of_range;too_many_cells;meta_missing:MinorityClassSize
42796,Kassa,2,active,False,False,False,metadata:meta_missing:NumberOfClasses;n_samples_out_of_range;meta_missing:MinorityClassSize
42797,test,10,active,False,False,False,metadata:meta_missing:NumberOfClasses;n_samples_out_of_range;too_many_cells;meta_missing:MinorityClassSize
42799,test_data,1,active,False,False,False,metadata:meta_missing:NumberOfClasses;meta_missing:MinorityClassSize
42800,pm25dataset,1,active,False,False,False,metadata:meta_missing:NumberOfClasses;n_samples_out_of_range;too_many_cells;meta_missing:MinorityClassSize
42803,road-safety,4,active,False,False,False,metadata:not_binary;has_missing_values;n_samples_out_of_range;too_many_cells
42804,Midwest_survey,16,active,False,False,False,metadata:not_binary;has_missing_values;non_numeric_features
42805,Midwest_survey,17,active,False,False,False,metadata:not_binary;has_missing_values;non_numeric_features
42806,nba-shot-logs,1,active,False,False,False,metadata:meta_missing:NumberOfClasses;has_missing_values;non_numeric_features;n_samples_out_of_range;too_many_cells;meta_missing:MinorityClassSize
42807,PrimeForm,1,active,False,False,False,metadata:meta_missing:NumberOfClasses;n_samples_out_of_range;meta_missing:MinorityClassSize
42809,kits,1,active,False,False,False,metadata:n_features_out_of_range;too_many_cells
42810,PCam,1,active,False,False,False,metadata:n_features_out_of_range;too_many_cells
42811,PCam16k,1,active,False,False,False,metadata:n_samples_out_of_range;n_features_out_of_range;too_many_cells
42812,PCam16k,2,active,False,False,False,metadata:n_samples_out_of_range;n_features_out_of_range;too_many_cells
42813,bankmarketing,1,active,False,False,False,metadata:meta_missing:NumberOfClasses;non_numeric_features;n_samples_out_of_range;too_many_cells;meta_missing:MinorityClassSize
42819,OxfordPets,1,active,False,False,False,metadata:not_binary;n_samples_out_of_range;n_features_out_of_range;too_many_cells
42820,OxfordPets,2,active,False,False,False,metadata:not_binary;n_samples_out_of_range;n_features_out_of_range;too_many_cells
42821,NASA_PHM2008,1,active,False,False,False,metadata:not_binary;n_samples_out_of_range;too_many_cells;meta_missing:MinorityClassSize
42822,NASA_PHM2008_1,1,active,False,False,False,metadata:not_binary;n_samples_out_of_range;too_many_cells;meta_missing:MinorityClassSize
42824,NaijaCOVID-19,1,active,False,False,False,metadata:meta_missing:NumberOfClasses;non_numeric_features;n_samples_out_of_range;meta_missing:MinorityClassSize
42825,speeddating,2,active,False,False,False,metadata:meta_missing:NumberOfClasses;has_missing_values;non_numeric_features;n_samples_out_of_range;n_features_out_of_range;too_many_cells;meta_missing:MinorityClassSize
42834,authorship,1,active,False,False,False,metadata:meta_missing:NumberOfClasses;non_numeric_features;meta_missing:MinorityClassSize
42835,authorship,2,active,False,False,False,metadata:meta_missing:NumberOfClasses;non_numeric_features;meta_missing:MinorityClassSize
42836,blocks,1,active,False,False,False,metadata:meta_missing:NumberOfClasses;non_numeric_features;n_samples_out_of_range;meta_missing:MinorityClassSize
42837,bodyfat,3,active,False,False,False,metadata:meta_missing:NumberOfClasses;non_numeric_features;meta_missing:MinorityClassSize
42838,breast,2,active,False,False,False,metadata:meta_missing:NumberOfClasses;non_numeric_features;n_samples_out_of_range;meta_missing:MinorityClassSize
42839,calhousing,1,active,False,False,False,metadata:meta_missing:NumberOfClasses;non_numeric_features;n_samples_out_of_range;meta_missing:MinorityClassSize
42840,cold,1,active,False,False,False,metadata:meta_missing:NumberOfClasses;non_numeric_features;meta_missing:MinorityClassSize
42841,cpu,4,active,False,False,False,metadata:meta_missing:NumberOfClasses;non_numeric_features;n_samples_out_of_range;meta_missing:MinorityClassSize
42842,diau,1,active,False,False,False,metadata:meta_missing:NumberOfClasses;non_numeric_features;meta_missing:MinorityClassSize
42843,dtt,1,active,False,False,False,metadata:meta_missing:NumberOfClasses;non_numeric_features;meta_missing:MinorityClassSize
42844,ecoli,4,active,False,False,False,metadata:meta_missing:NumberOfClasses;non_numeric_features;meta_missing:MinorityClassSize
42845,elevators,4,active,False,False,False,metadata:meta_missing:NumberOfClasses;non_numeric_features;n_samples_out_of_range;too_many_cells;meta_missing:MinorityClassSize
42846,fried,3,active,False,False,False,metadata:meta_missing:NumberOfClasses;non_numeric_features;n_samples_out_of_range;too_many_cells;meta_missing:MinorityClassSize
42847,glass,4,active,False,False,False,metadata:meta_missing:NumberOfClasses;non_numeric_features;meta_missing:MinorityClassSize
42848,glass,5,active,False,False,False,metadata:meta_missing:NumberOfClasses;non_numeric_features;meta_missing:MinorityClassSize
42849,heat,1,active,False,False,False,metadata:meta_missing:NumberOfClasses;non_numeric_features;meta_missing:MinorityClassSize
42850,housing,1,active,False,False,False,metadata:meta_missing:NumberOfClasses;non_numeric_features;meta_missing:MinorityClassSize
42851,iris,49,active,False,False,False,metadata:meta_missing:NumberOfClasses;non_numeric_features;n_samples_out_of_range;meta_missing:MinorityClassSize
42853,letter,3,active,False,False,False,metadata:meta_missing:NumberOfClasses;non_numeric_features;n_samples_out_of_range;too_many_cells;meta_missing:MinorityClassSize
42855,libras,1,active,False,False,False,metadata:meta_missing:NumberOfClasses;non_numeric_features;n_features_out_of_range;meta_missing:MinorityClassSize
42856,pendigits,3,active,False,False,False,metadata:meta_missing:NumberOfClasses;non_numeric_features;n_samples_out_of_range;too_many_cells;meta_missing:MinorityClassSize
42857,pendigits,4,active,False,False,False,metadata:meta_missing:NumberOfClasses;non_numeric_features;n_samples_out_of_range;too_many_cells;meta_missing:MinorityClassSize
42858,satimage,2,active,False,False,False,metadata:meta_missing:NumberOfClasses;non_numeric_features;n_samples_out_of_range;too_many_cells;meta_missing:MinorityClassSize
42859,segment,4,active,False,False,False,metadata:meta_missing:NumberOfClasses;non_numeric_features;meta_missing:MinorityClassSize
42860,segment,5,active,False,False,False,metadata:meta_missing:NumberOfClasses;non_numeric_features;meta_missing:MinorityClassSize
42861,spo,1,active,False,False,False,metadata:meta_missing:NumberOfClasses;non_numeric_features;meta_missing:MinorityClassSize
42862,stock,3,active,False,False,False,metadata:meta_missing:NumberOfClasses;non_numeric_features;meta_missing:MinorityClassSize
42863,vehicle,3,active,False,False,False,metadata:meta_missing:NumberOfClasses;non_numeric_features;meta_missing:MinorityClassSize
42864,vehicle,4,active,False,False,False,metadata:meta_missing:NumberOfClasses;non_numeric_features;meta_missing:MinorityClassSize
42865,vowel,4,active,False,False,False,metadata:meta_missing:NumberOfClasses;non_numeric_features;meta_missing:MinorityClassSize
42866,vowel,5,active,False,False,False,metadata:meta_missing:NumberOfClasses;non_numeric_features;meta_missing:MinorityClassSize
42867,wine,4,active,False,False,False,metadata:meta_missing:NumberOfClasses;non_numeric_features;n_samples_out_of_range;meta_missing:MinorityClassSize
42869,wisconsin,3,active,False,False,False,metadata:meta_missing:NumberOfClasses;non_numeric_features;n_samples_out_of_range;meta_missing:MinorityClassSize
42870,yeast,9,active,False,False,False,metadata:meta_missing:NumberOfClasses;non_numeric_features;meta_missing:MinorityClassSize
42871,iris,50,active,False,False,False,metadata:meta_missing:NumberOfClasses;non_numeric_features;n_samples_out_of_range;meta_missing:MinorityClassSize
42872,wine,5,active,False,False,False,metadata:meta_missing:NumberOfClasses;non_numeric_features;n_samples_out_of_range;meta_missing:MinorityClassSize
42874,Laboratorio_dataset_car,1,active,False,False,False,metadata:meta_missing:NumberOfClasses;non_numeric_features;meta_missing:MinorityClassSize
42875,Laboratorio_dataset_car,2,active,False,False,False,metadata:meta_missing:NumberOfClasses;non_numeric_features;meta_missing:MinorityClassSize
42876,WorkersCompensation,1,active,False,False,False,metadata:not_binary;n_samples_out_of_range;too_many_cells;meta_missing:MinorityClassSize
42877,SCADI,1,active,False,False,False,metadata:meta_missing:NumberOfClasses;non_numeric_features;n_samples_out_of_range;n_features_out_of_range;meta_missing:MinorityClassSize
42878,autism-adult-data,1,active,False,False,False,metadata:meta_missing:NumberOfClasses;has_missing_values;non_numeric_features;meta_missing:MinorityClassSize
42880,polish-bankruptcy-1year,1,active,False,False,False,metadata:meta_missing:NumberOfClasses;has_missing_values;n_samples_out_of_range;too_many_cells;meta_missing:MinorityClassSize
42881,CMC_Data,1,active,False,False,False,metadata:meta_missing:NumberOfClasses;non_numeric_features;meta_missing:MinorityClassSize
42882,dgf_test,1,active,False,False,False,metadata:has_missing_values
42883,dgf_test,2,active,False,False,False,metadata:has_missing_values
42887,absenteeism-at-work,1,active,False,False,False,metadata:meta_missing:NumberOfClasses;non_numeric_features;meta_missing:MinorityClassSize
42889,shill-bidding,1,active,False,False,False,metadata:not_binary;n_samples_out_of_range;meta_missing:MinorityClassSize
42890,AI4I2020,1,active,False,False,False,metadata:meta_missing:NumberOfClasses;n_samples_out_of_range;meta_missing:MinorityClassSize
42891,beijing-pm2.5,1,active,False,False,False,metadata:meta_missing:NumberOfClasses;has_missing_values;n_samples_out_of_range;too_many_cells;meta_missing:MinorityClassSize
42893,acp-lung-cancer,1,active,False,False,False,metadata:meta_missing:NumberOfClasses;meta_missing:MinorityClassSize
42895,acp-breast-cancer,1,active,False,False,False,metadata:meta_missing:NumberOfClasses;meta_missing:MinorityClassSize
42896,behavior-urban-traffic,1,active,False,False,False,metadata:meta_missing:NumberOfClasses;n_samples_out_of_range;meta_missing:MinorityClassSize
42897,bias-correction,1,active,False,False,False,metadata:meta_missing:NumberOfClasses;has_missing_values;n_samples_out_of_range;too_many_cells;meta_missing:MinorityClassSize
42898,burst-header-packet,1,active,False,False,False,metadata:meta_missing:NumberOfClasses;has_missing_values;non_numeric_features;meta_missing:MinorityClassSize
42900,breast-cancer-coimbra,1,active,False,False,False,metadata:not_binary;n_samples_out_of_range;meta_missing:MinorityClassSize
42901,caesarian-section,1,active,False,False,False,metadata:meta_missing:NumberOfClasses;non_numeric_features;n_samples_out_of_range;meta_missing:MinorityClassSize
42903,physicochemical-protein,1,active,False,False,False,metadata:meta_missing:NumberOfClasses;n_samples_out_of_range;too_many_cells;meta_missing:MinorityClassSize
42904,youtube-spam-psy,1,active,False,False,False,metadata:meta_missing:NumberOfClasses;meta_missing:MinorityClassSize
42905,youtube-spam-katyperry,1,active,False,False,False,metadata:meta_missing:NumberOfClasses;meta_missing:MinorityClassSize
42906,youtube-spam-lmfao,1,active,False,False,False,metadata:meta_missing:NumberOfClasses;meta_missing:MinorityClassSize
42907,youtube-spam-eminem,1,active,False,False,False,metadata:meta_missing:NumberOfClasses;has_missing_values;meta_missing:MinorityClassSize
42908,youtube-spam-shakira,1,active,False,False,False,metadata:meta_missing:NumberOfClasses;meta_missing:MinorityClassSize
42909,obesity-level-indicators,1,active,False,False,False,metadata:meta_missing:NumberOfClasses;non_numeric_features;meta_missing:MinorityClassSize
42910,cargo-2000,1,active,False,False,False,metadata:meta_missing:NumberOfClasses;has_missing_values;too_many_cells;meta_missing:MinorityClassSize
42911,risk-factors-cervical,1,active,False,False,False,metadata:meta_missing:NumberOfClasses;has_missing_values;meta_missing:MinorityClassSize
42912,behavior-cervical,1,active,False,False,False,metadata:meta_missing:NumberOfClasses;has_missing_values;meta_missing:MinorityClassSize
42915,chemical-ceramic,1,active,False,False,False,metadata:meta_missing:NumberOfClasses;n_samples_out_of_range;meta_missing:MinorityClassSize
42918,skillcraft1,1,active,False,False,False,metadata:meta_missing:NumberOfClasses;has_missing_values;meta_missing:MinorityClassSize
42930,alcohol-qcm-sensor,1,active,False,False,False,metadata:meta_missing:NumberOfClasses;n_samples_out_of_range;meta_missing:MinorityClassSize
42931,audit-data,1,active,False,False,False,metadata:not_binary;has_missing_values;meta_missing:MinorityClassSize
42932,avila,1,active,False,False,False,metadata:meta_missing:NumberOfClasses;n_samples_out_of_range;too_many_cells;meta_missing:MinorityClassSize
42933,Beijing-Multi-Site-Air-Quality,1,active,False,False,False,metadata:meta_missing:NumberOfClasses;has_missing_values;n_samples_out_of_range;too_many_cells;meta_missing:MinorityClassSize
42960,communities-and-crime,1,active,False,False,False,metadata:meta_missing:NumberOfClasses;has_missing_values;n_features_out_of_range;too_many_cells;meta_missing:MinorityClassSize
42961,parking-birmingham,1,active,False,False,False,metadata:meta_missing:NumberOfClasses;n_samples_out_of_range;meta_missing:MinorityClassSize
42962,oclar,1,active,False,False,False,metadata:meta_missing:NumberOfClasses;meta_missing:MinorityClassSize
42963,sgemm-gpu-kernel,1,active,False,False,False,metadata:meta_missing:NumberOfClasses;n_samples_out_of_range;too_many_cells;meta_missing:MinorityClassSize
42964,wimbledon-women-2013,1,active,False,False,False,metadata:meta_missing:NumberOfClasses;has_missing_values;n_samples_out_of_range;meta_missing:MinorityClassSize
42965,wimbledon-men-2013,1,active,False,False,False,metadata:meta_missing:NumberOfClasses;has_missing_values;n_samples_out_of_range;meta_missing:MinorityClassSize
42966,usopen-men-2013,1,active,False,False,False,metadata:meta_missing:NumberOfClasses;has_missing_values;n_samples_out_of_range;meta_missing:MinorityClassSize
42967,usopen-women-2013,1,active,False,False,False,metadata:meta_missing:NumberOfClasses;has_missing_values;n_samples_out_of_range;meta_missing:MinorityClassSize
42968,frenchopen-women-2013,1,active,False,False,False,metadata:meta_missing:NumberOfClasses;has_missing_values;n_samples_out_of_range;meta_missing:MinorityClassSize
42969,frenchopen-men-2013,1,active,False,False,False,metadata:meta_missing:NumberOfClasses;has_missing_values;n_samples_out_of_range;meta_missing:MinorityClassSize
42970,ausopen-men-2013,1,active,False,False,False,metadata:meta_missing:NumberOfClasses;has_missing_values;n_samples_out_of_range;meta_missing:MinorityClassSize
42971,ausopen-women-2013,1,active,False,False,False,metadata:meta_missing:NumberOfClasses;has_missing_values;n_samples_out_of_range;meta_missing:MinorityClassSize
42972,chronic-kidney-disease,1,active,False,False,False,metadata:meta_missing:NumberOfClasses;has_missing_values;meta_missing:MinorityClassSize
42973,ct-slice-localization,1,active,False,False,False,metadata:meta_missing:NumberOfClasses;n_samples_out_of_range;n_features_out_of_range;too_many_cells;meta_missing:MinorityClassSize
42974,gas-turbine-2011,1,active,False,False,False,metadata:meta_missing:NumberOfClasses;n_samples_out_of_range;meta_missing:MinorityClassSize
42975,gas-turbine-2012,1,active,False,False,False,metadata:meta_missing:NumberOfClasses;n_samples_out_of_range;meta_missing:MinorityClassSize
42976,gas-turbine-2013,1,active,False,False,False,metadata:meta_missing:NumberOfClasses;n_samples_out_of_range;meta_missing:MinorityClassSize
42977,gas-turbine-2014,1,active,False,False,False,metadata:meta_missing:NumberOfClasses;n_samples_out_of_range;meta_missing:MinorityClassSize
42978,gas-turbine-2015,1,active,False,False,False,metadata:meta_missing:NumberOfClasses;n_samples_out_of_range;meta_missing:MinorityClassSize
42979,gnfuv-pi-2,1,active,False,False,False,metadata:meta_missing:NumberOfClasses;meta_missing:MinorityClassSize
42980,gnfuv-pi-3,1,active,False,False,False,metadata:meta_missing:NumberOfClasses;meta_missing:MinorityClassSize
42981,gnfuv-pi-4,1,active,False,False,False,metadata:meta_missing:NumberOfClasses;meta_missing:MinorityClassSize
42982,gnfuv-pi-5,1,active,False,False,False,metadata:meta_missing:NumberOfClasses;meta_missing:MinorityClassSize
42984,polish-bankruptcy-2year,1,active,False,False,False,metadata:meta_missing:NumberOfClasses;has_missing_values;n_samples_out_of_range;too_many_cells;meta_missing:MinorityClassSize
42985,polish-bankruptcy-3-year,1,active,False,False,False,metadata:meta_missing:NumberOfClasses;has_missing_values;n_samples_out_of_range;too_many_cells;meta_missing:MinorityClassSize
42986,polish-bankruptcy-4year,1,active,False,False,False,metadata:meta_missing:NumberOfClasses;has_missing_values;n_samples_out_of_range;too_many_cells;meta_missing:MinorityClassSize
42987,polish-bankruptcy-5year,1,active,False,False,False,metadata:meta_missing:NumberOfClasses;has_missing_values;n_samples_out_of_range;too_many_cells;meta_missing:MinorityClassSize
42989,garments-worker-productivity,1,active,False,False,False,metadata:meta_missing:NumberOfClasses;has_missing_values;meta_missing:MinorityClassSize
42990,digital-colposcopy-green,1,active,False,False,False,metadata:meta_missing:NumberOfClasses;n_samples_out_of_range;meta_missing:MinorityClassSize
42991,digital-colposcopy-hinselmann,1,active,False,False,False,metadata:meta_missing:NumberOfClasses;n_samples_out_of_range;meta_missing:MinorityClassSize
42992,digital-colposcopy-schiller,1,active,False,False,False,metadata:meta_missing:NumberOfClasses;n_samples_out_of_range;meta_missing:MinorityClassSize
42993,online-shoppers-intention,1,active,False,False,False,metadata:meta_missing:NumberOfClasses;non_numeric_features;n_samples_out_of_range;too_many_cells;meta_missing:MinorityClassSize
42994,early-stage-diabetes,1,active,False,False,False,metadata:meta_missing:NumberOfClasses;meta_missing:MinorityClassSize
42996,gender-by-name,1,active,False,False,False,metadata:meta_missing:NumberOfClasses;n_samples_out_of_range;too_many_cells;meta_missing:MinorityClassSize
42997,mocap-hand-postures,1,active,False,False,False,metadata:meta_missing:NumberOfClasses;has_missing_values;n_samples_out_of_range;too_many_cells;meta_missing:MinorityClassSize
42998,metro-interstate-traffic,1,active,False,False,False,metadata:meta_missing:NumberOfClasses;n_samples_out_of_range;too_many_cells;meta_missing:MinorityClassSize
42999,hungarian-chickenpox,1,active,False,False,False,metadata:meta_missing:NumberOfClasses;meta_missing:MinorityClassSize
43000,cnn-stock-pred-dji,1,active,False,False,False,metadata:meta_missing:NumberOfClasses;meta_missing:MinorityClassSize
43003,cnn-stock-pred-nasdaq,1,active,False,False,False,metadata:meta_missing:NumberOfClasses;has_missing_values;too_many_cells;meta_missing:MinorityClassSize
43004,cnn-stock-pred-nyse,1,active,False,False,False,metadata:meta_missing:NumberOfClasses;has_missing_values;too_many_cells;meta_missing:MinorityClassSize
43005,cnn-stock-pred-russell,1,active,False,False,False,metadata:meta_missing:NumberOfClasses;has_missing_values;too_many_cells;meta_missing:MinorityClassSize
43006,cnn-stock-pred-sp,1,active,False,False,False,metadata:meta_missing:NumberOfClasses;has_missing_values;too_many_cells;meta_missing:MinorityClassSize
43007,electrical-grid-stability,1,active,False,False,False,metadata:meta_missing:NumberOfClasses;n_samples_out_of_range;meta_missing:MinorityClassSize
43008,heart-failure,1,active,False,False,False,metadata:meta_missing:NumberOfClasses;meta_missing:MinorityClassSize
43009,hcv-data,1,active,False,False,False,metadata:meta_missing:NumberOfClasses;has_missing_values;meta_missing:MinorityClassSize
43023,dgf_96f4164d-956d-4c1c-b161-68724eb0ccdc,16,active,False,False,False,metadata:not_binary;has_missing_values;non_numeric_features;n_samples_out_of_range;minority_too_small
43025,dgf_96f4164d-956d-4c1c-b161-68724eb0ccdc,18,active,False,False,False,metadata:not_binary;has_missing_values;non_numeric_features;n_samples_out_of_range;minority_too_small
43026,dgf_96f4164d-956d-4c1c-b161-68724eb0ccdc,19,active,False,False,False,metadata:not_binary;non_numeric_features
43028,dgf_96f4164d-956d-4c1c-b161-68724eb0ccdc,21,active,False,False,False,metadata:not_binary;has_missing_values;non_numeric_features;minority_too_small
43029,dgf_96f4164d-956d-4c1c-b161-68724eb0ccdc,22,active,False,False,False,metadata:not_binary;has_missing_values;non_numeric_features;minority_too_small
43033,dgf_96f4164d-956d-4c1c-b161-68724eb0ccdc,26,active,False,False,False,metadata:not_binary;has_missing_values;non_numeric_features;minority_too_small
43034,dgf_6af37c98-0933-4ae4-8380-5f63212fb52a,1,active,False,False,False,metadata:not_binary;has_missing_values;non_numeric_features;n_samples_out_of_range;too_many_cells;meta_missing:MinorityClassSize
43035,dgf_96f4164d-956d-4c1c-b161-68724eb0ccdc,27,active,False,False,False,metadata:not_binary;has_missing_values;non_numeric_features;minority_too_small
43038,dow-jones-index,1,active,False,False,False,metadata:meta_missing:NumberOfClasses;has_missing_values;meta_missing:MinorityClassSize
43039,internet-firewall,1,active,False,False,False,metadata:meta_missing:NumberOfClasses;n_samples_out_of_range;too_many_cells;meta_missing:MinorityClassSize
43040,post-operative,1,active,False,False,False,metadata:meta_missing:NumberOfClasses;n_samples_out_of_range;too_many_cells;meta_missing:MinorityClassSize
43044,drug-directory,2,active,False,False,False,metadata:not_binary;has_missing_values;n_samples_out_of_range;too_many_cells;minority_too_small
43045,art_daily_small_noise,1,active,False,False,False,metadata:meta_missing:NumberOfClasses;n_features_out_of_range;meta_missing:MinorityClassSize
43046,leaktest,1,active,False,False,False,metadata:meta_missing:NumberOfClasses;n_samples_out_of_range;meta_missing:MinorityClassSize
43047,art_daily_nojump,1,active,False,False,False,metadata:meta_missing:NumberOfClasses;n_features_out_of_range;meta_missing:MinorityClassSize
43049,art_daily_nojump2,1,active,False,False,False,metadata:meta_missing:NumberOfClasses;meta_missing:MinorityClassSize
43050,art_daily_nojump3,1,active,False,False,False,metadata:not_binary;meta_missing:MinorityClassSize
43051,art_daily_nojump4,1,active,True,True,False,non_numeric_features
43056,art_daily_small_noise2,1,active,False,False,False,metadata:not_binary;n_features_out_of_range;meta_missing:MinorityClassSize
43059,realAdExchange2,1,active,False,False,False,metadata:meta_missing:NumberOfClasses;meta_missing:MinorityClassSize
43060,realAdExchange3,1,active,False,False,False,metadata:meta_missing:NumberOfClasses;meta_missing:MinorityClassSize
43062,realAdExchange4,1,active,False,False,False,metadata:meta_missing:NumberOfClasses;meta_missing:MinorityClassSize
43063,Diabetes,6,active,False,False,False,metadata:meta_missing:NumberOfClasses;meta_missing:MinorityClassSize
43064,realAdExchange4,2,active,False,False,False,metadata:meta_missing:NumberOfClasses;n_features_out_of_range;meta_missing:MinorityClassSize
43066,BMC_TrainingData,1,active,False,False,False,metadata:meta_missing:NumberOfClasses;non_numeric_features;n_samples_out_of_range;too_many_cells;meta_missing:MinorityClassSize
43067,LottoMaster-144,1,active,False,False,False,metadata:meta_missing:NumberOfClasses;n_samples_out_of_range;too_many_cells;meta_missing:MinorityClassSize
43068,road_safety,3,active,False,False,False,metadata:not_binary;has_missing_values;n_samples_out_of_range;too_many_cells;meta_missing:MinorityClassSize
43069,road_safety,4,active,False,False,False,metadata:not_binary;has_missing_values;n_samples_out_of_range;too_many_cells;meta_missing:MinorityClassSize
43070,MIP-2016-regression,2,active,False,False,False,metadata:not_binary;n_features_out_of_range;too_many_cells;meta_missing:MinorityClassSize
43071,MIP-2016-regression,3,active,False,False,False,metadata:not_binary;n_features_out_of_range;too_many_cells;meta_missing:MinorityClassSize
43072,KDDCup09-Upselling,3,active,False,False,False,metadata:has_missing_values;non_numeric_features;n_samples_out_of_range;n_features_out_of_range;too_many_cells
43075,1DUltrasoundMuscleFatigueDataStudy1Of2,1,active,False,False,False,metadata:meta_missing:NumberOfClasses;meta_missing:MinorityClassSize
43076,1DUltrasoundMuscleFatigueDataStudy2Of2,1,active,False,False,False,metadata:meta_missing:NumberOfClasses;meta_missing:MinorityClassSize
43077,art_daily_jumpsup,1,active,False,False,False,metadata:meta_missing:NumberOfClasses;meta_missing:MinorityClassSize
43078,Code_Smells_Blob,1,active,False,False,False,metadata:not_binary;has_missing_values;n_samples_out_of_range;too_many_cells;meta_missing:MinorityClassSize
43079,Code_Smells_Data_Class,1,active,False,False,False,metadata:not_binary;has_missing_values;n_samples_out_of_range;too_many_cells;meta_missing:MinorityClassSize
43080,art_daily_jumpsdown,1,active,False,False,False,metadata:meta_missing:NumberOfClasses;meta_missing:MinorityClassSize
43085,tuiter,1,active,False,False,False,metadata:meta_missing:NumberOfClasses;has_missing_values;non_numeric_features;meta_missing:MinorityClassSize
43090,30mlday,1,active,False,False,False,metadata:not_binary;non_numeric_features;n_samples_out_of_range;too_many_cells;meta_missing:MinorityClassSize
43093,MiamiHousing2016,1,active,False,False,False,metadata:not_binary;n_samples_out_of_range;too_many_cells;meta_missing:MinorityClassSize
43097,students_scores,1,active,True,True,False,non_numeric_features
43098,students_scores,2,active,True,True,False,non_numeric_features
43100,Weather-11.10,1,active,False,False,False,metadata:non_numeric_features;n_samples_out_of_range;minority_too_small
43102,Weather,14,active,False,False,False,metadata:meta_missing:NumberOfClasses;non_numeric_features;n_samples_out_of_range;meta_missing:MinorityClassSize
43103,Weather,15,active,False,False,False,metadata:meta_missing:NumberOfClasses;non_numeric_features;n_samples_out_of_range;meta_missing:MinorityClassSize
43104,ilpd,2,active,False,False,False,metadata:meta_missing:NumberOfClasses;non_numeric_features;meta_missing:MinorityClassSize
43105,Testing,2,active,False,False,False,metadata:meta_missing:NumberOfClasses;non_numeric_features;meta_missing:MinorityClassSize
43106,ChonicKidneyDisease,1,active,False,False,False,metadata:meta_missing:NumberOfClasses;non_numeric_features;meta_missing:MinorityClassSize
43113,movies,1,active,False,False,False,metadata:meta_missing:NumberOfClasses;has_missing_values;meta_missing:MinorityClassSize
43114,Red_wine,1,active,False,False,False,metadata:meta_missing:NumberOfClasses;n_samples_out_of_range;meta_missing:MinorityClassSize
43115,Red_wine1,1,active,False,False,False,metadata:meta_missing:NumberOfClasses;meta_missing:MinorityClassSize
43116,red_wine,2,active,False,False,False,metadata:meta_missing:NumberOfClasses;meta_missing:MinorityClassSize
43117,red_wine,3,active,False,False,False,metadata:meta_missing:NumberOfClasses;meta_missing:MinorityClassSize
43118,red_wine,4,active,False,False,False,metadata:meta_missing:NumberOfClasses;meta_missing:MinorityClassSize
43119,white_wine1,1,active,False,False,False,metadata:meta_missing:NumberOfClasses;n_samples_out_of_range;meta_missing:MinorityClassSize
43121,Porto_Seguro_Safe_Driver_Prediction_2nd_Place_Lightgbm_Solution,1,active,False,False,False,metadata:not_binary;n_samples_out_of_range;n_features_out_of_range;too_many_cells;meta_missing:MinorityClassSize
43122,Hyperplane,1,active,False,False,False,metadata:meta_missing:NumberOfClasses;n_samples_out_of_range;too_many_cells;meta_missing:MinorityClassSize
43123,Diabetes(scikit-learn),7,active,False,False,False,metadata:not_binary;meta_missing:MinorityClassSize
43127,mytestdataset,1,active,False,False,False,metadata:not_binary;meta_missing:MinorityClassSize
43134,car_info,1,active,False,False,False,metadata:meta_missing:NumberOfClasses;non_numeric_features;meta_missing:MinorityClassSize
43136,ACSIncome,1,active,False,False,False,metadata:meta_missing:NumberOfClasses;n_samples_out_of_range;too_many_cells;meta_missing:MinorityClassSize
43137,ACSIncome,2,active,False,False,False,metadata:meta_missing:NumberOfClasses;n_samples_out_of_range;too_many_cells;meta_missing:MinorityClassSize
43138,ACSPublicCoverage,1,active,False,False,False,metadata:meta_missing:NumberOfClasses;n_samples_out_of_range;too_many_cells;meta_missing:MinorityClassSize
43140,ACSPublicCoverage,2,active,False,False,False,metadata:not_binary;n_samples_out_of_range;too_many_cells;meta_missing:MinorityClassSize
43141,ACSIncome,3,active,False,False,False,metadata:not_binary;n_samples_out_of_range;too_many_cells;meta_missing:MinorityClassSize
43144,SGEMM_GPU_kernel_performance,1,active,False,False,False,metadata:not_binary;n_samples_out_of_range;too_many_cells;meta_missing:MinorityClassSize
43146,bfi_dataset,1,active,False,False,False,metadata:meta_missing:NumberOfClasses;has_missing_values;meta_missing:MinorityClassSize
43147,StackOverflow-polarity-train,1,active,False,False,False,metadata:not_binary;n_features_out_of_range
43148,StackOverflow-polarity-test,1,active,False,False,False,metadata:not_binary;n_features_out_of_range
43149,StackOverflow-polarity,1,active,False,False,False,metadata:not_binary;n_features_out_of_range
43150,ALARM_dataset,1,active,False,False,False,metadata:meta_missing:NumberOfClasses;non_numeric_features;n_samples_out_of_range;too_many_cells;meta_missing:MinorityClassSize
43151,Asia_dataset,1,active,False,False,False,metadata:meta_missing:NumberOfClasses;non_numeric_features;meta_missing:MinorityClassSize
43154,coronary_dataset,1,active,False,False,False,metadata:meta_missing:NumberOfClasses;non_numeric_features;meta_missing:MinorityClassSize
43156,hailfinder_dataset,1,active,False,False,False,metadata:meta_missing:NumberOfClasses;non_numeric_features;n_samples_out_of_range;too_many_cells;meta_missing:MinorityClassSize
43157,insurance_dataset,1,active,False,False,False,metadata:meta_missing:NumberOfClasses;non_numeric_features;n_samples_out_of_range;too_many_cells;meta_missing:MinorityClassSize
43160,StackOverflow-polarity,2,active,False,False,False,metadata:not_binary;n_features_out_of_range
43162,lizards_dataset,1,active,False,False,False,metadata:meta_missing:NumberOfClasses;non_numeric_features;meta_missing:MinorityClassSize
43174,superconduct,1,active,False,False,False,metadata:not_binary;n_samples_out_of_range;too_many_cells;meta_missing:MinorityClassSize
43176,sells,1,active,False,False,False,metadata:meta_missing:NumberOfClasses;meta_missing:MinorityClassSize
43180,IEEE80211aa-GATS,1,active,False,False,False,metadata:not_binary;meta_missing:MinorityClassSize
43181,33,1,active,False,False,False,metadata:meta_missing:NumberOfClasses;has_missing_values;non_numeric_features;n_samples_out_of_range;meta_missing:MinorityClassSize
43190,IEEE80211aa-GATS,2,active,False,False,False,metadata:not_binary;meta_missing:MinorityClassSize
43192,IEEE80211aa-GATS,3,active,False,False,False,metadata:not_binary;has_missing_values;too_many_cells;meta_missing:MinorityClassSize
43194,IEEE80211aa-GATS,4,active,False,False,False,metadata:not_binary;meta_missing:MinorityClassSize
43198,IEEE80211aa-GATS,5,active,False,False,False,metadata:not_binary;has_missing_values;n_samples_out_of_range;too_many_cells;meta_missing:MinorityClassSize
43204,17StudentTimeManagement,1,active,False,False,False,metadata:meta_missing:NumberOfClasses;has_missing_values;non_numeric_features;n_samples_out_of_range;meta_missing:MinorityClassSize
43205,19SemesterResult,1,active,False,False,False,metadata:meta_missing:NumberOfClasses;has_missing_values;n_samples_out_of_range;meta_missing:MinorityClassSize
43206,24InternationalstudentsinChina-Continent,1,active,False,False,False,metadata:meta_missing:NumberOfClasses;non_numeric_features;n_samples_out_of_range;meta_missing:MinorityClassSize
43207,25InternationalstudentsinChina-Country,1,active,False,False,False,metadata:meta_missing:NumberOfClasses;non_numeric_features;n_samples_out_of_range;meta_missing:MinorityClassSize
43208,26InternationalstudentsinChina-Province,1,active,False,False,False,metadata:meta_missing:NumberOfClasses;non_numeric_features;n_samples_out_of_range;n_features_out_of_range;meta_missing:MinorityClassSize
43218,17OnlineShoppersPurchasingIntention,1,active,False,False,False,metadata:meta_missing:NumberOfClasses;non_numeric_features;n_samples_out_of_range;too_many_cells;meta_missing:MinorityClassSize
43219,18ProductivityPrediction,1,active,False,False,False,metadata:meta_missing:NumberOfClasses;has_missing_values;non_numeric_features;meta_missing:MinorityClassSize
43220,19Realestatevaluation,1,active,False,False,False,metadata:meta_missing:NumberOfClasses;non_numeric_features;meta_missing:MinorityClassSize
43222,22SafetyBehaviouDuringCOVID-19,1,active,False,False,False,metadata:meta_missing:NumberOfClasses;meta_missing:MinorityClassSize
43248,1,2,active,False,False,False,metadata:meta_missing:NumberOfClasses;non_numeric_features;meta_missing:MinorityClassSize
43250,18ProductivityPrediction,2,active,False,False,False,metadata:not_binary;has_missing_values;non_numeric_features;meta_missing:MinorityClassSize
43252,IEEE80211aa-GATS,7,active,False,False,False,metadata:not_binary;meta_missing:MinorityClassSize
43255,1StudentPerfromance,1,active,False,False,False,metadata:non_numeric_features
43256,IEEE80211aa-GATS,9,active,False,False,False,metadata:not_binary;has_missing_values;meta_missing:MinorityClassSize
43257,wine_quality,2,active,False,False,False,metadata:meta_missing:NumberOfClasses;meta_missing:MinorityClassSize
43259,wine,6,active,False,False,False,metadata:meta_missing:NumberOfClasses;has_missing_values;n_samples_out_of_range;too_many_cells;meta_missing:MinorityClassSize
43260,train_bbb,1,active,False,False,False,metadata:meta_missing:NumberOfClasses;n_features_out_of_range;too_many_cells;meta_missing:MinorityClassSize
43262,Darshana,1,active,False,False,False,metadata:meta_missing:NumberOfClasses;n_features_out_of_range;meta_missing:MinorityClassSize
43278,Graph_Inference_Dataset,1,active,False,False,False,metadata:meta_missing:NumberOfClasses;meta_missing:MinorityClassSize
43284,PhosphoproteinChallenge_DREAM3,1,active,False,False,False,metadata:meta_missing:NumberOfClasses;meta_missing:MinorityClassSize
43286,Graph_Inference_Dataset,2,active,False,False,False,metadata:meta_missing:NumberOfClasses;meta_missing:MinorityClassSize
43292,PhosphoproteinChallenge_DREAM3,2,active,False,False,False,metadata:meta_missing:NumberOfClasses;meta_missing:MinorityClassSize
43294,Graph_Inference_Dataset,3,active,False,False,False,metadata:meta_missing:NumberOfClasses;meta_missing:MinorityClassSize
43295,pair0001,3,active,False,False,False,metadata:meta_missing:NumberOfClasses;n_features_out_of_range;meta_missing:MinorityClassSize
43296,pair0002,3,active,False,False,False,metadata:meta_missing:NumberOfClasses;n_features_out_of_range;meta_missing:MinorityClassSize
43297,pair0003,3,active,False,False,False,metadata:meta_missing:NumberOfClasses;n_features_out_of_range;meta_missing:MinorityClassSize
43298,pair0004,3,active,False,False,False,metadata:meta_missing:NumberOfClasses;n_features_out_of_range;meta_missing:MinorityClassSize
43299,pair0005,3,active,False,False,False,metadata:meta_missing:NumberOfClasses;n_features_out_of_range;meta_missing:MinorityClassSize
43300,PhosphoproteinChallenge_DREAM3,3,active,False,False,False,metadata:meta_missing:NumberOfClasses;meta_missing:MinorityClassSize
43303,US-Accidents-(4.2-million-records),1,active,False,False,False,metadata:meta_missing:NumberOfClasses;has_missing_values;non_numeric_features;n_samples_out_of_range;too_many_cells;meta_missing:MinorityClassSize
43304,US-Accidents-(4.2-million-records),2,active,False,False,False,metadata:meta_missing:NumberOfClasses;has_missing_values;non_numeric_features;n_samples_out_of_range;too_many_cells;meta_missing:MinorityClassSize
43305,Used-Cars-Dataset,1,active,False,False,False,metadata:meta_missing:NumberOfClasses;has_missing_values;n_samples_out_of_range;too_many_cells;meta_missing:MinorityClassSize
43306,Used-Cars-Dataset,2,active,False,False,False,metadata:meta_missing:NumberOfClasses;has_missing_values;n_samples_out_of_range;too_many_cells;meta_missing:MinorityClassSize
43307,Campus-Recruitment,1,active,False,False,False,metadata:meta_missing:NumberOfClasses;has_missing_values;meta_missing:MinorityClassSize
43308,Fish-market,1,active,False,False,False,metadata:not_binary;n_samples_out_of_range;meta_missing:MinorityClassSize
43309,"Movies-on-Netflix,-Prime-Video,-Hulu-and-Disney",1,active,False,False,False,metadata:meta_missing:NumberOfClasses;has_missing_values;n_samples_out_of_range;meta_missing:MinorityClassSize
43310,Indian-Startup-Funding,1,active,False,False,False,metadata:meta_missing:NumberOfClasses;has_missing_values;meta_missing:MinorityClassSize
43311,Quality-Prediction-in-a-Mining-Process,1,active,False,False,False,metadata:meta_missing:NumberOfClasses;n_samples_out_of_range;too_many_cells;meta_missing:MinorityClassSize
43312,Complete-Historical-Cryptocurrency-Financial-Data,1,active,False,False,False,metadata:meta_missing:NumberOfClasses;n_samples_out_of_range;too_many_cells;meta_missing:MinorityClassSize
43313,US-Breweries,1,active,False,False,False,metadata:meta_missing:NumberOfClasses;has_missing_values;meta_missing:MinorityClassSize
43315,WorldHappinessReport2019,1,active,False,False,False,metadata:meta_missing:NumberOfClasses;has_missing_values;meta_missing:MinorityClassSize
43318,AustinWeather,1,active,False,False,False,metadata:meta_missing:NumberOfClasses;meta_missing:MinorityClassSize
43319,CompleteCryptocurrencyMarketHistory,1,active,False,False,False,metadata:meta_missing:NumberOfClasses;has_missing_values;n_samples_out_of_range;too_many_cells;meta_missing:MinorityClassSize
43320,HMEQ_Data,1,active,False,False,False,metadata:meta_missing:NumberOfClasses;has_missing_values;n_samples_out_of_range;meta_missing:MinorityClassSize
43321,DiabetesDataset2019,1,active,False,False,False,metadata:meta_missing:NumberOfClasses;has_missing_values;meta_missing:MinorityClassSize
43322,GermanHousePrices,1,active,False,False,False,metadata:meta_missing:NumberOfClasses;has_missing_values;n_samples_out_of_range;too_many_cells;meta_missing:MinorityClassSize
43323,CorporateCreditRating,1,active,False,False,False,metadata:meta_missing:NumberOfClasses;meta_missing:MinorityClassSize
43324,USBreweries,1,active,False,False,False,metadata:meta_missing:NumberOfClasses;has_missing_values;meta_missing:MinorityClassSize
43325,Birds,5,active,False,False,False,metadata:not_binary;minority_too_small
43326,mini_insect_1,1,active,False,False,False,metadata:not_binary;n_samples_out_of_range;minority_too_small
43327,Birds,6,active,False,False,False,metadata:not_binary;minority_too_small
43328,mini_insect_1,2,active,False,False,False,metadata:not_binary;n_samples_out_of_range;minority_too_small
43331,Austin-Weather,1,active,False,False,False,metadata:meta_missing:NumberOfClasses;meta_missing:MinorityClassSize
43332,Complete-Cryptocurrency-Market-History,1,active,False,False,False,metadata:meta_missing:NumberOfClasses;has_missing_values;n_samples_out_of_range;too_many_cells;meta_missing:MinorityClassSize
43335,Austin-Weather,2,active,False,False,False,metadata:meta_missing:NumberOfClasses;meta_missing:MinorityClassSize
43336,Complete-Cryptocurrency-Market-History,2,active,False,False,False,metadata:meta_missing:NumberOfClasses;has_missing_values;n_samples_out_of_range;too_many_cells;meta_missing:MinorityClassSize
43337,HMEQ_Data,2,active,False,False,False,metadata:meta_missing:NumberOfClasses;has_missing_values;n_samples_out_of_range;meta_missing:MinorityClassSize
43338,Energy-Efficiency-Dataset,1,active,False,False,False,metadata:meta_missing:NumberOfClasses;meta_missing:MinorityClassSize
43339,Chocolate-Bar-Ratings,1,active,False,False,False,metadata:meta_missing:NumberOfClasses;has_missing_values;meta_missing:MinorityClassSize
43340,Chocolate-Bar-Ratings,2,active,False,False,False,metadata:meta_missing:NumberOfClasses;has_missing_values;meta_missing:MinorityClassSize
43341,Diabetes-Dataset-2019,1,active,False,False,False,metadata:meta_missing:NumberOfClasses;has_missing_values;meta_missing:MinorityClassSize
43342,German-House-Prices,1,active,False,False,False,metadata:meta_missing:NumberOfClasses;has_missing_values;n_samples_out_of_range;too_many_cells;meta_missing:MinorityClassSize
43343,Mammographic-Mass-Data-Set,1,active,False,False,False,metadata:meta_missing:NumberOfClasses;meta_missing:MinorityClassSize
43344,Corporate-Credit-Rating,1,active,False,False,False,metadata:meta_missing:NumberOfClasses;meta_missing:MinorityClassSize
43345,Quora_Insincere_Questions_2018,1,active,False,False,False,metadata:meta_missing:NumberOfClasses;has_missing_values;n_samples_out_of_range;too_many_cells;meta_missing:MinorityClassSize
43346,User-OTT-Consumption-Profile---2019,1,active,False,False,False,metadata:meta_missing:NumberOfClasses;n_features_out_of_range;meta_missing:MinorityClassSize
43347,Palmer-Penguins-Dataset-Alternative-Iris-Dataset,1,active,False,False,False,metadata:meta_missing:NumberOfClasses;has_missing_values;meta_missing:MinorityClassSize
43348,Edmunds-car-review,1,active,False,False,False,metadata:meta_missing:NumberOfClasses;has_missing_values;n_samples_out_of_range;too_many_cells;meta_missing:MinorityClassSize
43349,COVID-19-World-Vaccination-Progress,1,active,False,False,False,metadata:meta_missing:NumberOfClasses;n_samples_out_of_range;too_many_cells;meta_missing:MinorityClassSize
43350,US-Breweries,2,active,False,False,False,metadata:meta_missing:NumberOfClasses;has_missing_values;meta_missing:MinorityClassSize
43351,Temperature-Readings--IOT-Devices,1,active,False,False,False,metadata:not_binary;n_samples_out_of_range;too_many_cells;meta_missing:MinorityClassSize
43352,PS4-Games,1,active,False,False,False,metadata:meta_missing:NumberOfClasses;meta_missing:MinorityClassSize
43353,Capitol-Riot-Tweets,1,active,False,False,False,metadata:meta_missing:NumberOfClasses;has_missing_values;n_samples_out_of_range;too_many_cells;meta_missing:MinorityClassSize
43354,Radar-Traffic-Data,1,active,False,False,False,metadata:meta_missing:NumberOfClasses;n_samples_out_of_range;too_many_cells;meta_missing:MinorityClassSize
43355,Brilliant-Diamonds,1,active,False,False,False,metadata:meta_missing:NumberOfClasses;n_samples_out_of_range;too_many_cells;meta_missing:MinorityClassSize
43356,Comprehensive-database-of-Minerals,1,active,False,False,False,metadata:meta_missing:NumberOfClasses;n_features_out_of_range;too_many_cells;meta_missing:MinorityClassSize
43357,Within-project-Defect-Prediction-for-Ansible,1,active,False,False,False,metadata:not_binary;has_missing_values;n_samples_out_of_range;n_features_out_of_range;too_many_cells;meta_missing:MinorityClassSize
43358,Earthquakes-Data-NZ,1,active,False,False,False,metadata:meta_missing:NumberOfClasses;n_samples_out_of_range;meta_missing:MinorityClassSize
43359,Nintendo3DS-Games,1,active,False,False,False,metadata:not_binary;has_missing_values;meta_missing:MinorityClassSize
43360,Popular-Halloween-2020--Costumes-Amazon-Reviews,1,active,False,False,False,metadata:meta_missing:NumberOfClasses;has_missing_values;n_samples_out_of_range;meta_missing:MinorityClassSize
43361,Condominium-Comparable-Rental-Income-in-NYC,1,active,False,False,False,metadata:meta_missing:NumberOfClasses;has_missing_values;n_samples_out_of_range;too_many_cells;meta_missing:MinorityClassSize
43362,Netflix_movies,1,active,False,False,False,metadata:meta_missing:NumberOfClasses;meta_missing:MinorityClassSize
43363,All-of-Trumps-Tweets-(2009-2020),1,active,False,False,False,metadata:meta_missing:NumberOfClasses;n_samples_out_of_range;too_many_cells;meta_missing:MinorityClassSize
43364,Gambling-Behavior-Bustabit,1,active,False,False,False,metadata:meta_missing:NumberOfClasses;has_missing_values;n_samples_out_of_range;too_many_cells;meta_missing:MinorityClassSize
43365,Covid-19-Case-Surveillance-Public-Use-Dataset,1,active,False,False,False,metadata:meta_missing:NumberOfClasses;has_missing_values;n_samples_out_of_range;too_many_cells;meta_missing:MinorityClassSize
43366,Amazon---Ratings-(Beauty-Products),1,active,False,False,False,metadata:meta_missing:NumberOfClasses;n_samples_out_of_range;too_many_cells;meta_missing:MinorityClassSize
43367,COVID-19-Indonesia-Dataset,1,active,False,False,False,metadata:meta_missing:NumberOfClasses;has_missing_values;n_samples_out_of_range;too_many_cells;meta_missing:MinorityClassSize
43368,Online-Retail-II-UCI,1,active,False,False,False,metadata:meta_missing:NumberOfClasses;has_missing_values;n_samples_out_of_range;too_many_cells;meta_missing:MinorityClassSize
43369,U.S.-Airbnb-Open-Data,1,active,False,False,False,metadata:meta_missing:NumberOfClasses;has_missing_values;n_samples_out_of_range;too_many_cells;meta_missing:MinorityClassSize
43370,Dutch-News-Articles,1,active,False,False,False,metadata:meta_missing:NumberOfClasses;n_samples_out_of_range;too_many_cells;meta_missing:MinorityClassSize
43371,New-Cases-of-COVID-19-In-World-Countries,1,active,False,False,False,metadata:meta_missing:NumberOfClasses;has_missing_values;n_samples_out_of_range;too_many_cells;meta_missing:MinorityClassSize
43372,Hazardous-Driving-Spots-Around-the-World,1,active,False,False,False,metadata:meta_missing:NumberOfClasses;has_missing_values;n_samples_out_of_range;too_many_cells;meta_missing:MinorityClassSize
43373,Reddit-WallStreetBets-Posts,1,active,False,False,False,metadata:meta_missing:NumberOfClasses;has_missing_values;n_samples_out_of_range;too_many_cells;meta_missing:MinorityClassSize
43374,Kaggle-YouTube-Video-Metadata,1,active,False,False,False,metadata:meta_missing:NumberOfClasses;has_missing_values;meta_missing:MinorityClassSize
43375,Towards-Data-Science-articles-dataset-(2010-2021),1,active,False,False,False,metadata:meta_missing:NumberOfClasses;has_missing_values;n_samples_out_of_range;too_many_cells;meta_missing:MinorityClassSize
43376,Al_Hilal-Archive-Scores,1,active,False,False,False,metadata:meta_missing:NumberOfClasses;has_missing_values;meta_missing:MinorityClassSize
43377,Pulsar-Dataset-HTRU2,1,active,False,False,False,metadata:meta_missing:NumberOfClasses;n_samples_out_of_range;meta_missing:MinorityClassSize
43378,Intel-Stock-Prices-Historical-Data-(INTC),1,active,False,False,False,metadata:meta_missing:NumberOfClasses;n_samples_out_of_range;meta_missing:MinorityClassSize
43379,Pokmon-Legendary-Data,1,active,False,False,False,metadata:not_binary;has_missing_values;meta_missing:MinorityClassSize
43380,US-Weather-Events-(2016---2020),1,active,False,False,False,metadata:meta_missing:NumberOfClasses;has_missing_values;n_samples_out_of_range;too_many_cells;meta_missing:MinorityClassSize
43381,Coursera-Course-Dataset,1,active,False,False,False,metadata:meta_missing:NumberOfClasses;meta_missing:MinorityClassSize
43382,Drug-Classification,1,active,False,False,False,metadata:meta_missing:NumberOfClasses;meta_missing:MinorityClassSize
43383,Superstore-Sales-Dataset,1,active,False,False,False,metadata:meta_missing:NumberOfClasses;has_missing_values;n_samples_out_of_range;too_many_cells;meta_missing:MinorityClassSize
43384,Diabetes-Data-Set,1,active,False,False,False,metadata:not_binary;meta_missing:MinorityClassSize
43385,Apple-(AAPL)-Historical-Stock-Data,1,active,False,False,False,metadata:meta_missing:NumberOfClasses;meta_missing:MinorityClassSize
43386,Spotify---All-Time-Top-2000s-Mega-Dataset,1,active,False,False,False,metadata:meta_missing:NumberOfClasses;meta_missing:MinorityClassSize
43387,Oranges-vs.-Grapefruit,1,active,False,False,False,metadata:meta_missing:NumberOfClasses;n_samples_out_of_range;meta_missing:MinorityClassSize
43388,Cinema-Tickets,1,active,False,False,False,metadata:meta_missing:NumberOfClasses;has_missing_values;n_samples_out_of_range;too_many_cells;meta_missing:MinorityClassSize
43389,The-Estonia-Disaster-Passenger-List,1,active,False,False,False,metadata:not_binary;meta_missing:MinorityClassSize
43390,Churn-for-Bank-Customers,1,active,False,False,False,metadata:meta_missing:NumberOfClasses;n_samples_out_of_range;meta_missing:MinorityClassSize
43391,Ethereum-Cryptocurrency-Historical-Dataset,1,active,False,False,False,metadata:meta_missing:NumberOfClasses;meta_missing:MinorityClassSize
43392,Disney-Plus-Movies-and-TV-Shows,1,active,False,False,False,metadata:meta_missing:NumberOfClasses;has_missing_values;meta_missing:MinorityClassSize
43393,USA-Housing-Listings,1,active,False,False,False,metadata:meta_missing:NumberOfClasses;has_missing_values;n_samples_out_of_range;too_many_cells;meta_missing:MinorityClassSize
43394,Source-based-Fake-News-Classification,1,active,False,False,False,metadata:meta_missing:NumberOfClasses;has_missing_values;meta_missing:MinorityClassSize
43395,Disaster-Tweets,1,active,False,False,False,metadata:meta_missing:NumberOfClasses;has_missing_values;n_samples_out_of_range;meta_missing:MinorityClassSize
43396,Shark-Tank-Pitches,1,active,False,False,False,metadata:meta_missing:NumberOfClasses;has_missing_values;non_numeric_features;meta_missing:MinorityClassSize
43397,Airlines-Tweets-Sentiments,1,active,False,False,False,metadata:meta_missing:NumberOfClasses;meta_missing:MinorityClassSize
43398,Heart-Disease,1,active,False,False,False,metadata:meta_missing:NumberOfClasses;meta_missing:MinorityClassSize
43399,Viewing-Solar-Flares,1,active,False,False,False,metadata:meta_missing:NumberOfClasses;n_samples_out_of_range;too_many_cells;meta_missing:MinorityClassSize
43400,COVID-19-community-mobility-reports,1,active,False,False,False,metadata:meta_missing:NumberOfClasses;has_missing_values;n_samples_out_of_range;too_many_cells;meta_missing:MinorityClassSize
43401,Football-striker-performance,1,active,False,False,False,metadata:meta_missing:NumberOfClasses;has_missing_values;meta_missing:MinorityClassSize
43402,Stock-Market-NIFTY50-Index-Data,1,active,False,False,False,metadata:meta_missing:NumberOfClasses;meta_missing:MinorityClassSize
43403,Indian-Liver-Patient-Patient-Records-KFolds-5folds,1,active,False,False,False,metadata:not_binary;meta_missing:MinorityClassSize
43404,Three-Gorges-Dam-Water-Data,1,active,False,False,False,metadata:meta_missing:NumberOfClasses;has_missing_values;meta_missing:MinorityClassSize
43405,Covid-19-Turkey-Daily-Details-Dataset,1,active,False,False,False,metadata:meta_missing:NumberOfClasses;n_samples_out_of_range;meta_missing:MinorityClassSize
43406,Red-Wine-data-set,1,active,False,False,False,metadata:meta_missing:NumberOfClasses;meta_missing:MinorityClassSize
43407,Advertising-Campaign-Analytics-Merkle-Sokrati,1,active,False,False,False,metadata:meta_missing:NumberOfClasses;has_missing_values;n_samples_out_of_range;too_many_cells;meta_missing:MinorityClassSize
43408,Video-Game-Use-in-US-High-School-Students,1,active,False,False,False,metadata:meta_missing:NumberOfClasses;has_missing_values;meta_missing:MinorityClassSize
43409,Historical-Weather-data-of-Goa-India,1,active,False,False,False,metadata:meta_missing:NumberOfClasses;n_samples_out_of_range;too_many_cells;meta_missing:MinorityClassSize
43410,Coronavirus-Disease-(COVID-19),1,active,False,False,False,metadata:meta_missing:NumberOfClasses;has_missing_values;n_samples_out_of_range;too_many_cells;meta_missing:MinorityClassSize
43412,COVID-19-Visualisation-and-Epidemic-Analysis-Data,1,active,False,False,False,metadata:meta_missing:NumberOfClasses;has_missing_values;n_samples_out_of_range;too_many_cells;meta_missing:MinorityClassSize
43413,Store-20-Retail-Data-Analytics,1,active,False,False,False,metadata:meta_missing:NumberOfClasses;n_samples_out_of_range;meta_missing:MinorityClassSize
43414,Autism-Screening,1,active,False,False,False,metadata:meta_missing:NumberOfClasses;has_missing_values;meta_missing:MinorityClassSize
43415,Students-Academic-Performance-Dataset,1,active,False,False,False,metadata:meta_missing:NumberOfClasses;meta_missing:MinorityClassSize
43416,Housing-Prices-in-London,1,active,False,False,False,metadata:meta_missing:NumberOfClasses;has_missing_values;meta_missing:MinorityClassSize
43417,Ottawa-Real-Estate-Data,1,active,False,False,False,metadata:meta_missing:NumberOfClasses;has_missing_values;meta_missing:MinorityClassSize
43419,depression,1,active,False,False,False,metadata:meta_missing:NumberOfClasses;has_missing_values;meta_missing:MinorityClassSize
43420,NBA-2k20-player-dataset,1,active,False,False,False,metadata:meta_missing:NumberOfClasses;has_missing_values;meta_missing:MinorityClassSize
43421,Game-of-Thrones-Script-All-Seasons,1,active,False,False,False,metadata:meta_missing:NumberOfClasses;has_missing_values;n_samples_out_of_range;meta_missing:MinorityClassSize
43422,The-Bread-Basket,1,active,False,False,False,metadata:meta_missing:NumberOfClasses;n_samples_out_of_range;meta_missing:MinorityClassSize
43423,Nutritional-Facts-for-most-common-foods,1,active,False,False,False,metadata:meta_missing:NumberOfClasses;has_missing_values;meta_missing:MinorityClassSize
43424,GameStop-Historical-Stock-Prices,1,active,False,False,False,metadata:meta_missing:NumberOfClasses;meta_missing:MinorityClassSize
43425,Alcohol-Consumption-in-Russia-(1998-2016),1,active,False,False,False,metadata:meta_missing:NumberOfClasses;has_missing_values;meta_missing:MinorityClassSize
43426,Historical-data-on-the-trading-of-cryptocurrencies,1,active,False,False,False,metadata:meta_missing:NumberOfClasses;has_missing_values;n_samples_out_of_range;too_many_cells;meta_missing:MinorityClassSize
43427,Popular-Movies-of-IMDb,1,active,False,False,False,metadata:meta_missing:NumberOfClasses;has_missing_values;n_samples_out_of_range;meta_missing:MinorityClassSize
43428,Mexico-COVID-19-clinical-data,1,active,False,False,False,metadata:meta_missing:NumberOfClasses;has_missing_values;n_samples_out_of_range;too_many_cells;meta_missing:MinorityClassSize
43429,CERN-Electron-Collision-Data,1,active,False,False,False,metadata:not_binary;has_missing_values;n_samples_out_of_range;too_many_cells;meta_missing:MinorityClassSize
43430,CSGO-Round-Winner-Classification,1,active,False,False,False,metadata:meta_missing:NumberOfClasses;n_samples_out_of_range;too_many_cells;meta_missing:MinorityClassSize
43431,Amazon-Echo-Dot-2-Reviews-Dataset,1,active,False,False,False,metadata:not_binary;has_missing_values;n_samples_out_of_range;meta_missing:MinorityClassSize
43432,Chess-Position--Chess-Moves,1,active,False,False,False,metadata:meta_missing:NumberOfClasses;n_samples_out_of_range;too_many_cells;meta_missing:MinorityClassSize
43433,Crystal-System-Properties-for-Li-ion-batteries,1,active,False,False,False,metadata:meta_missing:NumberOfClasses;meta_missing:MinorityClassSize
43434,BitCoin-Dataset,1,active,False,False,False,metadata:meta_missing:NumberOfClasses;meta_missing:MinorityClassSize
43435,Default-of-Credit-Card-Clients-Dataset,1,active,False,False,False,metadata:meta_missing:NumberOfClasses;n_samples_out_of_range;too_many_cells;meta_missing:MinorityClassSize
43436,Adult-Census-Income,1,active,False,False,False,metadata:meta_missing:NumberOfClasses;has_missing_values;n_samples_out_of_range;too_many_cells;meta_missing:MinorityClassSize
43437,Gender-Recognition-by-Voice,1,active,False,False,False,metadata:meta_missing:NumberOfClasses;meta_missing:MinorityClassSize
43438,Goodreads-Books---31-Features,1,active,False,False,False,metadata:meta_missing:NumberOfClasses;has_missing_values;n_samples_out_of_range;too_many_cells;meta_missing:MinorityClassSize
43439,Medical-Appointment-No-Shows,1,active,False,False,False,metadata:n_samples_out_of_range;too_many_cells
43440,Forest-Fire-Area,1,active,False,False,False,metadata:not_binary;meta_missing:MinorityClassSize
43441,The-Office-Dataset,1,active,False,False,False,metadata:not_binary;has_missing_values;n_samples_out_of_range;meta_missing:MinorityClassSize
43442,Is-this-a-good-customer,1,active,False,False,False,metadata:not_binary;meta_missing:MinorityClassSize
43443,Filipino-Family-Income-and-Expenditure,1,active,False,False,False,metadata:meta_missing:NumberOfClasses;has_missing_values;n_samples_out_of_range;too_many_cells;meta_missing:MinorityClassSize
43445,Mice-Protein-Expression,1,active,False,False,False,metadata:meta_missing:NumberOfClasses;has_missing_values;meta_missing:MinorityClassSize
43446,Online-Food-Delivery-Preferences-Bangalore-region,1,active,False,False,False,metadata:meta_missing:NumberOfClasses;meta_missing:MinorityClassSize
43447,Melbourne-Housing-Snapshot,1,active,False,False,False,metadata:meta_missing:NumberOfClasses;has_missing_values;n_samples_out_of_range;too_many_cells;meta_missing:MinorityClassSize
43448,Calculate-Concrete-Strength,1,active,False,False,False,metadata:meta_missing:NumberOfClasses;meta_missing:MinorityClassSize
43449,Trump-Tweets,1,active,False,False,False,metadata:meta_missing:NumberOfClasses;has_missing_values;non_numeric_features;meta_missing:MinorityClassSize
43450,Milan-Airbnb-Open-Data-(only-entire-apartments),1,active,False,False,False,metadata:meta_missing:NumberOfClasses;n_samples_out_of_range;too_many_cells;meta_missing:MinorityClassSize
43451,Peak-Detection-Dataset,1,active,False,False,False,metadata:meta_missing:NumberOfClasses;n_samples_out_of_range;too_many_cells;meta_missing:MinorityClassSize
43452,student-grade-pass-or-fail-prediction,1,active,False,False,False,metadata:not_binary;meta_missing:MinorityClassSize
43453,Web-Series-Ultimate-Collection,1,active,False,False,False,metadata:meta_missing:NumberOfClasses;has_missing_values;n_samples_out_of_range;meta_missing:MinorityClassSize
43454,Credit-Risk-Dataset,1,active,False,False,False,metadata:meta_missing:NumberOfClasses;has_missing_values;n_samples_out_of_range;too_many_cells;meta_missing:MinorityClassSize
43455,Sloan-Digital-Sky-Survey-DR16,1,active,False,False,False,metadata:meta_missing:NumberOfClasses;n_samples_out_of_range;too_many_cells;meta_missing:MinorityClassSize
43456,IMDb-Indonesian-Movies,1,active,False,False,False,metadata:meta_missing:NumberOfClasses;has_missing_values;meta_missing:MinorityClassSize
43457,COVID19-Dataset-with-100-World-Countries,1,active,False,False,False,metadata:meta_missing:NumberOfClasses;has_missing_values;n_samples_out_of_range;too_many_cells;meta_missing:MinorityClassSize
43458,data-science-survey-on-Kaggle,1,active,False,False,False,metadata:meta_missing:NumberOfClasses;has_missing_values;n_samples_out_of_range;meta_missing:MinorityClassSize
43459,Metro-Manila-Flood-Landscape-Data,1,active,False,False,False,metadata:meta_missing:NumberOfClasses;meta_missing:MinorityClassSize
43460,Apple-Historical-Dataset,1,active,False,False,False,metadata:meta_missing:NumberOfClasses;has_missing_values;n_samples_out_of_range;meta_missing:MinorityClassSize
43461,Tamilnadu-Crop-production,1,active,False,False,False,metadata:meta_missing:NumberOfClasses;has_missing_values;n_samples_out_of_range;meta_missing:MinorityClassSize
43462,Riga-real-estate-dataset,1,active,False,False,False,metadata:not_binary;has_missing_values;meta_missing:MinorityClassSize
43463,Insurance-Premium-Data,1,active,False,False,False,metadata:meta_missing:NumberOfClasses;meta_missing:MinorityClassSize
43464,UFC-Fights-(2010---2020)-with-Betting-Odds,1,active,False,False,False,metadata:meta_missing:NumberOfClasses;has_missing_values;n_samples_out_of_range;meta_missing:MinorityClassSize
43465,Boston-house-price-data,1,active,False,False,False,metadata:not_binary;meta_missing:MinorityClassSize
43466,Bank-Note-Authentication-UCI,1,active,False,False,False,metadata:not_binary;meta_missing:MinorityClassSize
43467,National-Hockey-League-Interviews,1,active,False,False,False,metadata:meta_missing:NumberOfClasses;meta_missing:MinorityClassSize
43468,MMA-Fight-Predictions-by-Professional-Fighters,1,active,False,False,False,metadata:meta_missing:NumberOfClasses;meta_missing:MinorityClassSize
43470,ANTM.JK-Stock-Market-2005-to-Jan-2021,1,active,False,False,False,metadata:meta_missing:NumberOfClasses;has_missing_values;meta_missing:MinorityClassSize
43471,Candy-crush,1,active,False,False,False,metadata:not_binary;n_samples_out_of_range;meta_missing:MinorityClassSize
43472,Dogecoin-Historical-Data,1,active,False,False,False,metadata:meta_missing:NumberOfClasses;meta_missing:MinorityClassSize
43473,Hottest-Kaggle-Datasets,1,active,False,False,False,metadata:meta_missing:NumberOfClasses;has_missing_values;n_samples_out_of_range;meta_missing:MinorityClassSize
43474,Used-Cars-In-Saudi-Arabia,1,active,False,False,False,metadata:meta_missing:NumberOfClasses;meta_missing:MinorityClassSize
43475,Trulia-Property-Listing-Dataset-2020,1,active,False,False,False,metadata:meta_missing:NumberOfClasses;has_missing_values;too_many_cells;meta_missing:MinorityClassSize
43476,3-million-Sudoku-puzzles-with-ratings,1,active,False,False,False,metadata:not_binary;n_samples_out_of_range;too_many_cells;meta_missing:MinorityClassSize
43477,Swiss-banknote-conterfeit-detection,1,active,False,False,False,metadata:not_binary;meta_missing:MinorityClassSize
43478,Gold-Rate-History-in-TamilNadu-(2006-2020),1,active,False,False,False,metadata:meta_missing:NumberOfClasses;meta_missing:MinorityClassSize
43479,USA-Airport-Dataset,1,active,False,False,False,metadata:meta_missing:NumberOfClasses;has_missing_values;n_samples_out_of_range;too_many_cells;meta_missing:MinorityClassSize
43480,Toronto-COVID-19-Cases,1,active,False,False,False,metadata:meta_missing:NumberOfClasses;has_missing_values;n_samples_out_of_range;too_many_cells;meta_missing:MinorityClassSize
43481,Cosmetics-datasets,1,active,False,False,False,metadata:meta_missing:NumberOfClasses;meta_missing:MinorityClassSize
43482,2019-Ironman-World-Championship-Results,1,active,False,False,False,metadata:meta_missing:NumberOfClasses;has_missing_values;meta_missing:MinorityClassSize
43483,Pima-Indians-Diabetes-Dataset,1,active,False,False,False,metadata:not_binary;meta_missing:MinorityClassSize
43484,Bus-Breakdown-and-Delays-NYC,1,active,False,False,False,metadata:meta_missing:NumberOfClasses;has_missing_values;n_samples_out_of_range;too_many_cells;meta_missing:MinorityClassSize
43485,Dollar-Stock-Prices-and-infos,1,active,False,False,False,metadata:meta_missing:NumberOfClasses;n_samples_out_of_range;too_many_cells;meta_missing:MinorityClassSize
43486,Bike-Sharing-Washington-DC,1,active,False,False,False,metadata:meta_missing:NumberOfClasses;has_missing_values;meta_missing:MinorityClassSize
43487,ulaanbaatar-weather-2015-2020,1,active,False,False,False,metadata:meta_missing:NumberOfClasses;has_missing_values;n_samples_out_of_range;too_many_cells;meta_missing:MinorityClassSize
43488,Stock-Information,1,active,False,False,False,metadata:meta_missing:NumberOfClasses;has_missing_values;meta_missing:MinorityClassSize
43489,Census-(Augmented),1,active,False,False,False,metadata:n_samples_out_of_range;too_many_cells
43490,BTS-Lyrics,1,active,False,False,False,metadata:meta_missing:NumberOfClasses;has_missing_values;non_numeric_features;meta_missing:MinorityClassSize
43491,Arcade-Game-Stats,1,active,False,False,False,metadata:meta_missing:NumberOfClasses;n_samples_out_of_range;meta_missing:MinorityClassSize
43492,Kaggle-Survey-2017-2020-Merged-Data,1,active,False,False,False,metadata:meta_missing:NumberOfClasses;has_missing_values;n_samples_out_of_range;too_many_cells;meta_missing:MinorityClassSize
43493,GoodReads-Choice-Awards,1,active,False,False,False,metadata:meta_missing:NumberOfClasses;has_missing_values;meta_missing:MinorityClassSize
43495,COVID-19-Mexico-Clean--Order-by-States,1,active,False,False,False,metadata:meta_missing:NumberOfClasses;n_samples_out_of_range;too_many_cells;meta_missing:MinorityClassSize
43496,League-of-Legends-SOLO-Q-Ranked-Games,1,active,False,False,False,metadata:meta_missing:NumberOfClasses;n_samples_out_of_range;too_many_cells;meta_missing:MinorityClassSize
43497,5-years-historical-stock-quotes,1,active,False,False,False,metadata:meta_missing:NumberOfClasses;n_samples_out_of_range;too_many_cells;meta_missing:MinorityClassSize
43498,Land-Market-in-Saudi-Arabia,1,active,False,False,False,metadata:meta_missing:NumberOfClasses;has_missing_values;meta_missing:MinorityClassSize
43499,Bechdel-Cast-Data,1,active,False,False,False,metadata:meta_missing:NumberOfClasses;has_missing_values;n_samples_out_of_range;meta_missing:MinorityClassSize
43500,Violent-Crime-by-Counties-in-Maryland,1,active,False,False,False,metadata:meta_missing:NumberOfClasses;has_missing_values;meta_missing:MinorityClassSize
43501,Xeno-Canto-Birds-from-France,1,active,False,False,False,metadata:meta_missing:NumberOfClasses;has_missing_values;n_samples_out_of_range;too_many_cells;meta_missing:MinorityClassSize
43502,Online-P2P-Lending,1,active,False,False,False,metadata:meta_missing:NumberOfClasses;has_missing_values;n_samples_out_of_range;too_many_cells;meta_missing:MinorityClassSize
43503,COVID19-cases-by-country,1,active,False,False,False,metadata:meta_missing:NumberOfClasses;has_missing_values;n_samples_out_of_range;meta_missing:MinorityClassSize
43504,1-million-Reddit-comments-from-40-subreddits,1,active,False,False,False,metadata:meta_missing:NumberOfClasses;has_missing_values;n_samples_out_of_range;too_many_cells;meta_missing:MinorityClassSize
43505,WHO-national-life-expectancy,1,active,False,False,False,metadata:meta_missing:NumberOfClasses;has_missing_values;meta_missing:MinorityClassSize
43506,Currency-Exchange-Rates,1,active,False,False,False,metadata:meta_missing:NumberOfClasses;has_missing_values;n_samples_out_of_range;too_many_cells;meta_missing:MinorityClassSize
43507,The-Tweets-of-Wisdom,1,active,False,False,False,metadata:meta_missing:NumberOfClasses;has_missing_values;n_samples_out_of_range;meta_missing:MinorityClassSize
43508,Anime-Data,1,active,False,False,False,metadata:meta_missing:NumberOfClasses;meta_missing:MinorityClassSize
43509,COVID-19-Rio-de-Janeiro-(City),1,active,False,False,False,metadata:meta_missing:NumberOfClasses;n_samples_out_of_range;too_many_cells;meta_missing:MinorityClassSize
43510,UEFA-Champions-league-Player-Statistics,1,active,False,False,False,metadata:meta_missing:NumberOfClasses;has_missing_values;n_samples_out_of_range;n_features_out_of_range;too_many_cells;meta_missing:MinorityClassSize
43511,Sundown-and-Sunup-Data-(2010-2020),1,active,False,False,False,metadata:meta_missing:NumberOfClasses;meta_missing:MinorityClassSize
43512,Air-Traffic-Data,1,active,False,False,False,metadata:meta_missing:NumberOfClasses;has_missing_values;n_samples_out_of_range;too_many_cells;meta_missing:MinorityClassSize
43513,Google-Stock-10Year-data2004-2020,1,active,False,False,False,metadata:meta_missing:NumberOfClasses;meta_missing:MinorityClassSize
43515,Egg-Producing-Chickens,1,active,False,False,False,metadata:meta_missing:NumberOfClasses;has_missing_values;meta_missing:MinorityClassSize
43516,Amazon-Stock-Price-1997-to-2020,1,active,False,False,False,metadata:meta_missing:NumberOfClasses;n_samples_out_of_range;meta_missing:MinorityClassSize
43517,Data-Science-YouTube-channels-Video-Metadata,1,active,False,False,False,metadata:meta_missing:NumberOfClasses;has_missing_values;n_samples_out_of_range;too_many_cells;meta_missing:MinorityClassSize
43518,New-York-Times-Best-Sellers,1,active,False,False,False,metadata:meta_missing:NumberOfClasses;has_missing_values;n_samples_out_of_range;too_many_cells;meta_missing:MinorityClassSize
43519,Brazilian-IBOV-Historical-Data-from-1992-to-2019,1,active,False,False,False,metadata:meta_missing:NumberOfClasses;n_samples_out_of_range;meta_missing:MinorityClassSize
43520,5-year-BSE-Sensex-Dataset,1,active,False,False,False,metadata:meta_missing:NumberOfClasses;has_missing_values;meta_missing:MinorityClassSize
43521,Dril-Tweets,1,active,False,False,False,metadata:meta_missing:NumberOfClasses;has_missing_values;n_samples_out_of_range;meta_missing:MinorityClassSize
43522,Multipurpose-World-News-Dataset,1,active,False,False,False,metadata:meta_missing:NumberOfClasses;has_missing_values;n_samples_out_of_range;too_many_cells;meta_missing:MinorityClassSize
43523,Yu-Gi-Oh-Normal-Monster-Cards,1,active,False,False,False,metadata:meta_missing:NumberOfClasses;has_missing_values;n_samples_out_of_range;meta_missing:MinorityClassSize
43524,Traffic-Violations-in-USA,1,active,False,False,False,metadata:meta_missing:NumberOfClasses;has_missing_values;n_samples_out_of_range;too_many_cells;meta_missing:MinorityClassSize
43525,NFL-Team-Stats-2002-2019-(ESPN),1,active,False,False,False,metadata:meta_missing:NumberOfClasses;n_samples_out_of_range;too_many_cells;meta_missing:MinorityClassSize
43526,New-York-City-Bike-Share-Dataset,1,active,False,False,False,metadata:meta_missing:NumberOfClasses;n_samples_out_of_range;too_many_cells;meta_missing:MinorityClassSize
43527,Malware-Analysis-Datasets-PE-Section-Headers,1,active,False,False,False,metadata:meta_missing:NumberOfClasses;n_samples_out_of_range;too_many_cells;meta_missing:MinorityClassSize
43528,Swedish-central-bank-interest-rate-and-inflation,1,active,False,False,False,metadata:meta_missing:NumberOfClasses;has_missing_values;n_samples_out_of_range;meta_missing:MinorityClassSize
43529,Chess-Games-of-Woman-Grandmasters-(2009---2021),1,active,False,False,False,metadata:meta_missing:NumberOfClasses;has_missing_values;n_samples_out_of_range;too_many_cells;meta_missing:MinorityClassSize
43530,Domestic-Football-results-from-1888-to-2019,1,active,False,False,False,metadata:meta_missing:NumberOfClasses;has_missing_values;n_samples_out_of_range;too_many_cells;meta_missing:MinorityClassSize
43531,Gender-Classification-Dataset,1,active,False,False,False,metadata:meta_missing:NumberOfClasses;n_samples_out_of_range;meta_missing:MinorityClassSize
43532,The-Social-Dilemma-Tweets---Text-Classification,1,active,False,False,False,metadata:meta_missing:NumberOfClasses;has_missing_values;non_numeric_features;n_samples_out_of_range;too_many_cells;meta_missing:MinorityClassSize
43533,Anime-Dataset,1,active,False,False,False,metadata:meta_missing:NumberOfClasses;has_missing_values;n_samples_out_of_range;too_many_cells;meta_missing:MinorityClassSize
43534,Production-cross-sections-of-Inert-Doublet-Model,1,active,False,False,False,metadata:meta_missing:NumberOfClasses;n_samples_out_of_range;too_many_cells;meta_missing:MinorityClassSize
43535,The-Big-Five-European-soccer-leagues-data,1,active,False,False,False,metadata:meta_missing:NumberOfClasses;n_samples_out_of_range;too_many_cells;meta_missing:MinorityClassSize
43536,Chennai-Zomato-Restaurants-Data,1,active,False,False,False,metadata:meta_missing:NumberOfClasses;n_samples_out_of_range;meta_missing:MinorityClassSize
43537,AMD-Stock-Prices-Historical-Data,1,active,False,False,False,metadata:meta_missing:NumberOfClasses;n_samples_out_of_range;meta_missing:MinorityClassSize
43538,Business-Courses---Udemy-(10k-courses),1,active,False,False,False,metadata:meta_missing:NumberOfClasses;has_missing_values;non_numeric_features;n_samples_out_of_range;too_many_cells;meta_missing:MinorityClassSize
43539,SBA-Loans-Case-Data-Set,1,active,False,False,False,metadata:meta_missing:NumberOfClasses;has_missing_values;meta_missing:MinorityClassSize
43540,Emissions-by-Cars,1,active,False,False,False,metadata:meta_missing:NumberOfClasses;meta_missing:MinorityClassSize
43541,Americas-Top-College-Rankings-2019-(Forbes),1,active,False,False,False,metadata:meta_missing:NumberOfClasses;has_missing_values;meta_missing:MinorityClassSize
43542,7k-Books,1,active,False,False,False,metadata:meta_missing:NumberOfClasses;has_missing_values;n_samples_out_of_range;meta_missing:MinorityClassSize
43543,Sample---Employees-Monthly-Salary,1,active,False,False,False,metadata:meta_missing:NumberOfClasses;meta_missing:MinorityClassSize
43544,Harry-Potter-fanfiction-data,1,active,False,False,False,metadata:meta_missing:NumberOfClasses;has_missing_values;n_samples_out_of_range;too_many_cells;meta_missing:MinorityClassSize
43545,Adoptable-Dogs,1,active,False,False,False,metadata:meta_missing:NumberOfClasses;has_missing_values;meta_missing:MinorityClassSize
43546,AqSolDB-A-curated-aqueous-solubility-dataset,1,active,False,False,False,metadata:meta_missing:NumberOfClasses;n_samples_out_of_range;too_many_cells;meta_missing:MinorityClassSize
43547,House-Rent-in-Indian-Cities-and-Localities,1,active,False,False,False,metadata:meta_missing:NumberOfClasses;n_samples_out_of_range;meta_missing:MinorityClassSize
43548,All-Time-Premier-League-Player-Statistics,1,active,False,False,False,metadata:meta_missing:NumberOfClasses;has_missing_values;meta_missing:MinorityClassSize
43549,Pokemon-(Generation-1---Generation-8),1,active,False,False,False,metadata:not_binary;has_missing_values;meta_missing:MinorityClassSize
43550,COVID-19-Hospitals-Treatment-Plan,1,active,False,False,False,metadata:meta_missing:NumberOfClasses;has_missing_values;n_samples_out_of_range;too_many_cells;meta_missing:MinorityClassSize
43551,Employee-Turnover-at-TECHCO,1,active,False,False,False,metadata:n_samples_out_of_range;too_many_cells
43552,Case-Study-Applicants-for-a-Gold-Digger-position,1,active,False,False,False,metadata:meta_missing:NumberOfClasses;has_missing_values;n_samples_out_of_range;too_many_cells;meta_missing:MinorityClassSize
43553,cloud-dataset,1,active,False,False,False,metadata:meta_missing:NumberOfClasses;n_samples_out_of_range;meta_missing:MinorityClassSize
43554,Global-School-Closures-for-COVID-19,1,active,False,False,False,metadata:meta_missing:NumberOfClasses;n_samples_out_of_range;meta_missing:MinorityClassSize
43555,COVID-19-biotech-companies-on-stock-exchange(2020),1,active,False,False,False,metadata:meta_missing:NumberOfClasses;has_missing_values;meta_missing:MinorityClassSize
43556,Running-Log-Insight,1,active,False,False,False,metadata:meta_missing:NumberOfClasses;meta_missing:MinorityClassSize
43557,Avocado-Prices-(Augmented),1,active,False,False,False,metadata:meta_missing:NumberOfClasses;n_samples_out_of_range;too_many_cells;meta_missing:MinorityClassSize
43558,LT_Finance_Holdings_Ltd_Stock_Price_2017_to_2020,1,active,False,False,False,metadata:meta_missing:NumberOfClasses;has_missing_values;meta_missing:MinorityClassSize
43559,Moonrise-Moonset--Phases-Timings-(UK-2005-2017),1,active,False,False,False,metadata:meta_missing:NumberOfClasses;has_missing_values;meta_missing:MinorityClassSize
43560,World-of-Warcraft-auction-house-data,1,active,False,False,False,metadata:meta_missing:NumberOfClasses;has_missing_values;meta_missing:MinorityClassSize
43561,Accidents-on-the-Rio-Niteri-bridge,1,active,False,False,False,metadata:meta_missing:NumberOfClasses;has_missing_values;n_samples_out_of_range;too_many_cells;meta_missing:MinorityClassSize
43562,Heart-Disease-patients,1,active,False,False,False,metadata:meta_missing:NumberOfClasses;meta_missing:MinorityClassSize
43563,Digital-currency---Time-series,1,active,False,False,False,metadata:meta_missing:NumberOfClasses;meta_missing:MinorityClassSize
43564,Parking-Statistics-in-North-America,1,active,False,False,False,metadata:meta_missing:NumberOfClasses;has_missing_values;meta_missing:MinorityClassSize
43565,Google-Play-Store-Reviews,1,active,False,False,False,metadata:meta_missing:NumberOfClasses;has_missing_values;n_samples_out_of_range;meta_missing:MinorityClassSize
43566,World-Top-Chess-Players-(August-2020),1,active,False,False,False,metadata:meta_missing:NumberOfClasses;has_missing_values;n_samples_out_of_range;too_many_cells;meta_missing:MinorityClassSize
43567,Reliance-Stock-DataJul-2019---Jul-2020,1,active,False,False,False,metadata:meta_missing:NumberOfClasses;has_missing_values;meta_missing:MinorityClassSize
43568,Metal-Concentrations,1,active,False,False,False,metadata:meta_missing:NumberOfClasses;meta_missing:MinorityClassSize
43569,Auto-mobile-pricing,1,active,False,False,False,metadata:meta_missing:NumberOfClasses;has_missing_values;meta_missing:MinorityClassSize
43570,AndrewNg-Machine-Learning-Tweets,1,active,False,False,False,metadata:meta_missing:NumberOfClasses;has_missing_values;meta_missing:MinorityClassSize
43571,WineDataset,1,active,False,False,False,metadata:meta_missing:NumberOfClasses;n_samples_out_of_range;meta_missing:MinorityClassSize
43572,Internet-Movie-Database,1,active,False,False,False,metadata:meta_missing:NumberOfClasses;has_missing_values;meta_missing:MinorityClassSize
43573,New-York-Citi-Bike-Trip-Duration-2016,1,active,False,False,False,metadata:meta_missing:NumberOfClasses;n_samples_out_of_range;too_many_cells;meta_missing:MinorityClassSize
43574,Marginal-Revolution-Blog-Post-Data,1,active,False,False,False,metadata:meta_missing:NumberOfClasses;has_missing_values;n_samples_out_of_range;too_many_cells;meta_missing:MinorityClassSize
43575,Snapchat-Google-PlayStore-Reviews,1,active,False,False,False,metadata:meta_missing:NumberOfClasses;n_samples_out_of_range;meta_missing:MinorityClassSize
43576,Soybean-price-factor-data-1962-2018,1,active,False,False,False,metadata:meta_missing:NumberOfClasses;n_samples_out_of_range;too_many_cells;meta_missing:MinorityClassSize
43577,Overwatch-competitions-data-7-seasons,1,active,False,False,False,metadata:meta_missing:NumberOfClasses;has_missing_values;too_many_cells;meta_missing:MinorityClassSize
43578,HSI-Futures,1,active,False,False,False,metadata:meta_missing:NumberOfClasses;n_samples_out_of_range;too_many_cells;meta_missing:MinorityClassSize
43579,Crimes-in-Los-angeles-from-2010,1,active,False,False,False,metadata:meta_missing:NumberOfClasses;has_missing_values;n_samples_out_of_range;too_many_cells;meta_missing:MinorityClassSize
43580,Nebraska-Football-Box-Scores-1962-2020,1,active,False,False,False,metadata:meta_missing:NumberOfClasses;has_missing_values;meta_missing:MinorityClassSize
43581,QSAR-Bioconcentration-classes-dataset,1,active,False,False,False,metadata:meta_missing:NumberOfClasses;meta_missing:MinorityClassSize
43582,Pima-Indians-Diabetes,1,active,False,False,False,metadata:not_binary;meta_missing:MinorityClassSize
43583,Water-Capture-by-Method,1,active,False,False,False,metadata:meta_missing:NumberOfClasses;meta_missing:MinorityClassSize
43584,New-York-Taxi-Trip-enriched-by-Mathematica,1,active,False,False,False,metadata:meta_missing:NumberOfClasses;has_missing_values;n_samples_out_of_range;too_many_cells;meta_missing:MinorityClassSize
43585,My-Clash-Royale-Ladder-Battles,1,active,False,False,False,metadata:meta_missing:NumberOfClasses;n_features_out_of_range;meta_missing:MinorityClassSize
43586,U.S.-Pollution-Data,1,active,False,False,False,metadata:meta_missing:NumberOfClasses;has_missing_values;n_samples_out_of_range;too_many_cells;meta_missing:MinorityClassSize
43587,UCI-SECOM-Dataset,1,active,False,False,False,metadata:meta_missing:NumberOfClasses;has_missing_values;n_features_out_of_range;too_many_cells;meta_missing:MinorityClassSize
43588,Household-monthly-electricity-bill,1,active,False,False,False,metadata:meta_missing:NumberOfClasses;meta_missing:MinorityClassSize
43589,combined-wine-data,1,active,False,False,False,metadata:meta_missing:NumberOfClasses;n_samples_out_of_range;meta_missing:MinorityClassSize
43590,AI-Simulated-Games-of-Machi-Koro,1,active,False,False,False,metadata:meta_missing:NumberOfClasses;n_samples_out_of_range;too_many_cells;meta_missing:MinorityClassSize
43591,StocksData,1,active,False,False,False,metadata:meta_missing:NumberOfClasses;meta_missing:MinorityClassSize
43592,Fake-News,1,active,False,False,False,metadata:meta_missing:NumberOfClasses;n_samples_out_of_range;meta_missing:MinorityClassSize
43593,French-Motor-Claims-Datasets-freMTPL2freq,1,active,False,False,False,metadata:meta_missing:NumberOfClasses;n_samples_out_of_range;too_many_cells;meta_missing:MinorityClassSize
43594,World-Happiness-Ranking,1,active,False,False,False,metadata:meta_missing:NumberOfClasses;n_samples_out_of_range;meta_missing:MinorityClassSize
43595,Loan-Predication,1,active,False,False,False,metadata:has_missing_values
43596,Human-Memory-and-Cognition,1,active,False,False,False,metadata:meta_missing:NumberOfClasses;has_missing_values;n_samples_out_of_range;too_many_cells;meta_missing:MinorityClassSize
43597,150K-Lyrics-Labeled-with-Spotify-Valence,1,active,False,False,False,metadata:meta_missing:NumberOfClasses;has_missing_values;n_samples_out_of_range;too_many_cells;meta_missing:MinorityClassSize
43598,Global-Cause-of-the-Deaths-other-than-diseases,1,active,False,False,False,metadata:meta_missing:NumberOfClasses;has_missing_values;n_samples_out_of_range;too_many_cells;meta_missing:MinorityClassSize
43599,AirBNB-analysis-Lisbon,1,active,False,False,False,metadata:meta_missing:NumberOfClasses;has_missing_values;n_samples_out_of_range;too_many_cells;meta_missing:MinorityClassSize
43600,Updated-Wine-Enthusiast-Reviews,1,active,False,False,False,metadata:meta_missing:NumberOfClasses;has_missing_values;n_samples_out_of_range;too_many_cells;meta_missing:MinorityClassSize
43601,Daily-Wheat-Price,1,active,False,False,False,metadata:meta_missing:NumberOfClasses;meta_missing:MinorityClassSize
43602,FEER-Dataset,1,active,False,False,False,metadata:meta_missing:NumberOfClasses;n_samples_out_of_range;too_many_cells;meta_missing:MinorityClassSize
43603,IMDB_movie_1972-2019,1,active,False,False,False,metadata:meta_missing:NumberOfClasses;has_missing_values;n_samples_out_of_range;meta_missing:MinorityClassSize
43604,FootballPlayersDataset,1,active,False,False,False,metadata:meta_missing:NumberOfClasses;meta_missing:MinorityClassSize
43605,Sales_DataSet_of_SuperMarket,1,active,False,False,False,metadata:meta_missing:NumberOfClasses;meta_missing:MinorityClassSize
43606,California-Environmental-Conditions-Dataset,1,active,False,False,False,metadata:not_binary;has_missing_values;n_samples_out_of_range;too_many_cells;meta_missing:MinorityClassSize
43607,WMO-Hurricane-Survival-Dataset,1,active,False,False,False,metadata:has_missing_values;n_samples_out_of_range
43608,Personality-traits-of-Twitter-users-(celebrities),1,active,False,False,False,metadata:meta_missing:NumberOfClasses;n_samples_out_of_range;meta_missing:MinorityClassSize
43609,SigmaCabPrediction,1,active,False,False,False,metadata:meta_missing:NumberOfClasses;has_missing_values;n_samples_out_of_range;too_many_cells;meta_missing:MinorityClassSize
43610,Risk-of-being-drawn-into-online-sex-work-(cleaned),1,active,False,False,False,metadata:meta_missing:NumberOfClasses;has_missing_values;non_numeric_features;n_samples_out_of_range;too_many_cells;meta_missing:MinorityClassSize
43611,Wisconsin-breast-cancer-cytology-features,1,active,False,False,False,metadata:meta_missing:NumberOfClasses;has_missing_values;meta_missing:MinorityClassSize
43612,Wine-Dataset,1,active,False,False,False,metadata:meta_missing:NumberOfClasses;has_missing_values;n_samples_out_of_range;meta_missing:MinorityClassSize
43613,Sample-of-Car-Data,1,active,False,False,False,metadata:meta_missing:NumberOfClasses;has_missing_values;meta_missing:MinorityClassSize
43614,Crude-Oil-Mar-21-(CLF)-1-Feb-2021,1,active,False,False,False,metadata:meta_missing:NumberOfClasses;has_missing_values;n_samples_out_of_range;meta_missing:MinorityClassSize
43615,Esports-matches-in-2020-pre-worlds,1,active,False,False,False,metadata:meta_missing:NumberOfClasses;has_missing_values;n_samples_out_of_range;n_features_out_of_range;too_many_cells;meta_missing:MinorityClassSize
43616,Detailed-Analysis-on-campus-recruitment,1,active,False,False,False,metadata:meta_missing:NumberOfClasses;has_missing_values;meta_missing:MinorityClassSize
43617,Medical-Appointment,1,active,False,False,False,metadata:not_binary;n_samples_out_of_range;too_many_cells;meta_missing:MinorityClassSize
43618,Credit-Card-Dataset-for-Clustering,1,active,False,False,False,metadata:meta_missing:NumberOfClasses;has_missing_values;n_samples_out_of_range;meta_missing:MinorityClassSize
43619,Car-sales,1,active,False,False,False,metadata:meta_missing:NumberOfClasses;has_missing_values;n_samples_out_of_range;meta_missing:MinorityClassSize
43620,Red--White-wine-Dataset,1,active,False,False,False,metadata:meta_missing:NumberOfClasses;n_samples_out_of_range;meta_missing:MinorityClassSize
43621,BSE-30-daily-market-price-(2008-2018),1,active,False,False,False,metadata:meta_missing:NumberOfClasses;has_missing_values;n_samples_out_of_range;too_many_cells;meta_missing:MinorityClassSize
43622,Binary-Dataset-of-Phishing-and-Legitimate-URLs,1,active,False,False,False,metadata:meta_missing:NumberOfClasses;n_samples_out_of_range;too_many_cells;meta_missing:MinorityClassSize
43623,Boston-Weather-Data-Jan-2013---Apr-2018,1,active,False,False,False,metadata:meta_missing:NumberOfClasses;meta_missing:MinorityClassSize
43624,Historical_Product_Demand,1,active,False,False,False,metadata:meta_missing:NumberOfClasses;has_missing_values;n_samples_out_of_range;too_many_cells;meta_missing:MinorityClassSize
43625,Stock-price-trend-prediction,1,active,False,False,False,metadata:meta_missing:NumberOfClasses;meta_missing:MinorityClassSize
43626,Gender-discrimination,1,active,False,False,False,metadata:meta_missing:NumberOfClasses;meta_missing:MinorityClassSize
43627,credit-card-fraud-detection,1,active,False,False,False,metadata:meta_missing:NumberOfClasses;n_samples_out_of_range;too_many_cells;meta_missing:MinorityClassSize
43628,Twitter-Sentiment-Analysis,1,active,False,False,False,metadata:meta_missing:NumberOfClasses;has_missing_values;n_samples_out_of_range;too_many_cells;meta_missing:MinorityClassSize
43630,Petrleo-Brasileiro-S.A.---Petrobras-(PETR4.SA),1,active,False,False,False,metadata:meta_missing:NumberOfClasses;meta_missing:MinorityClassSize
43631,US-Real-Estate-Listings-by-Zip-Code,1,active,False,False,False,metadata:meta_missing:NumberOfClasses;has_missing_values;n_samples_out_of_range;too_many_cells;meta_missing:MinorityClassSize
43633,NYC-Housing-Data-2003-2019,1,active,False,False,False,metadata:meta_missing:NumberOfClasses;has_missing_values;n_samples_out_of_range;too_many_cells;meta_missing:MinorityClassSize
43634,Coronavirus-News-(COVID-19),1,active,False,False,False,metadata:meta_missing:NumberOfClasses;has_missing_values;meta_missing:MinorityClassSize
43635,League-of-Legends-Diamond-Games-(First-15-Minutes),1,active,False,False,False,metadata:meta_missing:NumberOfClasses;n_samples_out_of_range;too_many_cells;meta_missing:MinorityClassSize
43636,Facebook-Complete-Stock-Data2012---2020Latest,1,active,False,False,False,metadata:meta_missing:NumberOfClasses;meta_missing:MinorityClassSize
43637,Amazon-10Year-Stock-Data-Latest1997-2020,1,active,False,False,False,metadata:meta_missing:NumberOfClasses;n_samples_out_of_range;meta_missing:MinorityClassSize
43638,Measles-Immunization-Rates-in-US-Schools,1,active,False,False,False,metadata:meta_missing:NumberOfClasses;has_missing_values;n_samples_out_of_range;too_many_cells;meta_missing:MinorityClassSize
43639,Amazon-Stock-Data(Oct-2019---July-2020)LATEST,1,active,False,False,False,metadata:meta_missing:NumberOfClasses;has_missing_values;meta_missing:MinorityClassSize
43640,Highway-Rail-Grade-Cross-Accidents-1975---2016-USA,1,active,False,False,False,metadata:meta_missing:NumberOfClasses;has_missing_values;n_samples_out_of_range;too_many_cells;meta_missing:MinorityClassSize
43641,traffic_violations_100k,1,active,False,False,False,metadata:meta_missing:NumberOfClasses;has_missing_values;n_samples_out_of_range;too_many_cells;meta_missing:MinorityClassSize
43642,Plz-predict-these-disasters-to-save-lives-around.,1,active,False,False,False,metadata:meta_missing:NumberOfClasses;has_missing_values;n_samples_out_of_range;too_many_cells;meta_missing:MinorityClassSize
43643,Early-Stage-Diabetes-Risk-Prediction-Dataset,1,active,False,False,False,metadata:meta_missing:NumberOfClasses;meta_missing:MinorityClassSize
43644,Cricket-Test-Matches-Inningswise-between-1900-2021,1,active,False,False,False,metadata:meta_missing:NumberOfClasses;has_missing_values;n_samples_out_of_range;meta_missing:MinorityClassSize
43645,stock-market-prediction,1,active,False,False,False,metadata:meta_missing:NumberOfClasses;meta_missing:MinorityClassSize
43646,Metamaterial-Antennas,1,active,False,False,False,metadata:meta_missing:NumberOfClasses;has_missing_values;meta_missing:MinorityClassSize
43647,Indian-News-Articles,1,active,False,False,False,metadata:meta_missing:NumberOfClasses;has_missing_values;meta_missing:MinorityClassSize
43648,Pollen-Luxembourg-1992-2018,1,active,False,False,False,metadata:meta_missing:NumberOfClasses;n_samples_out_of_range;too_many_cells;meta_missing:MinorityClassSize
43649,efootball-pes2021-all-players-csv,1,active,False,False,False,metadata:meta_missing:NumberOfClasses;has_missing_values;n_samples_out_of_range;n_features_out_of_range;too_many_cells;meta_missing:MinorityClassSize
43650,Spike-waveforms,1,active,False,False,False,metadata:meta_missing:NumberOfClasses;n_features_out_of_range;meta_missing:MinorityClassSize
43651,Winedata,1,active,False,False,False,metadata:meta_missing:NumberOfClasses;has_missing_values;n_samples_out_of_range;too_many_cells;meta_missing:MinorityClassSize
43652,SDSS-16,1,active,False,False,False,metadata:meta_missing:NumberOfClasses;n_samples_out_of_range;too_many_cells;meta_missing:MinorityClassSize
43653,NBA-PLAYERS--2016-2019,1,active,False,False,False,metadata:meta_missing:NumberOfClasses;has_missing_values;meta_missing:MinorityClassSize
43654,Covid-19-ourworldindata,1,active,False,False,False,metadata:meta_missing:NumberOfClasses;has_missing_values;n_samples_out_of_range;too_many_cells;meta_missing:MinorityClassSize
43655,Football---Expected-Goals-Match-Statistics,1,active,False,False,False,metadata:meta_missing:NumberOfClasses;n_samples_out_of_range;too_many_cells;meta_missing:MinorityClassSize
43656,2018-CDCs-Social-Vulnerability-Index-US-Counties,1,active,False,False,False,metadata:meta_missing:NumberOfClasses;n_features_out_of_range;too_many_cells;meta_missing:MinorityClassSize
43657,Brain-cancer-gene-expression---CuMiDa,1,active,False,False,False,metadata:meta_missing:NumberOfClasses;n_samples_out_of_range;n_features_out_of_range;too_many_cells;meta_missing:MinorityClassSize
43658,Breast-cancer-gene-expression---CuMiDa,1,active,False,False,False,metadata:meta_missing:NumberOfClasses;n_samples_out_of_range;n_features_out_of_range;too_many_cells;meta_missing:MinorityClassSize
43659,The-Price-and-Sales-of-Avocado,1,active,False,False,False,metadata:meta_missing:NumberOfClasses;n_samples_out_of_range;too_many_cells;meta_missing:MinorityClassSize
43660,Lisbon-House-Prices,1,active,False,False,False,metadata:not_binary;meta_missing:MinorityClassSize
43661,Russian-Presidential-Elections-2018,1,active,False,False,False,metadata:meta_missing:NumberOfClasses;n_samples_out_of_range;too_many_cells;meta_missing:MinorityClassSize
43662,1M-python-questions-on-stackoverflow,1,active,False,False,False,metadata:meta_missing:NumberOfClasses;n_samples_out_of_range;too_many_cells;meta_missing:MinorityClassSize
43663,Womens-E-Commerce-Clothing-Reviews,1,active,False,False,False,metadata:meta_missing:NumberOfClasses;has_missing_values;n_samples_out_of_range;too_many_cells;meta_missing:MinorityClassSize
43664,Mental-Health-in-Tech-Survey,1,active,False,False,False,metadata:meta_missing:NumberOfClasses;has_missing_values;meta_missing:MinorityClassSize
43665,Indian-Liver-Patient-Records,1,active,False,False,False,metadata:not_binary;has_missing_values;meta_missing:MinorityClassSize
43666,NSE-Stocks-Data,1,active,False,False,False,metadata:meta_missing:NumberOfClasses;has_missing_values;n_samples_out_of_range;too_many_cells;meta_missing:MinorityClassSize
43667,Medium-Articles,1,active,False,False,False,metadata:meta_missing:NumberOfClasses;meta_missing:MinorityClassSize
43668,Cryptocurrencies,1,active,False,False,False,metadata:meta_missing:NumberOfClasses;n_samples_out_of_range;too_many_cells;meta_missing:MinorityClassSize
43669,Stars-from-Gaia-DR2-and-RAVE-DR5,1,active,False,False,False,metadata:meta_missing:NumberOfClasses;n_samples_out_of_range;too_many_cells;meta_missing:MinorityClassSize
43670,Texas-Winter-Storm-2021-Tweets,1,active,False,False,False,metadata:meta_missing:NumberOfClasses;has_missing_values;n_samples_out_of_range;too_many_cells;meta_missing:MinorityClassSize
43671,Predicting-Critical-Heat-Flux,1,active,False,False,False,metadata:meta_missing:NumberOfClasses;meta_missing:MinorityClassSize
43672,Heart-Disease-Dataset-(Comprehensive),1,active,False,False,False,metadata:not_binary;meta_missing:MinorityClassSize
43673,Womens-E-Commerce-Clothing-Reviews,2,active,False,False,False,metadata:meta_missing:NumberOfClasses;has_missing_values;n_samples_out_of_range;too_many_cells;meta_missing:MinorityClassSize
43674,Mental-Health-in-Tech-Survey,2,active,False,False,False,metadata:meta_missing:NumberOfClasses;has_missing_values;meta_missing:MinorityClassSize
43675,Indian-Liver-Patient-Records,2,active,False,False,False,metadata:not_binary;has_missing_values;meta_missing:MinorityClassSize
43676,NSE-Stocks-Data,2,active,False,False,False,metadata:meta_missing:NumberOfClasses;has_missing_values;n_samples_out_of_range;too_many_cells;meta_missing:MinorityClassSize
43677,Medium-Articles,2,active,False,False,False,metadata:meta_missing:NumberOfClasses;meta_missing:MinorityClassSize
43678,Cryptocurrencies,2,active,False,False,False,metadata:meta_missing:NumberOfClasses;n_samples_out_of_range;too_many_cells;meta_missing:MinorityClassSize
43679,Stars-from-Gaia-DR2-and-RAVE-DR5,2,active,False,False,False,metadata:meta_missing:NumberOfClasses;n_samples_out_of_range;too_many_cells;meta_missing:MinorityClassSize
43680,Texas-Winter-Storm-2021-Tweets,2,active,False,False,False,metadata:meta_missing:NumberOfClasses;has_missing_values;n_samples_out_of_range;too_many_cells;meta_missing:MinorityClassSize
43681,Predicting-Critical-Heat-Flux,2,active,False,False,False,metadata:meta_missing:NumberOfClasses;meta_missing:MinorityClassSize
43682,Heart-Disease-Dataset-(Comprehensive),2,active,False,False,False,metadata:not_binary;meta_missing:MinorityClassSize
43683,WebMD-Drug-Reviews-Dataset,1,active,False,False,False,metadata:meta_missing:NumberOfClasses;has_missing_values;n_samples_out_of_range;too_many_cells;meta_missing:MinorityClassSize
43684,COVID-19-Stats-and-Mobility-Trends,1,active,False,False,False,metadata:meta_missing:NumberOfClasses;has_missing_values;n_samples_out_of_range;too_many_cells;meta_missing:MinorityClassSize
43685,Dogecoin--historical-data-(jan2018---feb2021),1,active,False,False,False,metadata:meta_missing:NumberOfClasses;has_missing_values;meta_missing:MinorityClassSize
43686,chronic-kidney-disease,2,active,False,False,False,metadata:not_binary;meta_missing:MinorityClassSize
43687,Breast-cancer-prediction,1,active,False,False,False,metadata:meta_missing:NumberOfClasses;non_numeric_features;n_samples_out_of_range;too_many_cells;meta_missing:MinorityClassSize
43688,Istanbul-Airbnb-Dataset,1,active,False,False,False,metadata:meta_missing:NumberOfClasses;has_missing_values;n_samples_out_of_range;too_many_cells;meta_missing:MinorityClassSize
43689,PC-Games-2020,1,active,False,False,False,metadata:meta_missing:NumberOfClasses;has_missing_values;n_samples_out_of_range;too_many_cells;meta_missing:MinorityClassSize
43690,Electronic-Music-Features---201802-BeatportTop100,1,active,False,False,False,metadata:meta_missing:NumberOfClasses;too_many_cells;meta_missing:MinorityClassSize
43691,Are-Two-Sentences-of-the-Same-Topic,1,active,False,False,False,metadata:meta_missing:NumberOfClasses;n_samples_out_of_range;too_many_cells;meta_missing:MinorityClassSize
43692,Pokemon-with-stats-Generation-8,1,active,False,False,False,metadata:meta_missing:NumberOfClasses;has_missing_values;meta_missing:MinorityClassSize
43694,Smogon-6v6-Pokemon-Tiers,1,active,False,False,False,metadata:meta_missing:NumberOfClasses;has_missing_values;non_numeric_features;meta_missing:MinorityClassSize
43695,Red-Wine-Quality,1,active,False,False,False,metadata:meta_missing:NumberOfClasses;meta_missing:MinorityClassSize
43696,IBM-HR-Analytics-Employee-Attrition--Performance,1,active,False,False,False,metadata:meta_missing:NumberOfClasses;meta_missing:MinorityClassSize
43697,covid-19_sentiments-India200320---310520,1,active,False,False,False,metadata:meta_missing:NumberOfClasses;has_missing_values;n_samples_out_of_range;too_many_cells;meta_missing:MinorityClassSize
43698,Pakistans-Migration-History,1,active,False,False,False,metadata:meta_missing:NumberOfClasses;meta_missing:MinorityClassSize
43699,QSAR-Bioconcentration-Classes-Data-Set,1,active,False,False,False,metadata:meta_missing:NumberOfClasses;meta_missing:MinorityClassSize
43700,Ipl_predictions2020,1,active,False,False,False,metadata:meta_missing:NumberOfClasses;has_missing_values;meta_missing:MinorityClassSize
43701,Contraceptive-Method-Choice,1,active,False,False,False,metadata:meta_missing:NumberOfClasses;meta_missing:MinorityClassSize
43702,2016-Global-Ecological-Footprint,1,active,False,False,False,metadata:meta_missing:NumberOfClasses;has_missing_values;n_samples_out_of_range;meta_missing:MinorityClassSize
43703,Pantheon-Project-Historical-Popularity-Index,1,active,False,False,False,metadata:meta_missing:NumberOfClasses;has_missing_values;n_samples_out_of_range;too_many_cells;meta_missing:MinorityClassSize
43704,Ubudehe-Livestock-1,1,active,False,False,False,metadata:meta_missing:NumberOfClasses;has_missing_values;n_samples_out_of_range;too_many_cells;meta_missing:MinorityClassSize
43705,California-Housing-Prices,1,active,False,False,False,metadata:meta_missing:NumberOfClasses;has_missing_values;n_samples_out_of_range;too_many_cells;meta_missing:MinorityClassSize
43706,Uber-and-Lyft-Dataset-Boston-MA,1,active,False,False,False,metadata:meta_missing:NumberOfClasses;has_missing_values;n_samples_out_of_range;too_many_cells;meta_missing:MinorityClassSize
43707,Govt.-of-India-Census-2001-District-Wise,1,active,False,False,False,metadata:meta_missing:NumberOfClasses;has_missing_values;meta_missing:MinorityClassSize
43708,Grasping-Dataset,1,active,False,False,False,metadata:meta_missing:NumberOfClasses;n_samples_out_of_range;too_many_cells;meta_missing:MinorityClassSize
43709,US-2020-Presidential-Election-Speeches,1,active,False,False,False,metadata:meta_missing:NumberOfClasses;has_missing_values;meta_missing:MinorityClassSize
43710,The-Complete-Pokemon-Dataset,1,active,False,False,False,metadata:meta_missing:NumberOfClasses;has_missing_values;meta_missing:MinorityClassSize
43711,Countries-of-the-World,1,active,False,False,False,metadata:meta_missing:NumberOfClasses;has_missing_values;meta_missing:MinorityClassSize
43712,515K-Hotel-Reviews-Data-in-Europe,1,active,False,False,False,metadata:meta_missing:NumberOfClasses;has_missing_values;n_samples_out_of_range;too_many_cells;meta_missing:MinorityClassSize
43713,Weather-in-Szeged-2006-2016,1,active,False,False,False,metadata:meta_missing:NumberOfClasses;has_missing_values;n_samples_out_of_range;too_many_cells;meta_missing:MinorityClassSize
43714,1000-Cameras-Dataset,1,active,False,False,False,metadata:not_binary;has_missing_values;meta_missing:MinorityClassSize
43715,Federal-Reserve-Interest-Rates-1954-Present,1,active,False,False,False,metadata:meta_missing:NumberOfClasses;has_missing_values;meta_missing:MinorityClassSize
43716,Football-Matches-of-Spanish-League,1,active,False,False,False,metadata:meta_missing:NumberOfClasses;n_samples_out_of_range;too_many_cells;meta_missing:MinorityClassSize
43717,Consumer-Price-Index-in-Denver-CO,1,active,False,False,False,metadata:meta_missing:NumberOfClasses;has_missing_values;meta_missing:MinorityClassSize
43718,Bank-Marketing-Dataset,1,active,False,False,False,metadata:meta_missing:NumberOfClasses;n_samples_out_of_range;too_many_cells;meta_missing:MinorityClassSize
43719,Math-Students,1,active,False,False,False,metadata:meta_missing:NumberOfClasses;meta_missing:MinorityClassSize
43720,Moneyball,3,active,False,False,False,metadata:meta_missing:NumberOfClasses;has_missing_values;meta_missing:MinorityClassSize
43721,Hotel-Reviews,1,active,False,False,False,metadata:meta_missing:NumberOfClasses;n_samples_out_of_range;meta_missing:MinorityClassSize
43722,Gen-1-Pokemon,1,active,False,False,False,metadata:meta_missing:NumberOfClasses;n_samples_out_of_range;meta_missing:MinorityClassSize
43723,Toronto-Apartment-Rental-Price,1,active,False,False,False,metadata:not_binary;minority_too_small
43724,Weather-Istanbul-Data-2009-2019,1,active,False,False,False,metadata:meta_missing:NumberOfClasses;has_missing_values;meta_missing:MinorityClassSize
43725,KNYC-Metars-2016,1,active,False,False,False,metadata:meta_missing:NumberOfClasses;has_missing_values;n_samples_out_of_range;meta_missing:MinorityClassSize
43726,Primary-breast-cancer-vs-Normal-breast-tissue,1,active,False,False,False,metadata:meta_missing:NumberOfClasses;n_samples_out_of_range;n_features_out_of_range;too_many_cells;meta_missing:MinorityClassSize
43727,Primary-breast-cancer-vs-Normal-breast-tissue,2,active,False,False,False,metadata:meta_missing:NumberOfClasses;n_samples_out_of_range;n_features_out_of_range;too_many_cells;meta_missing:MinorityClassSize
43728,1996-2019-NBA-Stats-Complete-With-Player-Stats,1,active,False,False,False,metadata:meta_missing:NumberOfClasses;n_samples_out_of_range;n_features_out_of_range;too_many_cells;meta_missing:MinorityClassSize
43729,Lending-Club-Loan-Data,1,active,False,False,False,metadata:meta_missing:NumberOfClasses;n_samples_out_of_range;meta_missing:MinorityClassSize
43730,Pandas-QA-on-Stack-Overflow,1,active,False,False,False,metadata:meta_missing:NumberOfClasses;has_missing_values;n_samples_out_of_range;too_many_cells;meta_missing:MinorityClassSize
43731,Urban-Dictionary-Terms,1,active,False,False,False,metadata:meta_missing:NumberOfClasses;meta_missing:MinorityClassSize
43733,Covid-19--historical-data,1,active,False,False,False,metadata:meta_missing:NumberOfClasses;has_missing_values;n_samples_out_of_range;too_many_cells;meta_missing:MinorityClassSize
43734,Nashville-Housing-Data,1,active,False,False,False,metadata:meta_missing:NumberOfClasses;has_missing_values;n_samples_out_of_range;too_many_cells;meta_missing:MinorityClassSize
43735,NYC-Hourly-Temperature,1,active,False,False,False,metadata:meta_missing:NumberOfClasses;has_missing_values;n_samples_out_of_range;meta_missing:MinorityClassSize
43736,Technical-Indicator-Backtest,1,active,False,False,False,metadata:meta_missing:NumberOfClasses;n_samples_out_of_range;meta_missing:MinorityClassSize
43737,Aircraft-Pricing-Dataset,1,active,False,False,False,metadata:meta_missing:NumberOfClasses;has_missing_values;meta_missing:MinorityClassSize
43738,Masters-Degrees--Programs-(mastersportal.eu),1,active,False,False,False,metadata:meta_missing:NumberOfClasses;has_missing_values;n_samples_out_of_range;too_many_cells;meta_missing:MinorityClassSize
43739,Country_data,1,active,False,False,False,metadata:meta_missing:NumberOfClasses;n_samples_out_of_range;meta_missing:MinorityClassSize
43740,GOOG-Ticker-stock-data,1,active,False,False,False,metadata:meta_missing:NumberOfClasses;meta_missing:MinorityClassSize
43741,Predict-Amazon-Stock-Price-tomorrow,1,active,False,False,False,metadata:meta_missing:NumberOfClasses;has_missing_values;meta_missing:MinorityClassSize
43742,Cruise_Travels,1,active,False,False,False,metadata:meta_missing:NumberOfClasses;has_missing_values;meta_missing:MinorityClassSize
43743,TVS_Loan_Default,1,active,False,False,False,metadata:meta_missing:NumberOfClasses;has_missing_values;n_samples_out_of_range;too_many_cells;meta_missing:MinorityClassSize
43744,New-York-City---Citywide-Payroll-Data,1,active,False,False,False,metadata:meta_missing:NumberOfClasses;has_missing_values;n_samples_out_of_range;too_many_cells;meta_missing:MinorityClassSize
43745,Delinquency-Telecom-Dataset,1,active,False,False,False,metadata:meta_missing:NumberOfClasses;n_samples_out_of_range;too_many_cells;meta_missing:MinorityClassSize
43746,NYC-Uber-Pickups-with-Weather-and-Holidays,1,active,False,False,False,metadata:meta_missing:NumberOfClasses;has_missing_values;n_samples_out_of_range;too_many_cells;meta_missing:MinorityClassSize
43747,Minneapolis-Air-Quality-Survey,1,active,False,False,False,metadata:not_binary;has_missing_values;meta_missing:MinorityClassSize
43748,Myanmar-Air-Quality(2019-to-2020-Oct),1,active,False,False,False,metadata:meta_missing:NumberOfClasses;n_samples_out_of_range;meta_missing:MinorityClassSize
43749,Generation-8-Pokemon,1,active,False,False,False,metadata:meta_missing:NumberOfClasses;has_missing_values;meta_missing:MinorityClassSize
43750,Glass-Classification,1,active,False,False,False,metadata:meta_missing:NumberOfClasses;meta_missing:MinorityClassSize
43751,Solar-Radiation-Prediction,1,active,False,False,False,metadata:meta_missing:NumberOfClasses;n_samples_out_of_range;too_many_cells;meta_missing:MinorityClassSize
43752,Crowdedness-at-the-Campus-Gym,1,active,False,False,False,metadata:meta_missing:NumberOfClasses;n_samples_out_of_range;too_many_cells;meta_missing:MinorityClassSize
43753,Country-Socioeconomic-Status-Scores-Part-II,1,active,False,False,False,metadata:meta_missing:NumberOfClasses;meta_missing:MinorityClassSize
43754,German-Credit-Risk,1,active,False,False,False,metadata:meta_missing:NumberOfClasses;has_missing_values;meta_missing:MinorityClassSize
43755,Tesla-Stock-Price,1,active,False,False,False,metadata:meta_missing:NumberOfClasses;meta_missing:MinorityClassSize
43756,Emotions--Sensor-Data-Set,1,active,False,False,False,metadata:meta_missing:NumberOfClasses;meta_missing:MinorityClassSize
43757,Breast-Cancer-Wisconsin-(Prognostic)-Data-Set,1,active,False,False,False,metadata:meta_missing:NumberOfClasses;has_missing_values;meta_missing:MinorityClassSize
43758,Worldwide-Meat-Consumption,1,active,False,False,False,metadata:meta_missing:NumberOfClasses;n_samples_out_of_range;meta_missing:MinorityClassSize
43759,Indian-Liver-Patient-Dataset,1,active,False,False,False,metadata:meta_missing:NumberOfClasses;has_missing_values;meta_missing:MinorityClassSize
43760,Worldwide-Crop-Production,1,active,False,False,False,metadata:meta_missing:NumberOfClasses;n_samples_out_of_range;meta_missing:MinorityClassSize
43761,Football---Russian-First-League-Football-EXTENDED,1,active,False,False,False,metadata:meta_missing:NumberOfClasses;has_missing_values;n_samples_out_of_range;too_many_cells;meta_missing:MinorityClassSize
43762,European-Soccer-Dataset-by-Role,1,active,False,False,False,metadata:meta_missing:NumberOfClasses;has_missing_values;n_samples_out_of_range;too_many_cells;meta_missing:MinorityClassSize
43763,Electoral-Integrity-in-2016-US-Election,1,active,False,False,False,metadata:meta_missing:NumberOfClasses;has_missing_values;meta_missing:MinorityClassSize
43764,Data-on-COVID-19-(coronavirus),1,active,False,False,False,metadata:meta_missing:NumberOfClasses;has_missing_values;n_samples_out_of_range;too_many_cells;meta_missing:MinorityClassSize
43765,CDP-Challenge-Cities-KPI,1,active,False,False,False,metadata:meta_missing:NumberOfClasses;has_missing_values;meta_missing:MinorityClassSize
43766,FIFA20-Players-Dataset-with-Stats--Images,1,active,False,False,False,metadata:meta_missing:NumberOfClasses;has_missing_values;n_samples_out_of_range;too_many_cells;meta_missing:MinorityClassSize
43767,Development-Category-(10k-courses)-from-Udemy,1,active,False,False,False,metadata:meta_missing:NumberOfClasses;has_missing_values;n_samples_out_of_range;too_many_cells;meta_missing:MinorityClassSize
43768,Traffic-counting-using-cameras,1,active,False,False,False,metadata:meta_missing:NumberOfClasses;has_missing_values;meta_missing:MinorityClassSize
43769,Articles-From-Buzzfeed-2020,1,active,False,False,False,metadata:meta_missing:NumberOfClasses;has_missing_values;meta_missing:MinorityClassSize
43770,Xeno-Canto-Birds-from-India,1,active,False,False,False,metadata:meta_missing:NumberOfClasses;has_missing_values;n_samples_out_of_range;too_many_cells;meta_missing:MinorityClassSize
43771,International-football-results,1,active,False,False,False,metadata:meta_missing:NumberOfClasses;n_samples_out_of_range;too_many_cells;meta_missing:MinorityClassSize
43772,Top-10000-Movies-Based-On-Ratings,1,active,False,False,False,metadata:meta_missing:NumberOfClasses;has_missing_values;n_samples_out_of_range;meta_missing:MinorityClassSize
43773,Development-Category-(10k-courses)-from-Udemy,2,active,False,False,False,metadata:meta_missing:NumberOfClasses;has_missing_values;n_samples_out_of_range;too_many_cells;meta_missing:MinorityClassSize
43774,Traffic-counting-using-cameras,2,active,False,False,False,metadata:meta_missing:NumberOfClasses;has_missing_values;meta_missing:MinorityClassSize
43775,Articles-From-Buzzfeed-2020,2,active,False,False,False,metadata:meta_missing:NumberOfClasses;has_missing_values;meta_missing:MinorityClassSize
43776,Xeno-Canto-Birds-from-India,2,active,False,False,False,metadata:meta_missing:NumberOfClasses;has_missing_values;n_samples_out_of_range;too_many_cells;meta_missing:MinorityClassSize
43777,International-football-results,2,active,False,False,False,metadata:meta_missing:NumberOfClasses;n_samples_out_of_range;too_many_cells;meta_missing:MinorityClassSize
43778,Top-10000-Movies-Based-On-Ratings,2,active,False,False,False,metadata:meta_missing:NumberOfClasses;has_missing_values;n_samples_out_of_range;meta_missing:MinorityClassSize
43779,Bitcoin-Stock-Data,1,active,False,False,False,metadata:meta_missing:NumberOfClasses;has_missing_values;meta_missing:MinorityClassSize
43780,product-relevance,1,active,False,False,False,metadata:meta_missing:NumberOfClasses;n_samples_out_of_range;too_many_cells;meta_missing:MinorityClassSize
43781,Movinga-Best-Cities-for-Families-2019,1,active,False,False,False,metadata:meta_missing:NumberOfClasses;n_samples_out_of_range;meta_missing:MinorityClassSize
43782,Forest-Surfaces-in-Romania-1990-2019,1,active,False,False,False,metadata:meta_missing:NumberOfClasses;n_samples_out_of_range;meta_missing:MinorityClassSize
43783,Covid-19-Research-Articles-(NCBI),1,active,False,False,False,metadata:meta_missing:NumberOfClasses;has_missing_values;meta_missing:MinorityClassSize
43784,IMDb-Ratings,1,active,False,False,False,metadata:meta_missing:NumberOfClasses;has_missing_values;n_samples_out_of_range;too_many_cells;meta_missing:MinorityClassSize
43785,Goodreads-Computer-Books,1,active,False,False,False,metadata:not_binary;meta_missing:MinorityClassSize
43786,Zombies-Apocalypse,1,active,False,False,False,metadata:has_missing_values
43787,UFC-257-Poirier-vs.-McGregor-II-Tweets,1,active,False,False,False,metadata:meta_missing:NumberOfClasses;has_missing_values;n_samples_out_of_range;too_many_cells;meta_missing:MinorityClassSize
43788,EaseMyTrip-Flight-Fare-Travel-Listings,1,active,False,False,False,metadata:meta_missing:NumberOfClasses;has_missing_values;n_samples_out_of_range;too_many_cells;meta_missing:MinorityClassSize
43789,Used-cars-in-KSA,1,active,False,False,False,metadata:meta_missing:NumberOfClasses;has_missing_values;meta_missing:MinorityClassSize
43790,TEAMFIGHT-TACTICS-FATES-Challenger-EUW-Rank-Games,1,active,False,False,False,metadata:meta_missing:NumberOfClasses;has_missing_values;n_samples_out_of_range;too_many_cells;meta_missing:MinorityClassSize
43791,Best-Books-of-the-19th-Century,1,active,False,False,False,metadata:meta_missing:NumberOfClasses;has_missing_values;meta_missing:MinorityClassSize
43792,COVID-19_INDIA_Statewise,1,active,False,False,False,metadata:meta_missing:NumberOfClasses;meta_missing:MinorityClassSize
43793,League-of-Legends---(LCL)-2019,1,active,False,False,False,metadata:meta_missing:NumberOfClasses;has_missing_values;n_samples_out_of_range;meta_missing:MinorityClassSize
43794,Tweets-with-keyword-lockdown-in-April-July-2020,1,active,False,False,False,metadata:meta_missing:NumberOfClasses;has_missing_values;n_samples_out_of_range;too_many_cells;meta_missing:MinorityClassSize
43795,The-2020-Pokemon-dataset,1,active,False,False,False,metadata:meta_missing:NumberOfClasses;meta_missing:MinorityClassSize
43796,mini_insect_1,3,active,False,False,False,metadata:not_binary;non_numeric_features;n_samples_out_of_range;minority_too_small
43797,Hepatitis-C-Prediction-Dataset,1,active,False,False,False,metadata:meta_missing:NumberOfClasses;has_missing_values;meta_missing:MinorityClassSize
43798,Google-Play-Store-Apps,1,active,False,False,False,metadata:meta_missing:NumberOfClasses;has_missing_values;non_numeric_features;n_samples_out_of_range;too_many_cells;meta_missing:MinorityClassSize
43799,Daily-Exchange-Rates-per-Euro-1999-2021,1,active,False,False,False,metadata:meta_missing:NumberOfClasses;has_missing_values;n_samples_out_of_range;too_many_cells;meta_missing:MinorityClassSize
43800,Microsoft-Stock-market-(2001---2021),1,active,False,False,False,metadata:meta_missing:NumberOfClasses;meta_missing:MinorityClassSize
43801,Motorcycle-Dataset,1,active,False,False,False,metadata:meta_missing:NumberOfClasses;has_missing_values;meta_missing:MinorityClassSize
43802,DEMOGRAPHIC-AND-SOCIO-ECONOMIC-(UNESCO),1,active,False,False,False,metadata:meta_missing:NumberOfClasses;has_missing_values;n_samples_out_of_range;too_many_cells;meta_missing:MinorityClassSize
43803,Chernobyl-Air-Concentration,1,active,False,False,False,metadata:meta_missing:NumberOfClasses;has_missing_values;meta_missing:MinorityClassSize
43804,MAGIC-Gamma-Telescope-Dataset,1,active,False,False,False,metadata:meta_missing:NumberOfClasses;n_samples_out_of_range;too_many_cells;meta_missing:MinorityClassSize
43805,Daily-Electricity-Price-and-Demand-Data,1,active,False,False,False,metadata:meta_missing:NumberOfClasses;has_missing_values;meta_missing:MinorityClassSize
43806,Rainfall-in-Kerala-1901-2017,1,active,False,False,False,metadata:meta_missing:NumberOfClasses;n_samples_out_of_range;meta_missing:MinorityClassSize
43807,Forest-Fires-Data-Set-Portugal,1,active,False,False,False,metadata:meta_missing:NumberOfClasses;meta_missing:MinorityClassSize
43808,German-Credit-Data,1,active,False,False,False,metadata:meta_missing:NumberOfClasses;meta_missing:MinorityClassSize
43809,GDP-per-capita-all-countries,1,active,False,False,False,metadata:meta_missing:NumberOfClasses;has_missing_values;meta_missing:MinorityClassSize
43810,MPII-Human-Pose-Data,1,active,False,False,False,metadata:meta_missing:NumberOfClasses;has_missing_values;meta_missing:MinorityClassSize
43811,Eighty-years-of-Canadian-climate-data,1,active,False,False,False,metadata:meta_missing:NumberOfClasses;has_missing_values;n_samples_out_of_range;too_many_cells;meta_missing:MinorityClassSize
43812,Performance-Prediction,1,active,False,False,False,metadata:not_binary;has_missing_values;meta_missing:MinorityClassSize
43814,Dubai-Properties---Apartments,1,active,False,False,False,metadata:meta_missing:NumberOfClasses;non_numeric_features;meta_missing:MinorityClassSize
43815,ECDC-daily-data-on-COVID19-geographic-distribution,1,active,False,False,False,metadata:meta_missing:NumberOfClasses;has_missing_values;n_samples_out_of_range;meta_missing:MinorityClassSize
43816,Reliance-Industries-(RIL)-Share-Price-(1996-2020),1,active,False,False,False,metadata:meta_missing:NumberOfClasses;has_missing_values;n_samples_out_of_range;meta_missing:MinorityClassSize
43817,English-Premier-League-Data-2009---2019,1,active,False,False,False,metadata:meta_missing:NumberOfClasses;meta_missing:MinorityClassSize
43818,Buenos-Aires-Airbnb-Data,1,active,False,False,False,metadata:meta_missing:NumberOfClasses;has_missing_values;n_samples_out_of_range;too_many_cells;meta_missing:MinorityClassSize
43819,Boston-Airbnb-Listings,1,active,False,False,False,metadata:meta_missing:NumberOfClasses;has_missing_values;too_many_cells;meta_missing:MinorityClassSize
43820,Avocado-Prices,1,active,False,False,False,metadata:meta_missing:NumberOfClasses;n_samples_out_of_range;too_many_cells;meta_missing:MinorityClassSize
43821,Foreign-Exchange-Rate-(1994---2020),1,active,False,False,False,metadata:meta_missing:NumberOfClasses;has_missing_values;n_samples_out_of_range;too_many_cells;meta_missing:MinorityClassSize
43822,Perth-House-Prices,1,active,False,False,False,metadata:meta_missing:NumberOfClasses;has_missing_values;n_samples_out_of_range;too_many_cells;meta_missing:MinorityClassSize
43823,Heart-Disease-Prediction,1,active,False,False,False,metadata:meta_missing:NumberOfClasses;meta_missing:MinorityClassSize
43824,Top-100-2020-Cryptocurrency-Daily-Market-Price,1,active,False,False,False,metadata:meta_missing:NumberOfClasses;n_samples_out_of_range;too_many_cells;meta_missing:MinorityClassSize
43825,Nutritional-values-for-common-foods-and-products,1,active,False,False,False,metadata:meta_missing:NumberOfClasses;has_missing_values;n_samples_out_of_range;too_many_cells;meta_missing:MinorityClassSize
43826,Personal-Loan-Modeling,1,active,False,False,False,metadata:meta_missing:NumberOfClasses;meta_missing:MinorityClassSize
43827,City-Quality-of-Life-Dataset,1,active,False,False,False,metadata:meta_missing:NumberOfClasses;meta_missing:MinorityClassSize
43828,Another-Dataset-on-used-Fiat-500-(1538-rows),1,active,False,False,False,metadata:not_binary;meta_missing:MinorityClassSize
43829,Netflix-10-Year-Stock-Data-2002-2020,1,active,False,False,False,metadata:meta_missing:NumberOfClasses;meta_missing:MinorityClassSize
43830,Indian-card-payment-data-set,1,active,False,False,False,metadata:meta_missing:NumberOfClasses;has_missing_values;n_samples_out_of_range;meta_missing:MinorityClassSize
43831,Consumer-Price-Index,1,active,False,False,False,metadata:meta_missing:NumberOfClasses;has_missing_values;meta_missing:MinorityClassSize
43832,Apple-Complete-Stock-Data1980-2020,1,active,False,False,False,metadata:meta_missing:NumberOfClasses;has_missing_values;n_samples_out_of_range;meta_missing:MinorityClassSize
43833,Official-World-Golf-Ranking-Data,1,active,False,False,False,metadata:meta_missing:NumberOfClasses;has_missing_values;n_samples_out_of_range;meta_missing:MinorityClassSize
43834,Historical-Financials-Data-for-3000-stocks,1,active,False,False,False,metadata:meta_missing:NumberOfClasses;has_missing_values;n_samples_out_of_range;too_many_cells;meta_missing:MinorityClassSize
43835,Indeed-Software-Engineer-Job-Dataset,1,active,False,False,False,metadata:meta_missing:NumberOfClasses;has_missing_values;n_samples_out_of_range;meta_missing:MinorityClassSize
43836,features-and-price-of-computer-components,1,active,False,False,False,metadata:meta_missing:NumberOfClasses;has_missing_values;meta_missing:MinorityClassSize
43837,New-Delhi-Rental-Listings,1,active,False,False,False,metadata:meta_missing:NumberOfClasses;n_samples_out_of_range;too_many_cells;meta_missing:MinorityClassSize
43838,Municipal-Debt-Risk-Analysis,1,active,False,False,False,metadata:meta_missing:NumberOfClasses;n_samples_out_of_range;too_many_cells;meta_missing:MinorityClassSize
43839,IRIS-flower-dataset,1,active,False,False,False,metadata:meta_missing:NumberOfClasses;n_samples_out_of_range;meta_missing:MinorityClassSize
43840,Dow-Jones-Industrial-Average-Dataset,1,active,False,False,False,metadata:meta_missing:NumberOfClasses;meta_missing:MinorityClassSize
43841,Turkish-Super-League-Matches-(1959-2021),1,active,False,False,False,metadata:meta_missing:NumberOfClasses;n_samples_out_of_range;too_many_cells;meta_missing:MinorityClassSize
43842,League-of-Legend-High-Elo-Team-Comp--Game-Length,1,active,False,False,False,metadata:meta_missing:NumberOfClasses;meta_missing:MinorityClassSize
43843,Eighty-years-of-Canadian-climate-data,2,active,False,False,False,metadata:meta_missing:NumberOfClasses;has_missing_values;n_samples_out_of_range;too_many_cells;meta_missing:MinorityClassSize
43844,Coronavirus-Worldwide-Dataset,1,active,False,False,False,metadata:meta_missing:NumberOfClasses;has_missing_values;n_samples_out_of_range;too_many_cells;meta_missing:MinorityClassSize
43845,Music-Dataset--1950-to-2019,1,active,False,False,False,metadata:meta_missing:NumberOfClasses;has_missing_values;n_samples_out_of_range;too_many_cells;meta_missing:MinorityClassSize
43846,400k-NYSE-random-investments--financial-ratios,1,active,False,False,False,metadata:meta_missing:NumberOfClasses;n_samples_out_of_range;too_many_cells;meta_missing:MinorityClassSize
43847,Tweets-about-distance-learning,1,active,False,False,False,metadata:meta_missing:NumberOfClasses;has_missing_values;n_samples_out_of_range;too_many_cells;meta_missing:MinorityClassSize
43848,NSE-Future-and-Options-Dataset-3M,1,active,False,False,False,metadata:meta_missing:NumberOfClasses;n_samples_out_of_range;too_many_cells;meta_missing:MinorityClassSize
43849,2018-Airplane-Flights,1,active,False,False,False,metadata:meta_missing:NumberOfClasses;n_samples_out_of_range;too_many_cells;meta_missing:MinorityClassSize
43850,Hatred-on-Twitter-During-MeToo-Movement,1,active,False,False,False,metadata:meta_missing:NumberOfClasses;has_missing_values;n_samples_out_of_range;too_many_cells;meta_missing:MinorityClassSize
43853,Nintendo3DS-Games,2,active,False,False,False,metadata:not_binary;has_missing_values;meta_missing:MinorityClassSize
43855,SportsCars,1,active,False,False,False,metadata:meta_missing:NumberOfClasses;has_missing_values;meta_missing:MinorityClassSize
43859,iriiiiiis,2,active,False,False,False,metadata:not_binary;n_samples_out_of_range
43871,SGEMM_GPU_kernel_performance,3,active,False,False,False,metadata:not_binary;n_samples_out_of_range;too_many_cells;meta_missing:MinorityClassSize
43873,sarcos,3,active,False,False,False,metadata:not_binary;n_samples_out_of_range;too_many_cells;meta_missing:MinorityClassSize
43874,Diabetes-130-Hospitals_(Fairlearn),1,active,False,False,False,metadata:not_binary;non_numeric_features;n_samples_out_of_range;too_many_cells;meta_missing:MinorityClassSize
43876,AAPL_2022_01,1,active,False,False,False,metadata:not_binary;n_samples_out_of_range;meta_missing:MinorityClassSize
43877,AAPL_2022_01,2,active,False,False,False,metadata:not_binary;n_samples_out_of_range;meta_missing:MinorityClassSize
43878,AAPL_stock_price_2021_2022,1,active,False,False,False,metadata:not_binary;meta_missing:MinorityClassSize
43881,AAPL_stock_price_2021_2022_1,1,active,False,False,False,metadata:not_binary;meta_missing:MinorityClassSize
43882,AAPL_stock_price_2021_2022_2,1,active,False,False,False,metadata:not_binary;meta_missing:MinorityClassSize
43883,mne-sample-meg-auditory,1,active,False,False,False,metadata:meta_missing:NumberOfClasses;n_features_out_of_range;too_many_cells;meta_missing:MinorityClassSize
43884,mne-sample-meg-auditory,2,active,False,False,False,metadata:meta_missing:NumberOfClasses;n_features_out_of_range;too_many_cells;meta_missing:MinorityClassSize
43885,mini_insect_1,4,active,False,False,False,metadata:not_binary;non_numeric_features;n_samples_out_of_range;minority_too_small
43886,mini_insect_1,5,active,False,False,False,metadata:not_binary;non_numeric_features;n_samples_out_of_range;minority_too_small
43888,communities-and-crime-binary,1,active,False,False,False,metadata:not_binary;has_missing_values;n_features_out_of_range;too_many_cells;meta_missing:MinorityClassSize
43889,law-school-admission-bianry,1,active,False,False,False,metadata:not_binary;non_numeric_features;n_samples_out_of_range;too_many_cells;meta_missing:MinorityClassSize
43890,law-school-admission-bianry,2,active,False,False,False,metadata:non_numeric_features;n_samples_out_of_range;too_many_cells
43891,communities-and-crime-binary,2,active,False,False,False,metadata:has_missing_values;n_features_out_of_range;too_many_cells
43892,national-longitudinal-survey-binary,1,active,False,False,False,metadata:non_numeric_features
43893,ibm-employee-attrition,1,active,True,True,False,non_numeric_features
43894,ibm-employee-attrition,2,active,True,True,False,non_numeric_features
43895,ibm-employee-performance,1,active,True,True,False,non_numeric_features
43896,ibm-employee-attrition,3,active,False,False,False,metadata:non_numeric_features
43897,ibm-employee-performance,2,active,False,False,False,metadata:non_numeric_features
43898,adult,3,active,False,False,False,metadata:has_missing_values;non_numeric_features;n_samples_out_of_range;too_many_cells
43899,FakeMovie,1,active,False,False,False,metadata:not_binary;non_numeric_features;n_samples_out_of_range;minority_too_small
43900,amazon_employee_access,2,active,False,False,False,metadata:non_numeric_features;n_samples_out_of_range;too_many_cells
43901,click_prediction_small,11,active,False,False,False,metadata:non_numeric_features;n_samples_out_of_range;too_many_cells
43903,Diabetes-130-Hospitals_(Fairlearn),2,active,False,False,False,metadata:non_numeric_features;n_samples_out_of_range;too_many_cells
43904,law-school-admission-bianry,3,active,False,False,False,metadata:non_numeric_features;n_samples_out_of_range;too_many_cells
43905,ibm-employee-performance,3,active,False,False,False,metadata:non_numeric_features
43918,energy_efficiency,1,active,False,False,False,metadata:not_binary;meta_missing:MinorityClassSize
43919,airfoil_self_noise,1,active,False,False,False,metadata:not_binary;meta_missing:MinorityClassSize
43920,kdd_internet_usage,3,active,False,False,False,metadata:has_missing_values;non_numeric_features;n_samples_out_of_range;too_many_cells
43921,car_evaluation,1,active,False,False,False,metadata:not_binary;non_numeric_features
43922,mushroom,3,active,False,False,False,metadata:non_numeric_features;n_samples_out_of_range;too_many_cells
43923,mushroom,4,active,False,False,False,metadata:not_binary;non_numeric_features;n_samples_out_of_range;minority_too_small
43924,eucalyptus,3,active,False,False,False,metadata:not_binary;non_numeric_features
43925,eucalyptus,4,active,False,False,False,metadata:not_binary;non_numeric_features
43926,ames_housing,1,active,False,False,False,metadata:not_binary;non_numeric_features;too_many_cells;meta_missing:MinorityClassSize
43927,avocado_sales,1,active,False,False,False,metadata:not_binary;non_numeric_features;n_samples_out_of_range;too_many_cells;meta_missing:MinorityClassSize
43928,medical_charges,8,active,False,False,False,metadata:not_binary;non_numeric_features;n_samples_out_of_range;too_many_cells;meta_missing:MinorityClassSize
43938,nursery,4,active,False,False,False,metadata:not_binary;non_numeric_features;n_samples_out_of_range;minority_too_small
43939,california_housing,1,active,False,False,False,metadata:not_binary;has_missing_values;n_samples_out_of_range;too_many_cells;meta_missing:MinorityClassSize
43941,anneal,5,active,False,False,False,metadata:non_numeric_features
43942,anneal,6,active,False,False,False,metadata:non_numeric_features
43943,Diabetes(scikit-learn),8,active,False,False,False,metadata:not_binary;meta_missing:MinorityClassSize
43944,Heart_disease_classification,1,active,False,False,False,metadata:not_binary;meta_missing:MinorityClassSize
43945,electricity,2,active,False,False,False,metadata:n_samples_out_of_range;too_many_cells
43946,eye_movements,2,active,False,False,False,metadata:non_numeric_features;n_samples_out_of_range;too_many_cells
43947,KDDCup09_upselling,2,active,False,False,False,metadata:non_numeric_features;n_samples_out_of_range;too_many_cells
43948,covertype,5,active,False,False,False,metadata:non_numeric_features;n_samples_out_of_range;too_many_cells
43949,rl,2,active,False,False,False,metadata:non_numeric_features
43950,electricity,3,active,False,False,False,metadata:n_samples_out_of_range;too_many_cells
43951,electricity,4,active,False,False,False,metadata:n_samples_out_of_range;too_many_cells
43952,electricity,5,active,False,False,False,metadata:n_samples_out_of_range;too_many_cells
43953,electricity,6,active,False,False,False,metadata:n_samples_out_of_range;too_many_cells
43954,covertype,6,active,False,False,False,metadata:not_binary;n_samples_out_of_range;too_many_cells;meta_missing:MinorityClassSize
43955,poker,3,active,False,False,False,metadata:not_binary;n_samples_out_of_range;too_many_cells;meta_missing:MinorityClassSize
43956,pol,3,active,False,False,False,metadata:n_samples_out_of_range;too_many_cells
43957,house_16H,3,active,False,False,False,metadata:n_samples_out_of_range;too_many_cells
43958,kdd_ipums_la_97-small,2,active,False,False,False,metadata:non_numeric_features;n_samples_out_of_range
43959,Diabetes(scikit-learn),9,active,False,False,False,metadata:not_binary;meta_missing:MinorityClassSize
43960,Weather,16,active,False,False,False,metadata:non_numeric_features;n_samples_out_of_range;minority_too_small
43961,Weather,17,active,False,False,False,metadata:non_numeric_features;n_samples_out_of_range;minority_too_small
43962,energy_efficiency,2,active,False,False,False,metadata:not_binary;meta_missing:MinorityClassSize
43963,CPS1988,1,active,False,False,False,metadata:not_binary;non_numeric_features;n_samples_out_of_range;too_many_cells;meta_missing:MinorityClassSize
43964,electricity,7,active,False,False,False,metadata:n_samples_out_of_range;too_many_cells
43965,covertype,7,active,False,False,False,metadata:not_binary;n_samples_out_of_range;too_many_cells;meta_missing:MinorityClassSize
43966,electricity,8,active,False,False,False,metadata:n_samples_out_of_range;too_many_cells
43967,covertype,8,active,False,False,False,metadata:not_binary;n_samples_out_of_range;too_many_cells;meta_missing:MinorityClassSize
43968,pol,4,active,False,False,False,metadata:n_samples_out_of_range;too_many_cells
43969,house_16H,4,active,False,False,False,metadata:n_samples_out_of_range;too_many_cells
43970,kdd_ipums_la_97-small,3,active,False,False,False,metadata:non_numeric_features;n_samples_out_of_range
43971,MagicTelescope,2,active,False,False,False,metadata:n_samples_out_of_range
43972,bank-marketing,3,active,False,False,False,metadata:non_numeric_features;n_samples_out_of_range
43973,phoneme,2,active,True,True,True,
43974,MiniBooNE,2,active,False,False,False,metadata:n_samples_out_of_range;too_many_cells
43975,Higgs,4,active,False,False,False,metadata:n_samples_out_of_range;too_many_cells
43976,eye_movements,3,active,False,False,False,metadata:non_numeric_features;n_samples_out_of_range;too_many_cells
43977,jannis,2,active,False,False,False,metadata:n_samples_out_of_range;too_many_cells
43978,credit,1,active,False,False,False,metadata:not_binary;n_samples_out_of_range;too_many_cells;meta_missing:MinorityClassSize
43979,california,1,active,False,False,False,metadata:n_samples_out_of_range;too_many_cells
43980,wine,7,active,True,True,True,
43981,cpu_act,4,active,False,False,False,metadata:not_binary;n_samples_out_of_range;too_many_cells;meta_missing:MinorityClassSize
43982,cpu_act,5,active,False,False,False,metadata:not_binary;n_samples_out_of_range;too_many_cells;meta_missing:MinorityClassSize
43983,pol,5,active,False,False,False,metadata:not_binary;n_samples_out_of_range;too_many_cells;meta_missing:MinorityClassSize
43984,elevators,5,active,False,False,False,metadata:not_binary;n_samples_out_of_range;too_many_cells;meta_missing:MinorityClassSize
43985,isolet,3,active,False,False,False,metadata:not_binary;n_samples_out_of_range;n_features_out_of_range;too_many_cells
43986,wine_quality,3,active,False,False,False,metadata:not_binary;n_samples_out_of_range;meta_missing:MinorityClassSize
43987,Ailerons,3,active,False,False,False,metadata:not_binary;n_samples_out_of_range;too_many_cells;meta_missing:MinorityClassSize
43988,houses,3,active,False,False,False,metadata:not_binary;n_samples_out_of_range;too_many_cells;meta_missing:MinorityClassSize
43989,house_16H,5,active,False,False,False,metadata:not_binary;n_samples_out_of_range;too_many_cells;meta_missing:MinorityClassSize
43990,cpu_act,6,active,False,False,False,metadata:not_binary;n_samples_out_of_range;too_many_cells;meta_missing:MinorityClassSize
43991,pol,6,active,False,False,False,metadata:not_binary;n_samples_out_of_range;too_many_cells;meta_missing:MinorityClassSize
43992,elevators,6,active,False,False,False,metadata:not_binary;n_samples_out_of_range;too_many_cells;meta_missing:MinorityClassSize
43993,isolet,4,active,False,False,False,metadata:not_binary;n_samples_out_of_range;n_features_out_of_range;too_many_cells
43994,wine_quality,4,active,False,False,False,metadata:not_binary;n_samples_out_of_range;meta_missing:MinorityClassSize
43995,Ailerons,4,active,False,False,False,metadata:not_binary;n_samples_out_of_range;too_many_cells;meta_missing:MinorityClassSize
43996,houses,4,active,False,False,False,metadata:not_binary;n_samples_out_of_range;too_many_cells;meta_missing:MinorityClassSize
43997,house_16H,6,active,False,False,False,metadata:not_binary;n_samples_out_of_range;too_many_cells;meta_missing:MinorityClassSize
43998,diamonds,2,active,False,False,False,metadata:not_binary;non_numeric_features;n_samples_out_of_range;too_many_cells;meta_missing:MinorityClassSize
43999,Brazilian_houses,5,active,False,False,False,metadata:not_binary;non_numeric_features;n_samples_out_of_range;meta_missing:MinorityClassSize
44000,Bike_Sharing_Demand,4,active,False,False,False,metadata:not_binary;n_samples_out_of_range;meta_missing:MinorityClassSize
44001,nyc-taxi-green-dec-2016,4,active,False,False,False,metadata:not_binary;non_numeric_features;n_samples_out_of_range;too_many_cells;meta_missing:MinorityClassSize
44002,house_sales,4,active,False,False,False,metadata:not_binary;n_samples_out_of_range;too_many_cells;meta_missing:MinorityClassSize
44003,sulfur,2,active,False,False,False,metadata:not_binary;n_samples_out_of_range;meta_missing:MinorityClassSize
44004,medical_charges,9,active,False,False,False,metadata:not_binary;non_numeric_features;n_samples_out_of_range;too_many_cells;meta_missing:MinorityClassSize
44005,MiamiHousing2016,2,active,False,False,False,metadata:not_binary;n_samples_out_of_range;too_many_cells;meta_missing:MinorityClassSize
44006,superconduct,2,active,False,False,False,metadata:not_binary;n_samples_out_of_range;too_many_cells;meta_missing:MinorityClassSize
44007,cpu_act,7,active,False,False,False,metadata:not_binary;n_samples_out_of_range;too_many_cells;meta_missing:MinorityClassSize
44008,pol,7,active,False,False,False,metadata:not_binary;n_samples_out_of_range;too_many_cells;meta_missing:MinorityClassSize
44009,elevators,7,active,False,False,False,metadata:not_binary;n_samples_out_of_range;too_many_cells;meta_missing:MinorityClassSize
44010,isolet,5,active,False,False,False,metadata:not_binary;n_samples_out_of_range;n_features_out_of_range;too_many_cells
44011,wine_quality,5,active,False,False,False,metadata:not_binary;n_samples_out_of_range;meta_missing:MinorityClassSize
44012,Ailerons,5,active,False,False,False,metadata:not_binary;n_samples_out_of_range;too_many_cells;meta_missing:MinorityClassSize
44013,houses,5,active,False,False,False,metadata:not_binary;n_samples_out_of_range;too_many_cells;meta_missing:MinorityClassSize
44014,house_16H,7,active,False,False,False,metadata:not_binary;n_samples_out_of_range;too_many_cells;meta_missing:MinorityClassSize
44015,diamonds,3,active,False,False,False,metadata:not_binary;non_numeric_features;n_samples_out_of_range;too_many_cells;meta_missing:MinorityClassSize
44016,Brazilian_houses,6,active,False,False,False,metadata:not_binary;non_numeric_features;n_samples_out_of_range;meta_missing:MinorityClassSize
44017,Bike_Sharing_Demand,5,active,False,False,False,metadata:not_binary;n_samples_out_of_range;meta_missing:MinorityClassSize
44018,nyc-taxi-green-dec-2016,5,active,False,False,False,metadata:not_binary;non_numeric_features;n_samples_out_of_range;too_many_cells;meta_missing:MinorityClassSize
44019,house_sales,5,active,False,False,False,metadata:not_binary;n_samples_out_of_range;too_many_cells;meta_missing:MinorityClassSize
44020,sulfur,3,active,False,False,False,metadata:not_binary;n_samples_out_of_range;meta_missing:MinorityClassSize
44021,medical_charges,10,active,False,False,False,metadata:not_binary;non_numeric_features;n_samples_out_of_range;too_many_cells;meta_missing:MinorityClassSize
44022,MiamiHousing2016,3,active,False,False,False,metadata:not_binary;n_samples_out_of_range;too_many_cells;meta_missing:MinorityClassSize
44023,superconduct,3,active,False,False,False,metadata:not_binary;n_samples_out_of_range;too_many_cells;meta_missing:MinorityClassSize
44024,california,2,active,False,False,False,metadata:not_binary;n_samples_out_of_range;too_many_cells;meta_missing:MinorityClassSize
44025,california,3,active,False,False,False,metadata:not_binary;n_samples_out_of_range;too_many_cells;meta_missing:MinorityClassSize
44026,fifa,1,active,False,False,False,metadata:not_binary;n_samples_out_of_range;meta_missing:MinorityClassSize
44027,year,1,active,False,False,False,metadata:not_binary;n_samples_out_of_range;too_many_cells;meta_missing:MinorityClassSize
44028,QSAR_fish_toxycity,1,active,False,False,False,metadata:not_binary;meta_missing:MinorityClassSize
44029,student_performance_por,1,active,False,False,False,metadata:not_binary;meta_missing:MinorityClassSize
44031,california,4,active,False,False,False,metadata:not_binary;n_samples_out_of_range;too_many_cells;meta_missing:MinorityClassSize
44032,fifa,2,active,False,False,False,metadata:not_binary;n_samples_out_of_range;meta_missing:MinorityClassSize
44033,electricity,9,active,False,False,False,metadata:n_samples_out_of_range;too_many_cells
44034,eye_movements,4,active,False,False,False,metadata:non_numeric_features;n_samples_out_of_range;too_many_cells
44035,KDDCup09_upselling,3,active,False,False,False,metadata:non_numeric_features;n_samples_out_of_range;too_many_cells
44036,covertype,9,active,False,False,False,metadata:non_numeric_features;n_samples_out_of_range;too_many_cells
44037,rl,3,active,False,False,False,metadata:non_numeric_features
44038,road-safety,5,active,False,False,False,metadata:non_numeric_features;n_samples_out_of_range;too_many_cells
44039,yprop_4_1,2,active,False,False,False,metadata:not_binary;non_numeric_features;n_samples_out_of_range;too_many_cells;meta_missing:MinorityClassSize
44040,analcatdata_supreme,3,active,False,False,False,metadata:not_binary;non_numeric_features;meta_missing:MinorityClassSize
44041,visualizing_soil,3,active,False,False,False,metadata:not_binary;n_samples_out_of_range;meta_missing:MinorityClassSize
44042,black_friday,2,active,False,False,False,metadata:not_binary;non_numeric_features;n_samples_out_of_range;too_many_cells;meta_missing:MinorityClassSize
44043,nyc-taxi-green-dec-2016,6,active,False,False,False,metadata:not_binary;non_numeric_features;n_samples_out_of_range;too_many_cells;meta_missing:MinorityClassSize
44044,diamonds,4,active,False,False,False,metadata:not_binary;non_numeric_features;n_samples_out_of_range;too_many_cells;meta_missing:MinorityClassSize
44045,Allstate_Claims_Severity,2,active,False,False,False,metadata:not_binary;non_numeric_features;n_samples_out_of_range;n_features_out_of_range;too_many_cells;meta_missing:MinorityClassSize
44046,Mercedes_Benz_Greener_Manufacturing,3,active,False,False,False,metadata:not_binary;non_numeric_features;n_features_out_of_range;too_many_cells;meta_missing:MinorityClassSize
44047,Brazilian_houses,7,active,False,False,False,metadata:not_binary;non_numeric_features;n_samples_out_of_range;meta_missing:MinorityClassSize
44048,Bike_Sharing_Demand,6,active,False,False,False,metadata:not_binary;non_numeric_features;n_samples_out_of_range;too_many_cells;meta_missing:MinorityClassSize
44049,OnlineNewsPopularity,3,active,False,False,False,metadata:not_binary;non_numeric_features;n_samples_out_of_range;too_many_cells;meta_missing:MinorityClassSize
44050,nyc-taxi-green-dec-2016,7,active,False,False,False,metadata:not_binary;non_numeric_features;n_samples_out_of_range;too_many_cells;meta_missing:MinorityClassSize
44051,house_sales,6,active,False,False,False,metadata:not_binary;non_numeric_features;n_samples_out_of_range;too_many_cells;meta_missing:MinorityClassSize
44052,compass,1,active,False,False,False,metadata:not_binary;n_samples_out_of_range;too_many_cells;meta_missing:MinorityClassSize
44053,compass,2,active,False,False,False,metadata:not_binary;non_numeric_features;n_samples_out_of_range;too_many_cells;meta_missing:MinorityClassSize
44054,yprop_4_1,3,active,False,False,False,metadata:not_binary;non_numeric_features;n_samples_out_of_range;too_many_cells;meta_missing:MinorityClassSize
44055,analcatdata_supreme,4,active,False,False,False,metadata:not_binary;non_numeric_features;meta_missing:MinorityClassSize
44056,visualizing_soil,4,active,False,False,False,metadata:not_binary;n_samples_out_of_range;meta_missing:MinorityClassSize
44057,black_friday,3,active,False,False,False,metadata:not_binary;non_numeric_features;n_samples_out_of_range;too_many_cells;meta_missing:MinorityClassSize
44058,nyc-taxi-green-dec-2016,8,active,False,False,False,metadata:not_binary;non_numeric_features;n_samples_out_of_range;too_many_cells;meta_missing:MinorityClassSize
44059,diamonds,5,active,False,False,False,metadata:not_binary;non_numeric_features;n_samples_out_of_range;too_many_cells;meta_missing:MinorityClassSize
44060,Allstate_Claims_Severity,3,active,False,False,False,metadata:not_binary;non_numeric_features;n_samples_out_of_range;n_features_out_of_range;too_many_cells;meta_missing:MinorityClassSize
44061,Mercedes_Benz_Greener_Manufacturing,4,active,False,False,False,metadata:not_binary;non_numeric_features;n_features_out_of_range;too_many_cells;meta_missing:MinorityClassSize
44062,Brazilian_houses,8,active,False,False,False,metadata:not_binary;non_numeric_features;n_samples_out_of_range;meta_missing:MinorityClassSize
44063,Bike_Sharing_Demand,7,active,False,False,False,metadata:not_binary;non_numeric_features;n_samples_out_of_range;too_many_cells;meta_missing:MinorityClassSize
44064,OnlineNewsPopularity,4,active,False,False,False,metadata:not_binary;non_numeric_features;n_samples_out_of_range;too_many_cells;meta_missing:MinorityClassSize
44065,nyc-taxi-green-dec-2016,9,active,False,False,False,metadata:not_binary;non_numeric_features;n_samples_out_of_range;too_many_cells;meta_missing:MinorityClassSize
44066,house_sales,7,active,False,False,False,metadata:not_binary;non_numeric_features;n_samples_out_of_range;too_many_cells;meta_missing:MinorityClassSize
44067,LoanDefaultPrediction,2,active,False,False,False,metadata:not_binary;non_numeric_features;n_samples_out_of_range;n_features_out_of_range;too_many_cells;meta_missing:MinorityClassSize
44068,particulate-matter-ukair-2017,3,active,False,False,False,metadata:not_binary;non_numeric_features;n_samples_out_of_range;too_many_cells;meta_missing:MinorityClassSize
44069,SGEMM_GPU_kernel_performance,4,active,False,False,False,metadata:not_binary;non_numeric_features;n_samples_out_of_range;too_many_cells;meta_missing:MinorityClassSize
44070,MagicTelescope,3,active,False,False,False,metadata:n_samples_out_of_range
44071,bank-marketing,4,active,False,False,False,metadata:non_numeric_features;n_samples_out_of_range
44072,phoneme,3,active,True,True,True,
44073,MagicTelescope,4,active,False,False,False,metadata:n_samples_out_of_range
44074,bank-marketing,5,active,False,False,False,metadata:non_numeric_features;n_samples_out_of_range
44075,phoneme,4,active,True,True,True,
44076,MiniBooNE,3,active,False,False,False,metadata:n_samples_out_of_range;too_many_cells
44077,Higgs,5,active,False,False,False,metadata:n_samples_out_of_range;too_many_cells
44078,eye_movements,5,active,False,False,False,metadata:non_numeric_features;n_samples_out_of_range;too_many_cells
44079,jannis,3,active,False,False,False,metadata:n_samples_out_of_range;too_many_cells
44080,electricity,10,active,False,False,False,metadata:non_numeric_features;n_samples_out_of_range;too_many_cells
44081,covertype,10,active,False,False,False,metadata:n_samples_out_of_range;too_many_cells
44082,pol,8,active,False,False,False,metadata:n_samples_out_of_range;too_many_cells
44083,house_16H,8,active,False,False,False,metadata:n_samples_out_of_range;too_many_cells
44084,kdd_ipums_la_97-small,4,active,False,False,False,metadata:non_numeric_features;n_samples_out_of_range
44085,MagicTelescope,5,active,False,False,False,metadata:n_samples_out_of_range
44086,bank-marketing,6,active,False,False,False,metadata:non_numeric_features;n_samples_out_of_range
44087,phoneme,5,active,True,True,True,
44088,MiniBooNE,4,active,False,False,False,metadata:n_samples_out_of_range;too_many_cells
44089,credit,2,active,False,False,False,metadata:n_samples_out_of_range;too_many_cells
44090,california,5,active,False,False,False,metadata:n_samples_out_of_range;too_many_cells
44091,wine,8,active,True,True,True,
44092,Higgs,6,active,False,False,False,metadata:n_samples_out_of_range;too_many_cells
44093,eye_movements,6,active,False,False,False,metadata:non_numeric_features;n_samples_out_of_range;too_many_cells
44094,jannis,4,active,False,False,False,metadata:n_samples_out_of_range;too_many_cells
44095,spambase_reproduced,1,active,False,False,False,metadata:too_many_cells
44096,credit-g,2,active,False,False,False,metadata:non_numeric_features
44097,credit-g_copy,1,active,False,False,False,metadata:non_numeric_features
44098,credit-g_reproduced_1,1,active,False,False,False,metadata:non_numeric_features
44111,electricity,11,active,False,False,False,metadata:n_samples_out_of_range;too_many_cells
44112,covertype,11,active,False,False,False,metadata:n_samples_out_of_range;too_many_cells
44113,pol,9,active,False,False,False,metadata:n_samples_out_of_range;too_many_cells
44114,house_16H,9,active,False,False,False,metadata:n_samples_out_of_range;too_many_cells
44115,kdd_ipums_la_97-small,5,active,False,False,False,metadata:n_samples_out_of_range
44116,MagicTelescope,6,active,False,False,False,metadata:n_samples_out_of_range
44117,bank-marketing,7,active,False,False,False,metadata:n_samples_out_of_range
44118,phoneme,6,active,True,True,True,
44119,MiniBooNE,5,active,False,False,False,metadata:n_samples_out_of_range;too_many_cells
44120,electricity,12,active,False,False,False,metadata:n_samples_out_of_range;too_many_cells
44121,covertype,12,active,False,False,False,metadata:n_samples_out_of_range;too_many_cells
44122,pol,10,active,False,False,False,metadata:n_samples_out_of_range;too_many_cells
44123,house_16H,10,active,False,False,False,metadata:n_samples_out_of_range;too_many_cells
44124,kdd_ipums_la_97-small,6,active,False,False,False,metadata:n_samples_out_of_range
44125,MagicTelescope,7,active,False,False,False,metadata:n_samples_out_of_range
44126,bank-marketing,8,active,False,False,False,metadata:n_samples_out_of_range
44127,phoneme,7,active,True,True,True,
44128,MiniBooNE,6,active,False,False,False,metadata:n_samples_out_of_range;too_many_cells
44129,Higgs,7,active,False,False,False,metadata:n_samples_out_of_range;too_many_cells
44130,eye_movements,7,active,False,False,False,metadata:n_samples_out_of_range;too_many_cells
44131,jannis,5,active,False,False,False,metadata:n_samples_out_of_range;too_many_cells
44132,cpu_act,8,active,False,False,False,metadata:not_binary;n_samples_out_of_range;too_many_cells;meta_missing:MinorityClassSize
44133,pol,11,active,False,False,False,metadata:not_binary;n_samples_out_of_range;too_many_cells;meta_missing:MinorityClassSize
44134,elevators,8,active,False,False,False,metadata:not_binary;n_samples_out_of_range;too_many_cells;meta_missing:MinorityClassSize
44135,isolet,6,active,False,False,False,metadata:not_binary;n_samples_out_of_range;n_features_out_of_range;too_many_cells;meta_missing:MinorityClassSize
44136,wine_quality,6,active,False,False,False,metadata:not_binary;n_samples_out_of_range;meta_missing:MinorityClassSize
44137,Ailerons,6,active,False,False,False,metadata:not_binary;n_samples_out_of_range;too_many_cells;meta_missing:MinorityClassSize
44138,houses,6,active,False,False,False,metadata:not_binary;n_samples_out_of_range;too_many_cells;meta_missing:MinorityClassSize
44139,house_16H,11,active,False,False,False,metadata:not_binary;n_samples_out_of_range;too_many_cells;meta_missing:MinorityClassSize
44140,diamonds,6,active,False,False,False,metadata:not_binary;n_samples_out_of_range;too_many_cells;meta_missing:MinorityClassSize
44141,Brazilian_houses,9,active,False,False,False,metadata:not_binary;n_samples_out_of_range;meta_missing:MinorityClassSize
44142,Bike_Sharing_Demand,8,active,False,False,False,metadata:not_binary;n_samples_out_of_range;meta_missing:MinorityClassSize
44143,nyc-taxi-green-dec-2016,10,active,False,False,False,metadata:not_binary;n_samples_out_of_range;too_many_cells;meta_missing:MinorityClassSize
44144,house_sales,8,active,False,False,False,metadata:not_binary;n_samples_out_of_range;too_many_cells;meta_missing:MinorityClassSize
44145,sulfur,4,active,False,False,False,metadata:not_binary;n_samples_out_of_range;meta_missing:MinorityClassSize
44146,medical_charges,11,active,False,False,False,metadata:not_binary;n_samples_out_of_range;too_many_cells;meta_missing:MinorityClassSize
44147,MiamiHousing2016,4,active,False,False,False,metadata:not_binary;n_samples_out_of_range;too_many_cells;meta_missing:MinorityClassSize
44148,superconduct,4,active,False,False,False,metadata:not_binary;n_samples_out_of_range;too_many_cells;meta_missing:MinorityClassSize
44149,Heart_disease_prediction_20,1,active,True,True,False,non_numeric_features
44150,VulNoneVul,1,active,False,False,False,metadata:not_binary;n_samples_out_of_range;meta_missing:MinorityClassSize
44151,Iris,51,active,False,False,False,metadata:not_binary;n_samples_out_of_range
44152,Brazilian_houses_reproduced,1,active,False,False,False,metadata:not_binary;n_samples_out_of_range;meta_missing:MinorityClassSize
44153,vehicle_reproduced,1,active,False,False,False,metadata:not_binary
44154,iris_reproduced,1,active,False,False,False,metadata:not_binary;n_samples_out_of_range
44155,credit-approval_reproduced,1,active,False,False,False,metadata:has_missing_values;non_numeric_features
44156,electricity,13,active,False,False,False,metadata:non_numeric_features;n_samples_out_of_range;too_many_cells
44157,eye_movements,8,active,False,False,False,metadata:non_numeric_features;n_samples_out_of_range;too_many_cells
44158,KDDCup09_upselling,4,active,False,False,False,metadata:non_numeric_features;n_samples_out_of_range;too_many_cells
44159,covertype,13,active,False,False,False,metadata:non_numeric_features;n_samples_out_of_range;too_many_cells
44160,rl,4,active,False,False,False,metadata:non_numeric_features
44161,road-safety,6,active,False,False,False,metadata:non_numeric_features;n_samples_out_of_range;too_many_cells
44162,compass,3,active,False,False,False,metadata:non_numeric_features;n_samples_out_of_range;too_many_cells
44179,IEEE80211aa-GATS-NS3.35,1,active,False,False,False,metadata:not_binary;has_missing_values;meta_missing:MinorityClassSize
44180,IEEE80211aa-GATS-NS3.35,2,active,False,False,False,metadata:not_binary;has_missing_values;meta_missing:MinorityClassSize
44185,KDDCup09_upselling,5,active,False,False,False,metadata:non_numeric_features;n_samples_out_of_range;too_many_cells
44186,KDDCup09_upselling,6,active,False,False,False,metadata:non_numeric_features;n_samples_out_of_range;too_many_cells
44187,Test-Diabetes(scikit-learn),1,active,False,False,False,metadata:not_binary;meta_missing:MinorityClassSize
44188,SurvBoard-TCGA-BLCA-incomplete,1,active,False,False,False,metadata:meta_missing:NumberOfClasses;has_missing_values;n_samples_out_of_range;n_features_out_of_range;too_many_cells;meta_missing:MinorityClassSize
44189,SurvBoard-TCGA-BLCA-complete,1,active,False,False,False,metadata:meta_missing:NumberOfClasses;n_samples_out_of_range;n_features_out_of_range;too_many_cells;meta_missing:MinorityClassSize
44190,SurvBoard-TCGA-BLCA-complete,2,active,False,False,False,metadata:meta_missing:NumberOfClasses;n_samples_out_of_range;n_features_out_of_range;too_many_cells;meta_missing:MinorityClassSize
44191,Diabetes(scikit-learn),12,active,False,False,False,metadata:not_binary;meta_missing:MinorityClassSize
44192,Diabetes(scikit-learn),13,active,False,False,False,metadata:not_binary;meta_missing:MinorityClassSize
44193,Weather,18,active,False,False,False,metadata:non_numeric_features;n_samples_out_of_range;minority_too_small
44194,Diabetes(scikit-learn),14,active,False,False,False,metadata:not_binary;meta_missing:MinorityClassSize
44195,Weather,19,active,False,False,False,metadata:non_numeric_features;n_samples_out_of_range;minority_too_small
44196,PCAM,2,active,False,False,False,metadata:not_binary;n_samples_out_of_range;n_features_out_of_range;too_many_cells;meta_missing:MinorityClassSize
44199,LastFM_dataset,1,active,False,False,False,metadata:meta_missing:NumberOfClasses;n_samples_out_of_range;too_many_cells;meta_missing:MinorityClassSize
44200,AutoMLSelectorMulticlass,1,active,False,False,False,metadata:not_binary;has_missing_values;n_samples_out_of_range;n_features_out_of_range;minority_too_small
44201,Intersectional-Bias-Assessment-(Training-Data),1,active,False,False,False,metadata:not_binary;n_samples_out_of_range;too_many_cells;meta_missing:MinorityClassSize
44202,Intersectional-Bias-Assessment-(Training-Data),2,active,False,False,False,metadata:not_binary;n_samples_out_of_range;too_many_cells;meta_missing:MinorityClassSize
44203,Intersectional-Bias-Assessment-(Testing-Data),1,active,False,False,False,metadata:not_binary;meta_missing:MinorityClassSize
44212,Reading_Hydro,1,active,False,False,False,metadata:not_binary;meta_missing:MinorityClassSize
44214,Reading_Hydro_upstream,1,active,False,False,False,metadata:not_binary;n_features_out_of_range;meta_missing:MinorityClassSize
44218,Reading_Hydro_upstream,2,active,False,False,False,metadata:not_binary;n_features_out_of_range;meta_missing:MinorityClassSize
44219,Reading_Hydro_upstream,3,active,False,False,False,metadata:not_binary;n_features_out_of_range;meta_missing:MinorityClassSize
44220,Reading_Hydro_upstream,4,active,False,False,False,metadata:not_binary;n_features_out_of_range;meta_missing:MinorityClassSize
44221,Reading_Hydro_downstream,1,active,False,False,False,metadata:not_binary;n_features_out_of_range;meta_missing:MinorityClassSize
44223,Diabetes(scikit-learn),15,active,False,False,False,metadata:not_binary;meta_missing:MinorityClassSize
44224,MembershipWoes,1,active,False,False,False,metadata:has_missing_values;n_samples_out_of_range
44225,MembershipWoes,2,active,False,False,False,metadata:has_missing_values;n_samples_out_of_range
44226,NewspaperChurn,1,active,False,False,False,metadata:has_missing_values;n_samples_out_of_range;too_many_cells
44227,South_Asian_Churn_dataset,1,active,False,False,False,metadata:has_missing_values
44228,Churn_Telco_Europa,1,active,False,False,False,metadata:not_binary;has_missing_values;n_samples_out_of_range;too_many_cells;meta_missing:MinorityClassSize
44229,Churn_Telco_Europa,2,active,False,False,False,metadata:not_binary;has_missing_values;meta_missing:MinorityClassSize
44230,Data_Science_Nigeria_Telecoms_Churn,1,active,False,False,False,metadata:not_binary;has_missing_values;meta_missing:MinorityClassSize
44231,mobile_churn,1,active,False,False,False,metadata:not_binary;n_samples_out_of_range;too_many_cells;meta_missing:MinorityClassSize
44232,UCI_churn,1,active,True,True,False,non_numeric_features
44233,DSN,1,active,False,False,False,metadata:not_binary;has_missing_values;meta_missing:MinorityClassSize
44234,Bank_marketing_data_set_UCI,1,active,False,False,False,metadata:n_samples_out_of_range;too_many_cells
44235,Credit_Card_Fraud_Detection,1,active,False,False,False,metadata:not_binary;n_samples_out_of_range;too_many_cells;meta_missing:MinorityClassSize
44236,test_dsn,1,active,False,False,False,metadata:not_binary;has_missing_values;meta_missing:MinorityClassSize
44237,Meta_Album_BCT_Micro,1,active,False,False,False,metadata:not_binary;has_missing_values
44238,Meta_Album_PLK_Micro,1,active,False,False,False,metadata:not_binary;has_missing_values
44239,Meta_Album_FLW_Micro,1,active,False,False,False,metadata:not_binary;has_missing_values
44240,Meta_Album_SPT_Micro,1,active,False,False,False,metadata:not_binary;has_missing_values
44241,Meta_Album_BRD_Micro,1,active,False,False,False,metadata:not_binary;has_missing_values
44242,Meta_Album_PLT_VIL_Micro,1,active,False,False,False,metadata:not_binary
44243,Meta_Album_MD_MIX_Micro,1,active,False,False,False,metadata:not_binary;has_missing_values;meta_missing:MinorityClassSize
44244,Meta_Album_TEX_Micro,1,active,False,False,False,metadata:not_binary;has_missing_values
44245,Meta_Album_CRS_Micro,1,active,False,False,False,metadata:not_binary;has_missing_values
44246,Meta_Album_RESISC_Micro,1,active,False,False,False,metadata:not_binary;has_missing_values
44247,Meta_Album_ACT_40_Micro,1,active,False,False,False,metadata:not_binary;has_missing_values
44248,Meta_Album_INS_2_Micro,1,active,False,False,False,metadata:not_binary;has_missing_values
44249,Meta_Album_PLT_NET_Micro,1,active,False,False,False,metadata:not_binary;has_missing_values
44250,Meta_Album_TEX_DTD_Micro,1,active,False,False,False,metadata:not_binary;has_missing_values
44251,Meta_Album_APL_Micro,1,active,False,False,False,metadata:not_binary;has_missing_values
44252,Meta_Album_MD_5_BIS_Micro,1,active,False,False,False,metadata:not_binary;meta_missing:MinorityClassSize
44257,anneal,7,active,False,False,False,metadata:non_numeric_features
44258,anneal,8,active,False,False,False,metadata:non_numeric_features
44259,anneal,9,active,False,False,False,metadata:non_numeric_features
44260,anneal,10,active,False,False,False,metadata:non_numeric_features
44261,anneal,11,active,False,False,False,metadata:non_numeric_features
44262,anneal,12,active,False,False,False,metadata:non_numeric_features
44263,anneal,13,active,False,False,False,metadata:non_numeric_features
44264,anneal,14,active,False,False,False,metadata:non_numeric_features
44265,anneal,15,active,False,False,False,metadata:non_numeric_features
44266,anneal,16,active,False,False,False,metadata:non_numeric_features
44267,Reading_Hydro_downstream,2,active,False,False,False,metadata:not_binary;n_features_out_of_range;meta_missing:MinorityClassSize
44268,anneal,17,active,False,False,False,metadata:non_numeric_features
44269,turing_binary,1,active,False,False,False,metadata:not_binary;has_missing_values;n_samples_out_of_range;too_many_cells;meta_missing:MinorityClassSize
44270,turing_course_binary_data,1,active,False,False,False,metadata:not_binary;has_missing_values;n_samples_out_of_range;too_many_cells;meta_missing:MinorityClassSize
44271,Meta_Album_ACT_410_Micro,1,active,False,False,False,metadata:not_binary;has_missing_values
44272,Meta_Album_FNG_Micro,1,active,False,False,False,metadata:not_binary
44273,Meta_Album_PLT_DOC_Micro,1,active,False,False,False,metadata:not_binary;has_missing_values
44274,Meta_Album_TEX_ALOT_Micro,1,active,False,False,False,metadata:not_binary;has_missing_values
44275,Meta_Album_AWA_Micro,1,active,False,False,False,metadata:not_binary;has_missing_values
44276,Meta_Album_INS_Micro,1,active,False,False,False,metadata:not_binary
44277,Meta_Album_RSD_Micro,1,active,False,False,False,metadata:not_binary;has_missing_values
44278,Meta_Album_PRT_Micro,1,active,False,False,False,metadata:not_binary;has_missing_values
44279,Meta_Album_BTS_Micro,1,active,False,False,False,metadata:not_binary;has_missing_values
44280,Meta_Album_MD_6_Micro,1,active,False,False,False,metadata:not_binary;meta_missing:MinorityClassSize
44281,Meta_Album_BCT_Mini,1,active,False,False,False,metadata:not_binary;has_missing_values
44282,Meta_Album_PLK_Mini,1,active,False,False,False,metadata:not_binary;has_missing_values
44283,Meta_Album_FLW_Mini,1,active,False,False,False,metadata:not_binary;has_missing_values
44284,Meta_Album_SPT_Mini,1,active,False,False,False,metadata:not_binary;has_missing_values
44285,Meta_Album_BRD_Mini,1,active,False,False,False,metadata:not_binary;has_missing_values;n_samples_out_of_range
44286,Meta_Album_PLT_VIL_Mini,1,active,False,False,False,metadata:not_binary
44287,Meta_Album_MD_MIX_Mini,1,active,False,False,False,metadata:not_binary;has_missing_values;n_samples_out_of_range;too_many_cells;meta_missing:MinorityClassSize
44288,Meta_Album_TEX_Mini,1,active,False,False,False,metadata:not_binary;has_missing_values
44289,Meta_Album_CRS_Mini,1,active,False,False,False,metadata:not_binary;has_missing_values;n_samples_out_of_range
44290,Meta_Album_RESISC_Mini,1,active,False,False,False,metadata:not_binary;has_missing_values
44291,Meta_Album_ACT_40_Mini,1,active,False,False,False,metadata:not_binary;has_missing_values
44292,Meta_Album_INS_2_Mini,1,active,False,False,False,metadata:not_binary;has_missing_values
44293,Meta_Album_PLT_NET_Mini,1,active,False,False,False,metadata:not_binary;has_missing_values
44294,Meta_Album_TEX_DTD_Mini,1,active,False,False,False,metadata:not_binary;has_missing_values
44295,Meta_Album_APL_Mini,1,active,False,False,False,metadata:not_binary;has_missing_values
44296,Meta_Album_MD_5_BIS_Mini,1,active,False,False,False,metadata:not_binary;has_missing_values;n_samples_out_of_range;too_many_cells;meta_missing:MinorityClassSize
44297,Meta_Album_PNU_Mini,1,active,False,False,False,metadata:not_binary;has_missing_values
44298,Meta_Album_DOG_Mini,1,active,False,False,False,metadata:not_binary;has_missing_values
44299,Meta_Album_MED_LF_Mini,1,active,False,False,False,metadata:not_binary;has_missing_values
44300,Meta_Album_RSICB_Mini,1,active,False,False,False,metadata:not_binary
44301,Meta_Album_ACT_410_Mini,1,active,False,False,False,metadata:not_binary;has_missing_values
44302,Meta_Album_FNG_Mini,1,active,False,False,False,metadata:not_binary
44303,Meta_Album_PLT_DOC_Mini,1,active,False,False,False,metadata:not_binary;has_missing_values
44304,Meta_Album_TEX_ALOT_Mini,1,active,False,False,False,metadata:not_binary;has_missing_values;n_samples_out_of_range
44305,Meta_Album_AWA_Mini,1,active,False,False,False,metadata:not_binary;has_missing_values
44306,Meta_Album_INS_Mini,1,active,False,False,False,metadata:not_binary
44307,Meta_Album_RSD_Mini,1,active,False,False,False,metadata:not_binary;has_missing_values
44308,Meta_Album_PRT_Mini,1,active,False,False,False,metadata:not_binary;has_missing_values
44309,Meta_Album_BTS_Mini,1,active,False,False,False,metadata:not_binary;has_missing_values
44310,Meta_Album_MD_6_Mini,1,active,False,False,False,metadata:not_binary;has_missing_values;n_samples_out_of_range;too_many_cells;meta_missing:MinorityClassSize
44311,Job_Profitability,1,active,False,False,False,metadata:not_binary;n_samples_out_of_range;too_many_cells;meta_missing:MinorityClassSize
44312,Meta_Album_PNU_Micro,2,active,False,False,False,metadata:not_binary;has_missing_values
44313,Meta_Album_DOG_Micro,2,active,False,False,False,metadata:not_binary;has_missing_values
44314,Meta_Album_MED_LF_Micro,2,active,False,False,False,metadata:not_binary;has_missing_values
44315,Meta_Album_RSICB_Micro,2,active,False,False,False,metadata:not_binary
44316,Meta_Album_BCT_Extended,1,active,False,False,False,metadata:not_binary;has_missing_values
44317,Meta_Album_PLK_Extended,1,active,False,False,False,metadata:not_binary;has_missing_values;n_samples_out_of_range;too_many_cells;minority_too_small
44318,Meta_Album_FLW_Extended,1,active,False,False,False,metadata:not_binary;has_missing_values;n_samples_out_of_range
44319,Meta_Album_SPT_Extended,1,active,False,False,False,metadata:not_binary;has_missing_values;n_samples_out_of_range
44320,Meta_Album_BRD_Extended,1,active,False,False,False,metadata:not_binary;has_missing_values;n_samples_out_of_range
44321,Meta_Album_PLT_VIL_Extended,1,active,False,False,False,metadata:not_binary;n_samples_out_of_range
44322,Meta_Album_TEX_Extended,1,active,False,False,False,metadata:not_binary;has_missing_values;n_samples_out_of_range
44323,Meta_Album_CRS_Extended,1,active,False,False,False,metadata:not_binary;has_missing_values;n_samples_out_of_range
44324,Meta_Album_RESISC_Extended,1,active,False,False,False,metadata:not_binary;has_missing_values;n_samples_out_of_range
44325,Meta_Album_ACT_40_Extended,1,active,False,False,False,metadata:not_binary;has_missing_values;minority_too_small
44326,Meta_Album_INS_2_Extended,1,active,False,False,False,metadata:not_binary;has_missing_values;n_samples_out_of_range;too_many_cells
44327,Meta_Album_PLT_NET_Extended,1,active,False,False,False,metadata:not_binary;has_missing_values;n_samples_out_of_range;too_many_cells
44328,Meta_Album_TEX_DTD_Extended,1,active,False,False,False,metadata:not_binary;has_missing_values;n_samples_out_of_range
44329,Meta_Album_APL_Extended,1,active,False,False,False,metadata:not_binary;has_missing_values;n_samples_out_of_range
44330,Meta_Album_PNU_Extended,1,active,False,False,False,metadata:not_binary;has_missing_values;n_samples_out_of_range
44331,Meta_Album_DOG_Extended,1,active,False,False,False,metadata:not_binary;has_missing_values;n_samples_out_of_range
44332,Meta_Album_MED_LF_Extended,1,active,False,False,False,metadata:not_binary;has_missing_values;minority_too_small
44333,Meta_Album_RSICB_Extended,1,active,False,False,False,metadata:not_binary;n_samples_out_of_range
44334,Meta_Album_ACT_410_Extended,1,active,False,False,False,metadata:not_binary;has_missing_values
44335,Meta_Album_FNG_Extended,1,active,False,False,False,metadata:not_binary;n_samples_out_of_range
44336,Meta_Album_PLT_DOC_Extended,1,active,False,False,False,metadata:not_binary;has_missing_values
44337,Meta_Album_TEX_ALOT_Extended,1,active,False,False,False,metadata:not_binary;has_missing_values;n_samples_out_of_range
44338,Meta_Album_AWA_Extended,1,active,False,False,False,metadata:not_binary;has_missing_values;n_samples_out_of_range
44340,Meta_Album_INS_Extended,2,active,False,False,False,metadata:not_binary;n_samples_out_of_range;too_many_cells;minority_too_small
44341,Meta_Album_RSD_Extended,1,active,False,False,False,metadata:not_binary;has_missing_values;n_samples_out_of_range;minority_too_small
44342,Meta_Album_PRT_Extended,1,active,False,False,False,metadata:not_binary;has_missing_values;n_samples_out_of_range
44343,Meta_Album_BTS_Extended,1,active,False,False,False,metadata:not_binary;has_missing_values;n_samples_out_of_range;too_many_cells
44344,Iris,52,active,False,False,False,metadata:not_binary;n_samples_out_of_range
44345,credit,3,active,True,True,True,
44346,credit,4,active,True,True,True,
44347,credit_seed_0_nrows_2000_nclasses_10_ncols_100_stratify_True,1,active,True,True,True,
44348,credit_seed_0_nrows_2000_nclasses_10_ncols_100_stratify_True,2,active,True,True,True,
44349,credit_seed_1_nrows_2000_nclasses_10_ncols_100_stratify_True,1,active,True,True,True,
44350,credit_seed_2_nrows_2000_nclasses_10_ncols_100_stratify_True,1,active,True,True,True,
44351,credit_seed_3_nrows_2000_nclasses_10_ncols_100_stratify_True,1,active,True,True,True,
44352,credit_seed_4_nrows_2000_nclasses_10_ncols_100_stratify_True,1,active,True,True,True,
44353,credit_seed_0_nrows_2000_nclasses_10_ncols_100_stratify_True,3,active,True,True,True,
44354,credit_seed_1_nrows_2000_nclasses_10_ncols_100_stratify_True,2,active,True,True,True,
44355,credit_seed_2_nrows_2000_nclasses_10_ncols_100_stratify_True,2,active,True,True,True,
44356,credit_seed_3_nrows_2000_nclasses_10_ncols_100_stratify_True,2,active,True,True,True,
44357,credit_seed_0_nrows_2000_nclasses_10_ncols_100_stratify_True,4,active,True,True,True,
44358,credit_seed_1_nrows_2000_nclasses_10_ncols_100_stratify_True,3,active,True,True,True,
44359,credit_seed_2_nrows_2000_nclasses_10_ncols_100_stratify_True,3,active,True,True,True,
44360,credit_seed_3_nrows_2000_nclasses_10_ncols_100_stratify_True,3,active,True,True,True,
44361,credit_seed_4_nrows_2000_nclasses_10_ncols_100_stratify_True,2,active,True,True,True,
44362,california_seed_0_nrows_2000_nclasses_10_ncols_100_stratify_True,1,active,True,True,True,
44363,california_seed_1_nrows_2000_nclasses_10_ncols_100_stratify_True,1,active,True,True,True,
44364,california_seed_2_nrows_2000_nclasses_10_ncols_100_stratify_True,1,active,True,True,True,
44365,california_seed_3_nrows_2000_nclasses_10_ncols_100_stratify_True,1,active,True,True,True,
44366,california_seed_4_nrows_2000_nclasses_10_ncols_100_stratify_True,1,active,True,True,True,
44367,wine_seed_0_nrows_2000_nclasses_10_ncols_100_stratify_True,1,active,True,True,True,
44368,wine_seed_1_nrows_2000_nclasses_10_ncols_100_stratify_True,1,active,True,True,True,
44369,wine_seed_2_nrows_2000_nclasses_10_ncols_100_stratify_True,1,active,True,True,True,
44370,wine_seed_3_nrows_2000_nclasses_10_ncols_100_stratify_True,1,active,True,True,True,
44371,wine_seed_4_nrows_2000_nclasses_10_ncols_100_stratify_True,1,active,True,True,True,
44372,electricity_seed_0_nrows_2000_nclasses_10_ncols_100_stratify_True,1,active,True,True,True,
44373,electricity_seed_1_nrows_2000_nclasses_10_ncols_100_stratify_True,1,active,True,True,True,
44374,electricity_seed_2_nrows_2000_nclasses_10_ncols_100_stratify_True,1,active,True,True,True,
44375,electricity_seed_3_nrows_2000_nclasses_10_ncols_100_stratify_True,1,active,True,True,True,
44376,electricity_seed_4_nrows_2000_nclasses_10_ncols_100_stratify_True,1,active,True,True,True,
44377,covertype_seed_0_nrows_2000_nclasses_10_ncols_100_stratify_True,1,active,True,True,True,
44378,covertype_seed_1_nrows_2000_nclasses_10_ncols_100_stratify_True,1,active,True,True,True,
44379,covertype_seed_2_nrows_2000_nclasses_10_ncols_100_stratify_True,1,active,True,True,True,
44380,covertype_seed_3_nrows_2000_nclasses_10_ncols_100_stratify_True,1,active,True,True,True,
44381,covertype_seed_4_nrows_2000_nclasses_10_ncols_100_stratify_True,1,active,True,True,True,
44382,pol_seed_0_nrows_2000_nclasses_10_ncols_100_stratify_True,1,active,True,True,True,
44383,pol_seed_1_nrows_2000_nclasses_10_ncols_100_stratify_True,1,active,True,True,True,
44384,pol_seed_2_nrows_2000_nclasses_10_ncols_100_stratify_True,1,active,True,True,True,
44385,pol_seed_3_nrows_2000_nclasses_10_ncols_100_stratify_True,1,active,True,True,True,
44386,pol_seed_4_nrows_2000_nclasses_10_ncols_100_stratify_True,1,active,True,True,True,
44387,house_16H_seed_0_nrows_2000_nclasses_10_ncols_100_stratify_True,1,active,True,True,True,
44388,house_16H_seed_1_nrows_2000_nclasses_10_ncols_100_stratify_True,1,active,True,True,True,
44389,house_16H_seed_2_nrows_2000_nclasses_10_ncols_100_stratify_True,1,active,True,True,True,
44390,house_16H_seed_3_nrows_2000_nclasses_10_ncols_100_stratify_True,1,active,True,True,True,
44391,house_16H_seed_4_nrows_2000_nclasses_10_ncols_100_stratify_True,1,active,True,True,True,
44392,kdd_ipums_la_97-small_seed_0_nrows_2000_nclasses_10_ncols_100_stratify_True,1,active,True,True,True,
44393,kdd_ipums_la_97-small_seed_1_nrows_2000_nclasses_10_ncols_100_stratify_True,1,active,True,True,True,
44394,kdd_ipums_la_97-small_seed_2_nrows_2000_nclasses_10_ncols_100_stratify_True,1,active,True,True,True,
44395,kdd_ipums_la_97-small_seed_3_nrows_2000_nclasses_10_ncols_100_stratify_True,1,active,True,True,True,
44396,kdd_ipums_la_97-small_seed_4_nrows_2000_nclasses_10_ncols_100_stratify_True,1,active,True,True,True,
44397,MagicTelescope_seed_0_nrows_2000_nclasses_10_ncols_100_stratify_True,1,active,True,True,True,
44398,MagicTelescope_seed_1_nrows_2000_nclasses_10_ncols_100_stratify_True,1,active,True,True,True,
44399,MagicTelescope_seed_2_nrows_2000_nclasses_10_ncols_100_stratify_True,1,active,True,True,True,
44400,MagicTelescope_seed_3_nrows_2000_nclasses_10_ncols_100_stratify_True,1,active,True,True,True,
44401,MagicTelescope_seed_4_nrows_2000_nclasses_10_ncols_100_stratify_True,1,active,True,True,True,
44402,bank-marketing_seed_0_nrows_2000_nclasses_10_ncols_100_stratify_True,1,active,True,True,True,
44403,bank-marketing_seed_1_nrows_2000_nclasses_10_ncols_100_stratify_True,1,active,True,True,True,
44404,bank-marketing_seed_2_nrows_2000_nclasses_10_ncols_100_stratify_True,1,active,True,True,True,
44405,bank-marketing_seed_3_nrows_2000_nclasses_10_ncols_100_stratify_True,1,active,True,True,True,
44406,bank-marketing_seed_4_nrows_2000_nclasses_10_ncols_100_stratify_True,1,active,True,True,True,
44407,phoneme_seed_0_nrows_2000_nclasses_10_ncols_100_stratify_True,1,active,True,True,True,
44408,phoneme_seed_1_nrows_2000_nclasses_10_ncols_100_stratify_True,1,active,True,True,True,
44409,phoneme_seed_2_nrows_2000_nclasses_10_ncols_100_stratify_True,1,active,True,True,True,
44410,phoneme_seed_3_nrows_2000_nclasses_10_ncols_100_stratify_True,1,active,True,True,True,
44411,phoneme_seed_4_nrows_2000_nclasses_10_ncols_100_stratify_True,1,active,True,True,True,
44412,MiniBooNE_seed_0_nrows_2000_nclasses_10_ncols_100_stratify_True,1,active,True,True,True,
44413,MiniBooNE_seed_1_nrows_2000_nclasses_10_ncols_100_stratify_True,1,active,True,True,True,
44414,MiniBooNE_seed_2_nrows_2000_nclasses_10_ncols_100_stratify_True,1,active,True,True,True,
44415,MiniBooNE_seed_3_nrows_2000_nclasses_10_ncols_100_stratify_True,1,active,True,True,True,
44416,MiniBooNE_seed_4_nrows_2000_nclasses_10_ncols_100_stratify_True,1,active,True,True,True,
44417,Higgs_seed_0_nrows_2000_nclasses_10_ncols_100_stratify_True,1,active,True,True,True,
44418,Higgs_seed_1_nrows_2000_nclasses_10_ncols_100_stratify_True,1,active,True,True,True,
44419,Higgs_seed_2_nrows_2000_nclasses_10_ncols_100_stratify_True,1,active,True,True,True,
44420,Higgs_seed_3_nrows_2000_nclasses_10_ncols_100_stratify_True,1,active,True,True,True,
44421,Higgs_seed_4_nrows_2000_nclasses_10_ncols_100_stratify_True,1,active,True,True,True,
44422,Higgs_seed_4_nrows_2000_nclasses_10_ncols_100_stratify_True,2,active,True,True,True,
44423,eye_movements_seed_0_nrows_2000_nclasses_10_ncols_100_stratify_True,1,active,True,True,True,
44424,eye_movements_seed_1_nrows_2000_nclasses_10_ncols_100_stratify_True,1,active,True,True,True,
44425,eye_movements_seed_2_nrows_2000_nclasses_10_ncols_100_stratify_True,1,active,True,True,True,
44426,eye_movements_seed_3_nrows_2000_nclasses_10_ncols_100_stratify_True,1,active,True,True,True,
44427,eye_movements_seed_4_nrows_2000_nclasses_10_ncols_100_stratify_True,1,active,True,True,True,
44428,jannis_seed_0_nrows_2000_nclasses_10_ncols_100_stratify_True,1,active,True,True,True,
44429,jannis_seed_1_nrows_2000_nclasses_10_ncols_100_stratify_True,1,active,True,True,True,
44430,jannis_seed_2_nrows_2000_nclasses_10_ncols_100_stratify_True,1,active,True,True,True,
44431,jannis_seed_3_nrows_2000_nclasses_10_ncols_100_stratify_True,1,active,True,True,True,
44432,jannis_seed_4_nrows_2000_nclasses_10_ncols_100_stratify_True,1,active,True,True,True,
44433,electricity_seed_0_nrows_2000_nclasses_10_ncols_100_stratify_True,2,active,False,False,False,metadata:non_numeric_features
44434,electricity_seed_1_nrows_2000_nclasses_10_ncols_100_stratify_True,2,active,False,False,False,metadata:non_numeric_features
44435,electricity_seed_2_nrows_2000_nclasses_10_ncols_100_stratify_True,2,active,False,False,False,metadata:non_numeric_features
44436,electricity_seed_3_nrows_2000_nclasses_10_ncols_100_stratify_True,2,active,False,False,False,metadata:non_numeric_features
44437,electricity_seed_4_nrows_2000_nclasses_10_ncols_100_stratify_True,2,active,False,False,False,metadata:non_numeric_features
44438,eye_movements_seed_0_nrows_2000_nclasses_10_ncols_100_stratify_True,2,active,False,False,False,metadata:non_numeric_features
44439,eye_movements_seed_1_nrows_2000_nclasses_10_ncols_100_stratify_True,2,active,False,False,False,metadata:non_numeric_features
44440,eye_movements_seed_2_nrows_2000_nclasses_10_ncols_100_stratify_True,2,active,False,False,False,metadata:non_numeric_features
44441,eye_movements_seed_3_nrows_2000_nclasses_10_ncols_100_stratify_True,2,active,False,False,False,metadata:non_numeric_features
44442,eye_movements_seed_4_nrows_2000_nclasses_10_ncols_100_stratify_True,2,active,False,False,False,metadata:non_numeric_features
44443,covertype_seed_0_nrows_2000_nclasses_10_ncols_100_stratify_True,2,active,False,False,False,metadata:non_numeric_features
44444,covertype_seed_1_nrows_2000_nclasses_10_ncols_100_stratify_True,2,active,False,False,False,metadata:non_numeric_features
44445,covertype_seed_2_nrows_2000_nclasses_10_ncols_100_stratify_True,2,active,False,False,False,metadata:non_numeric_features
44446,covertype_seed_3_nrows_2000_nclasses_10_ncols_100_stratify_True,2,active,False,False,False,metadata:non_numeric_features
44447,covertype_seed_4_nrows_2000_nclasses_10_ncols_100_stratify_True,2,active,False,False,False,metadata:non_numeric_features
44448,rl_seed_0_nrows_2000_nclasses_10_ncols_100_stratify_True,1,active,False,False,False,metadata:non_numeric_features
44449,rl_seed_1_nrows_2000_nclasses_10_ncols_100_stratify_True,1,active,False,False,False,metadata:non_numeric_features
44450,rl_seed_2_nrows_2000_nclasses_10_ncols_100_stratify_True,1,active,False,False,False,metadata:non_numeric_features
44451,rl_seed_3_nrows_2000_nclasses_10_ncols_100_stratify_True,1,active,False,False,False,metadata:non_numeric_features
44452,rl_seed_4_nrows_2000_nclasses_10_ncols_100_stratify_True,1,active,False,False,False,metadata:non_numeric_features
44453,road-safety_seed_0_nrows_2000_nclasses_10_ncols_100_stratify_True,1,active,False,False,False,metadata:non_numeric_features
44454,road-safety_seed_1_nrows_2000_nclasses_10_ncols_100_stratify_True,1,active,False,False,False,metadata:non_numeric_features
44455,road-safety_seed_2_nrows_2000_nclasses_10_ncols_100_stratify_True,1,active,False,False,False,metadata:non_numeric_features
44456,road-safety_seed_3_nrows_2000_nclasses_10_ncols_100_stratify_True,1,active,False,False,False,metadata:non_numeric_features
44457,road-safety_seed_4_nrows_2000_nclasses_10_ncols_100_stratify_True,1,active,False,False,False,metadata:non_numeric_features
44458,compass_seed_0_nrows_2000_nclasses_10_ncols_100_stratify_True,1,active,False,False,False,metadata:non_numeric_features
44459,compass_seed_1_nrows_2000_nclasses_10_ncols_100_stratify_True,1,active,False,False,False,metadata:non_numeric_features
44460,compass_seed_2_nrows_2000_nclasses_10_ncols_100_stratify_True,1,active,False,False,False,metadata:non_numeric_features
44461,compass_seed_3_nrows_2000_nclasses_10_ncols_100_stratify_True,1,active,False,False,False,metadata:non_numeric_features
44462,compass_seed_4_nrows_2000_nclasses_10_ncols_100_stratify_True,1,active,False,False,False,metadata:non_numeric_features
44463,KDDCup09_upselling_seed_0_nrows_2000_nclasses_10_ncols_100_stratify_True,1,active,False,False,False,metadata:non_numeric_features
44464,KDDCup09_upselling_seed_1_nrows_2000_nclasses_10_ncols_100_stratify_True,1,active,False,False,False,metadata:non_numeric_features
44465,KDDCup09_upselling_seed_2_nrows_2000_nclasses_10_ncols_100_stratify_True,1,active,False,False,False,metadata:non_numeric_features
44466,KDDCup09_upselling_seed_3_nrows_2000_nclasses_10_ncols_100_stratify_True,1,active,False,False,False,metadata:non_numeric_features
44467,KDDCup09_upselling_seed_4_nrows_2000_nclasses_10_ncols_100_stratify_True,1,active,False,False,False,metadata:non_numeric_features
44468,yeast_seed_0_nrows_2000_nclasses_10_ncols_100_stratify_True,1,active,False,False,False,metadata:not_binary;minority_too_small
44469,yeast_seed_1_nrows_2000_nclasses_10_ncols_100_stratify_True,1,active,False,False,False,metadata:not_binary;minority_too_small
44470,yeast_seed_2_nrows_2000_nclasses_10_ncols_100_stratify_True,1,active,False,False,False,metadata:not_binary;minority_too_small
44471,yeast_seed_3_nrows_2000_nclasses_10_ncols_100_stratify_True,1,active,False,False,False,metadata:not_binary;minority_too_small
44472,yeast_seed_4_nrows_2000_nclasses_10_ncols_100_stratify_True,1,active,False,False,False,metadata:not_binary;minority_too_small
44473,KDDCup09_appetency_seed_0_nrows_2000_nclasses_10_ncols_100_stratify_True,1,active,False,False,False,metadata:has_missing_values;non_numeric_features;too_many_cells
44474,KDDCup09_appetency_seed_1_nrows_2000_nclasses_10_ncols_100_stratify_True,1,active,False,False,False,metadata:has_missing_values;non_numeric_features;too_many_cells
44475,KDDCup09_appetency_seed_2_nrows_2000_nclasses_10_ncols_100_stratify_True,1,active,False,False,False,metadata:has_missing_values;non_numeric_features;too_many_cells
44476,KDDCup09_appetency_seed_3_nrows_2000_nclasses_10_ncols_100_stratify_True,1,active,False,False,False,metadata:has_missing_values;non_numeric_features;too_many_cells
44477,KDDCup09_appetency_seed_4_nrows_2000_nclasses_10_ncols_100_stratify_True,1,active,False,False,False,metadata:has_missing_values;non_numeric_features;too_many_cells
44478,amazon-commerce-reviews_seed_0_nrows_2000_nclasses_10_ncols_100_stratify_True,1,active,False,False,False,metadata:not_binary
44479,amazon-commerce-reviews_seed_1_nrows_2000_nclasses_10_ncols_100_stratify_True,1,active,False,False,False,metadata:not_binary
44480,amazon-commerce-reviews_seed_2_nrows_2000_nclasses_10_ncols_100_stratify_True,1,active,False,False,False,metadata:not_binary
44481,amazon-commerce-reviews_seed_3_nrows_2000_nclasses_10_ncols_100_stratify_True,1,active,False,False,False,metadata:not_binary
44482,amazon-commerce-reviews_seed_4_nrows_2000_nclasses_10_ncols_100_stratify_True,1,active,False,False,False,metadata:not_binary
44483,Australian_seed_0_nrows_2000_nclasses_10_ncols_100_stratify_True,1,active,False,False,False,metadata:non_numeric_features
44484,Australian_seed_1_nrows_2000_nclasses_10_ncols_100_stratify_True,1,active,False,False,False,metadata:non_numeric_features
44485,Australian_seed_2_nrows_2000_nclasses_10_ncols_100_stratify_True,1,active,False,False,False,metadata:non_numeric_features
44486,Australian_seed_3_nrows_2000_nclasses_10_ncols_100_stratify_True,1,active,False,False,False,metadata:non_numeric_features
44487,Australian_seed_4_nrows_2000_nclasses_10_ncols_100_stratify_True,1,active,False,False,False,metadata:non_numeric_features
44488,wilt_seed_0_nrows_2000_nclasses_10_ncols_100_stratify_True,1,active,True,True,True,
44489,wilt_seed_1_nrows_2000_nclasses_10_ncols_100_stratify_True,1,active,True,True,True,
44490,wilt_seed_2_nrows_2000_nclasses_10_ncols_100_stratify_True,1,active,True,True,True,
44491,wilt_seed_3_nrows_2000_nclasses_10_ncols_100_stratify_True,1,active,True,True,True,
44492,wilt_seed_4_nrows_2000_nclasses_10_ncols_100_stratify_True,1,active,True,True,True,
44493,numerai28.6_seed_0_nrows_2000_nclasses_10_ncols_100_stratify_True,1,active,True,True,True,
44494,numerai28.6_seed_1_nrows_2000_nclasses_10_ncols_100_stratify_True,1,active,True,True,True,
44495,numerai28.6_seed_2_nrows_2000_nclasses_10_ncols_100_stratify_True,1,active,True,True,True,
44496,numerai28.6_seed_3_nrows_2000_nclasses_10_ncols_100_stratify_True,1,active,True,True,True,
44497,numerai28.6_seed_4_nrows_2000_nclasses_10_ncols_100_stratify_True,1,active,True,True,True,
44498,credit-g_seed_0_nrows_2000_nclasses_10_ncols_100_stratify_True,1,active,False,False,False,metadata:non_numeric_features
44499,credit-g_seed_1_nrows_2000_nclasses_10_ncols_100_stratify_True,1,active,False,False,False,metadata:non_numeric_features
44500,credit-g_seed_2_nrows_2000_nclasses_10_ncols_100_stratify_True,1,active,False,False,False,metadata:non_numeric_features
44501,credit-g_seed_3_nrows_2000_nclasses_10_ncols_100_stratify_True,1,active,False,False,False,metadata:non_numeric_features
44502,credit-g_seed_4_nrows_2000_nclasses_10_ncols_100_stratify_True,1,active,False,False,False,metadata:non_numeric_features
44503,steel-plates-fault_seed_0_nrows_2000_nclasses_10_ncols_100_stratify_True,1,active,False,False,False,metadata:not_binary
44504,steel-plates-fault_seed_1_nrows_2000_nclasses_10_ncols_100_stratify_True,1,active,False,False,False,metadata:not_binary
44505,steel-plates-fault_seed_2_nrows_2000_nclasses_10_ncols_100_stratify_True,1,active,False,False,False,metadata:not_binary
44506,steel-plates-fault_seed_3_nrows_2000_nclasses_10_ncols_100_stratify_True,1,active,False,False,False,metadata:not_binary
44507,steel-plates-fault_seed_4_nrows_2000_nclasses_10_ncols_100_stratify_True,1,active,False,False,False,metadata:not_binary
44508,APSFailure_seed_0_nrows_2000_nclasses_10_ncols_100_stratify_True,1,active,False,False,False,metadata:has_missing_values;too_many_cells
44509,APSFailure_seed_1_nrows_2000_nclasses_10_ncols_100_stratify_True,1,active,False,False,False,metadata:has_missing_values;too_many_cells
44510,APSFailure_seed_2_nrows_2000_nclasses_10_ncols_100_stratify_True,1,active,False,False,False,metadata:has_missing_values;too_many_cells
44511,APSFailure_seed_3_nrows_2000_nclasses_10_ncols_100_stratify_True,1,active,False,False,False,metadata:has_missing_values;too_many_cells
44512,APSFailure_seed_4_nrows_2000_nclasses_10_ncols_100_stratify_True,1,active,False,False,False,metadata:has_missing_values;too_many_cells
44513,dilbert_seed_0_nrows_2000_nclasses_10_ncols_100_stratify_True,1,active,False,False,False,metadata:not_binary;too_many_cells
44514,dilbert_seed_1_nrows_2000_nclasses_10_ncols_100_stratify_True,1,active,False,False,False,metadata:not_binary;too_many_cells
44515,dilbert_seed_2_nrows_2000_nclasses_10_ncols_100_stratify_True,1,active,False,False,False,metadata:not_binary;too_many_cells
44516,dilbert_seed_3_nrows_2000_nclasses_10_ncols_100_stratify_True,1,active,False,False,False,metadata:not_binary;too_many_cells
44517,dilbert_seed_4_nrows_2000_nclasses_10_ncols_100_stratify_True,1,active,False,False,False,metadata:not_binary;too_many_cells
44518,fabert_seed_0_nrows_2000_nclasses_10_ncols_100_stratify_True,1,active,False,False,False,metadata:not_binary;too_many_cells
44519,fabert_seed_1_nrows_2000_nclasses_10_ncols_100_stratify_True,1,active,False,False,False,metadata:not_binary;too_many_cells
44520,fabert_seed_2_nrows_2000_nclasses_10_ncols_100_stratify_True,1,active,False,False,False,metadata:not_binary;too_many_cells
44521,fabert_seed_3_nrows_2000_nclasses_10_ncols_100_stratify_True,1,active,False,False,False,metadata:not_binary;too_many_cells
44522,fabert_seed_4_nrows_2000_nclasses_10_ncols_100_stratify_True,1,active,False,False,False,metadata:not_binary;too_many_cells
44523,jasmine_seed_0_nrows_2000_nclasses_10_ncols_100_stratify_True,1,active,False,False,False,metadata:non_numeric_features;too_many_cells
44524,jasmine_seed_1_nrows_2000_nclasses_10_ncols_100_stratify_True,1,active,False,False,False,metadata:non_numeric_features;too_many_cells
44525,jasmine_seed_2_nrows_2000_nclasses_10_ncols_100_stratify_True,1,active,False,False,False,metadata:non_numeric_features;too_many_cells
44526,jasmine_seed_3_nrows_2000_nclasses_10_ncols_100_stratify_True,1,active,False,False,False,metadata:non_numeric_features;too_many_cells
44527,jasmine_seed_4_nrows_2000_nclasses_10_ncols_100_stratify_True,1,active,False,False,False,metadata:non_numeric_features;too_many_cells
44528,airlines_seed_0_nrows_2000_nclasses_10_ncols_100_stratify_True,1,active,False,False,False,metadata:non_numeric_features
44529,airlines_seed_1_nrows_2000_nclasses_10_ncols_100_stratify_True,1,active,False,False,False,metadata:non_numeric_features
44530,airlines_seed_2_nrows_2000_nclasses_10_ncols_100_stratify_True,1,active,False,False,False,metadata:non_numeric_features
44531,airlines_seed_3_nrows_2000_nclasses_10_ncols_100_stratify_True,1,active,False,False,False,metadata:non_numeric_features
44532,airlines_seed_4_nrows_2000_nclasses_10_ncols_100_stratify_True,1,active,False,False,False,metadata:non_numeric_features
44533,dionis_seed_0_nrows_2000_nclasses_10_ncols_100_stratify_True,1,active,False,False,False,metadata:not_binary;minority_too_small
44534,dionis_seed_1_nrows_2000_nclasses_10_ncols_100_stratify_True,1,active,False,False,False,metadata:not_binary;minority_too_small
44535,dionis_seed_2_nrows_2000_nclasses_10_ncols_100_stratify_True,1,active,False,False,False,metadata:not_binary;minority_too_small
44536,dionis_seed_3_nrows_2000_nclasses_10_ncols_100_stratify_True,1,active,False,False,False,metadata:not_binary;minority_too_small
44537,dionis_seed_4_nrows_2000_nclasses_10_ncols_100_stratify_True,1,active,False,False,False,metadata:not_binary;minority_too_small
44538,albert_seed_0_nrows_2000_nclasses_10_ncols_100_stratify_True,1,active,False,False,False,metadata:has_missing_values;non_numeric_features;too_many_cells
44539,albert_seed_1_nrows_2000_nclasses_10_ncols_100_stratify_True,1,active,False,False,False,metadata:has_missing_values;non_numeric_features;too_many_cells
44540,albert_seed_2_nrows_2000_nclasses_10_ncols_100_stratify_True,1,active,False,False,False,metadata:has_missing_values;non_numeric_features;too_many_cells
44541,albert_seed_3_nrows_2000_nclasses_10_ncols_100_stratify_True,1,active,False,False,False,metadata:has_missing_values;non_numeric_features;too_many_cells
44542,albert_seed_4_nrows_2000_nclasses_10_ncols_100_stratify_True,1,active,False,False,False,metadata:has_missing_values;non_numeric_features;too_many_cells
44543,gina_seed_0_nrows_2000_nclasses_10_ncols_100_stratify_True,1,active,False,False,False,metadata:too_many_cells
44544,gina_seed_1_nrows_2000_nclasses_10_ncols_100_stratify_True,1,active,False,False,False,metadata:too_many_cells
44545,gina_seed_2_nrows_2000_nclasses_10_ncols_100_stratify_True,1,active,False,False,False,metadata:too_many_cells
44546,gina_seed_3_nrows_2000_nclasses_10_ncols_100_stratify_True,1,active,False,False,False,metadata:too_many_cells
44547,gina_seed_4_nrows_2000_nclasses_10_ncols_100_stratify_True,1,active,False,False,False,metadata:too_many_cells
44548,ozone-level-8hr_seed_0_nrows_2000_nclasses_10_ncols_100_stratify_True,1,active,True,True,True,
44549,ozone-level-8hr_seed_1_nrows_2000_nclasses_10_ncols_100_stratify_True,1,active,True,True,True,
44550,ozone-level-8hr_seed_2_nrows_2000_nclasses_10_ncols_100_stratify_True,1,active,True,True,True,
44551,ozone-level-8hr_seed_3_nrows_2000_nclasses_10_ncols_100_stratify_True,1,active,True,True,True,
44552,ozone-level-8hr_seed_4_nrows_2000_nclasses_10_ncols_100_stratify_True,1,active,True,True,True,
44553,vehicle_seed_0_nrows_2000_nclasses_10_ncols_100_stratify_True,1,active,False,False,False,metadata:not_binary
44554,vehicle_seed_1_nrows_2000_nclasses_10_ncols_100_stratify_True,1,active,False,False,False,metadata:not_binary
44555,vehicle_seed_2_nrows_2000_nclasses_10_ncols_100_stratify_True,1,active,False,False,False,metadata:not_binary
44556,vehicle_seed_3_nrows_2000_nclasses_10_ncols_100_stratify_True,1,active,False,False,False,metadata:not_binary
44557,vehicle_seed_4_nrows_2000_nclasses_10_ncols_100_stratify_True,1,active,False,False,False,metadata:not_binary
44558,madeline_seed_0_nrows_2000_nclasses_10_ncols_100_stratify_True,1,active,False,False,False,metadata:too_many_cells
44559,madeline_seed_1_nrows_2000_nclasses_10_ncols_100_stratify_True,1,active,False,False,False,metadata:too_many_cells
44560,madeline_seed_2_nrows_2000_nclasses_10_ncols_100_stratify_True,1,active,False,False,False,metadata:too_many_cells
44561,madeline_seed_3_nrows_2000_nclasses_10_ncols_100_stratify_True,1,active,False,False,False,metadata:too_many_cells
44562,madeline_seed_4_nrows_2000_nclasses_10_ncols_100_stratify_True,1,active,False,False,False,metadata:too_many_cells
44563,philippine_seed_0_nrows_2000_nclasses_10_ncols_100_stratify_True,1,active,False,False,False,metadata:too_many_cells
44564,philippine_seed_1_nrows_2000_nclasses_10_ncols_100_stratify_True,1,active,False,False,False,metadata:too_many_cells
44565,philippine_seed_2_nrows_2000_nclasses_10_ncols_100_stratify_True,1,active,False,False,False,metadata:too_many_cells
44566,philippine_seed_3_nrows_2000_nclasses_10_ncols_100_stratify_True,1,active,False,False,False,metadata:too_many_cells
44567,philippine_seed_4_nrows_2000_nclasses_10_ncols_100_stratify_True,1,active,False,False,False,metadata:too_many_cells
44568,ada_seed_0_nrows_2000_nclasses_10_ncols_100_stratify_True,1,active,True,True,True,
44569,ada_seed_1_nrows_2000_nclasses_10_ncols_100_stratify_True,1,active,True,True,True,
44570,ada_seed_2_nrows_2000_nclasses_10_ncols_100_stratify_True,1,active,True,True,True,
44571,ada_seed_3_nrows_2000_nclasses_10_ncols_100_stratify_True,1,active,True,True,True,
44572,ada_seed_4_nrows_2000_nclasses_10_ncols_100_stratify_True,1,active,True,True,True,
44573,arcene_seed_0_nrows_2000_nclasses_10_ncols_100_stratify_True,1,active,False,False,False,metadata:n_samples_out_of_range
44574,arcene_seed_1_nrows_2000_nclasses_10_ncols_100_stratify_True,1,active,False,False,False,metadata:n_samples_out_of_range
44575,arcene_seed_2_nrows_2000_nclasses_10_ncols_100_stratify_True,1,active,False,False,False,metadata:n_samples_out_of_range
44576,arcene_seed_3_nrows_2000_nclasses_10_ncols_100_stratify_True,1,active,False,False,False,metadata:n_samples_out_of_range
44577,arcene_seed_4_nrows_2000_nclasses_10_ncols_100_stratify_True,1,active,False,False,False,metadata:n_samples_out_of_range
44578,Diabetes130US_seed_0_nrows_2000_nclasses_10_ncols_100_stratify_True,1,active,False,False,False,metadata:not_binary;has_missing_values;non_numeric_features
44579,Diabetes130US_seed_1_nrows_2000_nclasses_10_ncols_100_stratify_True,1,active,False,False,False,metadata:not_binary;has_missing_values;non_numeric_features
44580,Diabetes130US_seed_2_nrows_2000_nclasses_10_ncols_100_stratify_True,1,active,False,False,False,metadata:not_binary;has_missing_values;non_numeric_features
44581,Diabetes130US_seed_3_nrows_2000_nclasses_10_ncols_100_stratify_True,1,active,False,False,False,metadata:not_binary;has_missing_values;non_numeric_features
44582,Diabetes130US_seed_4_nrows_2000_nclasses_10_ncols_100_stratify_True,1,active,False,False,False,metadata:not_binary;has_missing_values;non_numeric_features
44583,micro-mass_seed_0_nrows_2000_nclasses_10_ncols_100_stratify_True,1,active,False,False,False,metadata:not_binary;minority_too_small
44584,micro-mass_seed_1_nrows_2000_nclasses_10_ncols_100_stratify_True,1,active,False,False,False,metadata:not_binary;minority_too_small
44585,micro-mass_seed_2_nrows_2000_nclasses_10_ncols_100_stratify_True,1,active,False,False,False,metadata:not_binary;minority_too_small
44586,micro-mass_seed_3_nrows_2000_nclasses_10_ncols_100_stratify_True,1,active,False,False,False,metadata:not_binary;minority_too_small
44587,micro-mass_seed_4_nrows_2000_nclasses_10_ncols_100_stratify_True,1,active,False,False,False,metadata:not_binary;minority_too_small
44588,eucalyptus_seed_0_nrows_2000_nclasses_10_ncols_100_stratify_True,1,active,False,False,False,metadata:not_binary;has_missing_values;non_numeric_features
44589,eucalyptus_seed_1_nrows_2000_nclasses_10_ncols_100_stratify_True,1,active,False,False,False,metadata:not_binary;has_missing_values;non_numeric_features
44590,eucalyptus_seed_2_nrows_2000_nclasses_10_ncols_100_stratify_True,1,active,False,False,False,metadata:not_binary;has_missing_values;non_numeric_features
44591,eucalyptus_seed_3_nrows_2000_nclasses_10_ncols_100_stratify_True,1,active,False,False,False,metadata:not_binary;has_missing_values;non_numeric_features
44592,eucalyptus_seed_4_nrows_2000_nclasses_10_ncols_100_stratify_True,1,active,False,False,False,metadata:not_binary;has_missing_values;non_numeric_features
44593,blood-transfusion-service-center_seed_0_nrows_2000_nclasses_10_ncols_100_stratify_True,1,active,True,True,True,
44594,blood-transfusion-service-center_seed_1_nrows_2000_nclasses_10_ncols_100_stratify_True,1,active,True,True,True,
44595,blood-transfusion-service-center_seed_2_nrows_2000_nclasses_10_ncols_100_stratify_True,1,active,True,True,True,
44596,blood-transfusion-service-center_seed_3_nrows_2000_nclasses_10_ncols_100_stratify_True,1,active,True,True,True,
44597,blood-transfusion-service-center_seed_4_nrows_2000_nclasses_10_ncols_100_stratify_True,1,active,True,True,True,
44598,qsar-biodeg_seed_0_nrows_2000_nclasses_10_ncols_100_stratify_True,1,active,True,True,True,
44599,qsar-biodeg_seed_1_nrows_2000_nclasses_10_ncols_100_stratify_True,1,active,True,True,True,
44600,qsar-biodeg_seed_2_nrows_2000_nclasses_10_ncols_100_stratify_True,1,active,True,True,True,
44601,qsar-biodeg_seed_3_nrows_2000_nclasses_10_ncols_100_stratify_True,1,active,True,True,True,
44602,qsar-biodeg_seed_4_nrows_2000_nclasses_10_ncols_100_stratify_True,1,active,True,True,True,
44603,cnae-9_seed_0_nrows_2000_nclasses_10_ncols_100_stratify_True,1,active,False,False,False,metadata:not_binary
44604,cnae-9_seed_1_nrows_2000_nclasses_10_ncols_100_stratify_True,1,active,False,False,False,metadata:not_binary
44605,cnae-9_seed_2_nrows_2000_nclasses_10_ncols_100_stratify_True,1,active,False,False,False,metadata:not_binary
44606,cnae-9_seed_3_nrows_2000_nclasses_10_ncols_100_stratify_True,1,active,False,False,False,metadata:not_binary
44607,cnae-9_seed_4_nrows_2000_nclasses_10_ncols_100_stratify_True,1,active,False,False,False,metadata:not_binary
44608,pc4_seed_0_nrows_2000_nclasses_10_ncols_100_stratify_True,1,active,True,True,True,
44609,pc4_seed_1_nrows_2000_nclasses_10_ncols_100_stratify_True,1,active,True,True,True,
44610,pc4_seed_2_nrows_2000_nclasses_10_ncols_100_stratify_True,1,active,True,True,True,
44611,pc4_seed_3_nrows_2000_nclasses_10_ncols_100_stratify_True,1,active,True,True,True,
44612,pc4_seed_4_nrows_2000_nclasses_10_ncols_100_stratify_True,1,active,True,True,True,
44613,cmc_seed_0_nrows_2000_nclasses_10_ncols_100_stratify_True,1,active,False,False,False,metadata:not_binary;non_numeric_features
44614,cmc_seed_1_nrows_2000_nclasses_10_ncols_100_stratify_True,1,active,False,False,False,metadata:not_binary;non_numeric_features
44615,cmc_seed_2_nrows_2000_nclasses_10_ncols_100_stratify_True,1,active,False,False,False,metadata:not_binary;non_numeric_features
44616,cmc_seed_3_nrows_2000_nclasses_10_ncols_100_stratify_True,1,active,False,False,False,metadata:not_binary;non_numeric_features
44617,cmc_seed_4_nrows_2000_nclasses_10_ncols_100_stratify_True,1,active,False,False,False,metadata:not_binary;non_numeric_features
44618,car_seed_0_nrows_2000_nclasses_10_ncols_100_stratify_True,1,active,False,False,False,metadata:not_binary;non_numeric_features
44619,car_seed_1_nrows_2000_nclasses_10_ncols_100_stratify_True,1,active,False,False,False,metadata:not_binary;non_numeric_features
44620,car_seed_2_nrows_2000_nclasses_10_ncols_100_stratify_True,1,active,False,False,False,metadata:not_binary;non_numeric_features
44621,car_seed_3_nrows_2000_nclasses_10_ncols_100_stratify_True,1,active,False,False,False,metadata:not_binary;non_numeric_features
44622,car_seed_4_nrows_2000_nclasses_10_ncols_100_stratify_True,1,active,False,False,False,metadata:not_binary;non_numeric_features
44623,mfeat-factors_seed_0_nrows_2000_nclasses_10_ncols_100_stratify_True,1,active,False,False,False,metadata:not_binary;too_many_cells
44624,mfeat-factors_seed_1_nrows_2000_nclasses_10_ncols_100_stratify_True,1,active,False,False,False,metadata:not_binary;too_many_cells
44625,mfeat-factors_seed_2_nrows_2000_nclasses_10_ncols_100_stratify_True,1,active,False,False,False,metadata:not_binary;too_many_cells
44626,mfeat-factors_seed_3_nrows_2000_nclasses_10_ncols_100_stratify_True,1,active,False,False,False,metadata:not_binary;too_many_cells
44627,mfeat-factors_seed_4_nrows_2000_nclasses_10_ncols_100_stratify_True,1,active,False,False,False,metadata:not_binary;too_many_cells
44628,kc1_seed_0_nrows_2000_nclasses_10_ncols_100_stratify_True,1,active,True,True,False,duplicate_rate_too_high
44629,kc1_seed_1_nrows_2000_nclasses_10_ncols_100_stratify_True,1,active,True,True,False,duplicate_rate_too_high
44630,kc1_seed_2_nrows_2000_nclasses_10_ncols_100_stratify_True,1,active,True,True,False,duplicate_rate_too_high
44631,kc1_seed_3_nrows_2000_nclasses_10_ncols_100_stratify_True,1,active,True,True,False,duplicate_rate_too_high
44632,kc1_seed_4_nrows_2000_nclasses_10_ncols_100_stratify_True,1,active,True,True,False,duplicate_rate_too_high
44633,segment_seed_0_nrows_2000_nclasses_10_ncols_100_stratify_True,1,active,False,False,False,metadata:not_binary
44634,segment_seed_1_nrows_2000_nclasses_10_ncols_100_stratify_True,1,active,False,False,False,metadata:not_binary
44635,segment_seed_2_nrows_2000_nclasses_10_ncols_100_stratify_True,1,active,False,False,False,metadata:not_binary
44636,segment_seed_3_nrows_2000_nclasses_10_ncols_100_stratify_True,1,active,False,False,False,metadata:not_binary
44637,segment_seed_4_nrows_2000_nclasses_10_ncols_100_stratify_True,1,active,False,False,False,metadata:not_binary
44638,dna_seed_0_nrows_2000_nclasses_10_ncols_100_stratify_True,1,active,False,False,False,metadata:not_binary;non_numeric_features;too_many_cells
44639,dna_seed_1_nrows_2000_nclasses_10_ncols_100_stratify_True,1,active,False,False,False,metadata:not_binary;non_numeric_features;too_many_cells
44640,dna_seed_2_nrows_2000_nclasses_10_ncols_100_stratify_True,1,active,False,False,False,metadata:not_binary;non_numeric_features;too_many_cells
44641,dna_seed_3_nrows_2000_nclasses_10_ncols_100_stratify_True,1,active,False,False,False,metadata:not_binary;non_numeric_features;too_many_cells
44642,dna_seed_4_nrows_2000_nclasses_10_ncols_100_stratify_True,1,active,False,False,False,metadata:not_binary;non_numeric_features;too_many_cells
44643,kr-vs-kp_seed_0_nrows_2000_nclasses_10_ncols_100_stratify_True,1,active,False,False,False,metadata:non_numeric_features
44644,kr-vs-kp_seed_1_nrows_2000_nclasses_10_ncols_100_stratify_True,1,active,False,False,False,metadata:non_numeric_features
44645,kr-vs-kp_seed_2_nrows_2000_nclasses_10_ncols_100_stratify_True,1,active,False,False,False,metadata:non_numeric_features
44646,kr-vs-kp_seed_3_nrows_2000_nclasses_10_ncols_100_stratify_True,1,active,False,False,False,metadata:non_numeric_features
44647,kr-vs-kp_seed_4_nrows_2000_nclasses_10_ncols_100_stratify_True,1,active,False,False,False,metadata:non_numeric_features
44648,Internet-Advertisements_seed_0_nrows_2000_nclasses_10_ncols_100_stratify_True,1,active,False,False,False,metadata:non_numeric_features;too_many_cells
44649,Internet-Advertisements_seed_1_nrows_2000_nclasses_10_ncols_100_stratify_True,1,active,False,False,False,metadata:non_numeric_features;too_many_cells
44650,Internet-Advertisements_seed_2_nrows_2000_nclasses_10_ncols_100_stratify_True,1,active,False,False,False,metadata:non_numeric_features;too_many_cells
44651,Internet-Advertisements_seed_3_nrows_2000_nclasses_10_ncols_100_stratify_True,1,active,False,False,False,metadata:non_numeric_features;too_many_cells
44652,Internet-Advertisements_seed_4_nrows_2000_nclasses_10_ncols_100_stratify_True,1,active,False,False,False,metadata:non_numeric_features;too_many_cells
44653,Bioresponse_seed_0_nrows_2000_nclasses_10_ncols_100_stratify_True,1,active,False,False,False,metadata:too_many_cells
44654,Bioresponse_seed_1_nrows_2000_nclasses_10_ncols_100_stratify_True,1,active,False,False,False,metadata:too_many_cells
44655,Bioresponse_seed_2_nrows_2000_nclasses_10_ncols_100_stratify_True,1,active,False,False,False,metadata:too_many_cells
44656,Bioresponse_seed_3_nrows_2000_nclasses_10_ncols_100_stratify_True,1,active,False,False,False,metadata:too_many_cells
44657,Bioresponse_seed_4_nrows_2000_nclasses_10_ncols_100_stratify_True,1,active,False,False,False,metadata:too_many_cells
44658,churn_seed_0_nrows_2000_nclasses_10_ncols_100_stratify_True,1,active,False,False,False,metadata:non_numeric_features
44659,churn_seed_1_nrows_2000_nclasses_10_ncols_100_stratify_True,1,active,False,False,False,metadata:non_numeric_features
44660,churn_seed_2_nrows_2000_nclasses_10_ncols_100_stratify_True,1,active,False,False,False,metadata:non_numeric_features
44661,churn_seed_3_nrows_2000_nclasses_10_ncols_100_stratify_True,1,active,False,False,False,metadata:non_numeric_features
44662,churn_seed_4_nrows_2000_nclasses_10_ncols_100_stratify_True,1,active,False,False,False,metadata:non_numeric_features
44663,first-order-theorem-proving_seed_0_nrows_2000_nclasses_10_ncols_100_stratify_True,1,active,False,False,False,metadata:not_binary
44664,first-order-theorem-proving_seed_1_nrows_2000_nclasses_10_ncols_100_stratify_True,1,active,False,False,False,metadata:not_binary
44665,first-order-theorem-proving_seed_2_nrows_2000_nclasses_10_ncols_100_stratify_True,1,active,False,False,False,metadata:not_binary
44666,first-order-theorem-proving_seed_3_nrows_2000_nclasses_10_ncols_100_stratify_True,1,active,False,False,False,metadata:not_binary
44667,first-order-theorem-proving_seed_4_nrows_2000_nclasses_10_ncols_100_stratify_True,1,active,False,False,False,metadata:not_binary
44668,GesturePhaseSegmentationProcessed_seed_0_nrows_2000_nclasses_10_ncols_100_stratify_True,1,active,False,False,False,metadata:not_binary
44669,GesturePhaseSegmentationProcessed_seed_1_nrows_2000_nclasses_10_ncols_100_stratify_True,1,active,False,False,False,metadata:not_binary
44670,GesturePhaseSegmentationProcessed_seed_2_nrows_2000_nclasses_10_ncols_100_stratify_True,1,active,False,False,False,metadata:not_binary
44671,GesturePhaseSegmentationProcessed_seed_3_nrows_2000_nclasses_10_ncols_100_stratify_True,1,active,False,False,False,metadata:not_binary
44672,GesturePhaseSegmentationProcessed_seed_4_nrows_2000_nclasses_10_ncols_100_stratify_True,1,active,False,False,False,metadata:not_binary
44673,PhishingWebsites_seed_0_nrows_2000_nclasses_10_ncols_100_stratify_True,1,active,False,False,False,metadata:non_numeric_features
44674,PhishingWebsites_seed_1_nrows_2000_nclasses_10_ncols_100_stratify_True,1,active,False,False,False,metadata:non_numeric_features
44675,PhishingWebsites_seed_2_nrows_2000_nclasses_10_ncols_100_stratify_True,1,active,False,False,False,metadata:non_numeric_features
44676,PhishingWebsites_seed_3_nrows_2000_nclasses_10_ncols_100_stratify_True,1,active,False,False,False,metadata:non_numeric_features
44677,PhishingWebsites_seed_4_nrows_2000_nclasses_10_ncols_100_stratify_True,1,active,False,False,False,metadata:non_numeric_features
44678,sylvine_seed_0_nrows_2000_nclasses_10_ncols_100_stratify_True,1,active,True,True,True,
44679,sylvine_seed_1_nrows_2000_nclasses_10_ncols_100_stratify_True,1,active,True,True,True,
44680,sylvine_seed_2_nrows_2000_nclasses_10_ncols_100_stratify_True,1,active,True,True,True,
44681,sylvine_seed_3_nrows_2000_nclasses_10_ncols_100_stratify_True,1,active,True,True,True,
44682,sylvine_seed_4_nrows_2000_nclasses_10_ncols_100_stratify_True,1,active,True,True,True,
44683,christine_seed_0_nrows_2000_nclasses_10_ncols_100_stratify_True,1,active,False,False,False,metadata:non_numeric_features;too_many_cells
44684,christine_seed_1_nrows_2000_nclasses_10_ncols_100_stratify_True,1,active,False,False,False,metadata:non_numeric_features;too_many_cells
44685,christine_seed_2_nrows_2000_nclasses_10_ncols_100_stratify_True,1,active,False,False,False,metadata:non_numeric_features;too_many_cells
44686,christine_seed_3_nrows_2000_nclasses_10_ncols_100_stratify_True,1,active,False,False,False,metadata:too_many_cells
44687,christine_seed_4_nrows_2000_nclasses_10_ncols_100_stratify_True,1,active,False,False,False,metadata:non_numeric_features;too_many_cells
44688,wine-quality-white_seed_0_nrows_2000_nclasses_10_ncols_100_stratify_True,1,active,False,False,False,metadata:not_binary;minority_too_small
44689,wine-quality-white_seed_1_nrows_2000_nclasses_10_ncols_100_stratify_True,1,active,False,False,False,metadata:not_binary;minority_too_small
44690,wine-quality-white_seed_2_nrows_2000_nclasses_10_ncols_100_stratify_True,1,active,False,False,False,metadata:not_binary;minority_too_small
44691,wine-quality-white_seed_3_nrows_2000_nclasses_10_ncols_100_stratify_True,1,active,False,False,False,metadata:not_binary;minority_too_small
44692,wine-quality-white_seed_4_nrows_2000_nclasses_10_ncols_100_stratify_True,1,active,False,False,False,metadata:not_binary;minority_too_small
44693,Satellite_seed_0_nrows_2000_nclasses_10_ncols_100_stratify_True,1,active,False,False,False,metadata:minority_too_small
44694,Satellite_seed_1_nrows_2000_nclasses_10_ncols_100_stratify_True,1,active,False,False,False,metadata:minority_too_small
44695,Satellite_seed_2_nrows_2000_nclasses_10_ncols_100_stratify_True,1,active,False,False,False,metadata:minority_too_small
44696,Satellite_seed_3_nrows_2000_nclasses_10_ncols_100_stratify_True,1,active,False,False,False,metadata:minority_too_small
44697,Satellite_seed_4_nrows_2000_nclasses_10_ncols_100_stratify_True,1,active,False,False,False,metadata:minority_too_small
44698,Fashion-MNIST_seed_0_nrows_2000_nclasses_10_ncols_100_stratify_True,1,active,False,False,False,metadata:not_binary;too_many_cells
44699,Fashion-MNIST_seed_1_nrows_2000_nclasses_10_ncols_100_stratify_True,1,active,False,False,False,metadata:not_binary;too_many_cells
44700,Fashion-MNIST_seed_2_nrows_2000_nclasses_10_ncols_100_stratify_True,1,active,False,False,False,metadata:not_binary;too_many_cells
44701,Fashion-MNIST_seed_3_nrows_2000_nclasses_10_ncols_100_stratify_True,1,active,False,False,False,metadata:not_binary;too_many_cells
44702,Fashion-MNIST_seed_4_nrows_2000_nclasses_10_ncols_100_stratify_True,1,active,False,False,False,metadata:not_binary;too_many_cells
44703,connect-4_seed_0_nrows_2000_nclasses_10_ncols_100_stratify_True,1,active,False,False,False,metadata:not_binary;non_numeric_features
44704,connect-4_seed_1_nrows_2000_nclasses_10_ncols_100_stratify_True,1,active,False,False,False,metadata:not_binary;non_numeric_features
44705,connect-4_seed_2_nrows_2000_nclasses_10_ncols_100_stratify_True,1,active,False,False,False,metadata:not_binary;non_numeric_features
44706,connect-4_seed_3_nrows_2000_nclasses_10_ncols_100_stratify_True,1,active,False,False,False,metadata:not_binary;non_numeric_features
44707,connect-4_seed_4_nrows_2000_nclasses_10_ncols_100_stratify_True,1,active,False,False,False,metadata:not_binary;non_numeric_features
44708,Amazon_employee_access_seed_0_nrows_2000_nclasses_10_ncols_100_stratify_True,1,active,False,False,False,metadata:non_numeric_features
44709,Amazon_employee_access_seed_1_nrows_2000_nclasses_10_ncols_100_stratify_True,1,active,False,False,False,metadata:non_numeric_features
44710,Amazon_employee_access_seed_2_nrows_2000_nclasses_10_ncols_100_stratify_True,1,active,False,False,False,metadata:non_numeric_features
44711,Amazon_employee_access_seed_3_nrows_2000_nclasses_10_ncols_100_stratify_True,1,active,False,False,False,metadata:non_numeric_features
44712,Amazon_employee_access_seed_4_nrows_2000_nclasses_10_ncols_100_stratify_True,1,active,False,False,False,metadata:non_numeric_features
44713,nomao_seed_0_nrows_2000_nclasses_10_ncols_100_stratify_True,1,active,False,False,False,metadata:non_numeric_features;too_many_cells
44714,nomao_seed_1_nrows_2000_nclasses_10_ncols_100_stratify_True,1,active,False,False,False,metadata:non_numeric_features;too_many_cells
44715,nomao_seed_2_nrows_2000_nclasses_10_ncols_100_stratify_True,1,active,False,False,False,metadata:non_numeric_features;too_many_cells
44716,nomao_seed_3_nrows_2000_nclasses_10_ncols_100_stratify_True,1,active,False,False,False,metadata:non_numeric_features;too_many_cells
44717,nomao_seed_4_nrows_2000_nclasses_10_ncols_100_stratify_True,1,active,False,False,False,metadata:non_numeric_features;too_many_cells
44718,jungle_chess_2pcs_raw_endgame_complete_seed_0_nrows_2000_nclasses_10_ncols_100_stratify_True,1,active,False,False,False,metadata:not_binary
44719,jungle_chess_2pcs_raw_endgame_complete_seed_1_nrows_2000_nclasses_10_ncols_100_stratify_True,1,active,False,False,False,metadata:not_binary
44720,jungle_chess_2pcs_raw_endgame_complete_seed_2_nrows_2000_nclasses_10_ncols_100_stratify_True,1,active,False,False,False,metadata:not_binary
44721,jungle_chess_2pcs_raw_endgame_complete_seed_3_nrows_2000_nclasses_10_ncols_100_stratify_True,1,active,False,False,False,metadata:not_binary
44722,jungle_chess_2pcs_raw_endgame_complete_seed_4_nrows_2000_nclasses_10_ncols_100_stratify_True,1,active,False,False,False,metadata:not_binary
44723,adult_seed_0_nrows_2000_nclasses_10_ncols_100_stratify_True,1,active,False,False,False,metadata:has_missing_values;non_numeric_features
44724,adult_seed_1_nrows_2000_nclasses_10_ncols_100_stratify_True,1,active,False,False,False,metadata:has_missing_values;non_numeric_features
44725,adult_seed_2_nrows_2000_nclasses_10_ncols_100_stratify_True,1,active,False,False,False,metadata:has_missing_values;non_numeric_features
44726,adult_seed_3_nrows_2000_nclasses_10_ncols_100_stratify_True,1,active,False,False,False,metadata:has_missing_values;non_numeric_features
44727,adult_seed_4_nrows_2000_nclasses_10_ncols_100_stratify_True,1,active,False,False,False,metadata:has_missing_values;non_numeric_features
44728,helena_seed_0_nrows_2000_nclasses_10_ncols_100_stratify_True,1,active,False,False,False,metadata:not_binary;minority_too_small
44729,helena_seed_1_nrows_2000_nclasses_10_ncols_100_stratify_True,1,active,False,False,False,metadata:not_binary;minority_too_small
44730,helena_seed_2_nrows_2000_nclasses_10_ncols_100_stratify_True,1,active,False,False,False,metadata:not_binary;minority_too_small
44731,helena_seed_3_nrows_2000_nclasses_10_ncols_100_stratify_True,1,active,False,False,False,metadata:not_binary;minority_too_small
44732,helena_seed_4_nrows_2000_nclasses_10_ncols_100_stratify_True,1,active,False,False,False,metadata:not_binary;minority_too_small
44733,volkert_seed_0_nrows_2000_nclasses_10_ncols_100_stratify_True,1,active,False,False,False,metadata:not_binary;too_many_cells
44734,volkert_seed_1_nrows_2000_nclasses_10_ncols_100_stratify_True,1,active,False,False,False,metadata:not_binary;too_many_cells
44735,volkert_seed_2_nrows_2000_nclasses_10_ncols_100_stratify_True,1,active,False,False,False,metadata:not_binary;too_many_cells
44736,volkert_seed_3_nrows_2000_nclasses_10_ncols_100_stratify_True,1,active,False,False,False,metadata:not_binary;too_many_cells
44737,volkert_seed_4_nrows_2000_nclasses_10_ncols_100_stratify_True,1,active,False,False,False,metadata:not_binary;too_many_cells
44738,robert_seed_0_nrows_2000_nclasses_10_ncols_100_stratify_True,1,active,False,False,False,metadata:not_binary;too_many_cells
44739,robert_seed_1_nrows_2000_nclasses_10_ncols_100_stratify_True,1,active,False,False,False,metadata:not_binary;too_many_cells
44740,robert_seed_2_nrows_2000_nclasses_10_ncols_100_stratify_True,1,active,False,False,False,metadata:not_binary;too_many_cells
44741,robert_seed_3_nrows_2000_nclasses_10_ncols_100_stratify_True,1,active,False,False,False,metadata:not_binary;too_many_cells
44742,robert_seed_4_nrows_2000_nclasses_10_ncols_100_stratify_True,1,active,False,False,False,metadata:not_binary;too_many_cells
44743,shuttle_seed_0_nrows_2000_nclasses_10_ncols_100_stratify_True,1,active,False,False,False,metadata:not_binary;minority_too_small
44744,shuttle_seed_1_nrows_2000_nclasses_10_ncols_100_stratify_True,1,active,False,False,False,metadata:not_binary;minority_too_small
44745,shuttle_seed_2_nrows_2000_nclasses_10_ncols_100_stratify_True,1,active,False,False,False,metadata:not_binary;minority_too_small
44746,shuttle_seed_3_nrows_2000_nclasses_10_ncols_100_stratify_True,1,active,False,False,False,metadata:not_binary;minority_too_small
44747,shuttle_seed_4_nrows_2000_nclasses_10_ncols_100_stratify_True,1,active,False,False,False,metadata:not_binary;minority_too_small
44748,guillermo_seed_0_nrows_2000_nclasses_10_ncols_100_stratify_True,1,active,False,False,False,metadata:too_many_cells
44749,guillermo_seed_1_nrows_2000_nclasses_10_ncols_100_stratify_True,1,active,False,False,False,metadata:too_many_cells
44750,guillermo_seed_2_nrows_2000_nclasses_10_ncols_100_stratify_True,1,active,False,False,False,metadata:too_many_cells
44751,guillermo_seed_3_nrows_2000_nclasses_10_ncols_100_stratify_True,1,active,False,False,False,metadata:too_many_cells
44752,guillermo_seed_4_nrows_2000_nclasses_10_ncols_100_stratify_True,1,active,False,False,False,metadata:too_many_cells
44753,riccardo_seed_0_nrows_2000_nclasses_10_ncols_100_stratify_True,1,active,False,False,False,metadata:too_many_cells
44754,riccardo_seed_1_nrows_2000_nclasses_10_ncols_100_stratify_True,1,active,False,False,False,metadata:too_many_cells
44755,riccardo_seed_2_nrows_2000_nclasses_10_ncols_100_stratify_True,1,active,False,False,False,metadata:too_many_cells
44756,riccardo_seed_3_nrows_2000_nclasses_10_ncols_100_stratify_True,1,active,False,False,False,metadata:too_many_cells
44757,riccardo_seed_4_nrows_2000_nclasses_10_ncols_100_stratify_True,1,active,False,False,False,metadata:too_many_cells
44758,kick_seed_0_nrows_2000_nclasses_10_ncols_100_stratify_True,1,active,False,False,False,metadata:has_missing_values;non_numeric_features
44759,kick_seed_1_nrows_2000_nclasses_10_ncols_100_stratify_True,1,active,False,False,False,metadata:has_missing_values;non_numeric_features
44760,kick_seed_2_nrows_2000_nclasses_10_ncols_100_stratify_True,1,active,False,False,False,metadata:has_missing_values;non_numeric_features
44761,kick_seed_3_nrows_2000_nclasses_10_ncols_100_stratify_True,1,active,False,False,False,metadata:has_missing_values;non_numeric_features
44762,kick_seed_4_nrows_2000_nclasses_10_ncols_100_stratify_True,1,active,False,False,False,metadata:has_missing_values;non_numeric_features
44763,Click_prediction_small_seed_0_nrows_2000_nclasses_10_ncols_100_stratify_True,1,active,False,False,False,metadata:non_numeric_features
44764,Click_prediction_small_seed_1_nrows_2000_nclasses_10_ncols_100_stratify_True,1,active,False,False,False,metadata:non_numeric_features
44765,Click_prediction_small_seed_2_nrows_2000_nclasses_10_ncols_100_stratify_True,1,active,False,False,False,metadata:non_numeric_features
44766,Click_prediction_small_seed_3_nrows_2000_nclasses_10_ncols_100_stratify_True,1,active,False,False,False,metadata:non_numeric_features
44767,Click_prediction_small_seed_4_nrows_2000_nclasses_10_ncols_100_stratify_True,1,active,False,False,False,metadata:non_numeric_features
44768,okcupid-stem_seed_0_nrows_2000_nclasses_10_ncols_100_stratify_True,1,active,False,False,False,metadata:not_binary;has_missing_values;non_numeric_features
44769,okcupid-stem_seed_1_nrows_2000_nclasses_10_ncols_100_stratify_True,1,active,False,False,False,metadata:not_binary;has_missing_values;non_numeric_features
44770,okcupid-stem_seed_2_nrows_2000_nclasses_10_ncols_100_stratify_True,1,active,False,False,False,metadata:not_binary;has_missing_values;non_numeric_features
44771,okcupid-stem_seed_3_nrows_2000_nclasses_10_ncols_100_stratify_True,1,active,False,False,False,metadata:not_binary;has_missing_values;non_numeric_features
44772,okcupid-stem_seed_4_nrows_2000_nclasses_10_ncols_100_stratify_True,1,active,False,False,False,metadata:not_binary;has_missing_values;non_numeric_features
44773,sf-police-incidents_seed_0_nrows_2000_nclasses_10_ncols_100_stratify_True,1,active,False,False,False,metadata:non_numeric_features
44774,sf-police-incidents_seed_1_nrows_2000_nclasses_10_ncols_100_stratify_True,1,active,False,False,False,metadata:non_numeric_features
44775,sf-police-incidents_seed_2_nrows_2000_nclasses_10_ncols_100_stratify_True,1,active,False,False,False,metadata:non_numeric_features
44776,sf-police-incidents_seed_3_nrows_2000_nclasses_10_ncols_100_stratify_True,1,active,False,False,False,metadata:non_numeric_features
44777,sf-police-incidents_seed_4_nrows_2000_nclasses_10_ncols_100_stratify_True,1,active,False,False,False,metadata:non_numeric_features
44778,KDDCup99_seed_0_nrows_2000_nclasses_10_ncols_100_stratify_True,1,active,False,False,False,metadata:not_binary;non_numeric_features;minority_too_small
44779,KDDCup99_seed_1_nrows_2000_nclasses_10_ncols_100_stratify_True,1,active,False,False,False,metadata:not_binary;non_numeric_features;minority_too_small
44780,KDDCup99_seed_2_nrows_2000_nclasses_10_ncols_100_stratify_True,1,active,False,False,False,metadata:not_binary;non_numeric_features;minority_too_small
44781,KDDCup99_seed_3_nrows_2000_nclasses_10_ncols_100_stratify_True,1,active,False,False,False,metadata:not_binary;non_numeric_features;minority_too_small
44782,KDDCup99_seed_4_nrows_2000_nclasses_10_ncols_100_stratify_True,1,active,False,False,False,metadata:not_binary;non_numeric_features;minority_too_small
44783,porto-seguro_seed_0_nrows_2000_nclasses_10_ncols_100_stratify_True,1,active,False,False,False,metadata:has_missing_values;non_numeric_features
44784,porto-seguro_seed_1_nrows_2000_nclasses_10_ncols_100_stratify_True,1,active,False,False,False,metadata:has_missing_values;non_numeric_features
44785,porto-seguro_seed_2_nrows_2000_nclasses_10_ncols_100_stratify_True,1,active,False,False,False,metadata:has_missing_values;non_numeric_features
44786,porto-seguro_seed_3_nrows_2000_nclasses_10_ncols_100_stratify_True,1,active,False,False,False,metadata:has_missing_values;non_numeric_features
44787,porto-seguro_seed_4_nrows_2000_nclasses_10_ncols_100_stratify_True,1,active,False,False,False,metadata:has_missing_values;non_numeric_features
44788,KDDCup09-Upselling_seed_0_nrows_2000_nclasses_10_ncols_100_stratify_True,1,active,False,False,False,metadata:has_missing_values;non_numeric_features;too_many_cells
44789,KDDCup09-Upselling_seed_1_nrows_2000_nclasses_10_ncols_100_stratify_True,1,active,False,False,False,metadata:has_missing_values;non_numeric_features;too_many_cells
44790,KDDCup09-Upselling_seed_2_nrows_2000_nclasses_10_ncols_100_stratify_True,1,active,False,False,False,metadata:has_missing_values;too_many_cells
44791,KDDCup09-Upselling_seed_3_nrows_2000_nclasses_10_ncols_100_stratify_True,1,active,False,False,False,metadata:too_many_cells
44792,KDDCup09-Upselling_seed_4_nrows_2000_nclasses_10_ncols_100_stratify_True,1,active,False,False,False,metadata:has_missing_values;non_numeric_features;too_many_cells
44793,ECG5000,1,active,False,False,False,metadata:not_binary;n_features_out_of_range;too_many_cells;meta_missing:MinorityClassSize
44794,ECG5000,2,active,False,False,False,metadata:not_binary;n_features_out_of_range;too_many_cells;meta_missing:MinorityClassSize
44956,abalone,15,active,False,False,False,metadata:not_binary;meta_missing:MinorityClassSize
44957,airfoil_self_noise,8,active,False,False,False,metadata:not_binary;meta_missing:MinorityClassSize
44958,auction_verification,7,active,False,False,False,metadata:not_binary;non_numeric_features;meta_missing:MinorityClassSize
44959,concrete_compressive_strength,7,active,False,False,False,metadata:not_binary;meta_missing:MinorityClassSize
44960,energy_efficiency,9,active,False,False,False,metadata:not_binary;meta_missing:MinorityClassSize
44961,sgemm_gpu_kernel_performance,11,active,False,False,False,metadata:not_binary;n_samples_out_of_range;too_many_cells;meta_missing:MinorityClassSize
44962,forest_fires,9,active,False,False,False,metadata:not_binary;meta_missing:MinorityClassSize
44963,physiochemical_protein,7,active,False,False,False,metadata:not_binary;n_samples_out_of_range;too_many_cells;meta_missing:MinorityClassSize
44964,superconductivity,7,active,False,False,False,metadata:not_binary;n_samples_out_of_range;too_many_cells;meta_missing:MinorityClassSize
44965,geographical_origin_of_music,7,active,False,False,False,metadata:not_binary;n_features_out_of_range;meta_missing:MinorityClassSize
44966,solar_flare,7,active,False,False,False,metadata:not_binary;non_numeric_features;meta_missing:MinorityClassSize
44967,student_performance_por,8,active,False,False,False,metadata:not_binary;non_numeric_features;meta_missing:MinorityClassSize
44968,synchronous_machine,7,active,False,False,False,metadata:not_binary;meta_missing:MinorityClassSize
44969,naval_propulsion_plant,7,active,False,False,False,metadata:not_binary;n_samples_out_of_range;too_many_cells;meta_missing:MinorityClassSize
44970,QSAR_fish_toxicity,7,active,False,False,False,metadata:not_binary;meta_missing:MinorityClassSize
44971,white_wine,7,active,False,False,False,metadata:not_binary;meta_missing:MinorityClassSize
44972,red_wine,11,active,False,False,False,metadata:not_binary;meta_missing:MinorityClassSize
44973,grid_stability,7,active,False,False,False,metadata:not_binary;n_samples_out_of_range;meta_missing:MinorityClassSize
44974,video_transcoding,6,active,False,False,False,metadata:not_binary;non_numeric_features;n_samples_out_of_range;too_many_cells;meta_missing:MinorityClassSize
44975,wave_energy,6,active,False,False,False,metadata:not_binary;n_samples_out_of_range;too_many_cells;meta_missing:MinorityClassSize
44976,sarcos,9,active,False,False,False,metadata:not_binary;n_samples_out_of_range;too_many_cells;meta_missing:MinorityClassSize
44977,california_housing,7,active,False,False,False,metadata:not_binary;n_samples_out_of_range;too_many_cells;meta_missing:MinorityClassSize
44978,cpu_activity,6,active,False,False,False,metadata:not_binary;n_samples_out_of_range;too_many_cells;meta_missing:MinorityClassSize
44979,diamonds,8,active,False,False,False,metadata:not_binary;non_numeric_features;n_samples_out_of_range;too_many_cells;meta_missing:MinorityClassSize
44980,kin8nm,4,active,False,False,False,metadata:not_binary;n_samples_out_of_range;meta_missing:MinorityClassSize
44981,pumadyn32nh,2,active,False,False,False,metadata:not_binary;n_samples_out_of_range;too_many_cells;meta_missing:MinorityClassSize
44983,miami_housing,2,active,False,False,False,metadata:not_binary;n_samples_out_of_range;too_many_cells;meta_missing:MinorityClassSize
44984,cps88wages,2,active,False,False,False,metadata:not_binary;non_numeric_features;n_samples_out_of_range;too_many_cells;meta_missing:MinorityClassSize
44985,space_ga,4,active,False,False,False,metadata:not_binary;meta_missing:MinorityClassSize
44986,nyc_taxi_green,2,active,False,False,False,metadata:not_binary;non_numeric_features;n_samples_out_of_range;too_many_cells;meta_missing:MinorityClassSize
44987,socmob,4,active,False,False,False,metadata:not_binary;non_numeric_features;meta_missing:MinorityClassSize
44988,QSAR_TID_11,3,active,False,False,False,metadata:not_binary;n_samples_out_of_range;n_features_out_of_range;too_many_cells;meta_missing:MinorityClassSize
44989,kings_county,2,active,False,False,False,metadata:not_binary;non_numeric_features;n_samples_out_of_range;too_many_cells;meta_missing:MinorityClassSize
44990,brazilian_houses,16,active,False,False,False,metadata:not_binary;non_numeric_features;n_samples_out_of_range;meta_missing:MinorityClassSize
44992,fps_benchmark,2,active,False,False,False,metadata:not_binary;has_missing_values;non_numeric_features;n_samples_out_of_range;too_many_cells;meta_missing:MinorityClassSize
44993,health_insurance,3,active,False,False,False,metadata:not_binary;non_numeric_features;n_samples_out_of_range;too_many_cells;meta_missing:MinorityClassSize
44994,cars,4,active,False,False,False,metadata:not_binary;meta_missing:MinorityClassSize
44998,Airlines_DepDelay_1M,5,active,False,False,False,metadata:not_binary;non_numeric_features;n_samples_out_of_range;too_many_cells;meta_missing:MinorityClassSize
45002,fifa,9,active,False,False,False,metadata:not_binary;has_missing_values;n_samples_out_of_range;too_many_cells;meta_missing:MinorityClassSize
45012,fifa,19,active,False,False,False,metadata:not_binary;n_samples_out_of_range;too_many_cells;meta_missing:MinorityClassSize
45013,jannis,6,active,False,False,False,metadata:not_binary;n_samples_out_of_range;too_many_cells;meta_missing:MinorityClassSize
45014,jannis,7,active,False,False,False,metadata:not_binary;n_samples_out_of_range;too_many_cells;meta_missing:MinorityClassSize
45015,jannis,8,active,False,False,False,metadata:not_binary;n_samples_out_of_range;too_many_cells;meta_missing:MinorityClassSize
45016,default-of-credit-card-clients,2,active,False,False,False,metadata:not_binary;n_samples_out_of_range;too_many_cells;meta_missing:MinorityClassSize
45017,Bioresponse,2,active,False,False,False,metadata:not_binary;n_features_out_of_range;too_many_cells;meta_missing:MinorityClassSize
45018,electricity,14,active,False,False,False,metadata:not_binary;n_samples_out_of_range;too_many_cells;meta_missing:MinorityClassSize
45019,Bioresponse,3,active,False,False,False,metadata:n_features_out_of_range;too_many_cells
45020,default-of-credit-card-clients,3,active,False,False,False,metadata:n_samples_out_of_range;too_many_cells
45021,jannis,9,active,False,False,False,metadata:n_samples_out_of_range;too_many_cells
45022,Diabetes130US,2,active,False,False,False,metadata:n_samples_out_of_range;too_many_cells
45023,heloc,1,active,False,False,False,metadata:n_samples_out_of_range;too_many_cells
45024,credit,5,active,False,False,False,metadata:n_samples_out_of_range;too_many_cells
45025,california,6,active,False,False,False,metadata:n_samples_out_of_range;too_many_cells
45026,heloc,2,active,False,False,False,metadata:n_samples_out_of_range;too_many_cells
45027,credit,6,active,False,False,False,metadata:n_samples_out_of_range;too_many_cells
45028,california,7,active,False,False,False,metadata:n_samples_out_of_range;too_many_cells
45029,cpu_act,9,active,False,False,False,metadata:not_binary;n_samples_out_of_range;too_many_cells;meta_missing:MinorityClassSize
45030,pol,12,active,False,False,False,metadata:not_binary;n_samples_out_of_range;too_many_cells;meta_missing:MinorityClassSize
45031,elevators,9,active,False,False,False,metadata:not_binary;n_samples_out_of_range;too_many_cells;meta_missing:MinorityClassSize
45032,yprop_4_1,4,active,False,False,False,metadata:not_binary;n_samples_out_of_range;too_many_cells;meta_missing:MinorityClassSize
45033,abalone,16,active,False,False,False,metadata:not_binary;meta_missing:MinorityClassSize
45034,delays_zurich_transport,3,active,False,False,False,metadata:not_binary;n_samples_out_of_range;too_many_cells;meta_missing:MinorityClassSize
45035,albert,2,active,False,False,False,metadata:non_numeric_features;n_samples_out_of_range;too_many_cells
45036,default-of-credit-card-clients,4,active,False,False,False,metadata:non_numeric_features;n_samples_out_of_range;too_many_cells
45037,BitcoinHeist_Ransomware,2,active,False,False,False,metadata:n_samples_out_of_range;too_many_cells
45038,road-safety,7,active,False,False,False,metadata:non_numeric_features;n_samples_out_of_range;too_many_cells
45039,compas-two-years,5,active,False,False,False,metadata:non_numeric_features
45040,Intersectional-Bias-Assessment,1,active,False,False,False,metadata:not_binary;n_samples_out_of_range;too_many_cells;meta_missing:MinorityClassSize
45041,topo_2_1,2,active,False,False,False,metadata:not_binary;non_numeric_features;n_samples_out_of_range;n_features_out_of_range;too_many_cells;meta_missing:MinorityClassSize
45042,abalone,17,active,False,False,False,metadata:not_binary;meta_missing:MinorityClassSize
45043,seattlecrime6,3,active,False,False,False,metadata:not_binary;non_numeric_features;n_samples_out_of_range;too_many_cells;meta_missing:MinorityClassSize
45044,LoanDefaultPrediction,3,active,False,False,False,metadata:not_binary;non_numeric_features;n_samples_out_of_range;n_features_out_of_range;too_many_cells;meta_missing:MinorityClassSize
45045,delays_zurich_transport,4,active,False,False,False,metadata:not_binary;non_numeric_features;n_samples_out_of_range;too_many_cells;meta_missing:MinorityClassSize
45046,Allstate_Claims_Severity,4,active,False,False,False,metadata:not_binary;non_numeric_features;n_samples_out_of_range;n_features_out_of_range;too_many_cells;meta_missing:MinorityClassSize
45047,Airlines_DepDelay_1M,6,active,False,False,False,metadata:not_binary;n_samples_out_of_range;too_many_cells;meta_missing:MinorityClassSize
45048,medical_charges,12,active,False,False,False,metadata:not_binary;n_samples_out_of_range;too_many_cells;meta_missing:MinorityClassSize
45049,MD_MIX_Mini_Copy,1,active,False,False,False,metadata:not_binary;has_missing_values;non_numeric_features;n_samples_out_of_range;too_many_cells
45050,Amazon_Electronics_Dataset,1,active,False,False,False,metadata:meta_missing:NumberOfClasses;non_numeric_features;n_samples_out_of_range;meta_missing:MinorityClassSize
45051,adult-test,1,active,False,False,False,metadata:has_missing_values;n_samples_out_of_range;too_many_cells
45052,cmc,3,active,False,False,False,metadata:not_binary;meta_missing:MinorityClassSize
45053,cmc,4,active,False,False,False,metadata:not_binary;meta_missing:MinorityClassSize
45054,cmc,5,active,False,False,False,metadata:not_binary;meta_missing:MinorityClassSize
45055,cmc,6,active,False,False,False,metadata:not_binary;non_numeric_features;meta_missing:MinorityClassSize
45056,cmc,7,active,False,False,False,metadata:not_binary;non_numeric_features;meta_missing:MinorityClassSize
45057,jasmine,2,active,False,False,False,metadata:not_binary;non_numeric_features;n_features_out_of_range;too_many_cells;meta_missing:MinorityClassSize
45058,credit-g,3,active,False,False,False,metadata:non_numeric_features
45059,sick,2,active,False,False,False,metadata:non_numeric_features
45060,online_shoppers,1,active,False,False,False,metadata:non_numeric_features;n_samples_out_of_range;too_many_cells
45061,dresses-sales,3,active,False,False,False,metadata:not_binary;non_numeric_features;meta_missing:MinorityClassSize
45062,shrutime,1,active,False,False,False,metadata:not_binary;non_numeric_features;n_samples_out_of_range;meta_missing:MinorityClassSize
45063,credit-approval,2,active,False,False,False,metadata:non_numeric_features
45064,Insurance,1,active,False,False,False,metadata:not_binary;non_numeric_features;n_samples_out_of_range;too_many_cells;meta_missing:MinorityClassSize
45065,bank-marketing,9,active,False,False,False,metadata:not_binary;non_numeric_features;n_samples_out_of_range;too_many_cells;meta_missing:MinorityClassSize
45066,fars,2,active,False,False,False,metadata:not_binary;non_numeric_features;n_samples_out_of_range;too_many_cells;meta_missing:MinorityClassSize
45067,okcupid_stem,1,active,False,False,False,metadata:not_binary;non_numeric_features;n_samples_out_of_range;too_many_cells
45068,adult,4,active,False,False,False,metadata:non_numeric_features;n_samples_out_of_range;too_many_cells
45069,Diabetes130US,3,active,False,False,False,metadata:not_binary;has_missing_values;non_numeric_features;n_samples_out_of_range;too_many_cells
45070,kick,3,active,False,False,False,metadata:not_binary;non_numeric_features;n_samples_out_of_range;too_many_cells;meta_missing:MinorityClassSize
45071,hcdr,1,active,False,False,False,metadata:not_binary;non_numeric_features;n_samples_out_of_range;too_many_cells;meta_missing:MinorityClassSize
45072,airlines,4,active,False,False,False,metadata:not_binary;non_numeric_features;n_samples_out_of_range;too_many_cells;meta_missing:MinorityClassSize
45073,eye_movements,9,active,False,False,False,metadata:not_binary;non_numeric_features;n_samples_out_of_range;too_many_cells;meta_missing:MinorityClassSize
45074,Shipping,1,active,False,False,False,metadata:not_binary;non_numeric_features;n_samples_out_of_range;meta_missing:MinorityClassSize
45075,KDD,1,active,False,False,False,metadata:not_binary;non_numeric_features;n_samples_out_of_range;too_many_cells;meta_missing:MinorityClassSize
45076,churn,3,active,False,False,False,metadata:not_binary;non_numeric_features;meta_missing:MinorityClassSize
45077,qsar,1,active,False,False,False,metadata:non_numeric_features
45078,nomao,2,active,False,False,False,metadata:not_binary;non_numeric_features;n_samples_out_of_range;n_features_out_of_range;too_many_cells;meta_missing:MinorityClassSize
45079,road-safety,8,active,False,False,False,metadata:not_binary;non_numeric_features;n_samples_out_of_range;too_many_cells;meta_missing:MinorityClassSize
45080,autos,3,active,False,False,False,metadata:not_binary;non_numeric_features;n_samples_out_of_range;too_many_cells;meta_missing:MinorityClassSize
45081,Tallo,1,active,False,False,False,metadata:not_binary;n_samples_out_of_range;too_many_cells;meta_missing:MinorityClassSize
45082,SignMNIST,1,active,False,False,False,metadata:not_binary;n_samples_out_of_range;n_features_out_of_range;too_many_cells;meta_missing:MinorityClassSize
45083,9_Tumors,1,active,False,False,False,metadata:not_binary;n_samples_out_of_range;n_features_out_of_range;too_many_cells;minority_too_small
45084,11_Tumors,1,active,False,False,False,metadata:not_binary;n_samples_out_of_range;n_features_out_of_range;too_many_cells;minority_too_small
45085,Breast,3,active,False,False,False,metadata:n_samples_out_of_range;n_features_out_of_range;too_many_cells
45086,CNS,1,active,False,False,False,metadata:n_samples_out_of_range;n_features_out_of_range;too_many_cells;minority_too_small
45087,Colon,1,active,False,False,False,metadata:n_samples_out_of_range;n_features_out_of_range;minority_too_small
45088,DLBCL,1,active,False,False,False,metadata:n_samples_out_of_range;n_features_out_of_range;too_many_cells;minority_too_small
45089,GLI,1,active,False,False,False,metadata:n_samples_out_of_range;n_features_out_of_range;too_many_cells;minority_too_small
45090,Leukemia,2,active,False,False,False,metadata:n_samples_out_of_range;n_features_out_of_range;too_many_cells;minority_too_small
45091,Leukemia-3,1,active,False,False,False,metadata:not_binary;n_samples_out_of_range;n_features_out_of_range;too_many_cells;minority_too_small
45092,Leukemia,3,active,False,False,False,metadata:not_binary;n_samples_out_of_range;n_features_out_of_range;too_many_cells;minority_too_small
45093,Lung,1,active,False,False,False,metadata:not_binary;n_features_out_of_range;too_many_cells;minority_too_small
45094,Lymphoma-3,1,active,False,False,False,metadata:not_binary;has_missing_values;n_samples_out_of_range;n_features_out_of_range;too_many_cells;minority_too_small
45095,Lymphoma-9,1,active,False,False,False,metadata:not_binary;has_missing_values;n_samples_out_of_range;n_features_out_of_range;too_many_cells;minority_too_small
45096,Lymphoma-11,1,active,False,False,False,metadata:not_binary;has_missing_values;n_samples_out_of_range;n_features_out_of_range;too_many_cells;minority_too_small
45097,MLL,1,active,False,False,False,metadata:not_binary;n_samples_out_of_range;n_features_out_of_range;too_many_cells;minority_too_small
45098,Ovarian,1,active,False,False,False,metadata:n_features_out_of_range;too_many_cells
45099,Prostate,1,active,False,False,False,metadata:n_samples_out_of_range;n_features_out_of_range;too_many_cells
45100,SMK,1,active,False,False,False,metadata:n_samples_out_of_range;n_features_out_of_range;too_many_cells
45101,SRBCT,1,active,False,False,False,metadata:not_binary;n_samples_out_of_range;n_features_out_of_range;too_many_cells;minority_too_small
45102,dailybike,1,active,False,False,False,metadata:not_binary;minority_too_small
45103,dailybike,2,active,False,False,False,metadata:not_binary;minority_too_small
45104,PLK_Mini_Copy,1,active,False,False,False,metadata:not_binary;has_missing_values
45106,MTPL_SHAP_Tutorial,1,active,False,False,False,metadata:not_binary;n_samples_out_of_range;too_many_cells;meta_missing:MinorityClassSize
45108,DutchTwitterDataset,1,active,False,False,False,metadata:not_binary;n_samples_out_of_range;too_many_cells;meta_missing:MinorityClassSize
45109,alarm_0,1,active,False,False,False,metadata:meta_missing:NumberOfClasses;non_numeric_features;too_many_cells;meta_missing:MinorityClassSize
45110,alarm_1,1,active,False,False,False,metadata:meta_missing:NumberOfClasses;non_numeric_features;too_many_cells;meta_missing:MinorityClassSize
45111,alarm_2,1,active,False,False,False,metadata:meta_missing:NumberOfClasses;non_numeric_features;too_many_cells;meta_missing:MinorityClassSize
45112,alarm_3,1,active,False,False,False,metadata:meta_missing:NumberOfClasses;non_numeric_features;too_many_cells;meta_missing:MinorityClassSize
45113,alarm_4,1,active,False,False,False,metadata:meta_missing:NumberOfClasses;non_numeric_features;too_many_cells;meta_missing:MinorityClassSize
45114,alarm_5,1,active,False,False,False,metadata:meta_missing:NumberOfClasses;non_numeric_features;too_many_cells;meta_missing:MinorityClassSize
45115,alarm_6,1,active,False,False,False,metadata:meta_missing:NumberOfClasses;non_numeric_features;too_many_cells;meta_missing:MinorityClassSize
45116,alarm_7,1,active,False,False,False,metadata:meta_missing:NumberOfClasses;non_numeric_features;too_many_cells;meta_missing:MinorityClassSize
45117,alarm_8,1,active,False,False,False,metadata:meta_missing:NumberOfClasses;non_numeric_features;too_many_cells;meta_missing:MinorityClassSize
45118,alarm_9,1,active,False,False,False,metadata:meta_missing:NumberOfClasses;non_numeric_features;too_many_cells;meta_missing:MinorityClassSize
45119,alarm_10,1,active,False,False,False,metadata:meta_missing:NumberOfClasses;non_numeric_features;too_many_cells;meta_missing:MinorityClassSize
45120,barley_0,1,active,False,False,False,metadata:meta_missing:NumberOfClasses;too_many_cells;meta_missing:MinorityClassSize
45121,barley_1,1,active,False,False,False,metadata:meta_missing:NumberOfClasses;too_many_cells;meta_missing:MinorityClassSize
45122,barley_2,1,active,False,False,False,metadata:meta_missing:NumberOfClasses;too_many_cells;meta_missing:MinorityClassSize
45123,barley_3,1,active,False,False,False,metadata:meta_missing:NumberOfClasses;too_many_cells;meta_missing:MinorityClassSize
45124,barley_4,1,active,False,False,False,metadata:meta_missing:NumberOfClasses;too_many_cells;meta_missing:MinorityClassSize
45125,barley_5,1,active,False,False,False,metadata:meta_missing:NumberOfClasses;too_many_cells;meta_missing:MinorityClassSize
45126,barley_6,1,active,False,False,False,metadata:meta_missing:NumberOfClasses;too_many_cells;meta_missing:MinorityClassSize
45127,barley_7,1,active,False,False,False,metadata:meta_missing:NumberOfClasses;too_many_cells;meta_missing:MinorityClassSize
45128,barley_8,1,active,False,False,False,metadata:meta_missing:NumberOfClasses;too_many_cells;meta_missing:MinorityClassSize
45129,barley_9,1,active,False,False,False,metadata:meta_missing:NumberOfClasses;too_many_cells;meta_missing:MinorityClassSize
45130,barley_10,1,active,False,False,False,metadata:meta_missing:NumberOfClasses;too_many_cells;meta_missing:MinorityClassSize
45131,child_0,1,active,False,False,False,metadata:meta_missing:NumberOfClasses;meta_missing:MinorityClassSize
45132,child_1,1,active,False,False,False,metadata:meta_missing:NumberOfClasses;meta_missing:MinorityClassSize
45133,child_2,1,active,False,False,False,metadata:meta_missing:NumberOfClasses;meta_missing:MinorityClassSize
45134,child_3,1,active,False,False,False,metadata:meta_missing:NumberOfClasses;meta_missing:MinorityClassSize
45135,child_4,1,active,False,False,False,metadata:meta_missing:NumberOfClasses;meta_missing:MinorityClassSize
45136,child_5,1,active,False,False,False,metadata:meta_missing:NumberOfClasses;meta_missing:MinorityClassSize
45137,child_6,1,active,False,False,False,metadata:meta_missing:NumberOfClasses;meta_missing:MinorityClassSize
45138,child_7,1,active,False,False,False,metadata:meta_missing:NumberOfClasses;meta_missing:MinorityClassSize
45139,child_8,1,active,False,False,False,metadata:meta_missing:NumberOfClasses;meta_missing:MinorityClassSize
45140,child_9,1,active,False,False,False,metadata:meta_missing:NumberOfClasses;meta_missing:MinorityClassSize
45141,child_10,1,active,False,False,False,metadata:meta_missing:NumberOfClasses;meta_missing:MinorityClassSize
45142,insurance_0,1,active,False,False,False,metadata:meta_missing:NumberOfClasses;non_numeric_features;meta_missing:MinorityClassSize
45143,insurance_1,1,active,False,False,False,metadata:meta_missing:NumberOfClasses;non_numeric_features;meta_missing:MinorityClassSize
45144,insurance_2,1,active,False,False,False,metadata:meta_missing:NumberOfClasses;non_numeric_features;meta_missing:MinorityClassSize
45145,insurance_3,1,active,False,False,False,metadata:meta_missing:NumberOfClasses;non_numeric_features;meta_missing:MinorityClassSize
45146,insurance_4,1,active,False,False,False,metadata:meta_missing:NumberOfClasses;non_numeric_features;meta_missing:MinorityClassSize
45147,insurance_5,1,active,False,False,False,metadata:meta_missing:NumberOfClasses;non_numeric_features;meta_missing:MinorityClassSize
45148,insurance_6,1,active,False,False,False,metadata:meta_missing:NumberOfClasses;non_numeric_features;meta_missing:MinorityClassSize
45149,insurance_7,1,active,False,False,False,metadata:meta_missing:NumberOfClasses;non_numeric_features;meta_missing:MinorityClassSize
45150,insurance_8,1,active,False,False,False,metadata:meta_missing:NumberOfClasses;non_numeric_features;meta_missing:MinorityClassSize
45151,insurance_9,1,active,False,False,False,metadata:meta_missing:NumberOfClasses;non_numeric_features;meta_missing:MinorityClassSize
45152,insurance_10,1,active,False,False,False,metadata:meta_missing:NumberOfClasses;non_numeric_features;meta_missing:MinorityClassSize
45153,mildew_0,1,active,False,False,False,metadata:meta_missing:NumberOfClasses;too_many_cells;meta_missing:MinorityClassSize
45154,mildew_1,1,active,False,False,False,metadata:meta_missing:NumberOfClasses;too_many_cells;meta_missing:MinorityClassSize
45155,mildew_2,1,active,False,False,False,metadata:meta_missing:NumberOfClasses;too_many_cells;meta_missing:MinorityClassSize
45156,mildew_3,1,active,False,False,False,metadata:meta_missing:NumberOfClasses;too_many_cells;meta_missing:MinorityClassSize
45157,mildew_4,1,active,False,False,False,metadata:meta_missing:NumberOfClasses;too_many_cells;meta_missing:MinorityClassSize
45158,mildew_5,1,active,False,False,False,metadata:meta_missing:NumberOfClasses;too_many_cells;meta_missing:MinorityClassSize
45159,mildew_6,1,active,False,False,False,metadata:meta_missing:NumberOfClasses;too_many_cells;meta_missing:MinorityClassSize
45160,mildew_7,1,active,False,False,False,metadata:meta_missing:NumberOfClasses;too_many_cells;meta_missing:MinorityClassSize
45161,mildew_8,1,active,False,False,False,metadata:meta_missing:NumberOfClasses;too_many_cells;meta_missing:MinorityClassSize
45162,mildew_9,1,active,False,False,False,metadata:meta_missing:NumberOfClasses;too_many_cells;meta_missing:MinorityClassSize
45163,mildew_10,1,active,False,False,False,metadata:meta_missing:NumberOfClasses;too_many_cells;meta_missing:MinorityClassSize
45164,water_0,1,active,False,False,False,metadata:meta_missing:NumberOfClasses;too_many_cells;meta_missing:MinorityClassSize
45165,water_1,1,active,False,False,False,metadata:meta_missing:NumberOfClasses;too_many_cells;meta_missing:MinorityClassSize
45166,water_2,1,active,False,False,False,metadata:meta_missing:NumberOfClasses;too_many_cells;meta_missing:MinorityClassSize
45167,water_3,1,active,False,False,False,metadata:meta_missing:NumberOfClasses;too_many_cells;meta_missing:MinorityClassSize
45168,water_4,1,active,False,False,False,metadata:meta_missing:NumberOfClasses;too_many_cells;meta_missing:MinorityClassSize
45169,water_5,1,active,False,False,False,metadata:meta_missing:NumberOfClasses;too_many_cells;meta_missing:MinorityClassSize
45170,water_6,1,active,False,False,False,metadata:meta_missing:NumberOfClasses;too_many_cells;meta_missing:MinorityClassSize
45171,water_7,1,active,False,False,False,metadata:meta_missing:NumberOfClasses;too_many_cells;meta_missing:MinorityClassSize
45172,water_8,1,active,False,False,False,metadata:meta_missing:NumberOfClasses;too_many_cells;meta_missing:MinorityClassSize
45173,water_9,1,active,False,False,False,metadata:meta_missing:NumberOfClasses;too_many_cells;meta_missing:MinorityClassSize
45174,water_10,1,active,False,False,False,metadata:meta_missing:NumberOfClasses;too_many_cells;meta_missing:MinorityClassSize
45175,hailfinder_0,1,active,False,False,False,metadata:meta_missing:NumberOfClasses;too_many_cells;meta_missing:MinorityClassSize
45176,hailfinder_1,1,active,False,False,False,metadata:meta_missing:NumberOfClasses;too_many_cells;meta_missing:MinorityClassSize
45177,hailfinder_2,1,active,False,False,False,metadata:meta_missing:NumberOfClasses;too_many_cells;meta_missing:MinorityClassSize
45178,hailfinder_3,1,active,False,False,False,metadata:meta_missing:NumberOfClasses;too_many_cells;meta_missing:MinorityClassSize
45179,hailfinder_4,1,active,False,False,False,metadata:meta_missing:NumberOfClasses;too_many_cells;meta_missing:MinorityClassSize
45180,hailfinder_5,1,active,False,False,False,metadata:meta_missing:NumberOfClasses;too_many_cells;meta_missing:MinorityClassSize
45181,hailfinder_6,1,active,False,False,False,metadata:meta_missing:NumberOfClasses;too_many_cells;meta_missing:MinorityClassSize
45182,hailfinder_7,1,active,False,False,False,metadata:meta_missing:NumberOfClasses;too_many_cells;meta_missing:MinorityClassSize
45183,hailfinder_8,1,active,False,False,False,metadata:meta_missing:NumberOfClasses;too_many_cells;meta_missing:MinorityClassSize
45184,hailfinder_9,1,active,False,False,False,metadata:meta_missing:NumberOfClasses;too_many_cells;meta_missing:MinorityClassSize
45185,hailfinder_10,1,active,False,False,False,metadata:meta_missing:NumberOfClasses;too_many_cells;meta_missing:MinorityClassSize
45186,hepar2_0,1,active,False,False,False,metadata:meta_missing:NumberOfClasses;too_many_cells;meta_missing:MinorityClassSize
45187,hepar2_1,1,active,False,False,False,metadata:meta_missing:NumberOfClasses;too_many_cells;meta_missing:MinorityClassSize
45188,hepar2_2,1,active,False,False,False,metadata:meta_missing:NumberOfClasses;too_many_cells;meta_missing:MinorityClassSize
45189,hepar2_3,1,active,False,False,False,metadata:meta_missing:NumberOfClasses;too_many_cells;meta_missing:MinorityClassSize
45190,hepar2_4,1,active,False,False,False,metadata:meta_missing:NumberOfClasses;too_many_cells;meta_missing:MinorityClassSize
45191,hepar2_5,1,active,False,False,False,metadata:meta_missing:NumberOfClasses;too_many_cells;meta_missing:MinorityClassSize
45192,hepar2_6,1,active,False,False,False,metadata:meta_missing:NumberOfClasses;too_many_cells;meta_missing:MinorityClassSize
45193,hepar2_7,1,active,False,False,False,metadata:meta_missing:NumberOfClasses;too_many_cells;meta_missing:MinorityClassSize
45194,hepar2_8,1,active,False,False,False,metadata:meta_missing:NumberOfClasses;too_many_cells;meta_missing:MinorityClassSize
45195,hepar2_9,1,active,False,False,False,metadata:meta_missing:NumberOfClasses;too_many_cells;meta_missing:MinorityClassSize
45196,hepar2_10,1,active,False,False,False,metadata:meta_missing:NumberOfClasses;too_many_cells;meta_missing:MinorityClassSize
45197,win95pts_0,1,active,False,False,False,metadata:meta_missing:NumberOfClasses;too_many_cells;meta_missing:MinorityClassSize
45198,win95pts_1,1,active,False,False,False,metadata:meta_missing:NumberOfClasses;too_many_cells;meta_missing:MinorityClassSize
45199,win95pts_2,1,active,False,False,False,metadata:meta_missing:NumberOfClasses;too_many_cells;meta_missing:MinorityClassSize
45200,win95pts_3,1,active,False,False,False,metadata:meta_missing:NumberOfClasses;too_many_cells;meta_missing:MinorityClassSize
45201,win95pts_4,1,active,False,False,False,metadata:meta_missing:NumberOfClasses;too_many_cells;meta_missing:MinorityClassSize
45202,win95pts_5,1,active,False,False,False,metadata:meta_missing:NumberOfClasses;too_many_cells;meta_missing:MinorityClassSize
45203,win95pts_6,1,active,False,False,False,metadata:meta_missing:NumberOfClasses;too_many_cells;meta_missing:MinorityClassSize
45204,win95pts_7,1,active,False,False,False,metadata:meta_missing:NumberOfClasses;too_many_cells;meta_missing:MinorityClassSize
45205,win95pts_8,1,active,False,False,False,metadata:meta_missing:NumberOfClasses;too_many_cells;meta_missing:MinorityClassSize
45206,win95pts_9,1,active,False,False,False,metadata:meta_missing:NumberOfClasses;too_many_cells;meta_missing:MinorityClassSize
45207,win95pts_10,1,active,False,False,False,metadata:meta_missing:NumberOfClasses;too_many_cells;meta_missing:MinorityClassSize
45208,andes_0,1,active,False,False,False,metadata:meta_missing:NumberOfClasses;non_numeric_features;n_features_out_of_range;too_many_cells;meta_missing:MinorityClassSize
45209,andes_1,1,active,False,False,False,metadata:meta_missing:NumberOfClasses;non_numeric_features;n_features_out_of_range;too_many_cells;meta_missing:MinorityClassSize
45210,andes_2,1,active,False,False,False,metadata:meta_missing:NumberOfClasses;non_numeric_features;n_features_out_of_range;too_many_cells;meta_missing:MinorityClassSize
45211,andes_3,1,active,False,False,False,metadata:meta_missing:NumberOfClasses;non_numeric_features;n_features_out_of_range;too_many_cells;meta_missing:MinorityClassSize
45212,andes_4,1,active,False,False,False,metadata:meta_missing:NumberOfClasses;non_numeric_features;n_features_out_of_range;too_many_cells;meta_missing:MinorityClassSize
45213,andes_5,1,active,False,False,False,metadata:meta_missing:NumberOfClasses;non_numeric_features;n_features_out_of_range;too_many_cells;meta_missing:MinorityClassSize
45214,andes_6,1,active,False,False,False,metadata:meta_missing:NumberOfClasses;non_numeric_features;n_features_out_of_range;too_many_cells;meta_missing:MinorityClassSize
45215,andes_7,1,active,False,False,False,metadata:meta_missing:NumberOfClasses;non_numeric_features;n_features_out_of_range;too_many_cells;meta_missing:MinorityClassSize
45216,andes_8,1,active,False,False,False,metadata:meta_missing:NumberOfClasses;non_numeric_features;n_features_out_of_range;too_many_cells;meta_missing:MinorityClassSize
45217,andes_9,1,active,False,False,False,metadata:meta_missing:NumberOfClasses;non_numeric_features;n_features_out_of_range;too_many_cells;meta_missing:MinorityClassSize
45218,andes_10,1,active,False,False,False,metadata:meta_missing:NumberOfClasses;non_numeric_features;n_features_out_of_range;too_many_cells;meta_missing:MinorityClassSize
45219,diabetes_0,1,active,False,False,False,metadata:meta_missing:NumberOfClasses;n_features_out_of_range;too_many_cells;meta_missing:MinorityClassSize
45220,diabetes_1,1,active,False,False,False,metadata:meta_missing:NumberOfClasses;n_features_out_of_range;too_many_cells;meta_missing:MinorityClassSize
45221,diabetes_2,1,active,False,False,False,metadata:meta_missing:NumberOfClasses;n_features_out_of_range;too_many_cells;meta_missing:MinorityClassSize
45222,diabetes_3,1,active,False,False,False,metadata:meta_missing:NumberOfClasses;n_features_out_of_range;too_many_cells;meta_missing:MinorityClassSize
45223,diabetes_4,1,active,False,False,False,metadata:meta_missing:NumberOfClasses;n_features_out_of_range;too_many_cells;meta_missing:MinorityClassSize
45224,diabetes_5,1,active,False,False,False,metadata:meta_missing:NumberOfClasses;n_features_out_of_range;too_many_cells;meta_missing:MinorityClassSize
45225,diabetes_6,1,active,False,False,False,metadata:meta_missing:NumberOfClasses;n_features_out_of_range;too_many_cells;meta_missing:MinorityClassSize
45226,diabetes_7,1,active,False,False,False,metadata:meta_missing:NumberOfClasses;n_features_out_of_range;too_many_cells;meta_missing:MinorityClassSize
45227,diabetes_8,1,active,False,False,False,metadata:meta_missing:NumberOfClasses;n_features_out_of_range;too_many_cells;meta_missing:MinorityClassSize
45228,diabetes_9,1,active,False,False,False,metadata:meta_missing:NumberOfClasses;n_features_out_of_range;too_many_cells;meta_missing:MinorityClassSize
45229,diabetes_10,1,active,False,False,False,metadata:meta_missing:NumberOfClasses;n_features_out_of_range;too_many_cells;meta_missing:MinorityClassSize
45230,link_0,1,active,False,False,False,metadata:meta_missing:NumberOfClasses;n_features_out_of_range;too_many_cells;meta_missing:MinorityClassSize
45231,link_1,1,active,False,False,False,metadata:meta_missing:NumberOfClasses;n_features_out_of_range;too_many_cells;meta_missing:MinorityClassSize
45232,link_2,1,active,False,False,False,metadata:meta_missing:NumberOfClasses;n_features_out_of_range;too_many_cells;meta_missing:MinorityClassSize
45233,link_3,1,active,False,False,False,metadata:meta_missing:NumberOfClasses;n_features_out_of_range;too_many_cells;meta_missing:MinorityClassSize
45234,link_4,1,active,False,False,False,metadata:meta_missing:NumberOfClasses;n_features_out_of_range;too_many_cells;meta_missing:MinorityClassSize
45235,link_5,1,active,False,False,False,metadata:meta_missing:NumberOfClasses;n_features_out_of_range;too_many_cells;meta_missing:MinorityClassSize
45236,link_6,1,active,False,False,False,metadata:meta_missing:NumberOfClasses;n_features_out_of_range;too_many_cells;meta_missing:MinorityClassSize
45237,link_7,1,active,False,False,False,metadata:meta_missing:NumberOfClasses;n_features_out_of_range;too_many_cells;meta_missing:MinorityClassSize
45238,link_8,1,active,False,False,False,metadata:meta_missing:NumberOfClasses;n_features_out_of_range;too_many_cells;meta_missing:MinorityClassSize
45239,link_9,1,active,False,False,False,metadata:meta_missing:NumberOfClasses;n_features_out_of_range;too_many_cells;meta_missing:MinorityClassSize
45240,link_10,1,active,False,False,False,metadata:meta_missing:NumberOfClasses;n_features_out_of_range;too_many_cells;meta_missing:MinorityClassSize
45241,pathfinder_0,1,active,False,False,False,metadata:meta_missing:NumberOfClasses;n_features_out_of_range;too_many_cells;meta_missing:MinorityClassSize
45242,pathfinder_1,1,active,False,False,False,metadata:meta_missing:NumberOfClasses;n_features_out_of_range;too_many_cells;meta_missing:MinorityClassSize
45243,pathfinder_2,1,active,False,False,False,metadata:meta_missing:NumberOfClasses;n_features_out_of_range;too_many_cells;meta_missing:MinorityClassSize
45244,pathfinder_3,1,active,False,False,False,metadata:meta_missing:NumberOfClasses;n_features_out_of_range;too_many_cells;meta_missing:MinorityClassSize
45245,pathfinder_4,1,active,False,False,False,metadata:meta_missing:NumberOfClasses;n_features_out_of_range;too_many_cells;meta_missing:MinorityClassSize
45246,pathfinder_5,1,active,False,False,False,metadata:meta_missing:NumberOfClasses;n_features_out_of_range;too_many_cells;meta_missing:MinorityClassSize
45247,pathfinder_6,1,active,False,False,False,metadata:meta_missing:NumberOfClasses;n_features_out_of_range;too_many_cells;meta_missing:MinorityClassSize
45248,pathfinder_7,1,active,False,False,False,metadata:meta_missing:NumberOfClasses;n_features_out_of_range;too_many_cells;meta_missing:MinorityClassSize
45249,pathfinder_8,1,active,False,False,False,metadata:meta_missing:NumberOfClasses;n_features_out_of_range;too_many_cells;meta_missing:MinorityClassSize
45250,pathfinder_9,1,active,False,False,False,metadata:meta_missing:NumberOfClasses;n_features_out_of_range;too_many_cells;meta_missing:MinorityClassSize
45251,pathfinder_10,1,active,False,False,False,metadata:meta_missing:NumberOfClasses;n_features_out_of_range;too_many_cells;meta_missing:MinorityClassSize
45252,pigs_0,1,active,False,False,False,metadata:meta_missing:NumberOfClasses;n_features_out_of_range;too_many_cells;meta_missing:MinorityClassSize
45253,pigs_1,1,active,False,False,False,metadata:meta_missing:NumberOfClasses;n_features_out_of_range;too_many_cells;meta_missing:MinorityClassSize
45254,pigs_2,1,active,False,False,False,metadata:meta_missing:NumberOfClasses;n_features_out_of_range;too_many_cells;meta_missing:MinorityClassSize
45255,pigs_3,1,active,False,False,False,metadata:meta_missing:NumberOfClasses;n_features_out_of_range;too_many_cells;meta_missing:MinorityClassSize
45256,pigs_4,1,active,False,False,False,metadata:meta_missing:NumberOfClasses;n_features_out_of_range;too_many_cells;meta_missing:MinorityClassSize
45257,pigs_5,1,active,False,False,False,metadata:meta_missing:NumberOfClasses;n_features_out_of_range;too_many_cells;meta_missing:MinorityClassSize
45258,pigs_6,1,active,False,False,False,metadata:meta_missing:NumberOfClasses;n_features_out_of_range;too_many_cells;meta_missing:MinorityClassSize
45259,pigs_7,1,active,False,False,False,metadata:meta_missing:NumberOfClasses;n_features_out_of_range;too_many_cells;meta_missing:MinorityClassSize
45260,pigs_8,1,active,False,False,False,metadata:meta_missing:NumberOfClasses;n_features_out_of_range;too_many_cells;meta_missing:MinorityClassSize
45261,pigs_9,1,active,False,False,False,metadata:meta_missing:NumberOfClasses;n_features_out_of_range;too_many_cells;meta_missing:MinorityClassSize
45262,pigs_10,1,active,False,False,False,metadata:meta_missing:NumberOfClasses;n_features_out_of_range;too_many_cells;meta_missing:MinorityClassSize
45263,munin_0,1,active,False,False,False,metadata:meta_missing:NumberOfClasses;n_features_out_of_range;too_many_cells;meta_missing:MinorityClassSize
45264,munin_1,1,active,False,False,False,metadata:meta_missing:NumberOfClasses;n_features_out_of_range;too_many_cells;meta_missing:MinorityClassSize
45265,munin_2,1,active,False,False,False,metadata:meta_missing:NumberOfClasses;n_features_out_of_range;too_many_cells;meta_missing:MinorityClassSize
45266,munin_3,1,active,False,False,False,metadata:meta_missing:NumberOfClasses;n_features_out_of_range;too_many_cells;meta_missing:MinorityClassSize
45267,munin_4,1,active,False,False,False,metadata:meta_missing:NumberOfClasses;n_features_out_of_range;too_many_cells;meta_missing:MinorityClassSize
45268,munin_5,1,active,False,False,False,metadata:meta_missing:NumberOfClasses;n_features_out_of_range;too_many_cells;meta_missing:MinorityClassSize
45269,munin_6,1,active,False,False,False,metadata:meta_missing:NumberOfClasses;n_features_out_of_range;too_many_cells;meta_missing:MinorityClassSize
45270,munin_7,1,active,False,False,False,metadata:meta_missing:NumberOfClasses;n_features_out_of_range;too_many_cells;meta_missing:MinorityClassSize
45271,munin_8,1,active,False,False,False,metadata:meta_missing:NumberOfClasses;n_features_out_of_range;too_many_cells;meta_missing:MinorityClassSize
45272,munin_9,1,active,False,False,False,metadata:meta_missing:NumberOfClasses;n_features_out_of_range;too_many_cells;meta_missing:MinorityClassSize
45273,munin_10,1,active,False,False,False,metadata:meta_missing:NumberOfClasses;n_features_out_of_range;too_many_cells;meta_missing:MinorityClassSize
45274,PASS,1,active,False,False,False,metadata:not_binary;has_missing_values;n_samples_out_of_range;too_many_cells;minority_too_small
45277,CIC-IDS-2017,1,active,False,False,False,metadata:meta_missing:NumberOfClasses;has_missing_values;n_samples_out_of_range;too_many_cells;meta_missing:MinorityClassSize
45279,BOT-IoT,2,active,False,False,False,metadata:meta_missing:NumberOfClasses;n_samples_out_of_range;too_many_cells;meta_missing:MinorityClassSize
45282,AfriSenti,1,active,False,False,False,metadata:not_binary;non_numeric_features;n_samples_out_of_range;too_many_cells
45402,space_ga,5,active,False,False,False,metadata:not_binary;meta_missing:MinorityClassSize
45449,timing-attack-dataset-1-micro-seconds-delay-2022-09-01,1,active,False,False,False,metadata:not_binary;n_samples_out_of_range;n_features_out_of_range;too_many_cells
45450,timing-attack-dataset-1-micro-seconds-delay-2022-09-12,1,active,False,False,False,metadata:not_binary;n_samples_out_of_range;n_features_out_of_range;too_many_cells
45451,timing-attack-dataset-1-micro-seconds-delay-2022-09-17,1,active,False,False,False,metadata:not_binary;n_samples_out_of_range;n_features_out_of_range;too_many_cells
45452,timing-attack-dataset-2-micro-seconds-delay-2022-09-01,1,active,False,False,False,metadata:not_binary;n_samples_out_of_range;n_features_out_of_range;too_many_cells
45453,timing-attack-dataset-2-micro-seconds-delay-2022-09-12,1,active,False,False,False,metadata:not_binary;n_samples_out_of_range;n_features_out_of_range;too_many_cells
45454,timing-attack-dataset-2-micro-seconds-delay-2022-09-17,1,active,False,False,False,metadata:not_binary;n_samples_out_of_range;n_features_out_of_range;too_many_cells
45455,timing-attack-dataset-4-micro-seconds-delay-2022-09-01,1,active,False,False,False,metadata:not_binary;n_samples_out_of_range;n_features_out_of_range;too_many_cells
45456,timing-attack-dataset-4-micro-seconds-delay-2022-09-12,1,active,False,False,False,metadata:not_binary;n_samples_out_of_range;n_features_out_of_range;too_many_cells
45457,timing-attack-dataset-4-micro-seconds-delay-2022-09-17,1,active,False,False,False,metadata:not_binary;n_samples_out_of_range;n_features_out_of_range;too_many_cells
45458,timing-attack-dataset-8-micro-seconds-delay-2022-09-01,1,active,False,False,False,metadata:not_binary;n_samples_out_of_range;n_features_out_of_range;too_many_cells
45459,timing-attack-dataset-8-micro-seconds-delay-2022-09-12,1,active,False,False,False,metadata:not_binary;n_samples_out_of_range;n_features_out_of_range;too_many_cells
45460,timing-attack-dataset-8-micro-seconds-delay-2022-09-17,1,active,False,False,False,metadata:not_binary;n_samples_out_of_range;n_features_out_of_range;too_many_cells
45461,timing-attack-dataset-16-micro-seconds-delay-2022-09-01,1,active,False,False,False,metadata:not_binary;n_samples_out_of_range;n_features_out_of_range;too_many_cells
45462,timing-attack-dataset-16-micro-seconds-delay-2022-09-12,1,active,False,False,False,metadata:not_binary;n_samples_out_of_range;n_features_out_of_range;too_many_cells
45463,timing-attack-dataset-16-micro-seconds-delay-2022-09-17,1,active,False,False,False,metadata:not_binary;n_samples_out_of_range;n_features_out_of_range;too_many_cells
45464,timing-attack-dataset-32-micro-seconds-delay-2022-09-01,1,active,False,False,False,metadata:not_binary;n_samples_out_of_range;n_features_out_of_range;too_many_cells
45465,timing-attack-dataset-32-micro-seconds-delay-2022-09-12,1,active,False,False,False,metadata:not_binary;n_samples_out_of_range;n_features_out_of_range;too_many_cells
45466,timing-attack-dataset-32-micro-seconds-delay-2022-09-17,1,active,False,False,False,metadata:not_binary;n_samples_out_of_range;n_features_out_of_range;too_many_cells
45467,timing-attack-dataset-64-micro-seconds-delay-2022-09-01,1,active,False,False,False,metadata:not_binary;n_samples_out_of_range;n_features_out_of_range;too_many_cells
45468,timing-attack-dataset-64-micro-seconds-delay-2022-09-12,1,active,False,False,False,metadata:not_binary;n_samples_out_of_range;n_features_out_of_range;too_many_cells
45469,timing-attack-dataset-64-micro-seconds-delay-2022-09-17,1,active,False,False,False,metadata:not_binary;n_samples_out_of_range;n_features_out_of_range;too_many_cells
45470,timing-attack-dataset-128-micro-seconds-delay-2022-09-01,1,active,False,False,False,metadata:not_binary;n_samples_out_of_range;n_features_out_of_range;too_many_cells
45471,timing-attack-dataset-128-micro-seconds-delay-2022-09-12,1,active,False,False,False,metadata:not_binary;n_samples_out_of_range;n_features_out_of_range;too_many_cells
45472,timing-attack-dataset-128-micro-seconds-delay-2022-09-17,1,active,False,False,False,metadata:not_binary;n_samples_out_of_range;n_features_out_of_range;too_many_cells
45473,timing-attack-dataset-256-micro-seconds-delay-2022-09-01,1,active,False,False,False,metadata:not_binary;n_samples_out_of_range;n_features_out_of_range;too_many_cells
45474,timing-attack-dataset-256-micro-seconds-delay-2022-09-12,1,active,False,False,False,metadata:not_binary;n_samples_out_of_range;n_features_out_of_range;too_many_cells
45475,timing-attack-dataset-256-micro-seconds-delay-2022-09-17,1,active,False,False,False,metadata:not_binary;n_samples_out_of_range;n_features_out_of_range;too_many_cells
45476,timing-attack-dataset-10-micro-seconds-delay-2022-09-04,1,active,False,False,False,metadata:not_binary;n_samples_out_of_range;n_features_out_of_range;too_many_cells
45477,timing-attack-dataset-10-micro-seconds-delay-2022-09-08,1,active,False,False,False,metadata:not_binary;n_samples_out_of_range;n_features_out_of_range;too_many_cells
45478,timing-attack-dataset-10-micro-seconds-delay-2022-09-09,1,active,False,False,False,metadata:not_binary;n_samples_out_of_range;n_features_out_of_range;too_many_cells
45479,timing-attack-dataset-10-micro-seconds-delay-2022-09-13,1,active,False,False,False,metadata:not_binary;n_samples_out_of_range;n_features_out_of_range;too_many_cells
45480,timing-attack-dataset-10-micro-seconds-delay-2022-09-14,1,active,False,False,False,metadata:not_binary;n_samples_out_of_range;n_features_out_of_range;too_many_cells
45481,timing-attack-dataset-10-micro-seconds-delay-2022-09-15,1,active,False,False,False,metadata:not_binary;n_samples_out_of_range;n_features_out_of_range;too_many_cells
45482,timing-attack-dataset-10-micro-seconds-delay-2022-09-18,1,active,False,False,False,metadata:not_binary;n_samples_out_of_range;n_features_out_of_range;too_many_cells
45483,timing-attack-dataset-10-micro-seconds-delay-2022-09-19,1,active,False,False,False,metadata:not_binary;n_samples_out_of_range;n_features_out_of_range;too_many_cells
45484,timing-attack-dataset-10-micro-seconds-delay-2022-09-20,1,active,False,False,False,metadata:not_binary;n_samples_out_of_range;n_features_out_of_range;too_many_cells
45485,timing-attack-dataset-10-micro-seconds-delay-2022-09-21,1,active,False,False,False,metadata:not_binary;n_samples_out_of_range;n_features_out_of_range;too_many_cells
45486,timing-attack-dataset-15-micro-seconds-delay-2022-09-04,1,active,False,False,False,metadata:not_binary;n_samples_out_of_range;n_features_out_of_range;too_many_cells
45487,timing-attack-dataset-15-micro-seconds-delay-2022-09-08,1,active,False,False,False,metadata:not_binary;n_samples_out_of_range;n_features_out_of_range;too_many_cells
45488,timing-attack-dataset-15-micro-seconds-delay-2022-09-09,1,active,False,False,False,metadata:not_binary;n_samples_out_of_range;n_features_out_of_range;too_many_cells
45489,timing-attack-dataset-15-micro-seconds-delay-2022-09-13,1,active,False,False,False,metadata:not_binary;n_samples_out_of_range;n_features_out_of_range;too_many_cells
45490,timing-attack-dataset-15-micro-seconds-delay-2022-09-14,1,active,False,False,False,metadata:not_binary;n_samples_out_of_range;n_features_out_of_range;too_many_cells
45491,timing-attack-dataset-15-micro-seconds-delay-2022-09-15,1,active,False,False,False,metadata:not_binary;n_samples_out_of_range;n_features_out_of_range;too_many_cells
45492,timing-attack-dataset-15-micro-seconds-delay-2022-09-18,1,active,False,False,False,metadata:not_binary;n_samples_out_of_range;n_features_out_of_range;too_many_cells
45493,timing-attack-dataset-15-micro-seconds-delay-2022-09-19,1,active,False,False,False,metadata:not_binary;n_samples_out_of_range;n_features_out_of_range;too_many_cells
45494,timing-attack-dataset-15-micro-seconds-delay-2022-09-20,1,active,False,False,False,metadata:not_binary;n_samples_out_of_range;n_features_out_of_range;too_many_cells
45495,timing-attack-dataset-15-micro-seconds-delay-2022-09-21,1,active,False,False,False,metadata:not_binary;n_samples_out_of_range;n_features_out_of_range;too_many_cells
45496,timing-attack-dataset-20-micro-seconds-delay-2022-09-04,1,active,False,False,False,metadata:not_binary;n_samples_out_of_range;n_features_out_of_range;too_many_cells
45497,timing-attack-dataset-20-micro-seconds-delay-2022-09-08,1,active,False,False,False,metadata:not_binary;n_samples_out_of_range;n_features_out_of_range;too_many_cells
45498,timing-attack-dataset-20-micro-seconds-delay-2022-09-09,1,active,False,False,False,metadata:not_binary;n_samples_out_of_range;n_features_out_of_range;too_many_cells
45499,timing-attack-dataset-20-micro-seconds-delay-2022-09-13,1,active,False,False,False,metadata:not_binary;n_samples_out_of_range;n_features_out_of_range;too_many_cells
45500,timing-attack-dataset-20-micro-seconds-delay-2022-09-14,1,active,False,False,False,metadata:not_binary;n_samples_out_of_range;n_features_out_of_range;too_many_cells
45501,timing-attack-dataset-20-micro-seconds-delay-2022-09-15,1,active,False,False,False,metadata:not_binary;n_samples_out_of_range;n_features_out_of_range;too_many_cells
45502,timing-attack-dataset-20-micro-seconds-delay-2022-09-18,1,active,False,False,False,metadata:not_binary;n_samples_out_of_range;n_features_out_of_range;too_many_cells
45503,timing-attack-dataset-20-micro-seconds-delay-2022-09-19,1,active,False,False,False,metadata:not_binary;has_missing_values;n_samples_out_of_range;n_features_out_of_range;too_many_cells
45504,timing-attack-dataset-20-micro-seconds-delay-2022-09-20,1,active,False,False,False,metadata:not_binary;n_samples_out_of_range;n_features_out_of_range;too_many_cells
45505,timing-attack-dataset-20-micro-seconds-delay-2022-09-21,1,active,False,False,False,metadata:not_binary;n_samples_out_of_range;n_features_out_of_range;too_many_cells
45506,timing-attack-dataset-25-micro-seconds-delay-2022-09-04,1,active,False,False,False,metadata:not_binary;n_samples_out_of_range;n_features_out_of_range;too_many_cells
45507,timing-attack-dataset-25-micro-seconds-delay-2022-09-08,1,active,False,False,False,metadata:not_binary;n_samples_out_of_range;n_features_out_of_range;too_many_cells
45508,timing-attack-dataset-25-micro-seconds-delay-2022-09-09,1,active,False,False,False,metadata:not_binary;n_samples_out_of_range;n_features_out_of_range;too_many_cells
45509,timing-attack-dataset-25-micro-seconds-delay-2022-09-13,1,active,False,False,False,metadata:not_binary;n_samples_out_of_range;n_features_out_of_range;too_many_cells
45510,timing-attack-dataset-25-micro-seconds-delay-2022-09-14,1,active,False,False,False,metadata:not_binary;n_samples_out_of_range;n_features_out_of_range;too_many_cells
45511,timing-attack-dataset-25-micro-seconds-delay-2022-09-15,1,active,False,False,False,metadata:not_binary;n_samples_out_of_range;n_features_out_of_range;too_many_cells
45512,timing-attack-dataset-25-micro-seconds-delay-2022-09-18,1,active,False,False,False,metadata:not_binary;n_samples_out_of_range;n_features_out_of_range;too_many_cells
45513,timing-attack-dataset-25-micro-seconds-delay-2022-09-19,1,active,False,False,False,metadata:not_binary;n_samples_out_of_range;n_features_out_of_range;too_many_cells
45514,timing-attack-dataset-25-micro-seconds-delay-2022-09-20,1,active,False,False,False,metadata:not_binary;n_samples_out_of_range;n_features_out_of_range;too_many_cells
45515,timing-attack-dataset-25-micro-seconds-delay-2022-09-21,1,active,False,False,False,metadata:not_binary;n_samples_out_of_range;n_features_out_of_range;too_many_cells
45516,timing-attack-dataset-30-micro-seconds-delay-2022-09-04,1,active,False,False,False,metadata:not_binary;n_samples_out_of_range;n_features_out_of_range;too_many_cells
45517,timing-attack-dataset-30-micro-seconds-delay-2022-09-08,1,active,False,False,False,metadata:not_binary;n_samples_out_of_range;n_features_out_of_range;too_many_cells
45518,timing-attack-dataset-30-micro-seconds-delay-2022-09-09,1,active,False,False,False,metadata:not_binary;n_samples_out_of_range;n_features_out_of_range;too_many_cells
45519,timing-attack-dataset-30-micro-seconds-delay-2022-09-13,1,active,False,False,False,metadata:not_binary;n_samples_out_of_range;n_features_out_of_range;too_many_cells
45520,timing-attack-dataset-30-micro-seconds-delay-2022-09-14,1,active,False,False,False,metadata:not_binary;n_samples_out_of_range;n_features_out_of_range;too_many_cells
45521,timing-attack-dataset-30-micro-seconds-delay-2022-09-15,1,active,False,False,False,metadata:not_binary;n_samples_out_of_range;n_features_out_of_range;too_many_cells
45522,timing-attack-dataset-30-micro-seconds-delay-2022-09-18,1,active,False,False,False,metadata:not_binary;n_samples_out_of_range;n_features_out_of_range;too_many_cells
45523,timing-attack-dataset-30-micro-seconds-delay-2022-09-19,1,active,False,False,False,metadata:not_binary;n_samples_out_of_range;n_features_out_of_range;too_many_cells
45524,timing-attack-dataset-30-micro-seconds-delay-2022-09-20,1,active,False,False,False,metadata:not_binary;n_samples_out_of_range;n_features_out_of_range;too_many_cells
45525,timing-attack-dataset-30-micro-seconds-delay-2022-09-21,1,active,False,False,False,metadata:not_binary;n_samples_out_of_range;n_features_out_of_range;too_many_cells
45526,timing-attack-dataset-35-micro-seconds-delay-2022-09-04,1,active,False,False,False,metadata:not_binary;n_samples_out_of_range;n_features_out_of_range;too_many_cells
45527,timing-attack-dataset-35-micro-seconds-delay-2022-09-08,1,active,False,False,False,metadata:not_binary;n_samples_out_of_range;n_features_out_of_range;too_many_cells
45528,timing-attack-dataset-35-micro-seconds-delay-2022-09-09,1,active,False,False,False,metadata:not_binary;n_samples_out_of_range;n_features_out_of_range;too_many_cells
45529,timing-attack-dataset-35-micro-seconds-delay-2022-09-13,1,active,False,False,False,metadata:not_binary;n_samples_out_of_range;n_features_out_of_range;too_many_cells
45530,timing-attack-dataset-35-micro-seconds-delay-2022-09-14,1,active,False,False,False,metadata:not_binary;n_samples_out_of_range;n_features_out_of_range;too_many_cells
45531,timing-attack-dataset-35-micro-seconds-delay-2022-09-15,1,active,False,False,False,metadata:not_binary;n_samples_out_of_range;n_features_out_of_range;too_many_cells
45532,timing-attack-dataset-35-micro-seconds-delay-2022-09-18,1,active,False,False,False,metadata:not_binary;n_samples_out_of_range;n_features_out_of_range;too_many_cells
45533,timing-attack-dataset-35-micro-seconds-delay-2022-09-19,1,active,False,False,False,metadata:not_binary;n_samples_out_of_range;n_features_out_of_range;too_many_cells
45534,timing-attack-dataset-35-micro-seconds-delay-2022-09-20,1,active,False,False,False,metadata:not_binary;n_samples_out_of_range;n_features_out_of_range;too_many_cells
45535,timing-attack-dataset-35-micro-seconds-delay-2022-09-21,1,active,False,False,False,metadata:not_binary;n_samples_out_of_range;n_features_out_of_range;too_many_cells
45536,Contaminant-detection-in-packaged-cocoa-hazelnut-spread-jars-using-Microwaves-Sensing-and-Machine-Learning-9.0GHz(Urbinati),1,active,False,False,False,metadata:not_binary;meta_missing:MinorityClassSize
45537,Contaminant-detection-in-packaged-cocoa-hazelnut-spread-jars-using-Microwaves-Sensing-and-Machine-Learning-9.5GHz(Urbinati),1,active,False,False,False,metadata:not_binary;meta_missing:MinorityClassSize
45538,Contaminant-detection-in-packaged-cocoa-hazelnut-spread-jars-using-Microwaves-Sensing-and-Machine-Learning-10.0GHz(Urbinati),1,active,False,False,False,metadata:not_binary;meta_missing:MinorityClassSize
45539,Contaminant-detection-in-packaged-cocoa-hazelnut-spread-jars-using-Microwaves-Sensing-and-Machine-Learning-10.5GHz(Urbinati),1,active,False,False,False,metadata:not_binary;meta_missing:MinorityClassSize
45540,Contaminant-detection-in-packaged-cocoa-hazelnut-spread-jars-using-Microwaves-Sensing-and-Machine-Learning-11.0GHz(Urbinati),1,active,False,False,False,metadata:not_binary;meta_missing:MinorityClassSize
45545,Tour-and-Travels-Customer-Churn-Prediction,1,active,False,False,False,metadata:has_missing_values;non_numeric_features
45547,Cardiovascular-Disease-dataset,1,active,False,False,False,metadata:non_numeric_features;n_samples_out_of_range;too_many_cells
45548,Otto-Group-Product-Classification-Challenge,1,active,False,False,False,metadata:not_binary;n_samples_out_of_range;too_many_cells
45549,ATLAS-Higgs-Boson-Machine-Learning-Challenge-2014,1,active,False,False,False,metadata:n_samples_out_of_range;too_many_cells
45550,ATLAS-Higgs-Boson-Machine-Learning-Challenge-2014,2,active,False,False,False,metadata:has_missing_values;n_samples_out_of_range;too_many_cells
45551,ATLAS-Higgs-Boson-Machine-Learning-Challenge-2014,3,active,False,False,False,metadata:has_missing_values;n_samples_out_of_range;too_many_cells
45553,FICO-HELOC-cleaned,1,active,False,False,False,metadata:non_numeric_features;n_samples_out_of_range;too_many_cells
45554,FICO-HELOC-cleaned,2,active,False,False,False,metadata:has_missing_values;non_numeric_features;n_samples_out_of_range;too_many_cells
45556,Click,1,active,False,False,False,metadata:n_samples_out_of_range;too_many_cells
45557,Mammographic-Mass-Data-Set,2,active,False,False,False,metadata:has_missing_values;non_numeric_features
45558,Pulsar-Dataset-HTRU2,2,active,False,False,False,metadata:n_samples_out_of_range
45559,COIL2000-train,1,active,False,False,False,metadata:not_binary;non_numeric_features;n_samples_out_of_range;too_many_cells;meta_missing:MinorityClassSize
45560,online-shoppers-intention,2,active,False,False,False,metadata:non_numeric_features;n_samples_out_of_range;too_many_cells
45562,seismic-bumps,3,active,False,False,False,metadata:non_numeric_features
45563,Dota2-Games-Results-Data-Set,1,active,False,False,False,metadata:non_numeric_features;n_samples_out_of_range;n_features_out_of_range;too_many_cells
45565,Adult-Census-Income,2,active,False,False,False,metadata:meta_missing:NumberOfClasses;has_missing_values;non_numeric_features;n_samples_out_of_range;too_many_cells;meta_missing:MinorityClassSize
45566,SantanderCustomerSatisfaction,3,active,False,False,False,metadata:n_samples_out_of_range;n_features_out_of_range;too_many_cells
45567,hcdr_main,1,active,False,False,False,metadata:has_missing_values;non_numeric_features;n_samples_out_of_range;n_features_out_of_range;too_many_cells
45568,telco-customer-churn,2,active,False,False,False,metadata:has_missing_values;non_numeric_features;n_samples_out_of_range
45569,DBLP-QuAD,1,active,False,False,False,metadata:not_binary;non_numeric_features;n_samples_out_of_range;minority_too_small
45570,Higgs,8,active,False,False,False,metadata:n_samples_out_of_range;too_many_cells
45573,HotpotQA_distractor,1,active,False,False,False,metadata:meta_missing:NumberOfClasses;n_samples_out_of_range;too_many_cells;meta_missing:MinorityClassSize
45574,web_questions,2,active,False,False,False,metadata:meta_missing:NumberOfClasses;n_samples_out_of_range;meta_missing:MinorityClassSize
45575,Epsilon,1,active,False,False,False,metadata:n_samples_out_of_range;n_features_out_of_range;too_many_cells
45577,Give-Me-Some-Credit,1,active,False,False,False,metadata:has_missing_values;n_samples_out_of_range;too_many_cells
45578,California-Housing-Classification,1,active,False,False,False,metadata:n_samples_out_of_range;too_many_cells
45579,Microsoft,2,active,False,False,False,metadata:not_binary;n_samples_out_of_range;n_features_out_of_range;too_many_cells
45580,churn-uplift-mlg,1,active,False,False,False,metadata:not_binary;n_samples_out_of_range;n_features_out_of_range;too_many_cells;meta_missing:MinorityClassSize
45581,cleaned-Edge-IIoTset,1,active,False,False,False,metadata:meta_missing:NumberOfClasses;n_samples_out_of_range;too_many_cells;meta_missing:MinorityClassSize
45582,cleaned-Edge-IIoTset,2,active,False,False,False,metadata:meta_missing:NumberOfClasses;non_numeric_features;n_samples_out_of_range;too_many_cells;meta_missing:MinorityClassSize
45583,click,1,active,False,False,False,metadata:non_numeric_features;n_samples_out_of_range;too_many_cells
45584,Weather,20,active,False,False,False,metadata:non_numeric_features;n_samples_out_of_range;minority_too_small
45585,Weather,21,active,False,False,False,metadata:non_numeric_features;n_samples_out_of_range;minority_too_small
45586,Bank-Churn,1,active,False,False,False,metadata:not_binary;n_samples_out_of_range;meta_missing:MinorityClassSize
45587,Weather,22,active,False,False,False,metadata:non_numeric_features;n_samples_out_of_range;minority_too_small
45588,appendicitis_test,1,active,False,False,False,metadata:not_binary;n_samples_out_of_range;meta_missing:MinorityClassSize
45589,appendicitis_test,2,active,False,False,False,metadata:not_binary;n_samples_out_of_range;meta_missing:MinorityClassSize
45590,Weather,23,active,False,False,False,metadata:non_numeric_features;n_samples_out_of_range;minority_too_small
45591,appendicitis_test_edsa,1,active,False,False,False,metadata:not_binary;n_samples_out_of_range;meta_missing:MinorityClassSize
45592,Student-Scores,1,active,False,False,False,metadata:not_binary;n_samples_out_of_range;meta_missing:MinorityClassSize
45593,Weather,24,active,False,False,False,metadata:non_numeric_features;n_samples_out_of_range;minority_too_small
45594,Weather,25,active,False,False,False,metadata:non_numeric_features;n_samples_out_of_range;minority_too_small
45595,Weather,26,active,False,False,False,metadata:non_numeric_features;n_samples_out_of_range;minority_too_small
45596,Weather,27,active,False,False,False,metadata:non_numeric_features;n_samples_out_of_range;minority_too_small
45597,Weather,28,active,False,False,False,metadata:non_numeric_features;n_samples_out_of_range;minority_too_small
45598,Weather,29,active,False,False,False,metadata:non_numeric_features;n_samples_out_of_range;minority_too_small
45599,Weather,30,active,False,False,False,metadata:non_numeric_features;n_samples_out_of_range;minority_too_small
45600,Weather,31,active,False,False,False,metadata:non_numeric_features;n_samples_out_of_range;minority_too_small
45601,Weather,32,active,False,False,False,metadata:non_numeric_features;n_samples_out_of_range;minority_too_small
45602,Weather,33,active,False,False,False,metadata:non_numeric_features;n_samples_out_of_range;minority_too_small
45603,Child_Growth,1,active,False,False,False,metadata:meta_missing:NumberOfClasses;n_samples_out_of_range;too_many_cells;meta_missing:MinorityClassSize
45604,dummy,1,active,True,True,True,
45605,Weather,34,active,False,False,False,metadata:non_numeric_features;n_samples_out_of_range;minority_too_small
45606,Weather,35,active,False,False,False,metadata:non_numeric_features;n_samples_out_of_range;minority_too_small
45607,Weather,36,active,False,False,False,metadata:non_numeric_features;n_samples_out_of_range;minority_too_small
45608,Weather,37,active,False,False,False,metadata:non_numeric_features;n_samples_out_of_range;minority_too_small
45609,Weather,38,active,False,False,False,metadata:non_numeric_features;n_samples_out_of_range;minority_too_small
45610,Weather-Test,1,active,False,False,False,metadata:non_numeric_features;n_samples_out_of_range;minority_too_small
45611,Weather-Test,2,active,False,False,False,metadata:non_numeric_features;n_samples_out_of_range;minority_too_small
45612,Weather,39,active,False,False,False,metadata:non_numeric_features;n_samples_out_of_range;minority_too_small
45613,appendicitis_test_edsa,2,active,False,False,False,metadata:n_samples_out_of_range;minority_too_small
45614,Weather,40,active,False,False,False,metadata:non_numeric_features;n_samples_out_of_range;minority_too_small
45615,appendicitis_test_edsa,3,active,False,False,False,metadata:n_samples_out_of_range;minority_too_small
45616,Weather,41,active,False,False,False,metadata:non_numeric_features;n_samples_out_of_range;minority_too_small
45617,SquareF,1,active,False,False,False,metadata:not_binary;n_features_out_of_range;meta_missing:MinorityClassSize
45618,Weather,42,active,False,False,False,metadata:non_numeric_features;n_samples_out_of_range;minority_too_small
45619,Weather,43,active,False,False,False,metadata:non_numeric_features;n_samples_out_of_range;minority_too_small
45620,Weather,44,active,False,False,False,metadata:non_numeric_features;n_samples_out_of_range;minority_too_small
45621,Weather,45,active,False,False,False,metadata:non_numeric_features;n_samples_out_of_range;minority_too_small
45622,Weather,46,active,False,False,False,metadata:non_numeric_features;n_samples_out_of_range;minority_too_small
45623,Weather,47,active,False,False,False,metadata:non_numeric_features;n_samples_out_of_range;minority_too_small
45624,Weather,48,active,False,False,False,metadata:non_numeric_features;n_samples_out_of_range;minority_too_small
45625,Weather,49,active,False,False,False,metadata:non_numeric_features;n_samples_out_of_range;minority_too_small
45626,Weather,50,active,False,False,False,metadata:non_numeric_features;n_samples_out_of_range;minority_too_small
45627,Weather,51,active,False,False,False,metadata:non_numeric_features;n_samples_out_of_range;minority_too_small
45646,rossmann_store_sales_processed,1,active,False,False,False,metadata:not_binary;non_numeric_features;n_samples_out_of_range;too_many_cells
45647,rossmann_store_sales,1,active,False,False,False,metadata:not_binary;non_numeric_features;n_samples_out_of_range;too_many_cells;meta_missing:MinorityClassSize
45648,MIC,1,active,False,False,False,metadata:non_numeric_features;n_features_out_of_range;too_many_cells
45650,test,12,active,False,False,False,metadata:not_binary;n_samples_out_of_range;meta_missing:MinorityClassSize
45651,test,13,active,False,False,False,metadata:not_binary;n_samples_out_of_range;meta_missing:MinorityClassSize
45652,test,14,active,False,False,False,metadata:not_binary;n_samples_out_of_range;meta_missing:MinorityClassSize
45653,test,15,active,False,False,False,metadata:not_binary;n_samples_out_of_range;meta_missing:MinorityClassSize
45654,bates_classif_20,1,active,False,False,False,metadata:n_samples_out_of_range;too_many_cells
45655,bates_regr_20,1,active,False,False,False,metadata:not_binary;n_samples_out_of_range;too_many_cells;meta_missing:MinorityClassSize
45656,simulated_adult,1,active,False,False,False,metadata:has_missing_values;non_numeric_features;n_samples_out_of_range;too_many_cells
45657,simulated_bank_marketing,1,active,False,False,False,metadata:not_binary;has_missing_values;non_numeric_features;n_samples_out_of_range;too_many_cells;meta_missing:MinorityClassSize
45658,simulated_covertype,2,active,False,False,False,metadata:not_binary;n_samples_out_of_range;too_many_cells;meta_missing:MinorityClassSize
45659,simulated_diamonds,2,active,False,False,False,metadata:not_binary;has_missing_values;non_numeric_features;n_samples_out_of_range;too_many_cells;meta_missing:MinorityClassSize
45660,simulated_electricity,2,active,False,False,False,metadata:n_samples_out_of_range;too_many_cells
45661,simulated_physiochemical_protein,2,active,False,False,False,metadata:not_binary;n_samples_out_of_range;too_many_cells;meta_missing:MinorityClassSize
45662,simulated_sgemm_gpu_kernel_performance,2,active,False,False,False,metadata:not_binary;n_samples_out_of_range;too_many_cells;meta_missing:MinorityClassSize
45663,simulated_video_transcoding,1,active,False,False,False,metadata:not_binary;has_missing_values;non_numeric_features;n_samples_out_of_range;too_many_cells;meta_missing:MinorityClassSize
45664,subset_higgs,2,active,False,False,False,metadata:not_binary;n_samples_out_of_range;too_many_cells;meta_missing:MinorityClassSize
45665,colon,2,active,False,False,False,metadata:n_samples_out_of_range;too_many_cells
45666,friedman1,1,active,False,False,False,metadata:not_binary;n_samples_out_of_range;too_many_cells;meta_missing:MinorityClassSize
45667,bates_regr_100,1,active,False,False,False,metadata:not_binary;n_samples_out_of_range;too_many_cells;meta_missing:MinorityClassSize
45668,bates_classif_100,1,active,False,False,False,metadata:n_samples_out_of_range;too_many_cells
45669,breast,4,active,False,False,False,metadata:n_samples_out_of_range;too_many_cells
45670,chen_10_null,1,active,False,False,False,metadata:not_binary;n_samples_out_of_range;too_many_cells;meta_missing:MinorityClassSize
45671,chen_10,1,active,False,False,False,metadata:not_binary;n_samples_out_of_range;too_many_cells;meta_missing:MinorityClassSize
45672,prostate,2,active,False,False,False,metadata:n_samples_out_of_range;n_features_out_of_range;too_many_cells
45674,a,2,active,False,False,False,metadata:meta_missing:NumberOfClasses;n_samples_out_of_range;meta_missing:MinorityClassSize
45686,cylinder-bands,3,active,False,False,False,metadata:has_missing_values;non_numeric_features
45687,schizo,2,active,False,False,False,metadata:has_missing_values;non_numeric_features
45688,teachingAssistant,2,active,False,False,False,metadata:not_binary;non_numeric_features;n_samples_out_of_range
45689,simulated_adult,2,active,False,False,False,metadata:non_numeric_features;n_samples_out_of_range;too_many_cells
45690,simulated_bank_marketing,2,active,False,False,False,metadata:not_binary;non_numeric_features;n_samples_out_of_range;too_many_cells;meta_missing:MinorityClassSize
45691,simulated_covertype,3,active,False,False,False,metadata:not_binary;n_samples_out_of_range;too_many_cells;meta_missing:MinorityClassSize
45692,simulated_diamonds,3,active,False,False,False,metadata:not_binary;non_numeric_features;n_samples_out_of_range;too_many_cells;meta_missing:MinorityClassSize
45693,simulated_electricity,3,active,False,False,False,metadata:n_samples_out_of_range;too_many_cells
45694,simulated_physiochemical_protein,3,active,False,False,False,metadata:not_binary;n_samples_out_of_range;too_many_cells;meta_missing:MinorityClassSize
45695,simulated_sgemm_gpu_kernel_performance,3,active,False,False,False,metadata:not_binary;n_samples_out_of_range;too_many_cells;meta_missing:MinorityClassSize
45696,simulated_video_transcoding,2,active,False,False,False,metadata:not_binary;non_numeric_features;n_samples_out_of_range;too_many_cells;meta_missing:MinorityClassSize
45699,simulated_bank_marketing,3,active,False,False,False,metadata:not_binary;non_numeric_features;n_samples_out_of_range;too_many_cells;meta_missing:MinorityClassSize
45700,simulated_covertype,4,active,False,False,False,metadata:not_binary;n_samples_out_of_range;too_many_cells;meta_missing:MinorityClassSize
45701,simulated_bank_marketing,4,active,False,False,False,metadata:not_binary;non_numeric_features;n_samples_out_of_range;too_many_cells;meta_missing:MinorityClassSize
45702,simulated_covertype,5,active,False,False,False,metadata:not_binary;n_samples_out_of_range;too_many_cells;meta_missing:MinorityClassSize
45703,simulated_bank_marketing,5,active,False,False,False,metadata:non_numeric_features;n_samples_out_of_range;too_many_cells
45704,simulated_covertype,6,active,False,False,False,metadata:n_samples_out_of_range;too_many_cells
45705,cylinder-bands,4,active,False,False,False,metadata:has_missing_values;non_numeric_features
45706,cylinder-bands,5,active,False,False,False,metadata:has_missing_values;non_numeric_features
45707,cylinder-bands,6,active,False,False,False,metadata:has_missing_values;non_numeric_features
45711,doa_bwin,3,active,False,False,False,metadata:non_numeric_features
45712,doa_bwin_balanced,1,active,False,False,False,metadata:non_numeric_features
45714,PriceRunner,3,active,False,False,False,metadata:not_binary;non_numeric_features;n_samples_out_of_range;too_many_cells
45716,ThermalPowerConsumptionMarsExpress60,1,active,False,False,False,metadata:meta_missing:NumberOfClasses;has_missing_values;n_samples_out_of_range;n_features_out_of_range;too_many_cells;meta_missing:MinorityClassSize
45717,bwin_amlb,1,active,False,False,False,metadata:non_numeric_features
45718,3D_Estimation_using_RSSI_of_WLAN_dataset,1,active,False,False,False,metadata:not_binary;n_samples_out_of_range;meta_missing:MinorityClassSize
45719,3D_Estimation_using_RSSI_of_WLAN_dataset_complete,1,active,False,False,False,metadata:meta_missing:NumberOfClasses;n_samples_out_of_range;too_many_cells;meta_missing:MinorityClassSize
45720,3D_Estimation_using_RSSI_of_WLAN_dataset_complete_1_target,1,active,False,False,False,metadata:not_binary;n_samples_out_of_range;too_many_cells;meta_missing:MinorityClassSize
45727,letter,4,active,False,False,False,metadata:meta_missing:NumberOfClasses;non_numeric_features;n_samples_out_of_range;too_many_cells;meta_missing:MinorityClassSize
45732,MABL,1,active,False,False,False,metadata:not_binary;n_samples_out_of_range;minority_too_small
45734,sushi,1,active,False,False,False,metadata:meta_missing:NumberOfClasses;non_numeric_features;n_features_out_of_range;too_many_cells;meta_missing:MinorityClassSize
45735,movies,2,active,False,False,False,metadata:meta_missing:NumberOfClasses;non_numeric_features;meta_missing:MinorityClassSize
45736,libras,3,active,False,False,False,metadata:meta_missing:NumberOfClasses;non_numeric_features;n_features_out_of_range;meta_missing:MinorityClassSize
45737,yeast,12,active,False,False,False,metadata:meta_missing:NumberOfClasses;non_numeric_features;meta_missing:MinorityClassSize
45738,movies,3,active,False,False,False,metadata:meta_missing:NumberOfClasses;non_numeric_features;meta_missing:MinorityClassSize
45739,covertype,14,active,False,False,False,metadata:n_samples_out_of_range;too_many_cells
45741,beans,1,active,False,False,False,metadata:meta_missing:NumberOfClasses;non_numeric_features;n_samples_out_of_range;too_many_cells;meta_missing:MinorityClassSize
45742,covertype,15,active,False,False,False,metadata:not_binary;has_missing_values;n_samples_out_of_range;too_many_cells;meta_missing:MinorityClassSize
45743,covertype,16,active,False,False,False,metadata:not_binary;has_missing_values;n_samples_out_of_range;too_many_cells;meta_missing:MinorityClassSize
45744,CookbookReviews,1,active,False,False,False,metadata:not_binary;has_missing_values;n_samples_out_of_range;too_many_cells;meta_missing:MinorityClassSize
45745,TestDatasetOfLocations,1,active,False,False,False,metadata:n_samples_out_of_range;too_many_cells
45746,cardiotocography,5,active,False,False,False,metadata:meta_missing:NumberOfClasses;non_numeric_features;meta_missing:MinorityClassSize
45747,test,16,active,False,False,False,metadata:meta_missing:NumberOfClasses;n_samples_out_of_range;too_many_cells;meta_missing:MinorityClassSize
45748,StudentsPerformance,2,active,True,True,False,non_numeric_features
45749,DrinkDataset,1,active,False,False,False,metadata:meta_missing:NumberOfClasses;n_samples_out_of_range;too_many_cells;meta_missing:MinorityClassSize
45755,algae,1,active,False,False,False,metadata:meta_missing:NumberOfClasses;meta_missing:MinorityClassSize
45761,Amphibian,1,active,False,False,False,metadata:not_binary;n_samples_out_of_range;meta_missing:MinorityClassSize
45913,padding-attack-dataset-OpenSSL-1.1.1k-2021-07-23,1,active,False,False,False,metadata:not_binary;has_missing_values;n_samples_out_of_range;n_features_out_of_range;too_many_cells
45914,padding-attack-dataset-DamnVulnerableOpenSSL-2023-04-28,1,active,False,False,False,metadata:not_binary;n_samples_out_of_range;too_many_cells
45915,padding-attack-dataset-OpenSSL097a-2023-04-28,1,active,False,False,False,metadata:not_binary;has_missing_values;n_samples_out_of_range;n_features_out_of_range;too_many_cells
45916,padding-attack-dataset-OpenSSL097b-2023-04-28,1,active,False,False,False,metadata:not_binary;has_missing_values;n_samples_out_of_range;n_features_out_of_range;too_many_cells
45917,padding-attack-dataset-OpenSSL111t-2023-04-28,1,active,False,False,False,metadata:not_binary;n_samples_out_of_range;too_many_cells
45918,padding-attack-dataset-cisco-2023-12-04,1,active,False,False,False,metadata:not_binary;has_missing_values;n_samples_out_of_range;n_features_out_of_range;too_many_cells
45919,padding-attack-dataset-facebook-2023-12-05,1,active,False,False,False,metadata:not_binary;has_missing_values;n_samples_out_of_range;n_features_out_of_range;too_many_cells
45920,padding-attack-dataset-netscalergcm-2023-12-13,1,active,False,False,False,metadata:not_binary;has_missing_values;n_samples_out_of_range;n_features_out_of_range;too_many_cells
45921,padding-attack-dataset-panos-2023-12-13,1,active,False,False,False,metadata:not_binary;has_missing_values;n_samples_out_of_range;n_features_out_of_range;too_many_cells
45922,Test_Dataset,8,active,False,False,False,metadata:n_samples_out_of_range
45923,IndoorScenes,1,active,False,False,False,metadata:not_binary;n_samples_out_of_range
45924,test,17,active,False,False,False,metadata:meta_missing:NumberOfClasses;n_samples_out_of_range;n_features_out_of_range;meta_missing:MinorityClassSize
45925,test,18,active,False,False,False,metadata:meta_missing:NumberOfClasses;n_samples_out_of_range;meta_missing:MinorityClassSize
45926,test,19,active,False,False,False,metadata:meta_missing:NumberOfClasses;meta_missing:MinorityClassSize
45927,Products,1,active,False,False,False,metadata:not_binary;non_numeric_features;n_samples_out_of_range;too_many_cells
45928,Ortho3view,1,active,False,False,False,metadata:meta_missing:NumberOfClasses;has_missing_values;n_samples_out_of_range;meta_missing:MinorityClassSize
45929,DATASETBANK,1,active,False,False,False,metadata:meta_missing:NumberOfClasses;meta_missing:MinorityClassSize
45930,AutoDescDataset,1,active,False,False,False,metadata:meta_missing:NumberOfClasses;non_numeric_features;n_samples_out_of_range;too_many_cells;meta_missing:MinorityClassSize
45932,RCM,2,active,False,False,False,metadata:meta_missing:NumberOfClasses;has_missing_values;n_samples_out_of_range;meta_missing:MinorityClassSize
45933,HousingPrices,1,active,False,False,False,metadata:meta_missing:NumberOfClasses;has_missing_values;meta_missing:MinorityClassSize
45934,HousingPrices,2,active,False,False,False,metadata:meta_missing:NumberOfClasses;has_missing_values;meta_missing:MinorityClassSize
45935,FX-CAD-USD,1,active,False,False,False,metadata:meta_missing:NumberOfClasses;meta_missing:MinorityClassSize
45936,IndoorScenes,2,active,False,False,False,metadata:not_binary;non_numeric_features;n_samples_out_of_range
45938,credit-score-classification-Hzl,1,active,False,False,False,metadata:not_binary;has_missing_values;n_samples_out_of_range;too_many_cells
45939,132,1,active,True,True,False,non_numeric_features
45940,LoginDataForCE,1,active,False,False,False,metadata:meta_missing:NumberOfClasses;meta_missing:MinorityClassSize
45941,User-Ravi,1,active,False,False,False,metadata:meta_missing:NumberOfClasses;has_missing_values;meta_missing:MinorityClassSize
45942,User-Ravi,2,active,False,False,False,metadata:meta_missing:NumberOfClasses;has_missing_values;meta_missing:MinorityClassSize
45943,bla,1,active,False,False,False,metadata:meta_missing:NumberOfClasses;non_numeric_features;meta_missing:MinorityClassSize
45944,,1,active,False,False,False,metadata:meta_missing:NumberOfClasses;has_missing_values;non_numeric_features;n_samples_out_of_range;too_many_cells;meta_missing:MinorityClassSize
45945,Jeepneys,1,active,False,False,False,metadata:meta_missing:NumberOfClasses;has_missing_values;meta_missing:MinorityClassSize
45946,Jeepneys,2,active,False,False,False,metadata:meta_missing:NumberOfClasses;has_missing_values;meta_missing:MinorityClassSize
45947,Jeepneys,3,active,False,False,False,metadata:meta_missing:NumberOfClasses;has_missing_values;meta_missing:MinorityClassSize
45948,Electric_Vehicles,1,active,False,False,False,metadata:meta_missing:NumberOfClasses;has_missing_values;non_numeric_features;n_samples_out_of_range;too_many_cells;meta_missing:MinorityClassSize
45949,Heart_Failure_Prediction_-_Clinical_Records_,1,active,False,False,False,metadata:meta_missing:NumberOfClasses;meta_missing:MinorityClassSize
45950,Heart_Failure_Prediction,1,active,False,False,False,metadata:meta_missing:NumberOfClasses;meta_missing:MinorityClassSize
45951,Lichess_Games_Dataset,1,active,False,False,False,metadata:meta_missing:NumberOfClasses;non_numeric_features;n_samples_out_of_range;too_many_cells;meta_missing:MinorityClassSize
45952,Linkedin_Job_Postings,1,active,False,False,False,metadata:meta_missing:NumberOfClasses;has_missing_values;non_numeric_features;n_samples_out_of_range;too_many_cells;meta_missing:MinorityClassSize
45954,Crime_Data_from_2020_to_present_in_Los_Angeles,1,active,False,False,False,metadata:meta_missing:NumberOfClasses;has_missing_values;n_samples_out_of_range;too_many_cells;meta_missing:MinorityClassSize
45955,Credit_Card_Fraud_,1,active,False,False,False,metadata:meta_missing:NumberOfClasses;n_samples_out_of_range;too_many_cells;meta_missing:MinorityClassSize
45956,Laboratorio_dataset_car,3,active,False,False,False,metadata:meta_missing:NumberOfClasses;meta_missing:MinorityClassSize
45957,Trina,1,active,False,False,False,metadata:meta_missing:NumberOfClasses;n_samples_out_of_range;too_many_cells;meta_missing:MinorityClassSize
45958,Trina,2,active,False,False,False,metadata:meta_missing:NumberOfClasses;n_samples_out_of_range;too_many_cells;meta_missing:MinorityClassSize
45959,Trina,3,active,False,False,False,metadata:meta_missing:NumberOfClasses;n_samples_out_of_range;too_many_cells;meta_missing:MinorityClassSize
45960,Trina,4,active,False,False,False,metadata:meta_missing:NumberOfClasses;n_samples_out_of_range;too_many_cells;meta_missing:MinorityClassSize
45961,(Non-)depressive_tweet_data,1,active,False,False,False,metadata:meta_missing:NumberOfClasses;has_missing_values;n_samples_out_of_range;too_many_cells;meta_missing:MinorityClassSize
45962,(Non-)depressive_tweet_data,2,active,False,False,False,metadata:meta_missing:NumberOfClasses;has_missing_values;n_samples_out_of_range;too_many_cells;meta_missing:MinorityClassSize
45966,BraidFlow,1,active,False,False,False,metadata:not_binary;has_missing_values;non_numeric_features;n_samples_out_of_range;n_features_out_of_range;minority_too_small
45968,BraidFlowSessionLevel,1,active,False,False,False,metadata:not_binary;non_numeric_features;n_features_out_of_range;too_many_cells
45969,Obesity,1,active,False,False,False,metadata:meta_missing:NumberOfClasses;non_numeric_features;meta_missing:MinorityClassSize
45970,CrypAnalysis,1,active,False,False,False,metadata:meta_missing:NumberOfClasses;n_samples_out_of_range;too_many_cells;meta_missing:MinorityClassSize
45972,BTC,1,active,False,False,False,metadata:meta_missing:NumberOfClasses;has_missing_values;n_samples_out_of_range;too_many_cells;meta_missing:MinorityClassSize
46000,flycraft-demonstrations,1,active,False,False,False,metadata:meta_missing:NumberOfClasses;n_samples_out_of_range;too_many_cells;meta_missing:MinorityClassSize
46001,GPT-Tweets,1,active,False,False,False,metadata:meta_missing:NumberOfClasses;n_samples_out_of_range;too_many_cells;meta_missing:MinorityClassSize
46002,GPT-Tweets,2,active,False,False,False,metadata:meta_missing:NumberOfClasses;n_samples_out_of_range;too_many_cells;meta_missing:MinorityClassSize
46003,GPT-Tweets,3,active,False,False,False,metadata:meta_missing:NumberOfClasses;n_samples_out_of_range;too_many_cells;meta_missing:MinorityClassSize
46004,GPT-Tweets,4,active,False,False,False,metadata:meta_missing:NumberOfClasses;n_samples_out_of_range;too_many_cells;meta_missing:MinorityClassSize
46005,GPT-Tweets,5,active,False,False,False,metadata:meta_missing:NumberOfClasses;n_samples_out_of_range;too_many_cells;meta_missing:MinorityClassSize
46006,GPT-Tweets,6,active,False,False,False,metadata:meta_missing:NumberOfClasses;n_samples_out_of_range;too_many_cells;meta_missing:MinorityClassSize
46007,GPT-Tweets,7,active,False,False,False,metadata:meta_missing:NumberOfClasses;n_samples_out_of_range;too_many_cells;meta_missing:MinorityClassSize
46008,GPT-Tweets,8,active,False,False,False,metadata:meta_missing:NumberOfClasses;n_samples_out_of_range;too_many_cells;meta_missing:MinorityClassSize
46009,GPT-Tweets,9,active,False,False,False,metadata:meta_missing:NumberOfClasses;n_samples_out_of_range;too_many_cells;meta_missing:MinorityClassSize
46010,GPT-Tweets,10,active,False,False,False,metadata:meta_missing:NumberOfClasses;n_samples_out_of_range;too_many_cells;meta_missing:MinorityClassSize
46011,flycraft-demonstrations,2,active,False,False,False,metadata:meta_missing:NumberOfClasses;n_samples_out_of_range;too_many_cells;meta_missing:MinorityClassSize
46012,flycraft-demonstrations,3,active,False,False,False,metadata:meta_missing:NumberOfClasses;n_samples_out_of_range;too_many_cells;meta_missing:MinorityClassSize
46013,flycraft-demonstrations,4,active,False,False,False,metadata:meta_missing:NumberOfClasses;n_samples_out_of_range;too_many_cells;meta_missing:MinorityClassSize
46014,flycraft-demonstrations,5,active,False,False,False,metadata:meta_missing:NumberOfClasses;n_samples_out_of_range;too_many_cells;meta_missing:MinorityClassSize
46015,flycraft-demonstrations,6,active,False,False,False,metadata:meta_missing:NumberOfClasses;n_samples_out_of_range;too_many_cells;meta_missing:MinorityClassSize
46016,flycraft-demonstrations,7,active,False,False,False,metadata:meta_missing:NumberOfClasses;n_samples_out_of_range;too_many_cells;meta_missing:MinorityClassSize
46017,flycraft-demonstrations,8,active,False,False,False,metadata:meta_missing:NumberOfClasses;n_samples_out_of_range;too_many_cells;meta_missing:MinorityClassSize
46019,crop.data,1,active,False,False,False,metadata:meta_missing:NumberOfClasses;n_samples_out_of_range;meta_missing:MinorityClassSize
46025,Stylized_Meta_Album_APL_STY_Extended,1,active,False,False,False,metadata:not_binary;n_samples_out_of_range;too_many_cells
46026,Stylized_Meta_Album_APL_STY_Mini,2,active,False,False,False,metadata:not_binary;n_samples_out_of_range
46027,Stylized_Meta_Album_APL_Extended,1,active,False,False,False,metadata:not_binary;n_samples_out_of_range;n_features_out_of_range
46028,Stylized_Meta_Album_APL_Mini,1,active,False,False,False,metadata:not_binary;n_features_out_of_range
46029,Stylized_Meta_Album_AWA_STY_Extended,1,active,False,False,False,metadata:not_binary;n_samples_out_of_range;too_many_cells
46030,Stylized_Meta_Album_AWA_STY_Mini,1,active,False,False,False,metadata:not_binary;n_samples_out_of_range
46031,Stylized_Meta_Album_AWA_Extended,1,active,False,False,False,metadata:not_binary;n_samples_out_of_range;n_features_out_of_range
46032,Stylized_Meta_Album_AWA_Mini,1,active,False,False,False,metadata:not_binary;n_features_out_of_range
46033,Stylized_Meta_Album_BRD_STY_Extended,1,active,False,False,False,metadata:not_binary;n_samples_out_of_range;too_many_cells
46034,Stylized_Meta_Album_BRD_STY_Mini,1,active,False,False,False,metadata:not_binary;n_samples_out_of_range
46035,Stylized_Meta_Album_BRD_Extended,1,active,False,False,False,metadata:not_binary;n_features_out_of_range
46036,Stylized_Meta_Album_BRD_Mini,1,active,False,False,False,metadata:not_binary;n_features_out_of_range
46037,Stylized_Meta_Album_DOG_STY_Extended,1,active,False,False,False,metadata:not_binary;n_samples_out_of_range;too_many_cells
46038,Stylized_Meta_Album_DOG_STY_Mini,1,active,False,False,False,metadata:not_binary;n_samples_out_of_range
46039,Stylized_Meta_Album_DOG_Extended,1,active,False,False,False,metadata:not_binary;n_features_out_of_range
46040,Stylized_Meta_Album_DOG_Mini,1,active,False,False,False,metadata:not_binary;n_features_out_of_range
46041,Stylized_Meta_Album_INS2_STY_Extended,1,active,False,False,False,metadata:not_binary;n_samples_out_of_range;too_many_cells
46042,Stylized_Meta_Album_INS2_STY_Mini,1,active,False,False,False,metadata:not_binary;n_samples_out_of_range
46043,Stylized_Meta_Album_INS2_Extended,1,active,False,False,False,metadata:not_binary;n_samples_out_of_range;n_features_out_of_range
46044,Stylized_Meta_Album_INS2_Mini,1,active,False,False,False,metadata:not_binary;n_features_out_of_range
46045,Stylized_Meta_Album_MED_LF_STY_Extended,1,active,False,False,False,metadata:not_binary;n_samples_out_of_range;too_many_cells
46046,Stylized_Meta_Album_MED_LF_STY_Mini,1,active,False,False,False,metadata:not_binary;n_samples_out_of_range
46047,Stylized_Meta_Album_MED_LF_Extended,1,active,False,False,False,metadata:not_binary;n_features_out_of_range
46048,Stylized_Meta_Album_MED_LF_Mini,1,active,False,False,False,metadata:not_binary;n_features_out_of_range
46049,Stylized_Meta_Album_PLT_DOC_STY_Extended,1,active,False,False,False,metadata:not_binary;n_samples_out_of_range;too_many_cells
46050,Stylized_Meta_Album_PLT_DOC_STY_Mini,1,active,False,False,False,metadata:not_binary;n_samples_out_of_range
46051,Stylized_Meta_Album_PLT_DOC_Extended,1,active,False,False,False,metadata:not_binary;n_features_out_of_range
46052,Stylized_Meta_Album_PLT_DOC_Mini,1,active,False,False,False,metadata:not_binary;n_features_out_of_range
46053,Stylized_Meta_Album_PLT_NET_STY_Extended,1,active,False,False,False,metadata:not_binary;n_samples_out_of_range;too_many_cells
46054,Stylized_Meta_Album_PLT_NET_STY_Mini,1,active,False,False,False,metadata:not_binary;n_samples_out_of_range
46055,Stylized_Meta_Album_PLT_NET_Extended,1,active,False,False,False,metadata:not_binary;n_samples_out_of_range;n_features_out_of_range
46056,Stylized_Meta_Album_PLT_NET_Mini,1,active,False,False,False,metadata:not_binary;n_features_out_of_range
46057,Stylized_Meta_Album_RESISC_STY_Extended,1,active,False,False,False,metadata:not_binary;n_samples_out_of_range;too_many_cells
46058,Stylized_Meta_Album_RESISC_STY_Mini,1,active,False,False,False,metadata:not_binary;n_samples_out_of_range
46060,Stylized_Meta_Album_RESISC_Extended,2,active,False,False,False,metadata:not_binary;n_samples_out_of_range;n_features_out_of_range
46061,Stylized_Meta_Album_RESISC_Mini,1,active,False,False,False,metadata:not_binary;n_features_out_of_range
46062,Stylized_Meta_Album_RSICB_STY_Extended,1,active,False,False,False,metadata:not_binary;n_samples_out_of_range;too_many_cells
46063,Stylized_Meta_Album_RSICB_STY_Mini,1,active,False,False,False,metadata:not_binary;n_samples_out_of_range
46064,Stylized_Meta_Album_RSICB_Extended,1,active,False,False,False,metadata:not_binary;n_samples_out_of_range;n_features_out_of_range
46065,Stylized_Meta_Album_RSICB_Mini,1,active,False,False,False,metadata:not_binary;n_features_out_of_range
46066,Stylized_Meta_Album_SPT_STY_Extended,1,active,False,False,False,metadata:not_binary;n_samples_out_of_range;too_many_cells
46067,Stylized_Meta_Album_SPT_STY_Mini,1,active,False,False,False,metadata:not_binary;n_samples_out_of_range
46068,Stylized_Meta_Album_SPT_Extended,1,active,False,False,False,metadata:not_binary;n_features_out_of_range
46069,Stylized_Meta_Album_SPT_Mini,1,active,False,False,False,metadata:not_binary;n_features_out_of_range
46070,Stylized_Meta_Album_TEX_DTD_STY_Extended,1,active,False,False,False,metadata:not_binary;n_samples_out_of_range;too_many_cells
46071,Stylized_Meta_Album_TEX_DTD_STY_Mini,1,active,False,False,False,metadata:not_binary;n_samples_out_of_range
46072,Stylized_Meta_Album_TEX_DTD_Extended,1,active,False,False,False,metadata:not_binary;n_features_out_of_range
46073,Stylized_Meta_Album_TEX_DTD_Mini,1,active,False,False,False,metadata:not_binary;n_features_out_of_range
46075,Marvel_Movies_Dataset,1,active,False,False,False,metadata:meta_missing:NumberOfClasses;non_numeric_features;n_samples_out_of_range;meta_missing:MinorityClassSize
46076,AIDS_Virus_Infection_Prediction,1,active,False,False,False,metadata:meta_missing:NumberOfClasses;n_samples_out_of_range;too_many_cells;meta_missing:MinorityClassSize
46077,Melbourne_Housing_Snapshot,1,active,False,False,False,metadata:meta_missing:NumberOfClasses;has_missing_values;non_numeric_features;n_samples_out_of_range;too_many_cells;meta_missing:MinorityClassSize
46078,Income_Adult_Predictor,1,active,False,False,False,metadata:meta_missing:NumberOfClasses;has_missing_values;non_numeric_features;n_samples_out_of_range;too_many_cells;meta_missing:MinorityClassSize
46079,Online_Sales,1,active,False,False,False,metadata:meta_missing:NumberOfClasses;non_numeric_features;meta_missing:MinorityClassSize
46080,Largest_Companies_in_the_World,1,active,False,False,False,metadata:meta_missing:NumberOfClasses;has_missing_values;n_samples_out_of_range;meta_missing:MinorityClassSize
46081,Dog_Breeds_Ranked,1,active,False,False,False,metadata:meta_missing:NumberOfClasses;non_numeric_features;n_samples_out_of_range;meta_missing:MinorityClassSize
46082,Thyroid_Disease,1,active,False,False,False,metadata:meta_missing:NumberOfClasses;non_numeric_features;meta_missing:MinorityClassSize
46084,Retail_Transaction_Dataset,1,active,False,False,False,metadata:meta_missing:NumberOfClasses;non_numeric_features;n_samples_out_of_range;too_many_cells;meta_missing:MinorityClassSize
46085,Water_Quality,1,active,False,False,False,metadata:meta_missing:NumberOfClasses;has_missing_values;n_samples_out_of_range;too_many_cells;meta_missing:MinorityClassSize
46087,Amazon_Prime_Fiction,1,active,False,False,False,metadata:meta_missing:NumberOfClasses;non_numeric_features;meta_missing:MinorityClassSize
46088,London_Bus_Safety,1,active,False,False,False,metadata:meta_missing:NumberOfClasses;non_numeric_features;n_samples_out_of_range;too_many_cells;meta_missing:MinorityClassSize
46089,,2,active,False,False,False,metadata:meta_missing:NumberOfClasses;non_numeric_features;n_samples_out_of_range;too_many_cells;meta_missing:MinorityClassSize
46090,Diversity_in_Tech_Companies,1,active,False,False,False,metadata:meta_missing:NumberOfClasses;has_missing_values;non_numeric_features;n_samples_out_of_range;meta_missing:MinorityClassSize
46094,Parkinson_Dataset,1,active,False,False,False,metadata:meta_missing:NumberOfClasses;non_numeric_features;n_samples_out_of_range;meta_missing:MinorityClassSize
46095,Financial_Allocations_Russia-Ukraine_War_2024,1,active,False,False,False,metadata:meta_missing:NumberOfClasses;has_missing_values;non_numeric_features;n_samples_out_of_range;meta_missing:MinorityClassSize
46096,Economic_Census_Delhi,1,active,False,False,False,metadata:meta_missing:NumberOfClasses;non_numeric_features;n_samples_out_of_range;too_many_cells;meta_missing:MinorityClassSize
46099,Phishing_Email_Dataset,1,active,False,False,False,metadata:meta_missing:NumberOfClasses;n_samples_out_of_range;n_features_out_of_range;meta_missing:MinorityClassSize
46101,FitBit_Sleep,1,active,False,False,False,metadata:meta_missing:NumberOfClasses;non_numeric_features;n_samples_out_of_range;too_many_cells;meta_missing:MinorityClassSize
46102,FitBit_Steps,1,active,False,False,False,metadata:meta_missing:NumberOfClasses;n_samples_out_of_range;too_many_cells;meta_missing:MinorityClassSize
46103,FitBit_HeartRate,1,active,False,False,False,metadata:meta_missing:NumberOfClasses;n_samples_out_of_range;too_many_cells;meta_missing:MinorityClassSize
46105,Oilst_Customers_Dataset,1,active,False,False,False,metadata:meta_missing:NumberOfClasses;non_numeric_features;n_samples_out_of_range;too_many_cells;meta_missing:MinorityClassSize
46106,Oilst_Order_Items,1,active,False,False,False,metadata:meta_missing:NumberOfClasses;n_samples_out_of_range;too_many_cells;meta_missing:MinorityClassSize
46115,Diabetes_Dataset,1,active,False,False,False,metadata:meta_missing:NumberOfClasses;meta_missing:MinorityClassSize
46116,German-Credit-Risk-with-Target,1,active,False,False,False,metadata:has_missing_values;non_numeric_features
46118,BitInfoCharts-raw,1,active,False,False,False,metadata:meta_missing:NumberOfClasses;has_missing_values;n_samples_out_of_range;meta_missing:MinorityClassSize
46119,BitInfoCharts-wo-tweets,1,active,False,False,False,metadata:meta_missing:NumberOfClasses;has_missing_values;meta_missing:MinorityClassSize
46120,BitInfoCharts-clean,1,active,False,False,False,metadata:meta_missing:NumberOfClasses;has_missing_values;meta_missing:MinorityClassSize
46123,Pedestrian-Counting-System-Melbourne,1,active,False,False,False,metadata:meta_missing:NumberOfClasses;has_missing_values;n_samples_out_of_range;n_features_out_of_range;too_many_cells;meta_missing:MinorityClassSize
46125,car_rental_process,1,active,False,False,False,metadata:meta_missing:NumberOfClasses;n_samples_out_of_range;meta_missing:MinorityClassSize
46126,car_rental_process,2,active,False,False,False,metadata:meta_missing:NumberOfClasses;n_samples_out_of_range;meta_missing:MinorityClassSize
46127,car_rental_process,3,active,False,False,False,metadata:meta_missing:NumberOfClasses;n_samples_out_of_range;meta_missing:MinorityClassSize
46128,car_rental_process,4,active,False,False,False,metadata:meta_missing:NumberOfClasses;n_samples_out_of_range;meta_missing:MinorityClassSize
46129,car_rental_process,5,active,False,False,False,metadata:meta_missing:NumberOfClasses;n_samples_out_of_range;meta_missing:MinorityClassSize
46130,aids.id,1,active,False,False,False,metadata:not_binary;non_numeric_features;meta_missing:MinorityClassSize
46131,gbsg,1,active,False,False,False,metadata:not_binary;meta_missing:MinorityClassSize
46132,NCI_60_Thioguanine,1,active,False,False,False,metadata:not_binary;has_missing_values;n_samples_out_of_range;meta_missing:MinorityClassSize
46133,liverTox_ALT_target,1,active,False,False,False,metadata:not_binary;n_samples_out_of_range;n_features_out_of_range;too_many_cells;meta_missing:MinorityClassSize
46134,Acute_Myeloid_Leukemia,1,active,False,False,False,metadata:not_binary;n_features_out_of_range;too_many_cells;meta_missing:MinorityClassSize
46135,Cancer_Drug_Response,1,active,False,False,False,metadata:not_binary;n_features_out_of_range;too_many_cells;meta_missing:MinorityClassSize
46137,Cancer_Drug_Response,3,active,False,False,False,metadata:not_binary;n_features_out_of_range;too_many_cells;meta_missing:MinorityClassSize
46138,Cancer_Drug_Response_expression,1,active,False,False,False,metadata:not_binary;n_features_out_of_range;too_many_cells;meta_missing:MinorityClassSize
46139,Cancer_Drug_Response_methylation,1,active,False,False,False,metadata:not_binary;n_features_out_of_range;too_many_cells;meta_missing:MinorityClassSize
46140,Cancer_Drug_Response_mutation,1,active,False,False,False,metadata:not_binary;n_features_out_of_range;too_many_cells;meta_missing:MinorityClassSize
46141,Cancer_Drug_Response_copynumber,1,active,False,False,False,metadata:not_binary;has_missing_values;n_features_out_of_range;too_many_cells;meta_missing:MinorityClassSize
46142,metabric,1,active,False,False,False,metadata:not_binary;meta_missing:MinorityClassSize
46144,support,2,active,False,False,False,metadata:not_binary;meta_missing:MinorityClassSize
46145,colrec,1,active,False,False,False,metadata:not_binary;non_numeric_features;n_samples_out_of_range;meta_missing:MinorityClassSize
46146,rdata,1,active,False,False,False,metadata:not_binary;meta_missing:MinorityClassSize
46147,child,1,active,False,False,False,metadata:not_binary;non_numeric_features;n_samples_out_of_range;meta_missing:MinorityClassSize
46148,cost,1,active,False,False,False,metadata:not_binary;non_numeric_features;meta_missing:MinorityClassSize
46149,dataFTR,1,active,False,False,False,metadata:not_binary;meta_missing:MinorityClassSize
46150,dataSTR,1,active,False,False,False,metadata:not_binary;meta_missing:MinorityClassSize
46151,ova,1,active,False,False,False,metadata:not_binary;non_numeric_features;meta_missing:MinorityClassSize
46152,wbc1,1,active,False,False,False,metadata:not_binary;n_samples_out_of_range;meta_missing:MinorityClassSize
46153,uis,1,active,False,False,False,metadata:not_binary;meta_missing:MinorityClassSize
46154,channing,1,active,False,False,False,metadata:not_binary;meta_missing:MinorityClassSize
46155,kidtran,1,active,False,False,False,metadata:not_binary;meta_missing:MinorityClassSize
46156,std,1,active,False,False,False,metadata:not_binary;non_numeric_features;meta_missing:MinorityClassSize
46157,e1684,1,active,False,False,False,metadata:not_binary;meta_missing:MinorityClassSize
46158,aids2,1,active,False,False,False,metadata:not_binary;non_numeric_features;meta_missing:MinorityClassSize
46159,CarpenterFdaData,1,active,False,False,False,metadata:not_binary;meta_missing:MinorityClassSize
46160,liver,1,active,False,False,False,metadata:not_binary;meta_missing:MinorityClassSize
46161,flchain,1,active,False,False,False,metadata:not_binary;non_numeric_features;meta_missing:MinorityClassSize
46162,lung,2,active,False,False,False,metadata:not_binary;non_numeric_features;n_samples_out_of_range;meta_missing:MinorityClassSize
46163,mgus,1,active,False,False,False,metadata:not_binary;n_samples_out_of_range;meta_missing:MinorityClassSize
46164,nafld1,1,active,False,False,False,metadata:not_binary;n_samples_out_of_range;meta_missing:MinorityClassSize
46165,nwtco,1,active,False,False,False,metadata:not_binary;meta_missing:MinorityClassSize
46166,veteran,3,active,False,False,False,metadata:not_binary;non_numeric_features;n_samples_out_of_range;meta_missing:MinorityClassSize
46167,hdfail,1,active,False,False,False,metadata:not_binary;n_samples_out_of_range;too_many_cells;meta_missing:MinorityClassSize
46168,grace,1,active,False,False,False,metadata:not_binary;meta_missing:MinorityClassSize
46169,whas,1,active,False,False,False,metadata:not_binary;non_numeric_features;meta_missing:MinorityClassSize
46170,patient,2,active,False,False,False,metadata:not_binary;non_numeric_features;meta_missing:MinorityClassSize
46171,tumor,1,active,False,False,False,metadata:not_binary;meta_missing:MinorityClassSize
46172,bladder0,1,active,False,False,False,metadata:not_binary;meta_missing:MinorityClassSize
46173,King-rook-vs-King,1,active,False,False,False,metadata:not_binary;non_numeric_features;n_samples_out_of_range;too_many_cells;minority_too_small
46174,Flare,1,active,False,False,False,metadata:not_binary;non_numeric_features
46175,Flare,2,active,False,False,False,metadata:not_binary;non_numeric_features
46176,Flare,3,active,False,False,False,metadata:not_binary;non_numeric_features
46177,Flare,4,active,False,False,False,metadata:not_binary;non_numeric_features
46178,Flare,5,active,False,False,False,metadata:not_binary;non_numeric_features
46179,Flare,6,active,False,False,False,metadata:not_binary;non_numeric_features
46180,Flare,7,active,False,False,False,metadata:not_binary;non_numeric_features
46181,Flare,8,active,False,False,False,metadata:not_binary;non_numeric_features
46182,Flare,9,active,False,False,False,metadata:not_binary;non_numeric_features
46183,Flare,10,active,False,False,False,metadata:not_binary;non_numeric_features
46184,Flare,11,active,False,False,False,metadata:not_binary;non_numeric_features
46187,test_surv,1,active,False,False,False,metadata:meta_missing:NumberOfClasses;n_samples_out_of_range;meta_missing:MinorityClassSize
46194,seclogs_1,1,active,False,False,False,metadata:meta_missing:NumberOfClasses;n_samples_out_of_range;too_many_cells;meta_missing:MinorityClassSize
46195,seclogs_1,2,active,False,False,False,metadata:meta_missing:NumberOfClasses;n_samples_out_of_range;too_many_cells;meta_missing:MinorityClassSize
46196,seclogs_1,3,active,False,False,False,metadata:meta_missing:NumberOfClasses;n_samples_out_of_range;too_many_cells;meta_missing:MinorityClassSize
46197,firewall_logs1,1,active,False,False,False,metadata:meta_missing:NumberOfClasses;n_samples_out_of_range;too_many_cells;meta_missing:MinorityClassSize
46198,firewall_logs1,2,active,False,False,False,metadata:meta_missing:NumberOfClasses;n_samples_out_of_range;too_many_cells;meta_missing:MinorityClassSize
46199,firewall_logs1,3,active,False,False,False,metadata:meta_missing:NumberOfClasses;n_samples_out_of_range;too_many_cells;meta_missing:MinorityClassSize
46200,firewall_logs1,4,active,False,False,False,metadata:meta_missing:NumberOfClasses;n_samples_out_of_range;too_many_cells;meta_missing:MinorityClassSize
46208,Banknote,1,active,False,False,False,metadata:meta_missing:NumberOfClasses;n_features_out_of_range;meta_missing:MinorityClassSize
46209,ETTh1,1,active,False,False,False,metadata:meta_missing:NumberOfClasses;n_samples_out_of_range;too_many_cells;meta_missing:MinorityClassSize
46210,ETTh2,1,active,False,False,False,metadata:meta_missing:NumberOfClasses;n_samples_out_of_range;too_many_cells;meta_missing:MinorityClassSize
46211,ETTm1,1,active,False,False,False,metadata:meta_missing:NumberOfClasses;n_samples_out_of_range;too_many_cells;meta_missing:MinorityClassSize
46212,ETTm2,1,active,False,False,False,metadata:meta_missing:NumberOfClasses;n_samples_out_of_range;too_many_cells;meta_missing:MinorityClassSize
46213,ILINet,1,active,False,False,False,metadata:meta_missing:NumberOfClasses;meta_missing:MinorityClassSize
46214,Electricity,15,active,False,False,False,metadata:meta_missing:NumberOfClasses;n_samples_out_of_range;n_features_out_of_range;too_many_cells;meta_missing:MinorityClassSize
46216,Rainfall-Temperature-Aus-hourly,1,active,False,False,False,metadata:meta_missing:NumberOfClasses;has_missing_values;non_numeric_features;n_samples_out_of_range;too_many_cells;meta_missing:MinorityClassSize
46217,FRED-MD,1,active,False,False,False,metadata:meta_missing:NumberOfClasses;n_features_out_of_range;meta_missing:MinorityClassSize
46219,Weather-Beutenberg,1,active,False,False,False,metadata:meta_missing:NumberOfClasses;has_missing_values;n_samples_out_of_range;too_many_cells;meta_missing:MinorityClassSize
46220,Weather-Saaleaue,1,active,False,False,False,metadata:meta_missing:NumberOfClasses;has_missing_values;n_samples_out_of_range;too_many_cells;meta_missing:MinorityClassSize
46221,Weather-Versuchsbeete,1,active,False,False,False,metadata:meta_missing:NumberOfClasses;has_missing_values;n_samples_out_of_range;too_many_cells;meta_missing:MinorityClassSize
46222,USGasoline,1,active,False,False,False,metadata:meta_missing:NumberOfClasses;meta_missing:MinorityClassSize
46223,M3-competition-year,1,active,False,False,False,metadata:meta_missing:NumberOfClasses;non_numeric_features;n_samples_out_of_range;meta_missing:MinorityClassSize
46224,M3-competition-quarter,1,active,False,False,False,metadata:meta_missing:NumberOfClasses;non_numeric_features;n_samples_out_of_range;meta_missing:MinorityClassSize
46225,M3-competition-month,1,active,False,False,False,metadata:meta_missing:NumberOfClasses;non_numeric_features;n_samples_out_of_range;too_many_cells;meta_missing:MinorityClassSize
46226,M3-competition-other,1,active,False,False,False,metadata:meta_missing:NumberOfClasses;non_numeric_features;n_samples_out_of_range;meta_missing:MinorityClassSize
46227,M4-competition-yearly,1,active,False,False,False,metadata:meta_missing:NumberOfClasses;non_numeric_features;n_samples_out_of_range;too_many_cells;meta_missing:MinorityClassSize
46228,M4-competition-quarterly,1,active,False,False,False,metadata:meta_missing:NumberOfClasses;non_numeric_features;n_samples_out_of_range;too_many_cells;meta_missing:MinorityClassSize
46229,M4-competition-monthly,1,active,False,False,False,metadata:meta_missing:NumberOfClasses;non_numeric_features;n_samples_out_of_range;too_many_cells;meta_missing:MinorityClassSize
46230,M4-competition-weekly,1,active,False,False,False,metadata:meta_missing:NumberOfClasses;non_numeric_features;n_samples_out_of_range;too_many_cells;meta_missing:MinorityClassSize
46231,M4-competition-daily,1,active,False,False,False,metadata:meta_missing:NumberOfClasses;non_numeric_features;n_samples_out_of_range;too_many_cells;meta_missing:MinorityClassSize
46232,M4-competition-hourly,1,active,False,False,False,metadata:meta_missing:NumberOfClasses;non_numeric_features;n_samples_out_of_range;too_many_cells;meta_missing:MinorityClassSize
46233,Tourism-competition-yearly,1,active,False,False,False,metadata:meta_missing:NumberOfClasses;n_samples_out_of_range;meta_missing:MinorityClassSize
46234,Tourism-competition-quarterly,1,active,False,False,False,metadata:meta_missing:NumberOfClasses;n_samples_out_of_range;meta_missing:MinorityClassSize
46235,Tourism-competition-monthly,1,active,False,False,False,metadata:meta_missing:NumberOfClasses;n_samples_out_of_range;too_many_cells;meta_missing:MinorityClassSize
46236,CIF-2016-competition,1,active,False,False,False,metadata:meta_missing:NumberOfClasses;n_samples_out_of_range;meta_missing:MinorityClassSize
46237,Australian-Electricity-Demand,1,active,False,False,False,metadata:meta_missing:NumberOfClasses;non_numeric_features;n_samples_out_of_range;too_many_cells;meta_missing:MinorityClassSize
46238,Dominick,1,active,False,False,False,metadata:meta_missing:NumberOfClasses;n_samples_out_of_range;too_many_cells;meta_missing:MinorityClassSize
46239,BitInfoCharts-clean-preprocessed,1,active,False,False,False,metadata:meta_missing:NumberOfClasses;meta_missing:MinorityClassSize
46240,BitInfoCharts-wo-tweets-preprocessed,1,active,False,False,False,metadata:meta_missing:NumberOfClasses;meta_missing:MinorityClassSize
46241,Pedestrian-Counting-System-Melbourne-preprocessed,1,active,False,False,False,metadata:meta_missing:NumberOfClasses;has_missing_values;n_samples_out_of_range;too_many_cells;meta_missing:MinorityClassSize
46243,Car-Parts,1,active,False,False,False,metadata:meta_missing:NumberOfClasses;n_samples_out_of_range;n_features_out_of_range;meta_missing:MinorityClassSize
46244,Rideshare,1,active,False,False,False,metadata:meta_missing:NumberOfClasses;non_numeric_features;n_samples_out_of_range;too_many_cells;meta_missing:MinorityClassSize
46245,Hospital,1,active,False,False,False,metadata:meta_missing:NumberOfClasses;non_numeric_features;n_samples_out_of_range;too_many_cells;meta_missing:MinorityClassSize
46246,Covid19-global,1,active,False,False,False,metadata:meta_missing:NumberOfClasses;non_numeric_features;n_samples_out_of_range;too_many_cells;meta_missing:MinorityClassSize
46247,Covid19-us,1,active,False,False,False,metadata:meta_missing:NumberOfClasses;non_numeric_features;n_samples_out_of_range;too_many_cells;meta_missing:MinorityClassSize
46248,Sunspot-daily,1,active,False,False,False,metadata:meta_missing:NumberOfClasses;has_missing_values;n_samples_out_of_range;too_many_cells;meta_missing:MinorityClassSize
46249,Saugeen-River-Daily,1,active,False,False,False,metadata:meta_missing:NumberOfClasses;n_samples_out_of_range;meta_missing:MinorityClassSize
46250,US-Births,1,active,False,False,False,metadata:meta_missing:NumberOfClasses;n_samples_out_of_range;meta_missing:MinorityClassSize
46251,Solar-Power,1,active,False,False,False,metadata:meta_missing:NumberOfClasses;n_samples_out_of_range;too_many_cells;meta_missing:MinorityClassSize
46252,Wind-Power,1,active,False,False,False,metadata:meta_missing:NumberOfClasses;n_samples_out_of_range;too_many_cells;meta_missing:MinorityClassSize
46253,MCAD,1,active,False,False,False,metadata:meta_missing:NumberOfClasses;n_samples_out_of_range;meta_missing:MinorityClassSize
46254,Diabetes_Dataset,2,active,False,False,False,metadata:meta_missing:NumberOfClasses;meta_missing:MinorityClassSize
46255,Student_Performance_Dataset,1,active,False,False,False,metadata:meta_missing:NumberOfClasses;meta_missing:MinorityClassSize
46258,sonar,2,active,False,False,False,metadata:meta_missing:NumberOfClasses;meta_missing:MinorityClassSize
46259,Electricity-hourly,1,active,False,False,False,metadata:meta_missing:NumberOfClasses;n_samples_out_of_range;n_features_out_of_range;too_many_cells;meta_missing:MinorityClassSize
46260,FRED-QD,1,active,False,False,False,metadata:meta_missing:NumberOfClasses;n_features_out_of_range;meta_missing:MinorityClassSize
46262,Vehicle-Trips,1,active,False,False,False,metadata:meta_missing:NumberOfClasses;has_missing_values;n_samples_out_of_range;meta_missing:MinorityClassSize
46263,weather_and_campsite_germany,1,active,False,False,False,metadata:meta_missing:NumberOfClasses;has_missing_values;meta_missing:MinorityClassSize
46264,mabbob_ela_as_2d_classify,1,active,False,False,False,metadata:not_binary;minority_too_small
46265,mabbob_ela_as_2d_regression_DiagonalCMA,1,active,False,False,False,metadata:not_binary;meta_missing:MinorityClassSize
46266,mabbob_ela_as_2d_regression_DifferentialEvolution,1,active,False,False,False,metadata:not_binary;meta_missing:MinorityClassSize
46267,mabbob_ela_as_2d_regression_modcma,1,active,False,False,False,metadata:not_binary;meta_missing:MinorityClassSize
46268,mabbob_ela_as_2d_regression_modde,1,active,False,False,False,metadata:not_binary;meta_missing:MinorityClassSize
46269,mabbob_ela_as_2d_regression_RCobyla,1,active,False,False,False,metadata:not_binary;meta_missing:MinorityClassSize
46270,mabbob_ela_as_5d_classify,1,active,False,False,False,metadata:not_binary;minority_too_small
46271,mabbob_ela_as_5d_regression_DiagonalCMA,1,active,False,False,False,metadata:not_binary;meta_missing:MinorityClassSize
46272,mabbob_ela_as_5d_regression_DifferentialEvolution,1,active,False,False,False,metadata:not_binary;meta_missing:MinorityClassSize
46273,mabbob_ela_as_5d_regression_modcma,1,active,False,False,False,metadata:not_binary;meta_missing:MinorityClassSize
46274,mabbob_ela_as_5d_regression_modde,1,active,False,False,False,metadata:not_binary;meta_missing:MinorityClassSize
46275,mabbob_ela_as_5d_regression_RCobyla,1,active,False,False,False,metadata:not_binary;meta_missing:MinorityClassSize
46276,Fuel-Price,1,active,False,False,False,metadata:meta_missing:NumberOfClasses;has_missing_values;n_samples_out_of_range;too_many_cells;meta_missing:MinorityClassSize
46277,beer1e,1,active,False,False,False,metadata:meta_missing:NumberOfClasses;n_features_out_of_range;meta_missing:MinorityClassSize
46279,algerian_forest_fires,1,active,True,True,True,
46280,blastchar,1,active,False,False,False,metadata:has_missing_values;non_numeric_features;n_samples_out_of_range
46281,insurance_company,1,active,False,False,False,metadata:non_numeric_features;n_samples_out_of_range;too_many_cells
46282,internet_usage,2,active,False,False,False,metadata:has_missing_values;non_numeric_features;n_samples_out_of_range;too_many_cells
46283,appliances_energy_prediction,1,active,False,False,False,metadata:not_binary;n_samples_out_of_range;too_many_cells;meta_missing:MinorityClassSize
46284,bengaluru_real_estate_price,1,active,False,False,False,metadata:not_binary;has_missing_values;non_numeric_features;n_samples_out_of_range;meta_missing:MinorityClassSize
46285,beijing_pm,1,active,False,False,False,metadata:not_binary;n_samples_out_of_range;too_many_cells;meta_missing:MinorityClassSize
46286,communities_and_crime,1,active,False,False,False,metadata:not_binary;has_missing_values;n_features_out_of_range;too_many_cells;meta_missing:MinorityClassSize
46287,computer_hardware,1,active,False,False,False,metadata:not_binary;meta_missing:MinorityClassSize
46288,kegg_metabolic_directed,1,active,False,False,False,metadata:not_binary;n_samples_out_of_range;too_many_cells;meta_missing:MinorityClassSize
46289,medical_cost,1,active,False,False,False,metadata:not_binary;non_numeric_features;meta_missing:MinorityClassSize
46292,servo,2,active,False,False,False,metadata:not_binary;non_numeric_features;n_samples_out_of_range;meta_missing:MinorityClassSize
46293,ujiindoorloc_latitude,1,active,False,False,False,metadata:not_binary;n_samples_out_of_range;n_features_out_of_range;too_many_cells;meta_missing:MinorityClassSize
46294,ujiindoorloc_longitude,1,active,False,False,False,metadata:not_binary;n_samples_out_of_range;n_features_out_of_range;too_many_cells;meta_missing:MinorityClassSize
46295,qsar_aquatic_toxicity,1,active,False,False,False,metadata:not_binary;meta_missing:MinorityClassSize
46297,seoul_bike_sharing_demand,1,active,False,False,False,metadata:not_binary;non_numeric_features;n_samples_out_of_range;meta_missing:MinorityClassSize
46298,electrical_grid_stability_simulated_classification,1,active,False,False,False,metadata:n_samples_out_of_range
46299,electrical_grid_stability_simulated_regression,1,active,False,False,False,metadata:not_binary;n_samples_out_of_range;meta_missing:MinorityClassSize
46300,relative_location_of_ct,1,active,False,False,False,metadata:not_binary;n_samples_out_of_range;n_features_out_of_range;too_many_cells;meta_missing:MinorityClassSize
46301,UNSW_NB15,1,active,False,False,False,metadata:not_binary;n_samples_out_of_range;too_many_cells;meta_missing:MinorityClassSize
46302,UNSW_NB15,2,active,False,False,False,metadata:not_binary;has_missing_values;n_samples_out_of_range;too_many_cells;meta_missing:MinorityClassSize
46303,Automl_meta_feat,1,active,False,False,False,metadata:meta_missing:NumberOfClasses;n_samples_out_of_range;meta_missing:MinorityClassSize
46304,meta_features,1,active,False,False,False,metadata:not_binary;n_samples_out_of_range;minority_too_small
46305,meta_features,2,active,False,False,False,metadata:not_binary;n_samples_out_of_range;minority_too_small
46306,metafeatures,1,active,False,False,False,metadata:not_binary;n_samples_out_of_range;minority_too_small
46307,metafeatures,2,active,False,False,False,metadata:not_binary;n_samples_out_of_range;meta_missing:MinorityClassSize
46308,metafeaturesarff,1,active,False,False,False,metadata:not_binary;n_samples_out_of_range;minority_too_small
46310,Tok-Pisin-English,1,active,False,False,False,metadata:meta_missing:NumberOfClasses;n_features_out_of_range;meta_missing:MinorityClassSize
46311,data,2,active,False,False,False,metadata:meta_missing:NumberOfClasses;has_missing_values;n_samples_out_of_range;too_many_cells;meta_missing:MinorityClassSize
46312,data,3,active,False,False,False,metadata:meta_missing:NumberOfClasses;has_missing_values;n_samples_out_of_range;too_many_cells;meta_missing:MinorityClassSize
46313,data,4,active,False,False,False,metadata:meta_missing:NumberOfClasses;has_missing_values;n_samples_out_of_range;too_many_cells;meta_missing:MinorityClassSize
46314,data,5,active,False,False,False,metadata:meta_missing:NumberOfClasses;has_missing_values;n_samples_out_of_range;too_many_cells;meta_missing:MinorityClassSize
46315,weather,52,active,False,False,False,metadata:meta_missing:NumberOfClasses;has_missing_values;n_samples_out_of_range;too_many_cells;meta_missing:MinorityClassSize
46316,UNSW_NB15,3,active,False,False,False,metadata:not_binary;n_samples_out_of_range;too_many_cells;meta_missing:MinorityClassSize
46317,UNSW_NB15,4,active,False,False,False,metadata:not_binary;has_missing_values;n_samples_out_of_range;too_many_cells;meta_missing:MinorityClassSize
46318,Microsoft_stock,1,active,False,False,False,metadata:meta_missing:NumberOfClasses;meta_missing:MinorityClassSize
46319,jjj,1,active,False,False,False,metadata:meta_missing:NumberOfClasses;has_missing_values;n_samples_out_of_range;too_many_cells;meta_missing:MinorityClassSize
46320,forest_fires_cat,1,active,False,False,False,metadata:not_binary;non_numeric_features;meta_missing:MinorityClassSize
46323,university_reviews,1,active,False,False,False,metadata:meta_missing:NumberOfClasses;n_samples_out_of_range;meta_missing:MinorityClassSize
46328,seoul_bike_sharing_demand_cat,1,active,False,False,False,metadata:not_binary;non_numeric_features;n_samples_out_of_range;meta_missing:MinorityClassSize
46329,Transactions,1,active,False,False,False,metadata:meta_missing:NumberOfClasses;n_samples_out_of_range;meta_missing:MinorityClassSize
46331,autos_clean,1,active,False,False,False,metadata:not_binary;has_missing_values;non_numeric_features;minority_too_small
46332,anneal_clean,1,active,False,False,False,metadata:not_binary;has_missing_values;non_numeric_features;minority_too_small
46333,arrhythmia,3,active,False,False,False,metadata:not_binary;has_missing_values;non_numeric_features;n_features_out_of_range;minority_too_small
46334,glass_clean,1,active,False,False,False,metadata:not_binary;minority_too_small
46335,primary-tumor_clean,1,active,False,False,False,metadata:not_binary;has_missing_values;non_numeric_features;minority_too_small
46336,hayes-roth_clean,1,active,False,False,False,metadata:not_binary;n_samples_out_of_range
46337,Conso_RTE,1,active,False,False,False,metadata:not_binary;n_samples_out_of_range;too_many_cells;meta_missing:MinorityClassSize
46340,french_load_consumption,1,active,False,False,False,metadata:not_binary;n_samples_out_of_range;too_many_cells;meta_missing:MinorityClassSize
46341,CP_Rules,1,active,False,False,False,metadata:meta_missing:NumberOfClasses;has_missing_values;meta_missing:MinorityClassSize
46342,odds,1,active,False,False,False,metadata:not_binary;has_missing_values;minority_too_small
46348,mxmh,1,active,False,False,False,metadata:meta_missing:NumberOfClasses;has_missing_values;meta_missing:MinorityClassSize
46349,Wheat,1,active,False,False,False,metadata:meta_missing:NumberOfClasses;has_missing_values;n_samples_out_of_range;meta_missing:MinorityClassSize
46351,mango_detection_australia,1,active,False,False,False,metadata:meta_missing:NumberOfClasses;n_samples_out_of_range;meta_missing:MinorityClassSize
46355,SITE-Seq_offTarget_wholeDataset,1,active,False,False,False,metadata:meta_missing:NumberOfClasses;n_samples_out_of_range;too_many_cells;meta_missing:MinorityClassSize
46356,GermanCreditData,1,active,False,False,False,metadata:not_binary;meta_missing:MinorityClassSize
46357,Fraud_Detection_Dataset,1,active,False,False,False,metadata:not_binary;has_missing_values;meta_missing:MinorityClassSize
46358,Fraud-Detection-Updated),1,active,False,False,False,metadata:has_missing_values
46359,Fraud-Detection-Updated,1,active,False,False,False,metadata:has_missing_values
46361,Risk_Level_Classification,2,active,False,False,False,metadata:not_binary;n_samples_out_of_range;too_many_cells
46362,Customer_Churn_Classification,1,active,False,False,False,metadata:n_samples_out_of_range;too_many_cells
46363,Customer_Churn_Classification,2,active,False,False,False,metadata:n_samples_out_of_range;too_many_cells
46365,Credit_Approval_Classification,1,active,True,True,False,non_numeric_features
46369,Is_fraud,1,active,False,False,False,metadata:n_samples_out_of_range;minority_too_small
46371,Customer_Churn_Classification_Nominal,1,active,False,False,False,metadata:n_samples_out_of_range;too_many_cells
46372,Multiclass_Classification_for_Corporate_Credit_Ratings,1,active,False,False,False,metadata:not_binary
46373,default-of-credit-card-clients,5,active,False,False,False,metadata:n_samples_out_of_range;too_many_cells
46374,default-of-credit-card-clients,6,active,False,False,False,metadata:n_samples_out_of_range;too_many_cells
46375,default-of-credit-card-clients,7,active,False,False,False,metadata:n_samples_out_of_range;too_many_cells
46376,credit,7,active,False,False,False,metadata:n_samples_out_of_range;too_many_cells
46377,credit-approval,3,active,False,False,False,metadata:has_missing_values;non_numeric_features
46378,credit-g,4,active,False,False,False,metadata:non_numeric_features
46379,analcatdata_creditscore,2,active,False,False,False,metadata:non_numeric_features;n_samples_out_of_range;minority_too_small
46380,data,6,active,False,False,False,metadata:meta_missing:NumberOfClasses;n_samples_out_of_range;meta_missing:MinorityClassSize
46381,APL_20_24,1,active,False,False,False,metadata:meta_missing:NumberOfClasses;meta_missing:MinorityClassSize
46382,company_quality_and_valuation_finance,1,active,False,False,False,metadata:not_binary
46416,Creditability-German-Credit-Data,1,active,True,True,True,
46420,Apple_Stock_Price_Trends_(2014-2023),1,active,False,False,False,metadata:not_binary
46421,German-Credit-Data-Creditability,1,active,True,True,False,non_numeric_features
46422,Credit-Risk-Classification-Dataset,1,active,False,False,False,metadata:has_missing_values
46430,LT-Vehicle-Loan-Default-Prediction,1,active,False,False,False,metadata:has_missing_values;n_samples_out_of_range;too_many_cells
46431,HMEQ_Data,3,active,False,False,False,metadata:has_missing_values;n_samples_out_of_range
46435,Apple_Stock_Price_Trends_Classification,2,active,False,False,False,metadata:not_binary
46441,Credit_Score_Classification,1,active,False,False,False,metadata:not_binary;has_missing_values;n_samples_out_of_range;too_many_cells
46442,Success-Rates-2,1,active,False,False,False,metadata:not_binary;has_missing_values;minority_too_small
46443,credit_risk_china,1,active,False,False,False,metadata:not_binary;has_missing_values;n_samples_out_of_range;too_many_cells
46444,credit_risk_china,2,active,False,False,False,metadata:not_binary;has_missing_values;non_numeric_features;n_samples_out_of_range;too_many_cells
46445,Credit_Score_Classification_downsampled,1,active,False,False,False,metadata:not_binary;has_missing_values;n_samples_out_of_range;too_many_cells
46446,Credit_Score_Classification_downsampled,2,active,False,False,False,metadata:not_binary;has_missing_values;n_samples_out_of_range;too_many_cells
46447,Credit_Score_Classification_downsampled,3,active,False,False,False,metadata:not_binary;has_missing_values;n_samples_out_of_range;too_many_cells
46448,Credit_Score_Classification_downsampled,4,active,False,False,False,metadata:not_binary;has_missing_values;n_samples_out_of_range;too_many_cells
46449,Credit_Score_Classification_downsampled,5,active,False,False,False,metadata:not_binary;has_missing_values;n_samples_out_of_range;too_many_cells
46450,Credit_Score_Classification_downsampled,6,active,False,False,False,metadata:not_binary;has_missing_values;n_samples_out_of_range;too_many_cells
46451,Credit_Score_Classification_downsampled,7,active,False,False,False,metadata:not_binary;has_missing_values;n_samples_out_of_range;too_many_cells
46455,Credit_Card_Fraud_Classification,5,active,False,False,False,metadata:n_samples_out_of_range;too_many_cells
46456,Credit_Score_Classification_downsampled,8,active,False,False,False,metadata:not_binary;has_missing_values;n_samples_out_of_range;too_many_cells
46457,Credit_Score_Classification_downsampled,9,active,False,False,False,metadata:not_binary;has_missing_values;n_samples_out_of_range;too_many_cells;meta_missing:MinorityClassSize
46458,Credit_Score_Classification_downsampled,10,active,False,False,False,metadata:not_binary;has_missing_values;n_samples_out_of_range;too_many_cells
46459,Credit_Score_Classification_downsampled,11,active,False,False,False,metadata:not_binary;has_missing_values;n_samples_out_of_range;too_many_cells
46460,pollution,3,active,False,False,False,metadata:meta_missing:NumberOfClasses;n_samples_out_of_range;too_many_cells;meta_missing:MinorityClassSize
46461,pollution,4,active,False,False,False,metadata:meta_missing:NumberOfClasses;n_samples_out_of_range;too_many_cells;meta_missing:MinorityClassSize
46462,pollution,5,active,False,False,False,metadata:meta_missing:NumberOfClasses;n_samples_out_of_range;too_many_cells;meta_missing:MinorityClassSize
46463,pollution,6,active,False,False,False,metadata:meta_missing:NumberOfClasses;n_samples_out_of_range;too_many_cells;meta_missing:MinorityClassSize
46467,IBRD_Loans_Classification,4,active,False,False,False,metadata:not_binary;has_missing_values;n_samples_out_of_range;minority_too_small
46468,Give-Me-Some-Credit-Sampled,1,active,False,False,False,metadata:has_missing_values;n_samples_out_of_range;too_many_cells
46475,EDA-Home-Mortgage-NY,1,active,False,False,False,metadata:not_binary;has_missing_values;n_samples_out_of_range;too_many_cells;minority_too_small
46479,EDA-Home-Mortgage-NY-2,1,active,False,False,False,metadata:not_binary;has_missing_values;n_samples_out_of_range;too_many_cells
46480,EDA-Home-Mortgage-NY-2,2,active,False,False,False,metadata:not_binary;has_missing_values;n_samples_out_of_range;too_many_cells
46481,Financial-Risk-Assessment,1,active,False,False,False,metadata:not_binary;has_missing_values;n_samples_out_of_range;too_many_cells
46482,German-Credit-Data-Creditability-2,1,active,True,True,True,
46483,HMEQ_Data_New,1,active,False,False,False,metadata:has_missing_values;n_samples_out_of_range
46499,Loan_data_set,1,active,False,False,False,metadata:meta_missing:NumberOfClasses;has_missing_values;meta_missing:MinorityClassSize
46500,ml-senior,1,active,False,False,False,metadata:meta_missing:NumberOfClasses;meta_missing:MinorityClassSize
46501,Credit_Approval_Classification,2,active,False,False,False,metadata:not_binary;meta_missing:MinorityClassSize
46502,Credit_Approval_Classification,3,active,True,True,True,
46503,Credit_Approval_Classification,4,active,True,True,True,
46504,Is_fraud,2,active,False,False,False,metadata:n_samples_out_of_range;minority_too_small
46505,total_score,1,active,False,False,False,metadata:not_binary
46506,Credit_Score,1,active,False,False,False,metadata:not_binary;has_missing_values;n_samples_out_of_range;too_many_cells
46507,Interest_Rate,1,active,False,False,False,metadata:not_binary;has_missing_values;n_samples_out_of_range;too_many_cells
46511,Loan_Type,1,active,False,False,False,metadata:not_binary;has_missing_values;n_samples_out_of_range;minority_too_small
46515,Financial-Risk-Assessment-Preprocessed,1,active,False,False,False,metadata:not_binary;has_missing_values;n_samples_out_of_range;too_many_cells
46517,HMEQ_Data_Preprocessed,1,active,False,False,False,metadata:has_missing_values;n_samples_out_of_range
46518,Give-Me-Some-Credit-Sampled-Preprocessed,1,active,False,False,False,metadata:has_missing_values;n_samples_out_of_range;too_many_cells
46519,Credit_Risk_Modeling,1,active,False,False,False,metadata:not_binary;non_numeric_features;n_samples_out_of_range;too_many_cells
46520,Credit_score_classification,2,active,False,False,False,metadata:not_binary;has_missing_values;non_numeric_features;n_samples_out_of_range;too_many_cells
46525,Corporate_Credit_Rating_Classification,1,active,False,False,False,metadata:not_binary;minority_too_small
46526,Loan_Approval_Status_Classification,1,active,False,False,False,metadata:n_samples_out_of_range;too_many_cells
46527,US_Stocks_Financial_Indicators,1,active,False,False,False,metadata:has_missing_values;n_features_out_of_range;too_many_cells
46528,EDA-Home-Mortgage-NY-Sampled,1,active,False,False,False,metadata:not_binary;has_missing_values;n_samples_out_of_range;too_many_cells
46529,Corporate_Credit_Rating_Classification,2,active,False,False,False,metadata:not_binary;minority_too_small
46530,Corporate_Credit_Rating_Classification,3,active,False,False,False,metadata:not_binary;minority_too_small
46531,dataset_china,1,active,False,False,False,metadata:not_binary;has_missing_values;n_samples_out_of_range;too_many_cells
46532,dataset_credit-g,1,active,True,True,True,
46533,dataset_credit,1,active,False,False,False,metadata:not_binary;n_samples_out_of_range;too_many_cells;meta_missing:MinorityClassSize
46534,dataset_analcatdata_creditscore,1,active,False,False,False,metadata:not_binary;n_samples_out_of_range;meta_missing:MinorityClassSize
46535,dataset_credit-approval,1,active,False,False,False,metadata:has_missing_values
46536,dataset_credit_risk_file_2,1,active,False,False,False,metadata:not_binary;n_samples_out_of_range;too_many_cells
46537,dataset_credit_score,1,active,False,False,False,metadata:not_binary;has_missing_values;n_samples_out_of_range;too_many_cells
46538,dataset_default_of_credit_card_clients,1,active,False,False,False,metadata:not_binary;n_samples_out_of_range;too_many_cells;meta_missing:MinorityClassSize
46539,dataset_china,2,active,False,False,False,metadata:not_binary;has_missing_values;n_samples_out_of_range;too_many_cells
46540,dataset_credit-g,2,active,True,True,True,
46541,dataset_china,3,active,False,False,False,metadata:not_binary;has_missing_values;n_samples_out_of_range;too_many_cells
46542,dataset_credit-g,3,active,True,True,True,
46543,dataset_credit,2,active,False,False,False,metadata:n_samples_out_of_range;too_many_cells
46544,dataset_analcatdata_creditscore,2,active,False,False,False,metadata:n_samples_out_of_range;minority_too_small
46545,dataset_credit-approval,2,active,False,False,False,metadata:has_missing_values
46546,dataset_credit_risk_file_2,2,active,False,False,False,metadata:not_binary;n_samples_out_of_range;too_many_cells
46547,dataset_credit_score,2,active,False,False,False,metadata:not_binary;has_missing_values;n_samples_out_of_range;too_many_cells
46548,dataset_default_of_credit_card_clients,2,active,False,False,False,metadata:n_samples_out_of_range;too_many_cells
46549,Corporate_Credit,1,active,False,False,False,metadata:not_binary;minority_too_small
46550,Corporate_Credit,2,active,False,False,False,metadata:not_binary;minority_too_small
46551,Corporate_Credit,3,active,False,False,False,metadata:not_binary;minority_too_small
46552,Corporate_Credit_Rating_Classification,4,active,False,False,False,metadata:not_binary;non_numeric_features;minority_too_small
46553,Loan_Status,1,active,False,False,False,metadata:non_numeric_features;n_samples_out_of_range;too_many_cells
46554,Loan_Status,2,active,False,False,False,metadata:non_numeric_features;n_samples_out_of_range;too_many_cells
46555,dataset_credit-approval,3,active,False,False,False,metadata:not_binary;meta_missing:MinorityClassSize
46556,Loan_Status,3,active,False,False,False,metadata:not_binary;has_missing_values;n_samples_out_of_range;too_many_cells;minority_too_small
46557,EMPLOYEE,1,active,False,False,False,metadata:meta_missing:NumberOfClasses;has_missing_values;n_samples_out_of_range;too_many_cells;meta_missing:MinorityClassSize
46558,malaria,1,active,False,False,False,metadata:meta_missing:NumberOfClasses;has_missing_values;meta_missing:MinorityClassSize
46559,Undwree,1,active,False,False,False,metadata:meta_missing:NumberOfClasses;meta_missing:MinorityClassSize
46560,dataset_credit_score,3,active,False,False,False,metadata:not_binary;has_missing_values;n_samples_out_of_range;too_many_cells
46561,EDA-Home-Mortgage-NY-Sampled-Dataset,1,active,False,False,False,metadata:not_binary;has_missing_values;n_samples_out_of_range;too_many_cells
46562,German-Credit-Data-Creditability-Preprocessed-Dataset,1,active,True,True,True,
46563,Loan_Approval_Status_Classification,2,active,False,False,False,metadata:n_samples_out_of_range;too_many_cells
46564,Apple_Stock_Price_Trends_Classification,3,active,False,False,False,metadata:not_binary
46565,Loan_Approval_Status,1,active,False,False,False,metadata:n_samples_out_of_range;too_many_cells
46566,Apple_Stock_Price_Trends,1,active,False,False,False,metadata:not_binary
46567,Financial_Indicators_US_Stocks,1,active,False,False,False,metadata:has_missing_values;n_features_out_of_range;too_many_cells
46568,Credit_Card_Fraud,1,active,False,False,False,metadata:n_samples_out_of_range;too_many_cells
46569,Corporate_Credit_Rating,1,active,False,False,False,metadata:not_binary;non_numeric_features;minority_too_small
46570,Corporate_Credit_Ratings,1,active,False,False,False,metadata:not_binary;non_numeric_features;minority_too_small
46571,Corporate_Credit_Ratings,2,active,False,False,False,metadata:not_binary;minority_too_small
46572,database,1,active,False,False,False,metadata:meta_missing:NumberOfClasses;meta_missing:MinorityClassSize
46573,sdf,1,active,False,False,False,metadata:meta_missing:NumberOfClasses;n_samples_out_of_range;too_many_cells;meta_missing:MinorityClassSize
46574,COPD,1,active,False,False,False,metadata:meta_missing:NumberOfClasses;non_numeric_features;meta_missing:MinorityClassSize
46575,COPD,2,active,False,False,False,metadata:meta_missing:NumberOfClasses;n_samples_out_of_range;meta_missing:MinorityClassSize
46576,LO1,2,active,False,False,False,metadata:meta_missing:NumberOfClasses;meta_missing:MinorityClassSize
46577,tiny-imagenet-200,1,active,False,False,False,metadata:not_binary;n_samples_out_of_range;n_features_out_of_range
46578,tiniest-imagenet-200,1,active,False,False,False,metadata:not_binary;n_features_out_of_range;minority_too_small
46584,Student_Performance_on_an_Entrance_Examination,1,active,False,False,False,metadata:not_binary
46585,QSAR_Bioconcentration_classification,1,active,False,False,False,metadata:not_binary;meta_missing:MinorityClassSize
46586,QSAR_Bioconcentration_regression,1,active,False,False,False,metadata:not_binary;meta_missing:MinorityClassSize
46587,forestfires,1,active,False,False,False,metadata:not_binary;meta_missing:MinorityClassSize
46588,physicochemical-protein-UCI,1,active,False,False,False,metadata:not_binary;n_samples_out_of_range;too_many_cells;meta_missing:MinorityClassSize
46589,student-performance-uci,1,active,False,False,False,metadata:not_binary;meta_missing:MinorityClassSize
46590,heart-statlog-uci,1,active,True,True,True,
46591,Breast_Cancer_Wisconsin,1,active,False,False,False,metadata:not_binary;has_missing_values;meta_missing:MinorityClassSize
46592,Cervical_Cancer_Risk_Factors,1,active,False,False,False,metadata:not_binary;has_missing_values;meta_missing:MinorityClassSize
46593,HCV_data,1,active,False,False,False,metadata:not_binary;has_missing_values;minority_too_small
46594,primary_tumor_uci,1,active,False,False,False,metadata:not_binary;has_missing_values;meta_missing:MinorityClassSize
46595,Thoracic_Surgery_Data,1,active,True,True,False,non_numeric_features
46596,Soybean_Large,1,active,False,False,False,metadata:not_binary;has_missing_values;minority_too_small
46597,Estimation_of_Obesity_Levels,1,active,False,False,False,metadata:not_binary
46598,cdc_diabetes,1,active,False,False,False,metadata:not_binary;n_samples_out_of_range;too_many_cells;meta_missing:MinorityClassSize
46600,maternal_health_risk,1,active,False,False,False,metadata:not_binary
46601,Cirrhosis_Patient_Survival_Prediction,1,active,False,False,False,metadata:not_binary;has_missing_values;minority_too_small
46602,Predicting_Risk_Factors_of_Chronic_Kidney_Disease,1,active,True,True,False,non_numeric_features
46603,regensburg_pediatric_appendicitis,1,active,False,False,False,metadata:not_binary;has_missing_values;minority_too_small
46604,glioma_grading_clinical_and_mutation_features,1,active,False,False,False,metadata:not_binary;meta_missing:MinorityClassSize
46605,differentiated_thyroid_cancer_recurrence,1,active,True,True,False,non_numeric_features
46606,darwin,1,active,False,False,False,metadata:n_samples_out_of_range;n_features_out_of_range
46607,hepatitis_c_virus_hcv_for_egyptian_patients,1,active,False,False,False,metadata:not_binary;meta_missing:MinorityClassSize
46608,drug_reviews_druglib_com,1,active,False,False,False,metadata:not_binary;has_missing_values;minority_too_small
46609,sepsis_survival_minimal_clinical_records,1,active,False,False,False,metadata:not_binary;n_samples_out_of_range;too_many_cells;meta_missing:MinorityClassSize
46610,bone_marrow_transplant_children,1,active,False,False,False,metadata:not_binary;has_missing_values;n_samples_out_of_range;meta_missing:MinorityClassSize
46611,toxicity,1,active,False,False,False,metadata:n_samples_out_of_range;n_features_out_of_range;too_many_cells
46612,heart_failure_clinical_records,1,active,False,False,False,metadata:not_binary;meta_missing:MinorityClassSize
46613,infrared_thermography_temperature,1,active,False,False,False,metadata:not_binary;has_missing_values;meta_missing:MinorityClassSize
46614,Ecoli,5,active,False,False,False,metadata:not_binary;minority_too_small
46615,Musk_Version_2,1,active,False,False,False,metadata:not_binary;n_samples_out_of_range;n_features_out_of_range;too_many_cells;meta_missing:MinorityClassSize
46617,mice,1,active,False,False,False,metadata:not_binary;has_missing_values
46618,ECOLI70,1,active,False,False,False,metadata:not_binary;meta_missing:MinorityClassSize
46619,magic_irri,1,active,False,False,False,metadata:not_binary;meta_missing:MinorityClassSize
46620,magic_niab,1,active,False,False,False,metadata:not_binary;meta_missing:MinorityClassSize
46621,Wheat,2,active,False,False,False,metadata:not_binary;has_missing_values;meta_missing:MinorityClassSize
46625,BNP_Paribas_Cardif_Claims_Management,1,active,False,False,False,metadata:not_binary;has_missing_values;n_samples_out_of_range;n_features_out_of_range;too_many_cells;meta_missing:MinorityClassSize
46628,Support2,1,active,False,False,False,metadata:not_binary;has_missing_values;n_samples_out_of_range;too_many_cells;meta_missing:MinorityClassSize
46629,Fetal_cardiotocography_dataset,1,active,False,False,False,metadata:not_binary;has_missing_values;meta_missing:MinorityClassSize
46630,Skin_Cancer_PAD-UFES-20,1,active,False,False,False,metadata:has_missing_values;non_numeric_features
46633,BNP_Paribas_Cardif_Claims_Management,2,active,False,False,False,metadata:not_binary;has_missing_values;n_samples_out_of_range;n_features_out_of_range;too_many_cells;meta_missing:MinorityClassSize
46634,Santander_Customer_Satisfaction,1,active,False,False,False,metadata:not_binary;n_samples_out_of_range;n_features_out_of_range;too_many_cells;meta_missing:MinorityClassSize
46635,Fetal_cardiotocography_dataset,2,active,False,False,False,metadata:not_binary;meta_missing:MinorityClassSize
46636,Homesite_Quote_Conversion,1,active,False,False,False,metadata:not_binary;has_missing_values;n_samples_out_of_range;n_features_out_of_range;too_many_cells;meta_missing:MinorityClassSize
46637,IEEE-CIS_Fraud_Detection,1,active,False,False,False,metadata:not_binary;has_missing_values;n_samples_out_of_range;n_features_out_of_range;too_many_cells;meta_missing:MinorityClassSize
46638,Phenotype_202,1,active,False,False,False,metadata:not_binary;has_missing_values;n_samples_out_of_range;meta_missing:MinorityClassSize
46640,LICD,2,active,False,False,False,metadata:not_binary;has_missing_values;n_samples_out_of_range;n_features_out_of_range;too_many_cells;meta_missing:MinorityClassSize
46641,BAF_variant_I,1,active,False,False,False,metadata:not_binary;n_samples_out_of_range;too_many_cells;meta_missing:MinorityClassSize
46642,BAF_variant_II,1,active,False,False,False,metadata:not_binary;n_samples_out_of_range;too_many_cells;meta_missing:MinorityClassSize
46643,BAF_variant_III,1,active,False,False,False,metadata:not_binary;n_samples_out_of_range;too_many_cells;meta_missing:MinorityClassSize
46644,BAF_variant_IV,1,active,False,False,False,metadata:not_binary;n_samples_out_of_range;too_many_cells;meta_missing:MinorityClassSize
46645,BAF_variant_V,1,active,False,False,False,metadata:not_binary;n_samples_out_of_range;too_many_cells;meta_missing:MinorityClassSize
46646,BAF_base,1,active,False,False,False,metadata:not_binary;n_samples_out_of_range;too_many_cells;meta_missing:MinorityClassSize
46647,AVIDa-SARS-CoV-2,1,active,False,False,False,metadata:not_binary;meta_missing:MinorityClassSize
46648,AVIDa-hIL6,1,active,False,False,False,metadata:not_binary;n_samples_out_of_range;too_many_cells;meta_missing:MinorityClassSize
46649,DDXPlus,1,active,False,False,False,metadata:not_binary;n_samples_out_of_range;too_many_cells
46650,US_Accidents_March23,1,active,False,False,False,metadata:not_binary;has_missing_values;non_numeric_features;n_samples_out_of_range;too_many_cells;meta_missing:MinorityClassSize
46651,product_sentiment_machine_hack,1,active,False,False,False,metadata:not_binary;n_samples_out_of_range;meta_missing:MinorityClassSize
46652,news_channel,1,active,False,False,False,metadata:not_binary;n_samples_out_of_range;too_many_cells
46653,wine_reviews,2,active,False,False,False,metadata:not_binary;has_missing_values;n_samples_out_of_range;too_many_cells
46654,jigsaw_unintended_bias100K,1,active,False,False,False,metadata:has_missing_values;n_samples_out_of_range;too_many_cells
46655,fake_job_postings2,1,active,False,False,False,metadata:not_binary;has_missing_values;n_samples_out_of_range;meta_missing:MinorityClassSize
46656,ae_price_prediction,1,active,False,False,False,metadata:not_binary;has_missing_values;n_samples_out_of_range;too_many_cells;meta_missing:MinorityClassSize
46657,google_qa_answer_type_reason_explanation,1,active,False,False,False,metadata:not_binary;too_many_cells;meta_missing:MinorityClassSize
46658,google_qa_question_type_reason_explanation,1,active,False,False,False,metadata:not_binary;too_many_cells;meta_missing:MinorityClassSize
46659,women_clothing_review,1,active,False,False,False,metadata:not_binary;has_missing_values;n_samples_out_of_range;too_many_cells;meta_missing:MinorityClassSize
46660,mercari_price_suggestion100K,1,active,False,False,False,metadata:not_binary;has_missing_values;n_samples_out_of_range;too_many_cells;meta_missing:MinorityClassSize
46661,jc_penney_products,1,active,False,False,False,metadata:not_binary;has_missing_values;n_samples_out_of_range;meta_missing:MinorityClassSize
46662,news_popularity2,1,active,False,False,False,metadata:not_binary;n_samples_out_of_range;meta_missing:MinorityClassSize
46663,bookprice_prediction,1,active,False,False,False,metadata:not_binary;has_missing_values;meta_missing:MinorityClassSize
46664,data_scientist_salary,1,active,False,False,False,metadata:not_binary;has_missing_values;n_samples_out_of_range
46665,melbourne_airbnb,1,active,False,False,False,metadata:not_binary;has_missing_values;non_numeric_features;n_samples_out_of_range;n_features_out_of_range;too_many_cells;meta_missing:MinorityClassSize
46667,imdb_genre_prediction,1,active,False,False,False,metadata:has_missing_values
46668,kick_starter_funding,1,active,False,False,False,metadata:not_binary;has_missing_values;n_samples_out_of_range;too_many_cells;meta_missing:MinorityClassSize
46669,california_house_price,1,active,False,False,False,metadata:not_binary;has_missing_values;n_samples_out_of_range;too_many_cells;meta_missing:MinorityClassSize
46670,Ott,1,active,False,False,False,metadata:not_binary;has_missing_values;n_samples_out_of_range;too_many_cells
46672,Year_Prediction_MSD,1,active,False,False,False,metadata:not_binary;n_samples_out_of_range;too_many_cells;meta_missing:MinorityClassSize
46674,college_scorecard,1,active,False,False,False,metadata:not_binary;n_samples_out_of_range;n_features_out_of_range;too_many_cells;meta_missing:MinorityClassSize
46676,WBCAtt,1,active,False,False,False,metadata:not_binary;n_samples_out_of_range
46677,physionet_sepsis,1,active,False,False,False,metadata:not_binary;has_missing_values;n_samples_out_of_range;too_many_cells;meta_missing:MinorityClassSize
46678,mimic_extract_los_3,1,active,False,False,False,metadata:not_binary;has_missing_values;n_samples_out_of_range;too_many_cells;minority_too_small
46681,REASONER,1,active,False,False,False,metadata:not_binary;has_missing_values;n_samples_out_of_range;too_many_cells;meta_missing:MinorityClassSize
46682,CodeXGLUE,1,active,False,False,False,metadata:n_samples_out_of_range
46683,Dynamically-Generated-Hate-Speech-Dataset,1,active,False,False,False,metadata:has_missing_values;n_samples_out_of_range;too_many_cells
46684,HolisticBias,1,active,False,False,False,metadata:not_binary;has_missing_values;non_numeric_features;n_samples_out_of_range;too_many_cells
46685,hate-speech-and-offensive-language,1,active,False,False,False,metadata:not_binary;n_samples_out_of_range;meta_missing:MinorityClassSize
46686,DBPedia,1,active,False,False,False,metadata:not_binary;n_samples_out_of_range;too_many_cells
46687,yelp-reviews-sentiment-dataset,1,active,False,False,False,metadata:not_binary;has_missing_values;n_samples_out_of_range;n_features_out_of_range;too_many_cells;meta_missing:MinorityClassSize
46688,sogou_news,1,active,False,False,False,metadata:not_binary;n_samples_out_of_range;too_many_cells;meta_missing:MinorityClassSize
46689,sst5,1,active,False,False,False,metadata:not_binary;n_samples_out_of_range;n_features_out_of_range
46691,md_gender_bias,2,active,False,False,False,metadata:not_binary;meta_missing:MinorityClassSize
46692,funpedia,1,active,False,False,False,metadata:not_binary;n_samples_out_of_range;meta_missing:MinorityClassSize
46693,image_chat,1,active,False,False,False,metadata:not_binary;n_samples_out_of_range;n_features_out_of_range;too_many_cells;meta_missing:MinorityClassSize
46694,wizard,1,active,False,False,False,metadata:not_binary;n_samples_out_of_range;meta_missing:MinorityClassSize
46695,convai2_inferred,1,active,False,False,False,metadata:not_binary;n_samples_out_of_range;too_many_cells;meta_missing:MinorityClassSize
46696,light_inferred,1,active,False,False,False,metadata:not_binary;n_samples_out_of_range;too_many_cells;meta_missing:MinorityClassSize
46697,opensubtitles_inferred,1,active,False,False,False,metadata:not_binary;n_samples_out_of_range;too_many_cells;meta_missing:MinorityClassSize
46698,amazon-reviews,1,active,False,False,False,metadata:not_binary;has_missing_values;n_samples_out_of_range;too_many_cells;meta_missing:MinorityClassSize
46700,go_emotions,1,active,False,False,False,metadata:not_binary;n_samples_out_of_range;meta_missing:MinorityClassSize
46701,social_bias_frames,1,active,False,False,False,metadata:not_binary;has_missing_values;n_samples_out_of_range;too_many_cells
46702,jigsaw-toxic-comment-classification-challenge,1,active,False,False,False,metadata:not_binary;has_missing_values;n_samples_out_of_range;n_features_out_of_range;too_many_cells;minority_too_small
46703,jigsaw-unintended-bias-in-toxicity,1,active,False,False,False,metadata:not_binary;has_missing_values;n_samples_out_of_range;too_many_cells;meta_missing:MinorityClassSize
46707,jigsaw-multilingual-toxic-comment-classification,1,active,False,False,False,metadata:not_binary;n_samples_out_of_range;meta_missing:MinorityClassSize
46708,Wikipedia_Talk_Labels,1,active,False,False,False,metadata:not_binary;has_missing_values;n_samples_out_of_range;too_many_cells
46709,SOCC,1,active,False,False,False,metadata:not_binary;has_missing_values;minority_too_small
46710,UCC,1,active,False,False,False,metadata:not_binary;has_missing_values;n_samples_out_of_range;too_many_cells;meta_missing:MinorityClassSize
46712,Toxicity_detection_context,1,active,False,False,False,metadata:not_binary;n_samples_out_of_range;n_features_out_of_range;meta_missing:MinorityClassSize
46714,AG_News,1,active,False,False,False,metadata:not_binary;n_samples_out_of_range;too_many_cells;meta_missing:MinorityClassSize
46716,irony-labeled,1,active,False,False,False,metadata:not_binary;n_features_out_of_range;meta_missing:MinorityClassSize
46717,biosses,1,active,False,False,False,metadata:not_binary;n_samples_out_of_range;minority_too_small
46718,riciclo,1,active,False,False,False,metadata:meta_missing:NumberOfClasses;meta_missing:MinorityClassSize
46719,mental-health-in-tech-survey,3,active,False,False,False,metadata:has_missing_values
46720,OSMI_Mental_Health_in_Tech_Survey,1,active,False,False,False,metadata:not_binary;has_missing_values
46721,Mental_Health_Dataset,1,active,False,False,False,metadata:not_binary;has_missing_values;n_samples_out_of_range;too_many_cells
46722,Phishing_Legitimate_full,1,active,False,False,False,metadata:not_binary;n_samples_out_of_range;too_many_cells;meta_missing:MinorityClassSize
46723,Violent_Crime_by_County_1975_to_2016,1,active,False,False,False,metadata:not_binary;has_missing_values;meta_missing:MinorityClassSize
46724,cybersecurity_attacks,1,active,False,False,False,metadata:not_binary;has_missing_values;n_samples_out_of_range;too_many_cells;meta_missing:MinorityClassSize
46725,Crime_Data_from_2010,1,active,False,False,False,metadata:not_binary;has_missing_values;n_samples_out_of_range;too_many_cells;meta_missing:MinorityClassSize
46726,climate_change_impact_on_agriculture_2024,1,active,False,False,False,metadata:not_binary;n_samples_out_of_range;meta_missing:MinorityClassSize
46727,all-natural-disasters-19002021-eosdis,1,active,False,False,False,metadata:not_binary;has_missing_values;n_samples_out_of_range;too_many_cells;meta_missing:MinorityClassSize
46728,climate_change_dataset2020-2024,1,active,False,False,False,metadata:not_binary;has_missing_values;n_samples_out_of_range;meta_missing:MinorityClassSize
46729,climate_insights_dataset,1,active,False,False,False,metadata:not_binary;n_samples_out_of_range;meta_missing:MinorityClassSize
46730,reddit_opinion_climate_change,1,active,False,False,False,metadata:not_binary;has_missing_values;n_samples_out_of_range;too_many_cells;meta_missing:MinorityClassSize
46731,temperature_emissions_environmental_trends_2000_2024,1,active,False,False,False,metadata:not_binary;meta_missing:MinorityClassSize
46732,pakistan_hunger_data,1,active,False,False,False,metadata:not_binary;meta_missing:MinorityClassSize
46733,diabetes_risk_prediction_dataset,1,active,True,True,False,non_numeric_features
46734,world_food_wealth_bank,1,active,False,False,False,metadata:not_binary;n_samples_out_of_range;too_many_cells;meta_missing:MinorityClassSize
46735,sustainable_development_report_zero_hunger,1,active,False,False,False,metadata:not_binary;meta_missing:MinorityClassSize
46736,methane_emissions_rice_crop,1,active,False,False,False,metadata:not_binary;has_missing_values;n_samples_out_of_range;too_many_cells;meta_missing:MinorityClassSize
46737,agriculture_dataset_karnataka,1,active,False,False,False,metadata:not_binary;has_missing_values;minority_too_small
46738,agriculture_and_farming_dataset,1,active,False,False,False,metadata:not_binary;n_samples_out_of_range;meta_missing:MinorityClassSize
46739,tuxkconfig_415,1,active,False,False,False,metadata:meta_missing:NumberOfClasses;n_samples_out_of_range;n_features_out_of_range;too_many_cells;meta_missing:MinorityClassSize
46740,tuxkconfig_420,1,active,False,False,False,metadata:meta_missing:NumberOfClasses;n_samples_out_of_range;n_features_out_of_range;too_many_cells;meta_missing:MinorityClassSize
46741,tuxkconfig_500,1,active,False,False,False,metadata:meta_missing:NumberOfClasses;n_samples_out_of_range;n_features_out_of_range;too_many_cells;meta_missing:MinorityClassSize
46742,tuxkconfig_504,1,active,False,False,False,metadata:meta_missing:NumberOfClasses;n_samples_out_of_range;n_features_out_of_range;too_many_cells;meta_missing:MinorityClassSize
46743,tuxkconfig_507,1,active,False,False,False,metadata:meta_missing:NumberOfClasses;n_samples_out_of_range;n_features_out_of_range;too_many_cells;meta_missing:MinorityClassSize
46744,tuxkconfig_508,1,active,False,False,False,metadata:meta_missing:NumberOfClasses;n_samples_out_of_range;n_features_out_of_range;too_many_cells;meta_missing:MinorityClassSize
46745,Advanced_IoT_Dataset,1,active,False,False,False,metadata:not_binary;n_samples_out_of_range;too_many_cells
46747,IoT_Agriculture_2024,1,active,False,False,False,metadata:not_binary;has_missing_values;n_samples_out_of_range;too_many_cells;meta_missing:MinorityClassSize
46748,coffee_distribution_across_94_counties,1,active,False,False,False,metadata:not_binary;n_samples_out_of_range;meta_missing:MinorityClassSize
46749,tuxkconfig,1,active,False,False,False,metadata:meta_missing:NumberOfClasses;n_samples_out_of_range;meta_missing:MinorityClassSize
46750,Dataset-Mental-Disorders,1,active,False,False,False,metadata:not_binary;n_samples_out_of_range;minority_too_small
46752,student_lifestyle_dataset,1,active,False,False,False,metadata:not_binary
46753,student_depression_dataset,1,active,False,False,False,metadata:not_binary;has_missing_values;n_samples_out_of_range;too_many_cells;meta_missing:MinorityClassSize
46754,sleep-deprivation-and-cognitive-performance,1,active,False,False,False,metadata:not_binary;n_samples_out_of_range;meta_missing:MinorityClassSize
46755,social-media-impact-on-suicide-rates,1,active,False,False,False,metadata:not_binary;n_samples_out_of_range;meta_missing:MinorityClassSize
46756,divorce_prediction,1,active,False,False,False,metadata:not_binary;n_samples_out_of_range;meta_missing:MinorityClassSize
46757,depression_2020,1,active,False,False,False,metadata:not_binary;has_missing_values;meta_missing:MinorityClassSize
46758,PostPartum_Depression,1,active,False,False,False,metadata:has_missing_values
46759,tuxkconfig_413,1,active,False,False,False,metadata:meta_missing:NumberOfClasses;n_samples_out_of_range;n_features_out_of_range;too_many_cells;meta_missing:MinorityClassSize
46760,Indicators_of_Anxiety_or_Depression,1,active,False,False,False,metadata:not_binary;has_missing_values;n_samples_out_of_range;too_many_cells
46761,mental_health_detection,1,active,False,False,False,metadata:not_binary;minority_too_small
46762,air-quality-and-pollution-assessment,1,active,False,False,False,metadata:not_binary
46763,football-player-position,1,active,False,False,False,metadata:not_binary;meta_missing:MinorityClassSize
46764,football-player-position,2,active,False,False,False,metadata:not_binary
46765,test,20,active,False,False,False,metadata:meta_missing:NumberOfClasses;non_numeric_features;meta_missing:MinorityClassSize
46766,test,21,active,False,False,False,metadata:meta_missing:NumberOfClasses;non_numeric_features;meta_missing:MinorityClassSize
46767,test,22,active,False,False,False,metadata:meta_missing:NumberOfClasses;non_numeric_features;meta_missing:MinorityClassSize
46770,Meta_Album_BRD_Extended,2,active,False,False,False,metadata:not_binary;n_samples_out_of_range
46772,munich-rent-index-1999,1,active,False,False,False,metadata:not_binary;non_numeric_features;meta_missing:MinorityClassSize
46773,alizadeh-2000-v2,1,active,False,False,False,metadata:not_binary;n_samples_out_of_range;n_features_out_of_range;minority_too_small
46774,alizadeh-2000-v3,1,active,False,False,False,metadata:not_binary;n_samples_out_of_range;n_features_out_of_range;minority_too_small
46775,armstrong-2002-v1,1,active,False,False,False,metadata:n_samples_out_of_range;n_features_out_of_range;minority_too_small
46776,bittner-2000,1,active,False,False,False,metadata:n_samples_out_of_range;n_features_out_of_range;minority_too_small
46777,bredel-2005,1,active,False,False,False,metadata:not_binary;n_samples_out_of_range;n_features_out_of_range;minority_too_small
46778,chowdary-2006,1,active,False,False,False,metadata:n_samples_out_of_range;n_features_out_of_range
46779,garber-2001,1,active,False,False,False,metadata:not_binary;n_samples_out_of_range;n_features_out_of_range;too_many_cells;minority_too_small
46780,golub-1999-v2,1,active,False,False,False,metadata:not_binary;n_samples_out_of_range;n_features_out_of_range;minority_too_small
46781,khan-2001,1,active,False,False,False,metadata:not_binary;n_samples_out_of_range;n_features_out_of_range;minority_too_small
46782,binary_alpha_digits,1,active,False,False,False,metadata:not_binary;n_features_out_of_range;too_many_cells
46783,coil-20,1,active,False,False,False,metadata:not_binary;n_features_out_of_range;too_many_cells;meta_missing:MinorityClassSize
46785,deng-reads,1,active,False,False,False,metadata:not_binary;n_features_out_of_range;too_many_cells;minority_too_small
46786,deng-reads,2,active,False,False,False,metadata:not_binary;non_numeric_features;n_features_out_of_range;too_many_cells;minority_too_small
46787,Sberbank_Russian_Housing_Market,1,active,False,False,False,metadata:not_binary;has_missing_values;n_samples_out_of_range;n_features_out_of_range;too_many_cells;meta_missing:MinorityClassSize
46788,mice,2,active,False,False,False,metadata:not_binary;has_missing_values
46791,kdd_final,1,active,False,False,False,metadata:not_binary;meta_missing:MinorityClassSize
46792,LICD,3,active,False,False,False,metadata:has_missing_values;n_samples_out_of_range;n_features_out_of_range;too_many_cells
46793,BAF_base,2,active,False,False,False,metadata:n_samples_out_of_range;too_many_cells
46794,BAF_variant_I,2,active,False,False,False,metadata:n_samples_out_of_range;too_many_cells
46795,BAF_variant_II,2,active,False,False,False,metadata:n_samples_out_of_range;too_many_cells
46796,BAF_variant_III,2,active,False,False,False,metadata:n_samples_out_of_range;too_many_cells
46797,BAF_variant_III,3,active,False,False,False,metadata:n_samples_out_of_range;too_many_cells
46798,BAF_variant_V,2,active,False,False,False,metadata:n_samples_out_of_range;too_many_cells
46799,AVIDa-hIL6,2,active,False,False,False,metadata:n_samples_out_of_range;too_many_cells
46800,AVIDa-SARS-CoV-2,2,active,True,True,False,non_numeric_features
46801,ACSIncome,4,active,False,False,False,metadata:n_samples_out_of_range;too_many_cells
46802,ACSPublicCoverage,3,active,False,False,False,metadata:n_samples_out_of_range;too_many_cells
46804,DDXPlus,3,active,False,False,False,metadata:not_binary;n_samples_out_of_range;too_many_cells
46805,college_scorecard,2,active,False,False,False,metadata:n_samples_out_of_range;n_features_out_of_range;too_many_cells
46806,product_sentiment_machine_hack,2,active,False,False,False,metadata:not_binary;n_samples_out_of_range
46807,melbourne_airbnb,2,active,False,False,False,metadata:not_binary;has_missing_values;non_numeric_features;n_samples_out_of_range;n_features_out_of_range;too_many_cells
46808,news_channel,2,active,False,False,False,metadata:not_binary;n_samples_out_of_range;too_many_cells
46809,fake_job_postings2,2,active,False,False,False,metadata:has_missing_values;n_samples_out_of_range
46810,kick_starter_funding,2,active,False,False,False,metadata:has_missing_values;non_numeric_features;n_samples_out_of_range;too_many_cells
46811,data_scientist_salary,2,active,False,False,False,metadata:not_binary;has_missing_values;n_samples_out_of_range
46813,wine_reviews,3,active,False,False,False,metadata:not_binary;has_missing_values;n_samples_out_of_range;too_many_cells
46814,G20,1,active,False,False,False,metadata:meta_missing:NumberOfClasses;meta_missing:MinorityClassSize
46815,G20,2,active,False,False,False,metadata:meta_missing:NumberOfClasses;meta_missing:MinorityClassSize
46816,mimic_extract_los_3,2,active,False,False,False,metadata:not_binary;has_missing_values;n_samples_out_of_range;too_many_cells;minority_too_small
46817,physionet_sepsis,2,active,False,False,False,metadata:has_missing_values;n_samples_out_of_range;too_many_cells
46819,WBCAtt,3,active,False,False,False,metadata:not_binary;n_samples_out_of_range
46820,REASONER,2,active,False,False,False,metadata:has_missing_values;n_samples_out_of_range;too_many_cells
46822,Dynamically-Generated-Hate-Speech-Dataset,2,active,False,False,False,metadata:has_missing_values;n_samples_out_of_range;too_many_cells
46823,social_bias_frames,2,active,False,False,False,metadata:not_binary;has_missing_values;n_samples_out_of_range;too_many_cells
46824,Wikipedia_Talk_Labels,2,active,False,False,False,metadata:not_binary;has_missing_values;n_samples_out_of_range;too_many_cells
46825,SOCC,2,active,False,False,False,metadata:not_binary;has_missing_values;minority_too_small
46826,SOCC,3,active,False,False,False,metadata:not_binary;has_missing_values;minority_too_small
46827,QSAR_Bioconcentration_classification,2,active,False,False,False,metadata:not_binary
46828,Cervical_Cancer_Risk_Factors,2,active,False,False,False,metadata:not_binary;has_missing_values;minority_too_small
46829,Cervical_Cancer_Risk_Factors,3,active,False,False,False,metadata:not_binary;has_missing_values;minority_too_small
46830,sales_data,1,active,False,False,False,metadata:meta_missing:NumberOfClasses;n_samples_out_of_range;meta_missing:MinorityClassSize
46831,HCV_data,2,active,False,False,False,metadata:not_binary;has_missing_values;minority_too_small
46832,sales_data,2,active,False,False,False,metadata:meta_missing:NumberOfClasses;n_samples_out_of_range;meta_missing:MinorityClassSize
46833,sales_data,3,active,False,False,False,metadata:meta_missing:NumberOfClasses;n_samples_out_of_range;meta_missing:MinorityClassSize
46834,RedleafWeka1715,1,active,False,False,False,metadata:meta_missing:NumberOfClasses;has_missing_values;meta_missing:MinorityClassSize
46835,Titanicwekaoriginal,1,active,False,False,False,metadata:meta_missing:NumberOfClasses;meta_missing:MinorityClassSize
46836,Titanicwekaoriginal,2,active,False,False,False,metadata:meta_missing:NumberOfClasses;meta_missing:MinorityClassSize
46837,RedleafWeka17152,1,active,False,False,False,metadata:meta_missing:NumberOfClasses;has_missing_values;meta_missing:MinorityClassSize
46838,Student_Performance_on_an_Entrance_Examination,2,active,False,False,False,metadata:not_binary
46839,Student_Performance_on_an_Entrance_Examination,3,active,False,False,False,metadata:not_binary
46840,Estimation_of_Obesity_Levels,2,active,False,False,False,metadata:not_binary
46841,cdc_diabetes,2,active,False,False,False,metadata:n_samples_out_of_range;too_many_cells
46842,maternal_health_risk,2,active,False,False,False,metadata:not_binary
46843,Cirrhosis_Patient_Survival_Prediction,2,active,False,False,False,metadata:not_binary;has_missing_values;minority_too_small
46844,Predicting_Risk_Factors_of_Chronic_Kidney_Disease,2,active,True,True,False,non_numeric_features
46845,regensburg_pediatric_appendicitis,2,active,False,False,False,metadata:not_binary;has_missing_values;minority_too_small
46846,glioma_grading_clinical_and_mutation_features,2,active,True,True,False,non_numeric_features
46847,differentiated_thyroid_cancer_recurrence,2,active,True,True,False,non_numeric_features
46848,differentiated_thyroid_cancer_recurrence,3,active,True,True,False,non_numeric_features
46849,darwin,2,active,False,False,False,metadata:n_samples_out_of_range;n_features_out_of_range
46850,hepatitis_c_virus_hcv_for_egyptian_patients,2,active,False,False,False,metadata:not_binary
46851,hepatitis_c_virus_hcv_for_egyptian_patients,3,active,False,False,False,metadata:not_binary
46852,drug_reviews_druglib_com,2,active,False,False,False,metadata:not_binary;has_missing_values;minority_too_small
46853,sepsis_survival_minimal_clinical_records,2,active,False,False,False,metadata:n_samples_out_of_range;too_many_cells
46854,bone_marrow_transplant_children,2,active,False,False,False,metadata:has_missing_values;n_samples_out_of_range
46855,toxicity,2,active,False,False,False,metadata:n_samples_out_of_range;n_features_out_of_range;too_many_cells
46856,BNP_Paribas_Cardif_Claims_Management,3,active,False,False,False,metadata:has_missing_values;n_samples_out_of_range;n_features_out_of_range;too_many_cells
46857,Homesite_Quote_Conversion,2,active,False,False,False,metadata:has_missing_values;n_samples_out_of_range;n_features_out_of_range;too_many_cells
46858,IEEE-CIS_Fraud_Detection,2,active,False,False,False,metadata:has_missing_values;n_samples_out_of_range;n_features_out_of_range;too_many_cells
46859,Santander_Customer_Satisfaction,2,active,False,False,False,metadata:n_samples_out_of_range;n_features_out_of_range;too_many_cells
46860,Support2,2,active,False,False,False,metadata:has_missing_values;n_samples_out_of_range;too_many_cells
46863,Fetal_cardiotocography_dataset,3,active,False,False,False,metadata:not_binary
46864,Skin_Cancer_PAD-UFES-20,2,active,False,False,False,metadata:has_missing_values;non_numeric_features
46865,mental-health-in-tech-survey,4,active,False,False,False,metadata:has_missing_values
46866,OSMI_Mental_Health_in_Tech_Survey,2,active,False,False,False,metadata:not_binary;has_missing_values
46867,Mental_Health_Dataset,2,active,False,False,False,metadata:not_binary;has_missing_values;n_samples_out_of_range;too_many_cells
46868,Phishing_Legitimate_full,2,active,False,False,False,metadata:n_samples_out_of_range;too_many_cells
46869,diabetes_risk_prediction_dataset,2,active,True,True,False,non_numeric_features
46870,agriculture_dataset_karnataka,2,active,False,False,False,metadata:not_binary;has_missing_values;minority_too_small
46871,Advanced_IoT_Dataset,2,active,False,False,False,metadata:not_binary;n_samples_out_of_range;too_many_cells
46872,Dataset-Mental-Disorders,2,active,False,False,False,metadata:not_binary;n_samples_out_of_range;minority_too_small
46873,student_lifestyle_dataset,2,active,False,False,False,metadata:not_binary
46874,student_depression_dataset,2,active,False,False,False,metadata:has_missing_values;n_samples_out_of_range;too_many_cells
46875,divorce_prediction,2,active,False,False,False,metadata:n_samples_out_of_range
46876,depression_2020,2,active,False,False,False,metadata:has_missing_values
46877,PostPartum_Depression,2,active,False,False,False,metadata:has_missing_values
46878,Indicators_of_Anxiety_or_Depression,2,active,False,False,False,metadata:not_binary;has_missing_values;n_samples_out_of_range;too_many_cells
46879,mental_health_detection,2,active,False,False,False,metadata:not_binary
46880,air-quality-and-pollution-assessment,2,active,False,False,False,metadata:not_binary
46881,melbourne_airbnb,3,active,False,False,False,metadata:not_binary;has_missing_values;non_numeric_features;n_samples_out_of_range;n_features_out_of_range;too_many_cells
46882,jigsaw_unintended_bias100K,2,active,False,False,False,metadata:has_missing_values;n_samples_out_of_range;too_many_cells
46883,google_qa_answer_type_reason_explanation,2,active,False,False,False,metadata:not_binary;too_many_cells;meta_missing:MinorityClassSize
46884,google_qa_question_type_reason_explanation,2,active,False,False,False,metadata:not_binary;too_many_cells;meta_missing:MinorityClassSize
46885,women_clothing_review,2,active,False,False,False,metadata:not_binary;has_missing_values;n_samples_out_of_range;too_many_cells;meta_missing:MinorityClassSize
46886,mercari_price_suggestion100K,2,active,False,False,False,metadata:not_binary;has_missing_values;n_samples_out_of_range;too_many_cells;meta_missing:MinorityClassSize
46887,mimic_extract_los_3,3,active,False,False,False,metadata:not_binary;has_missing_values;n_samples_out_of_range;too_many_cells;minority_too_small
46888,physionet_sepsis,3,active,False,False,False,metadata:has_missing_values;n_samples_out_of_range;too_many_cells
46889,jigsaw-unintended-bias-in-toxicity,2,active,False,False,False,metadata:not_binary;has_missing_values;n_samples_out_of_range;too_many_cells;meta_missing:MinorityClassSize
46890,UCC,2,active,False,False,False,metadata:not_binary;has_missing_values;n_samples_out_of_range;too_many_cells;meta_missing:MinorityClassSize
46892,Phenotype_202,2,active,False,False,False,metadata:not_binary;has_missing_values;n_samples_out_of_range;meta_missing:MinorityClassSize
46893,Wheat,3,active,False,False,False,metadata:not_binary;has_missing_values;meta_missing:MinorityClassSize
46894,Crime_Data_from_2010,2,active,False,False,False,metadata:not_binary;has_missing_values;n_samples_out_of_range;too_many_cells;meta_missing:MinorityClassSize
46895,cybersecurity_attacks,2,active,False,False,False,metadata:not_binary;has_missing_values;n_samples_out_of_range;too_many_cells;meta_missing:MinorityClassSize
46896,reddit_opinion_climate_change,2,active,False,False,False,metadata:not_binary;has_missing_values;n_samples_out_of_range;too_many_cells;meta_missing:MinorityClassSize
46897,sleep-deprivation-and-cognitive-performance,2,active,False,False,False,metadata:not_binary;n_samples_out_of_range;meta_missing:MinorityClassSize
46898,Sberbank_Russian_Housing_Market,2,active,False,False,False,metadata:not_binary;has_missing_values;n_samples_out_of_range;n_features_out_of_range;too_many_cells;meta_missing:MinorityClassSize
46899,Wheat,4,active,False,False,False,metadata:not_binary;has_missing_values;meta_missing:MinorityClassSize
46900,TESTFORDESCRIPTION-anneal,1,active,False,False,False,metadata:not_binary;non_numeric_features;minority_too_small
46901,TESTFORDESCRIPTION-anneal,2,active,False,False,False,metadata:not_binary;non_numeric_features;minority_too_small
46902,SCLIC,1,active,False,False,False,metadata:meta_missing:NumberOfClasses;has_missing_values;n_samples_out_of_range;too_many_cells;meta_missing:MinorityClassSize
46903,abalone,18,active,False,False,False,metadata:not_binary;meta_missing:MinorityClassSize
46904,airfoil_self_noise,9,active,False,False,False,metadata:not_binary;meta_missing:MinorityClassSize
46905,Amazon_employee_access,3,active,False,False,False,metadata:non_numeric_features;n_samples_out_of_range;too_many_cells
46906,anneal,18,active,False,False,False,metadata:not_binary;non_numeric_features;minority_too_small
46907,Another-Dataset-on-used-Fiat-500,1,active,False,False,False,metadata:not_binary;meta_missing:MinorityClassSize
46908,APSFailure,2,active,False,False,False,metadata:has_missing_values;n_samples_out_of_range;n_features_out_of_range;too_many_cells
46909,ASP-POTASSCO,1,active,False,False,False,metadata:not_binary;has_missing_values;n_features_out_of_range;too_many_cells;minority_too_small
46910,bank-marketing,10,active,False,False,False,metadata:non_numeric_features;n_samples_out_of_range;too_many_cells
46911,Bank_Customer_Churn,1,active,False,False,False,metadata:non_numeric_features;n_samples_out_of_range
46912,Bioresponse,4,active,False,False,False,metadata:n_features_out_of_range;too_many_cells
46913,blood-transfusion-service-center,2,active,True,True,True,
46914,cars,5,active,False,False,False,metadata:not_binary;non_numeric_features;meta_missing:MinorityClassSize
46915,churn,4,active,False,False,False,metadata:non_numeric_features
46916,coil2000_insurance_policies,1,active,False,False,False,metadata:non_numeric_features;n_samples_out_of_range;too_many_cells
46917,concrete_compressive_strength,8,active,False,False,False,metadata:not_binary;meta_missing:MinorityClassSize
46918,credit-g,5,active,False,False,False,metadata:non_numeric_features
46919,credit_card_clients_default,1,active,False,False,False,metadata:non_numeric_features;n_samples_out_of_range;too_many_cells
46920,customer_satisfaction_in_airline,1,active,False,False,False,metadata:has_missing_values;non_numeric_features;n_samples_out_of_range;too_many_cells
46921,diabetes,7,active,True,True,True,
46922,Diabetes130US,4,active,False,False,False,metadata:has_missing_values;non_numeric_features;n_samples_out_of_range;too_many_cells
46923,diamonds,9,active,False,False,False,metadata:not_binary;non_numeric_features;n_samples_out_of_range;too_many_cells;meta_missing:MinorityClassSize
46924,E-CommereShippingData,1,active,False,False,False,metadata:non_numeric_features;n_samples_out_of_range
46925,Employee,2,active,False,False,False,metadata:non_numeric_features
46927,Fitness_Club,1,active,False,False,False,metadata:has_missing_values;non_numeric_features
46928,Food_Delivery_Time,1,active,False,False,False,metadata:not_binary;non_numeric_features;n_samples_out_of_range;too_many_cells;meta_missing:MinorityClassSize
46929,GiveMeSomeCredit,1,active,False,False,False,metadata:has_missing_values;n_samples_out_of_range;too_many_cells
46930,hazelnut-spread-contaminant-detection,1,active,True,True,True,
46931,healthcare_insurance_expenses,1,active,False,False,False,metadata:not_binary;non_numeric_features;meta_missing:MinorityClassSize
46932,heloc,3,active,False,False,False,metadata:n_samples_out_of_range;too_many_cells
46933,hiva_agnostic,2,active,False,False,False,metadata:not_binary;non_numeric_features;n_features_out_of_range;too_many_cells
46934,houses,7,active,False,False,False,metadata:not_binary;n_samples_out_of_range;too_many_cells;meta_missing:MinorityClassSize
46935,HR_Analytics_Job_Change_of_Data_Scientists,1,active,False,False,False,metadata:has_missing_values;non_numeric_features;n_samples_out_of_range;too_many_cells
46936,internet_firewall,1,active,False,False,False,metadata:not_binary;n_samples_out_of_range;too_many_cells
46937,in_vehicle_coupon_recommendation,1,active,False,False,False,metadata:non_numeric_features;n_samples_out_of_range;too_many_cells
46938,Is-this-a-good-customer,2,active,False,False,False,metadata:non_numeric_features
46939,kddcup09_appetency,2,active,False,False,False,metadata:has_missing_values;non_numeric_features;n_samples_out_of_range;n_features_out_of_range;too_many_cells
46940,Marketing_Campaign,1,active,False,False,False,metadata:has_missing_values;non_numeric_features
46941,maternal_health_risk,3,active,False,False,False,metadata:not_binary
46942,miami_housing,3,active,False,False,False,metadata:not_binary;n_samples_out_of_range;too_many_cells;meta_missing:MinorityClassSize
46943,MIC,2,active,False,False,False,metadata:not_binary;has_missing_values;non_numeric_features;n_features_out_of_range;too_many_cells;minority_too_small
46944,Mobile_Price,1,active,False,False,False,metadata:not_binary;non_numeric_features
46946,NHANES_age,1,active,False,False,False,metadata:not_binary;non_numeric_features;meta_missing:MinorityClassSize
46947,online_shoppers_intention,1,active,False,False,False,metadata:non_numeric_features;n_samples_out_of_range;too_many_cells
46948,PhishingWebsites,2,active,False,False,False,metadata:non_numeric_features;n_samples_out_of_range;too_many_cells
46949,physiochemical_protein,8,active,False,False,False,metadata:not_binary;n_samples_out_of_range;too_many_cells;meta_missing:MinorityClassSize
46950,polish_companies_bankruptcy,1,active,False,False,False,metadata:has_missing_values;n_samples_out_of_range;too_many_cells
46951,Pumpkin_Seeds,1,active,True,True,True,
46952,qsar-biodeg,2,active,False,False,False,metadata:non_numeric_features
46953,QSAR-TID-11,2,active,False,False,False,metadata:not_binary;n_samples_out_of_range;n_features_out_of_range;too_many_cells;meta_missing:MinorityClassSize
46954,QSAR_fish_toxicity,8,active,False,False,False,metadata:not_binary;meta_missing:MinorityClassSize
46955,SDSS17,1,active,False,False,False,metadata:not_binary;non_numeric_features;n_samples_out_of_range;too_many_cells
46956,seismic-bumps,4,active,False,False,False,metadata:non_numeric_features
46957,solar_flare,8,active,False,False,False,metadata:not_binary;non_numeric_features;meta_missing:MinorityClassSize
46958,splice,4,active,False,False,False,metadata:not_binary;non_numeric_features;too_many_cells
46959,steel-plates-fault,4,active,False,False,False,metadata:not_binary;non_numeric_features
46960,students_dropout_and_academic_success,1,active,False,False,False,metadata:not_binary;non_numeric_features;too_many_cells
46961,superconductivity,8,active,False,False,False,metadata:not_binary;n_samples_out_of_range;too_many_cells;meta_missing:MinorityClassSize
46962,taiwanese_bankruptcy_prediction,1,active,False,False,False,metadata:n_samples_out_of_range;too_many_cells
46963,website_phishing,1,active,False,False,False,metadata:not_binary;non_numeric_features
46964,wine_quality,7,active,False,False,False,metadata:not_binary;n_samples_out_of_range;meta_missing:MinorityClassSize
46969,NATICUSdroid,3,active,False,False,False,metadata:non_numeric_features;n_samples_out_of_range;too_many_cells
46972,fifa,26,active,False,False,False,metadata:not_binary;has_missing_values;non_numeric_features;n_samples_out_of_range;too_many_cells;meta_missing:MinorityClassSize
46973,fifa,27,active,False,False,False,metadata:not_binary;has_missing_values;non_numeric_features;n_samples_out_of_range;too_many_cells;meta_missing:MinorityClassSize
46974,fifa,28,active,False,False,False,metadata:not_binary;has_missing_values;non_numeric_features;n_samples_out_of_range;too_many_cells;meta_missing:MinorityClassSize
46976,fifa,30,active,False,False,False,metadata:not_binary;has_missing_values;non_numeric_features;n_samples_out_of_range;too_many_cells;meta_missing:MinorityClassSize
46977,Test,23,active,False,False,False,metadata:meta_missing:NumberOfClasses;n_samples_out_of_range;meta_missing:MinorityClassSize
46978,internet_firewall,2,active,False,False,False,metadata:not_binary;non_numeric_features;n_samples_out_of_range;too_many_cells
46979,jm1,3,active,False,False,False,metadata:has_missing_values;n_samples_out_of_range;too_many_cells
46980,MIC,3,active,False,False,False,metadata:not_binary;has_missing_values;non_numeric_features;n_features_out_of_range;too_many_cells;minority_too_small
46981,regensburg_pediatric_appendicitis,3,active,False,False,False,metadata:not_binary;has_missing_values;minority_too_small
46982,jigsaw-unintended-bias-in-toxicity,3,active,False,False,False,metadata:not_binary;has_missing_values;n_samples_out_of_range;too_many_cells;meta_missing:MinorityClassSize
46983,riboflavin,1,active,False,False,False,metadata:not_binary;n_samples_out_of_range;n_features_out_of_range;too_many_cells;meta_missing:MinorityClassSize
46984,EarthquakesChile_2000-2024,1,active,False,False,False,metadata:meta_missing:NumberOfClasses;has_missing_values;n_samples_out_of_range;too_many_cells;meta_missing:MinorityClassSize
46985,Phenotype_202,3,active,False,False,False,metadata:not_binary;has_missing_values;n_samples_out_of_range;meta_missing:MinorityClassSize
46989,Phenotype_202,4,active,False,False,False,metadata:not_binary;has_missing_values;n_samples_out_of_range;meta_missing:MinorityClassSize
46992,social_bias_frames,3,active,False,False,False,metadata:not_binary;has_missing_values;n_samples_out_of_range;too_many_cells
46993,bike-sharing-domain-generalization,1,active,False,False,False,metadata:not_binary;n_samples_out_of_range;meta_missing:MinorityClassSize
46994,bike-sharing-domain-generalization,2,active,False,False,False,metadata:not_binary;n_samples_out_of_range;meta_missing:MinorityClassSize
46996,Phenotype_202,5,active,False,False,False,metadata:not_binary;has_missing_values;n_samples_out_of_range;meta_missing:MinorityClassSize
46998,Phenotype_202,6,active,False,False,False,metadata:not_binary;has_missing_values;n_samples_out_of_range;meta_missing:MinorityClassSize
46999,Cervical_Cancer_Risk_Factors,4,active,False,False,False,metadata:not_binary;has_missing_values;minority_too_small
47000,QSAR_Bioconcentration_classification,3,active,False,False,False,metadata:not_binary
47001,QSAR_Bioconcentration_regression,2,active,False,False,False,metadata:not_binary;meta_missing:MinorityClassSize
47002,coffee_distribution_across_94_counties,2,active,False,False,False,metadata:not_binary;n_samples_out_of_range;meta_missing:MinorityClassSize
47003,melbourne_airbnb,4,active,False,False,False,metadata:not_binary;has_missing_values;non_numeric_features;n_samples_out_of_range;too_many_cells
47005,jigsaw_unintended_bias100K,3,active,False,False,False,metadata:has_missing_values;n_samples_out_of_range;too_many_cells
47006,cadio,1,active,False,False,False,metadata:meta_missing:NumberOfClasses;n_samples_out_of_range;n_features_out_of_range;meta_missing:MinorityClassSize
47007,cadio,2,active,False,False,False,metadata:meta_missing:NumberOfClasses;n_samples_out_of_range;n_features_out_of_range;meta_missing:MinorityClassSize
47008,water-ethanol-event-RGB,1,active,False,False,False,metadata:meta_missing:NumberOfClasses;n_samples_out_of_range;meta_missing:MinorityClassSize
47009,water-ethanol-event-RGB,2,active,False,False,False,metadata:meta_missing:NumberOfClasses;n_samples_out_of_range;meta_missing:MinorityClassSize
47012,sample_parquet_zip,1,active,False,False,False,metadata:meta_missing:NumberOfClasses;meta_missing:MinorityClassSize
47013,TRS_SCZ,1,active,False,False,False,metadata:not_binary;has_missing_values;n_samples_out_of_range;too_many_cells;meta_missing:MinorityClassSize
47014,TRS_SCZ,2,active,False,False,False,metadata:not_binary;has_missing_values;n_samples_out_of_range;too_many_cells;meta_missing:MinorityClassSize
47015,TRS_SCZ_v2,1,active,False,False,False,metadata:not_binary;has_missing_values;n_samples_out_of_range;too_many_cells;meta_missing:MinorityClassSize
47016,TRS_SCZ,3,active,False,False,False,metadata:not_binary;has_missing_values;non_numeric_features;n_samples_out_of_range;too_many_cells;meta_missing:MinorityClassSize
47017,sustainable_materials_dataset,1,active,False,False,False,metadata:meta_missing:NumberOfClasses;meta_missing:MinorityClassSize
47018,Test,24,active,False,False,False,metadata:meta_missing:NumberOfClasses;has_missing_values;n_features_out_of_range;meta_missing:MinorityClassSize
47019,test1,1,active,False,False,False,metadata:meta_missing:NumberOfClasses;meta_missing:MinorityClassSize
47020,Shrim,1,active,False,False,False,metadata:meta_missing:NumberOfClasses;has_missing_values;n_samples_out_of_range;meta_missing:MinorityClassSize
47021,Shrimphealth,1,active,False,False,False,metadata:meta_missing:NumberOfClasses;has_missing_values;n_samples_out_of_range;meta_missing:MinorityClassSize
47023,MedMCQA,1,active,False,False,False,metadata:not_binary;has_missing_values;n_samples_out_of_range;too_many_cells
47024,Laboratorio_dataset_car,4,active,False,False,False,metadata:meta_missing:NumberOfClasses;n_features_out_of_range;meta_missing:MinorityClassSize
47025,Laboratorio_dataset_car,5,active,False,False,False,metadata:meta_missing:NumberOfClasses;n_features_out_of_range;meta_missing:MinorityClassSize
47026,Laboratorio_dataset_car,6,active,False,False,False,metadata:meta_missing:NumberOfClasses;n_features_out_of_range;meta_missing:MinorityClassSize
47027,ZenTutorDataset,1,active,False,False,False,metadata:meta_missing:NumberOfClasses;meta_missing:MinorityClassSize
47028,XAUUSD,1,active,False,False,False,metadata:meta_missing:NumberOfClasses;meta_missing:MinorityClassSize
47029,fitness_claim_dataset,1,active,False,False,False,metadata:meta_missing:NumberOfClasses;n_samples_out_of_range;too_many_cells;meta_missing:MinorityClassSize
47030,base_plans,1,active,False,False,False,metadata:meta_missing:NumberOfClasses;has_missing_values;n_samples_out_of_range;too_many_cells;meta_missing:MinorityClassSize
47031,enhanced_health_insurance_claims.,1,active,False,False,False,metadata:meta_missing:NumberOfClasses;meta_missing:MinorityClassSize
47032,Clustering,1,active,False,False,False,metadata:meta_missing:NumberOfClasses;has_missing_values;n_samples_out_of_range;meta_missing:MinorityClassSize
47033,human_participants_anonymized,1,active,False,False,False,metadata:meta_missing:NumberOfClasses;meta_missing:MinorityClassSize
47034,supermarket,1,active,False,False,False,metadata:meta_missing:NumberOfClasses;has_missing_values;n_features_out_of_range;too_many_cells;meta_missing:MinorityClassSize
47035,fitness_claim_dataset,2,active,False,False,False,metadata:meta_missing:NumberOfClasses;n_samples_out_of_range;meta_missing:MinorityClassSize
47036,Base_Plans,2,active,False,False,False,metadata:meta_missing:NumberOfClasses;has_missing_values;n_samples_out_of_range;too_many_cells;meta_missing:MinorityClassSize
47038,001,1,active,False,False,False,metadata:meta_missing:NumberOfClasses;meta_missing:MinorityClassSize
47039,criteo-uplift-balanced,1,active,False,False,False,metadata:not_binary;non_numeric_features;n_samples_out_of_range;too_many_cells
47040,seeds_dataset,1,active,False,False,False,metadata:meta_missing:NumberOfClasses;meta_missing:MinorityClassSize
47041,Wine,9,active,False,False,False,metadata:meta_missing:NumberOfClasses;n_samples_out_of_range;meta_missing:MinorityClassSize
47042,carbrand,1,active,False,False,False,metadata:meta_missing:NumberOfClasses;n_samples_out_of_range;meta_missing:MinorityClassSize
47043,test,25,active,False,False,False,metadata:meta_missing:NumberOfClasses;has_missing_values;n_samples_out_of_range;meta_missing:MinorityClassSize
47044,Accidents_Prediction_Dataset,1,active,False,False,False,metadata:non_numeric_features
47045,Accidents_Prediction_Dataset,2,active,False,False,False,metadata:non_numeric_features
47046,Accidents_Prediction_Dataset,3,active,False,False,False,metadata:non_numeric_features
47047,Accidents_Prediction_Dataset,4,active,False,False,False,metadata:non_numeric_features
47048,Accidents_Prediction_Dataset,5,active,False,False,False,metadata:non_numeric_features
47049,Accidents_Prediction_Dataset,6,active,False,False,False,metadata:non_numeric_features
47050,Accidents_Prediction_Dataset_Pipeline,1,active,False,False,False,metadata:non_numeric_features
47051,Accidents_Prediction_Dataset_Pipeline,2,active,False,False,False,metadata:non_numeric_features
47052,Accidents_Prediction_Balanced_v3,1,active,False,False,False,metadata:non_numeric_features
47053,ucs_scm_mt,1,active,False,False,False,metadata:meta_missing:NumberOfClasses;meta_missing:MinorityClassSize
47054,ucs_scm_3,1,active,False,False,False,metadata:not_binary;meta_missing:MinorityClassSize
47055,project3,1,active,False,False,False,metadata:not_binary;meta_missing:MinorityClassSize
47056,project3_cat,1,active,False,False,False,metadata:not_binary;has_missing_values;meta_missing:MinorityClassSize
47057,project3_cat_new,1,active,False,False,False,metadata:not_binary;meta_missing:MinorityClassSize
47058,sail,2,active,False,False,False,metadata:meta_missing:NumberOfClasses;meta_missing:MinorityClassSize
47059,Division_Non_Restoring,1,active,False,False,False,metadata:meta_missing:NumberOfClasses;has_missing_values;n_samples_out_of_range;meta_missing:MinorityClassSize
47062,LimeSoda_B.204_coordinates,1,active,False,False,False,metadata:meta_missing:NumberOfClasses;n_features_out_of_range;meta_missing:MinorityClassSize
47063,LimeSoda_B.204_dataset,1,active,False,False,False,metadata:not_binary;meta_missing:MinorityClassSize
47064,LimeSoda_B.204_folds,1,active,False,False,False,metadata:meta_missing:NumberOfClasses;n_features_out_of_range;meta_missing:MinorityClassSize
47065,LimeSoda_BB.250_coordinates,1,active,False,False,False,metadata:meta_missing:NumberOfClasses;n_features_out_of_range;meta_missing:MinorityClassSize
47066,LimeSoda_BB.250_dataset,1,active,False,False,False,metadata:not_binary;meta_missing:MinorityClassSize
47067,LimeSoda_BB.250_folds,1,active,False,False,False,metadata:meta_missing:NumberOfClasses;n_features_out_of_range;meta_missing:MinorityClassSize
47068,LimeSoda_BB.30_1_coordinates,1,active,False,False,False,metadata:meta_missing:NumberOfClasses;n_samples_out_of_range;n_features_out_of_range;meta_missing:MinorityClassSize
47069,LimeSoda_BB.30_1_dataset,1,active,False,False,False,metadata:not_binary;n_samples_out_of_range;meta_missing:MinorityClassSize
47070,LimeSoda_B.204_dataset,2,active,False,False,False,metadata:not_binary;meta_missing:MinorityClassSize
47071,LimeSoda_BB.250_dataset,2,active,False,False,False,metadata:not_binary;meta_missing:MinorityClassSize
47072,LimeSoda_BB.30_1_dataset,2,active,False,False,False,metadata:not_binary;n_samples_out_of_range;meta_missing:MinorityClassSize
47073,LimeSoda_BB.30_2_dataset,1,active,False,False,False,metadata:not_binary;n_samples_out_of_range;meta_missing:MinorityClassSize
47074,LimeSoda_BB.51_dataset,1,active,False,False,False,metadata:not_binary;n_samples_out_of_range;meta_missing:MinorityClassSize
47075,LimeSoda_BB.72_dataset,1,active,False,False,False,metadata:not_binary;n_samples_out_of_range;meta_missing:MinorityClassSize
47076,LimeSoda_CV.98_dataset,1,active,False,False,False,metadata:not_binary;n_samples_out_of_range;n_features_out_of_range;too_many_cells;meta_missing:MinorityClassSize
47077,LimeSoda_G.104_dataset,1,active,False,False,False,metadata:not_binary;n_samples_out_of_range;meta_missing:MinorityClassSize
47078,LimeSoda_G.150_dataset,1,active,False,False,False,metadata:not_binary;n_samples_out_of_range;meta_missing:MinorityClassSize
47079,LimeSoda_H.138_dataset,1,active,False,False,False,metadata:not_binary;n_samples_out_of_range;n_features_out_of_range;too_many_cells;meta_missing:MinorityClassSize
47080,LimeSoda_MG.112_dataset,1,active,False,False,False,metadata:not_binary;n_samples_out_of_range;meta_missing:MinorityClassSize
47081,LimeSoda_MG.44_dataset,1,active,False,False,False,metadata:not_binary;n_samples_out_of_range;n_features_out_of_range;meta_missing:MinorityClassSize
47082,LimeSoda_MGS.101_dataset,1,active,False,False,False,metadata:not_binary;n_samples_out_of_range;meta_missing:MinorityClassSize
47083,LimeSoda_MWP.36_dataset,1,active,False,False,False,metadata:not_binary;n_samples_out_of_range;meta_missing:MinorityClassSize
47084,LimeSoda_NRW.115_dataset,1,active,False,False,False,metadata:not_binary;n_samples_out_of_range;n_features_out_of_range;too_many_cells;meta_missing:MinorityClassSize
47085,LimeSoda_NRW.42_dataset,1,active,False,False,False,metadata:not_binary;n_samples_out_of_range;n_features_out_of_range;meta_missing:MinorityClassSize
47086,LimeSoda_NRW.62_dataset,1,active,False,False,False,metadata:not_binary;n_samples_out_of_range;n_features_out_of_range;meta_missing:MinorityClassSize
47087,LimeSoda_NSW.52_dataset,1,active,False,False,False,metadata:not_binary;n_samples_out_of_range;meta_missing:MinorityClassSize
47088,LimeSoda_O.32_dataset,1,active,False,False,False,metadata:not_binary;n_samples_out_of_range;n_features_out_of_range;meta_missing:MinorityClassSize
47089,LimeSoda_PC.45_dataset,1,active,False,False,False,metadata:not_binary;n_samples_out_of_range;meta_missing:MinorityClassSize
47090,LimeSoda_RP.62_dataset,1,active,False,False,False,metadata:not_binary;n_samples_out_of_range;n_features_out_of_range;meta_missing:MinorityClassSize
47091,LimeSoda_SA.112_dataset,1,active,False,False,False,metadata:not_binary;n_samples_out_of_range;n_features_out_of_range;too_many_cells;meta_missing:MinorityClassSize
47092,LimeSoda_SC.50_dataset,1,active,False,False,False,metadata:not_binary;n_samples_out_of_range;meta_missing:MinorityClassSize
47093,LimeSoda_SC.93_dataset,1,active,False,False,False,metadata:not_binary;n_samples_out_of_range;n_features_out_of_range;too_many_cells;meta_missing:MinorityClassSize
47094,LimeSoda_SL.125_dataset,1,active,False,False,False,metadata:not_binary;n_samples_out_of_range;n_features_out_of_range;too_many_cells;meta_missing:MinorityClassSize
47095,LimeSoda_SM.40_dataset,1,active,False,False,False,metadata:not_binary;n_samples_out_of_range;meta_missing:MinorityClassSize
47096,LimeSoda_SP.231_dataset,1,active,False,False,False,metadata:not_binary;n_features_out_of_range;meta_missing:MinorityClassSize
47097,LimeSoda_SSP.460_dataset,1,active,False,False,False,metadata:not_binary;n_features_out_of_range;too_many_cells;meta_missing:MinorityClassSize
47098,LimeSoda_SSP.58_dataset,1,active,False,False,False,metadata:not_binary;n_samples_out_of_range;n_features_out_of_range;meta_missing:MinorityClassSize
47099,LimeSoda_UL.120_dataset,1,active,False,False,False,metadata:not_binary;n_samples_out_of_range;n_features_out_of_range;too_many_cells;meta_missing:MinorityClassSize
47100,LimeSoda_W.50_dataset,1,active,False,False,False,metadata:not_binary;n_samples_out_of_range;meta_missing:MinorityClassSize
47101,CHIMERA-Benchmarks-v10.0,1,active,False,False,False,metadata:meta_missing:NumberOfClasses;n_samples_out_of_range;meta_missing:MinorityClassSize
47102,Steering_angle_Estimation_PSCM,1,active,False,False,False,metadata:meta_missing:NumberOfClasses;n_samples_out_of_range;meta_missing:MinorityClassSize
47103,fictif_bkd,1,active,False,False,False,metadata:not_binary;n_samples_out_of_range;meta_missing:MinorityClassSize
47104,fictif_bkd,2,active,False,False,False,metadata:not_binary;n_samples_out_of_range;meta_missing:MinorityClassSize
47105,fictif_bkd,3,active,False,False,False,metadata:not_binary;n_samples_out_of_range;meta_missing:MinorityClassSize
47106,fictif20bkdkmcven7nov2025,1,active,False,False,False,metadata:not_binary;n_samples_out_of_range;meta_missing:MinorityClassSize
47107,bkd1kmc1,1,active,False,False,False,metadata:not_binary;meta_missing:MinorityClassSize
47108,bkd1kmc1Dataset5,1,active,False,False,False,metadata:not_binary;meta_missing:MinorityClassSize
47109,bkd1kmc1Cavum,1,active,False,False,False,metadata:not_binary;n_samples_out_of_range;meta_missing:MinorityClassSize
47110,bkd1kmc1Cavum,2,active,False,False,False,metadata:not_binary;n_samples_out_of_range;meta_missing:MinorityClassSize
47111,Weather-and-Air-Pollution-Kiev,1,active,False,False,False,metadata:meta_missing:NumberOfClasses;n_samples_out_of_range;too_many_cells;meta_missing:MinorityClassSize
47112,Weather-and-Air-Pollution-Kiev,2,active,False,False,False,metadata:meta_missing:NumberOfClasses;n_samples_out_of_range;too_many_cells;meta_missing:MinorityClassSize
47113,Weather-and-Air-Pollution-Kiev,3,active,False,False,False,metadata:meta_missing:NumberOfClasses;n_samples_out_of_range;too_many_cells;meta_missing:MinorityClassSize
47114,OpticalNeuromorphicEikonal_complex_512,1,active,False,False,False,metadata:meta_missing:NumberOfClasses;n_samples_out_of_range;too_many_cells;meta_missing:MinorityClassSize
47115,OpticalNeuromorphicEikonal_gradient_256,1,active,False,False,False,metadata:meta_missing:NumberOfClasses;n_samples_out_of_range;too_many_cells;meta_missing:MinorityClassSize
47116,OpticalNeuromorphicEikonal_maze_511,1,active,False,False,False,metadata:meta_missing:NumberOfClasses;n_samples_out_of_range;too_many_cells;meta_missing:MinorityClassSize
47117,OpticalNeuromorphicEikonal_medium_256,1,active,False,False,False,metadata:meta_missing:NumberOfClasses;n_samples_out_of_range;too_many_cells;meta_missing:MinorityClassSize
47118,OpticalNeuromorphicEikonal_sparse_128,1,active,False,False,False,metadata:meta_missing:NumberOfClasses;n_samples_out_of_range;meta_missing:MinorityClassSize
47124,Project_Jason,1,active,False,False,False,metadata:meta_missing:NumberOfClasses;meta_missing:MinorityClassSize
47128,UHPC_fix_target,1,active,False,False,False,metadata:meta_missing:NumberOfClasses;meta_missing:MinorityClassSize
47129,UHPC_fix_target_del_space,1,active,False,False,False,metadata:meta_missing:NumberOfClasses;meta_missing:MinorityClassSize
47133,UHPC_FINAL_onehot,1,active,False,False,False,metadata:meta_missing:NumberOfClasses;non_numeric_features;meta_missing:MinorityClassSize
47134,UHPC_cluster_idx,1,active,False,False,False,metadata:meta_missing:NumberOfClasses;meta_missing:MinorityClassSize
47135,UHPC-tmp1,1,active,False,False,False,metadata:not_binary;meta_missing:MinorityClassSize
47136,UHPC-tmp,1,active,False,False,False,metadata:not_binary;non_numeric_features;meta_missing:MinorityClassSize
47137,creator_check,1,active,False,False,False,metadata:meta_missing:NumberOfClasses;n_samples_out_of_range;meta_missing:MinorityClassSize
47138,Pancreas-diabetes-1.0,1,active,False,False,False,metadata:n_samples_out_of_range;n_features_out_of_range
47139,Pancreas-diabetes-1.1,1,active,False,False,False,metadata:n_samples_out_of_range;n_features_out_of_range
47140,dummy_edit_test_dataset,1,active,False,False,False,metadata:not_binary;n_samples_out_of_range;n_features_out_of_range;meta_missing:MinorityClassSize
47141,dummy_edit_test_dataset,2,active,False,False,False,metadata:not_binary;n_samples_out_of_range;n_features_out_of_range;meta_missing:MinorityClassSize
47142,dummy_edit_test_dataset_ipynb,1,active,False,False,False,metadata:not_binary;n_samples_out_of_range;n_features_out_of_range;meta_missing:MinorityClassSize
47143,dummy_edit_test_dataset_ipynb,2,active,False,False,False,metadata:not_binary;n_samples_out_of_range;n_features_out_of_range;meta_missing:MinorityClassSize
47144,dummy_edit_test_dataset_ipynb,3,active,False,False,False,metadata:not_binary;n_samples_out_of_range;n_features_out_of_range;meta_missing:MinorityClassSize
47145,dummy_edit_test_dataset_ipynb,4,active,False,False,False,metadata:not_binary;n_samples_out_of_range;n_features_out_of_range;meta_missing:MinorityClassSize
47146,dummy_edit_test_dataset_ipynb,5,active,False,False,False,metadata:not_binary;n_samples_out_of_range;n_features_out_of_range;meta_missing:MinorityClassSize
47147,dummy_edit_test_dataset_ipynb,6,active,False,False,False,metadata:not_binary;n_samples_out_of_range;n_features_out_of_range;meta_missing:MinorityClassSize
47148,test-jos,1,active,False,False,False,metadata:not_binary;n_samples_out_of_range;n_features_out_of_range;meta_missing:MinorityClassSize
47149,test-jos-2,1,active,False,False,False,metadata:not_binary;n_samples_out_of_range;n_features_out_of_range;meta_missing:MinorityClassSize
47150,CanadaFiresD,1,active,True,True,True,
47151,aztrees3,1,active,False,False,False,metadata:n_samples_out_of_range
47152,aztrees4,1,active,False,False,False,metadata:n_samples_out_of_range
47153,spam,1,active,False,False,False,metadata:too_many_cells
47154,vowel,6,active,False,False,False,metadata:not_binary
47155,waveform,1,active,False,False,False,metadata:not_binary
47158,Afro_Mnist_Dataset,1,active,False,False,False,metadata:not_binary;n_samples_out_of_range;n_features_out_of_range;too_many_cells
47160,Afro_Mnist_Dataset_For_2026_ML_Course,1,active,False,False,False,metadata:not_binary;n_samples_out_of_range;n_features_out_of_range;too_many_cells
47171,Uber_Ride_Analytics,1,active,False,False,False,metadata:not_binary;has_missing_values;n_samples_out_of_range;too_many_cells
47176,cat_adoption,1,active,False,False,False,metadata:not_binary;non_numeric_features;meta_missing:MinorityClassSize
47177,check_times,1,active,False,False,False,metadata:not_binary;n_samples_out_of_range;too_many_cells;meta_missing:MinorityClassSize
47178,wa_churn,1,active,False,False,False,metadata:not_binary;non_numeric_features;n_samples_out_of_range;meta_missing:MinorityClassSize
47185,test_dataset_5000,1,active,False,False,False,metadata:not_binary;meta_missing:MinorityClassSize
47186,test_dataset_10000,1,active,False,False,False,metadata:not_binary;n_samples_out_of_range;meta_missing:MinorityClassSize
47187,test_dataset_40000,1,active,False,False,False,metadata:not_binary;n_samples_out_of_range;meta_missing:MinorityClassSize
47228,test_injection_data2,1,active,False,False,False,metadata:n_samples_out_of_range;n_features_out_of_range;minority_too_small
47229,test_cmdi,1,active,False,False,False,metadata:n_samples_out_of_range;n_features_out_of_range;minority_too_small
47230,arff_cmdi_test,1,active,False,False,False,metadata:n_samples_out_of_range;n_features_out_of_range;minority_too_small
47231,arff_inject_test2,1,active,False,False,False,metadata:n_samples_out_of_range;n_features_out_of_range;minority_too_small
47232,xxe_blind_test,1,active,False,False,False,metadata:not_binary;n_samples_out_of_range;n_features_out_of_range;minority_too_small
47233,jndi_arff_test,1,active,False,False,False,metadata:not_binary;n_samples_out_of_range;n_features_out_of_range;minority_too_small
47235,test_filename_injection,1,active,False,False,False,metadata:n_samples_out_of_range;n_features_out_of_range;minority_too_small
47236,test_desc_inject,1,active,False,False,False,metadata:n_samples_out_of_range;n_features_out_of_range;minority_too_small
47237,test_arff_relation,1,active,False,False,False,metadata:n_samples_out_of_range;n_features_out_of_range;minority_too_small
47238,test_double_desc,1,active,False,False,False,metadata:n_samples_out_of_range;n_features_out_of_range;minority_too_small
47239,test_desc_payload,1,active,False,False,False,metadata:n_samples_out_of_range;n_features_out_of_range;minority_too_small
47240,test_clean_check,1,active,False,False,False,metadata:n_samples_out_of_range;n_features_out_of_range;minority_too_small
47241,Synthetic-Wind-Farm-Stream-No-Repair,1,active,False,False,False,metadata:not_binary;n_samples_out_of_range;too_many_cells;meta_missing:MinorityClassSize
47242,Synthetic-Wind-Farm-Stream-With-Repair,1,active,False,False,False,metadata:meta_missing:NumberOfClasses;meta_missing:NumberOfMissingValues;meta_missing:NumberOfSymbolicFeatures;meta_missing:NumberOfInstances;meta_missing:NumberOfFeatures;meta_missing:MinorityClassSize
47243,Synthetic-Solar-Farm-Stream-No-Repair,1,active,False,False,False,metadata:not_binary;n_samples_out_of_range;too_many_cells;meta_missing:MinorityClassSize
47244,Synthetic-Solar-Farm-Stream-With-Repair,1,active,False,False,False,metadata:not_binary;n_samples_out_of_range;too_many_cells;meta_missing:MinorityClassSize
47245,EpistasisBench,1,active,False,False,False,metadata:not_binary;non_numeric_features;n_samples_out_of_range;too_many_cells;meta_missing:MinorityClassSize
47246,Video_Subtitle_Segment_Alignment_Corpus_v1,1,active,False,False,False,metadata:not_binary;minority_too_small
47247,basildon-house-prices-2025,1,active,False,False,False,metadata:not_binary;non_numeric_features;meta_missing:MinorityClassSize
47248,essex-house-prices-2025,1,active,False,False,False,metadata:not_binary;non_numeric_features;n_samples_out_of_range;too_many_cells;meta_missing:MinorityClassSize
47249,essex-house-prices-2025,2,active,False,False,False,metadata:not_binary;non_numeric_features;n_samples_out_of_range;too_many_cells;meta_missing:MinorityClassSize
47263,KI-Benchmark-Deutsch,1,active,False,False,False,metadata:not_binary;n_samples_out_of_range;meta_missing:MinorityClassSize
47264,U.S._Inter-State_Migration_by_Age_Radaris_Anonymized,1,active,False,False,False,metadata:not_binary;n_samples_out_of_range;too_many_cells;minority_too_small
47266,REFUTE-knowledge-v3,1,active,False,False,False,metadata:not_binary;non_numeric_features;n_samples_out_of_range;minority_too_small
47267,REFUTE-soundness-v3,1,active,False,False,False,metadata:non_numeric_features;n_samples_out_of_range
47268,REFUTE-soundness-v3,2,active,False,False,False,metadata:non_numeric_features;n_samples_out_of_range
47269,landing-page-hero-copy-239,1,active,False,False,False,metadata:not_binary;meta_missing:MinorityClassSize
47270,ecommerce_video_brief_quality_checklist,1,active,False,False,False,metadata:n_samples_out_of_range;minority_too_small
47274,synthetic-peptide-reconstitution-benchmark-v0-1-0,1,active,False,False,False,metadata:not_binary;has_missing_values;non_numeric_features;n_samples_out_of_range;meta_missing:MinorityClassSize
47275,ponys_ai_six_language_character_catalog,1,active,False,False,False,metadata:not_binary
47277,Residential_Mobility_and_Kinship_Network_Size_Radaris_Anonymized,1,active,False,False,False,metadata:not_binary;n_samples_out_of_range;too_many_cells;meta_missing:MinorityClassSize
47278,Migration_Trajectory_Types_by_Age_Microdata_Radaris_Anonymized,1,active,False,False,False,metadata:not_binary;n_samples_out_of_range;too_many_cells
47280,Turkish-EV-Charging-Intent-Dataset,1,active,False,False,False,metadata:not_binary;n_samples_out_of_range;n_features_out_of_range;minority_too_small
47284,AmesHousing_Analitica_Kag,1,active,False,False,False,metadata:not_binary;has_missing_values;too_many_cells;meta_missing:MinorityClassSize
47285,AmesHousing_Analitica_Kag,2,active,False,False,False,metadata:not_binary;has_missing_values;too_many_cells;meta_missing:MinorityClassSize
47287,medicaid-dental-paid-by-state-2018-2024,1,active,False,False,False,metadata:not_binary;non_numeric_features;n_samples_out_of_range;too_many_cells;meta_missing:MinorityClassSize
47288,TalorData-Video-Data-Sample-Metadata,1,active,False,False,False,metadata:not_binary;n_samples_out_of_range;meta_missing:MinorityClassSize
47289,FL-Stale,1,active,False,False,False,metadata:not_binary;has_missing_values;minority_too_small
47308,Botanical_Growth_and_Performance_Logs_for_30_Plus_Flora_Species,1,active,False,False,False,metadata:not_binary;has_missing_values;n_samples_out_of_range;minority_too_small
47312,LiTrue-Battery-Engineering-Specs,1,active,False,False,False,metadata:not_binary;n_samples_out_of_range;minority_too_small
47313,position-sizing-pip-value-by-lot-size,1,active,False,False,False,metadata:not_binary;n_samples_out_of_range;meta_missing:MinorityClassSize
47314,position-sizing-losing-streak-equity,1,active,False,False,False,metadata:not_binary;n_samples_out_of_range;meta_missing:MinorityClassSize
47315,position-sizing-drawdown-recovery,1,active,False,False,False,metadata:not_binary;n_samples_out_of_range;n_features_out_of_range;meta_missing:MinorityClassSize
47316,position-sizing-contract-specifications,1,active,False,False,False,metadata:not_binary;n_samples_out_of_range;meta_missing:MinorityClassSize
