dataset_id,name,version,status,format,NumberOfInstances,NumberOfFeatures,NumberOfClasses,NumberOfMissingValues,NumberOfNumericFeatures,NumberOfSymbolicFeatures,MajorityClassSize,MinorityClassSize
2,anneal,1,active,ARFF,898.0,39.0,5.0,22175.0,6.0,33.0,684.0,8.0
3,kr-vs-kp,1,active,ARFF,3196.0,37.0,2.0,0.0,0.0,37.0,1669.0,1527.0
4,labor,1,active,ARFF,57.0,17.0,2.0,326.0,8.0,9.0,37.0,20.0
5,arrhythmia,1,active,ARFF,452.0,280.0,13.0,408.0,206.0,74.0,245.0,2.0
6,letter,1,active,ARFF,20000.0,17.0,26.0,0.0,16.0,1.0,813.0,734.0
7,audiology,1,active,ARFF,226.0,70.0,24.0,317.0,0.0,70.0,57.0,1.0
8,liver-disorders,1,active,ARFF,345.0,6.0,0.0,0.0,6.0,0.0,,
9,autos,1,active,ARFF,205.0,26.0,6.0,59.0,15.0,11.0,67.0,3.0
10,lymph,1,active,ARFF,148.0,19.0,4.0,0.0,3.0,16.0,81.0,2.0
11,balance-scale,1,active,ARFF,625.0,5.0,3.0,0.0,4.0,1.0,288.0,49.0
12,mfeat-factors,1,active,ARFF,2000.0,217.0,10.0,0.0,216.0,1.0,200.0,200.0
13,breast-cancer,1,active,ARFF,286.0,10.0,2.0,9.0,0.0,10.0,201.0,85.0
14,mfeat-fourier,1,active,ARFF,2000.0,77.0,10.0,0.0,76.0,1.0,200.0,200.0
15,breast-w,1,active,ARFF,699.0,10.0,2.0,16.0,9.0,1.0,458.0,241.0
16,mfeat-karhunen,1,active,ARFF,2000.0,65.0,10.0,0.0,64.0,1.0,200.0,200.0
18,mfeat-morphological,1,active,ARFF,2000.0,7.0,10.0,0.0,6.0,1.0,200.0,200.0
20,mfeat-pixel,1,active,ARFF,2000.0,241.0,10.0,0.0,0.0,241.0,200.0,200.0
22,mfeat-zernike,1,active,ARFF,2000.0,48.0,10.0,0.0,47.0,1.0,200.0,200.0
23,cmc,1,active,ARFF,1473.0,10.0,3.0,0.0,2.0,8.0,629.0,333.0
24,mushroom,1,active,ARFF,8124.0,23.0,2.0,2480.0,0.0,23.0,4208.0,3916.0
25,colic,1,active,ARFF,368.0,27.0,2.0,1927.0,7.0,20.0,232.0,136.0
26,nursery,1,active,ARFF,12960.0,9.0,5.0,0.0,0.0,9.0,4320.0,2.0
27,colic,2,active,ARFF,368.0,23.0,2.0,1927.0,7.0,16.0,232.0,136.0
28,optdigits,1,active,ARFF,5620.0,65.0,10.0,0.0,64.0,1.0,572.0,554.0
29,credit-approval,1,active,ARFF,690.0,16.0,2.0,67.0,6.0,10.0,383.0,307.0
30,page-blocks,1,active,ARFF,5473.0,11.0,5.0,0.0,10.0,1.0,4913.0,28.0
31,credit-g,1,active,ARFF,1000.0,21.0,2.0,0.0,7.0,14.0,700.0,300.0
32,pendigits,1,active,ARFF,10992.0,17.0,10.0,0.0,16.0,1.0,1144.0,1055.0
34,postoperative-patient-data,1,active,ARFF,90.0,9.0,3.0,3.0,0.0,9.0,64.0,2.0
35,dermatology,1,active,ARFF,366.0,35.0,6.0,8.0,1.0,34.0,112.0,20.0
36,segment,1,active,ARFF,2310.0,20.0,7.0,0.0,19.0,1.0,330.0,330.0
37,diabetes,1,active,ARFF,768.0,9.0,2.0,0.0,8.0,1.0,500.0,268.0
38,sick,1,active,ARFF,3772.0,30.0,2.0,6064.0,7.0,23.0,3541.0,231.0
39,ecoli,1,active,ARFF,336.0,8.0,8.0,0.0,7.0,1.0,143.0,2.0
40,sonar,1,active,ARFF,208.0,61.0,2.0,0.0,60.0,1.0,111.0,97.0
41,glass,1,active,ARFF,214.0,10.0,6.0,0.0,9.0,1.0,76.0,9.0
42,soybean,1,active,ARFF,683.0,36.0,19.0,2337.0,0.0,36.0,92.0,8.0
43,haberman,1,active,ARFF,306.0,4.0,2.0,0.0,2.0,2.0,225.0,81.0
44,spambase,1,active,ARFF,4601.0,58.0,2.0,0.0,57.0,1.0,2788.0,1813.0
46,splice,1,active,ARFF,3190.0,61.0,3.0,0.0,0.0,61.0,1655.0,767.0
48,tae,1,active,ARFF,151.0,6.0,3.0,0.0,3.0,3.0,52.0,49.0
49,heart-c,1,active,ARFF,303.0,14.0,2.0,7.0,6.0,8.0,165.0,138.0
50,tic-tac-toe,1,active,ARFF,958.0,10.0,2.0,0.0,0.0,10.0,626.0,332.0
51,heart-h,1,active,ARFF,294.0,14.0,2.0,782.0,6.0,8.0,188.0,106.0
52,trains,1,active,ARFF,10.0,33.0,2.0,51.0,0.0,33.0,5.0,5.0
53,heart-statlog,1,active,ARFF,270.0,14.0,2.0,0.0,13.0,1.0,150.0,120.0
54,vehicle,1,active,ARFF,846.0,19.0,4.0,0.0,18.0,1.0,218.0,199.0
55,hepatitis,1,active,ARFF,155.0,20.0,2.0,167.0,6.0,14.0,123.0,32.0
56,vote,1,active,ARFF,435.0,17.0,2.0,392.0,0.0,17.0,267.0,168.0
57,hypothyroid,1,active,ARFF,3772.0,30.0,4.0,6064.0,7.0,23.0,3481.0,2.0
59,ionosphere,1,active,ARFF,351.0,35.0,2.0,0.0,34.0,1.0,225.0,126.0
60,waveform-5000,1,active,ARFF,5000.0,41.0,3.0,0.0,40.0,1.0,1692.0,1653.0
61,iris,1,active,ARFF,150.0,5.0,3.0,0.0,4.0,1.0,50.0,50.0
62,zoo,1,active,ARFF,101.0,17.0,7.0,0.0,1.0,16.0,41.0,4.0
70,"BNG(anneal,nominal,1000000)",1,active,ARFF,1000000.0,39.0,6.0,0.0,0.0,39.0,759513.0,597.0
71,"BNG(anneal.ORIG,nominal,1000000)",1,active,ARFF,1000000.0,39.0,6.0,0.0,0.0,39.0,759513.0,597.0
72,BNG(kr-vs-kp),1,active,ARFF,1000000.0,37.0,2.0,0.0,0.0,37.0,521875.0,478125.0
73,"BNG(labor,nominal,1000000)",1,active,ARFF,1000000.0,17.0,2.0,0.0,0.0,17.0,645520.0,354480.0
74,"BNG(letter,nominal,1000000)",1,active,ARFF,1000000.0,17.0,26.0,0.0,0.0,17.0,40828.0,36483.0
75,"BNG(autos,nominal,1000000)",1,active,ARFF,1000000.0,26.0,7.0,0.0,0.0,26.0,323286.0,2430.0
76,"BNG(lymph,nominal,1000000)",1,active,ARFF,1000000.0,19.0,4.0,0.0,0.0,19.0,543512.0,16553.0
77,"BNG(breast-cancer,nominal,1000000)",1,active,ARFF,1000000.0,10.0,2.0,0.0,0.0,10.0,702823.0,297177.0
78,"BNG(mfeat-fourier,nominal,1000000)",1,active,ARFF,1000000.0,77.0,10.0,0.0,0.0,77.0,100595.0,99773.0
115,"BNG(mfeat-karhunen,nominal,1000000)",1,active,ARFF,1000000.0,65.0,10.0,0.0,0.0,65.0,100393.0,99523.0
116,"BNG(bridges_version1,nominal,1000000)",1,active,ARFF,1000000.0,13.0,6.0,0.0,0.0,13.0,422711.0,95098.0
117,"BNG(bridges_version2,nominal,1000000)",1,active,ARFF,1000000.0,13.0,6.0,0.0,0.0,13.0,422711.0,95098.0
118,"BNG(mfeat-zernike,nominal,1000000)",1,active,ARFF,1000000.0,48.0,10.0,0.0,0.0,48.0,100380.0,99430.0
119,"BNG(cmc,nominal,55296)",1,active,ARFF,55296.0,10.0,3.0,0.0,0.0,10.0,23655.0,12555.0
120,BNG(mushroom),1,active,ARFF,1000000.0,23.0,2.0,0.0,0.0,23.0,518298.0,481702.0
121,"BNG(colic.ORIG,nominal,1000000)",1,active,ARFF,1000000.0,28.0,2.0,0.0,0.0,28.0,662777.0,337223.0
122,"BNG(colic,nominal,1000000)",1,active,ARFF,1000000.0,23.0,2.0,0.0,0.0,23.0,629653.0,370347.0
123,BNG(optdigits),1,active,ARFF,1000000.0,65.0,10.0,0.0,0.0,65.0,101675.0,98637.0
124,"BNG(credit-a,nominal,1000000)",1,active,ARFF,1000000.0,16.0,2.0,0.0,0.0,16.0,554898.0,445102.0
125,"BNG(page-blocks,nominal,295245)",1,active,ARFF,295245.0,11.0,5.0,0.0,0.0,11.0,265211.0,1558.0
126,"BNG(credit-g,nominal,1000000)",1,active,ARFF,1000000.0,21.0,2.0,0.0,0.0,21.0,699587.0,300413.0
127,"BNG(pendigits,nominal,1000000)",1,active,ARFF,1000000.0,17.0,10.0,0.0,0.0,17.0,104573.0,95300.0
128,"BNG(cylinder-bands,nominal,1000000)",1,active,ARFF,1000000.0,40.0,2.0,0.0,0.0,40.0,577023.0,422977.0
129,"BNG(dermatology,nominal,1000000)",1,active,ARFF,1000000.0,35.0,6.0,0.0,0.0,35.0,304611.0,54922.0
130,BNG(segment),1,active,ARFF,1000000.0,20.0,7.0,0.0,0.0,20.0,143586.0,142366.0
131,"BNG(sick,nominal,1000000)",1,active,ARFF,1000000.0,30.0,2.0,0.0,0.0,30.0,938761.0,61239.0
132,"BNG(sonar,nominal,1000000)",1,active,ARFF,1000000.0,61.0,2.0,0.0,0.0,61.0,533556.0,466444.0
133,"BNG(glass,nominal,137781)",1,active,ARFF,137781.0,10.0,7.0,0.0,0.0,10.0,48277.0,307.0
134,BNG(soybean),1,active,ARFF,1000000.0,36.0,19.0,0.0,0.0,36.0,133345.0,12441.0
135,BNG(spambase),1,active,ARFF,1000000.0,58.0,2.0,0.0,0.0,58.0,605948.0,394052.0
136,"BNG(heart-c,nominal,1000000)",1,active,ARFF,1000000.0,14.0,5.0,0.0,0.0,14.0,540810.0,1618.0
137,BNG(tic-tac-toe),1,active,ARFF,39366.0,10.0,2.0,0.0,0.0,10.0,25702.0,13664.0
138,"BNG(heart-h,nominal,1000000)",1,active,ARFF,1000000.0,14.0,5.0,0.0,0.0,14.0,634862.0,1659.0
139,BNG(trains),1,active,ARFF,1000000.0,33.0,2.0,0.0,0.0,33.0,501119.0,498881.0
140,"BNG(heart-statlog,nominal,1000000)",1,active,ARFF,1000000.0,14.0,2.0,0.0,0.0,14.0,554324.0,445676.0
141,"BNG(vehicle,nominal,1000000)",1,active,ARFF,1000000.0,19.0,4.0,0.0,0.0,19.0,258113.0,234833.0
142,"BNG(hepatitis,nominal,1000000)",1,active,ARFF,1000000.0,20.0,2.0,0.0,0.0,20.0,791048.0,208952.0
143,BNG(vote),1,active,ARFF,131072.0,17.0,2.0,0.0,0.0,17.0,80409.0,50663.0
144,"BNG(hypothyroid,nominal,1000000)",1,active,ARFF,1000000.0,30.0,4.0,0.0,0.0,30.0,922578.0,677.0
146,BNG(ionosphere),1,active,ARFF,1000000.0,35.0,2.0,0.0,0.0,35.0,641025.0,358975.0
147,"BNG(waveform-5000,nominal,1000000)",1,active,ARFF,1000000.0,41.0,3.0,0.0,0.0,41.0,337805.0,330548.0
148,"BNG(zoo,nominal,1000000)",1,active,ARFF,1000000.0,18.0,7.0,0.0,0.0,18.0,396212.0,42992.0
149,CovPokElec,1,active,ARFF,1455525.0,73.0,10.0,0.0,22.0,51.0,654548.0,2.0
150,covertype,3,active,ARFF,581012.0,55.0,7.0,0.0,10.0,45.0,283301.0,2747.0
151,electricity,1,active,ARFF,45312.0,9.0,2.0,0.0,7.0,2.0,26075.0,19237.0
152,Hyperplane_10_1E-3,1,active,ARFF,1000000.0,11.0,2.0,0.0,10.0,1.0,500007.0,499993.0
153,Hyperplane_10_1E-4,1,active,ARFF,1000000.0,11.0,2.0,0.0,10.0,1.0,500166.0,499834.0
154,LED(50000),1,active,ARFF,1000000.0,25.0,10.0,0.0,0.0,25.0,100824.0,99427.0
155,pokerhand,1,active,ARFF,829201.0,11.0,10.0,0.0,5.0,6.0,415526.0,2.0
156,RandomRBF_0_0,1,active,ARFF,1000000.0,11.0,5.0,0.0,10.0,1.0,300096.0,92713.0
157,RandomRBF_10_1E-3,1,active,ARFF,1000000.0,11.0,5.0,0.0,10.0,1.0,300096.0,92713.0
158,RandomRBF_10_1E-4,1,active,ARFF,1000000.0,11.0,5.0,0.0,10.0,1.0,300096.0,92713.0
159,RandomRBF_50_1E-3,1,active,ARFF,1000000.0,11.0,5.0,0.0,10.0,1.0,300096.0,92713.0
160,RandomRBF_50_1E-4,1,active,ARFF,1000000.0,11.0,5.0,0.0,10.0,1.0,300096.0,92713.0
161,SEA(50),1,active,ARFF,1000000.0,4.0,2.0,0.0,3.0,1.0,614342.0,385658.0
162,SEA(50000),1,active,ARFF,1000000.0,4.0,2.0,0.0,3.0,1.0,614332.0,385668.0
163,lung-cancer,1,active,ARFF,32.0,57.0,3.0,5.0,0.0,57.0,13.0,9.0
164,molecular-biology_promoters,1,active,ARFF,106.0,58.0,2.0,0.0,0.0,58.0,53.0,53.0
171,primary-tumor,1,active,ARFF,339.0,18.0,21.0,225.0,0.0,18.0,84.0,1.0
172,shuttle-landing-control,1,active,ARFF,15.0,7.0,2.0,26.0,0.0,7.0,9.0,6.0
179,adult,1,active,ARFF,48842.0,15.0,2.0,6465.0,2.0,13.0,37155.0,11687.0
180,covertype,1,active,ARFF,110393.0,55.0,7.0,0.0,14.0,41.0,51682.0,1339.0
181,yeast,1,active,ARFF,1484.0,9.0,10.0,0.0,8.0,1.0,463.0,5.0
182,satimage,1,active,ARFF,6430.0,37.0,6.0,0.0,36.0,1.0,1531.0,625.0
183,abalone,1,active,ARFF,4177.0,9.0,28.0,0.0,7.0,2.0,689.0,1.0
184,kropt,1,active,ARFF,28056.0,7.0,18.0,0.0,0.0,7.0,4553.0,27.0
185,baseball,1,active,ARFF,1340.0,17.0,3.0,20.0,15.0,2.0,1215.0,57.0
186,braziltourism,1,active,ARFF,412.0,9.0,7.0,96.0,4.0,5.0,318.0,1.0
187,wine,1,active,ARFF,178.0,14.0,3.0,0.0,13.0,1.0,71.0,48.0
188,eucalyptus,1,active,ARFF,736.0,20.0,5.0,448.0,14.0,6.0,214.0,105.0
189,kin8nm,1,active,ARFF,8192.0,9.0,0.0,0.0,9.0,0.0,,
190,mbagrade,1,active,ARFF,61.0,3.0,0.0,0.0,2.0,1.0,,
191,wisconsin,1,active,ARFF,194.0,33.0,0.0,0.0,33.0,0.0,,
192,vineyard,1,active,ARFF,52.0,3.0,0.0,0.0,3.0,0.0,,
193,bolts,1,active,ARFF,40.0,7.0,0.0,0.0,7.0,0.0,,
194,cleveland,1,active,ARFF,303.0,14.0,0.0,6.0,7.0,7.0,,
195,auto_price,1,active,ARFF,159.0,16.0,0.0,0.0,15.0,1.0,,
196,autoMpg,1,active,ARFF,398.0,8.0,0.0,6.0,5.0,3.0,,
197,cpu_act,1,active,ARFF,8192.0,22.0,0.0,0.0,22.0,0.0,,
198,delta_elevators,1,active,ARFF,9517.0,7.0,0.0,0.0,7.0,0.0,,
199,fruitfly,1,active,ARFF,125.0,5.0,0.0,0.0,3.0,2.0,,
200,pbc,1,active,ARFF,418.0,19.0,0.0,1239.0,11.0,8.0,,
201,pol,1,active,ARFF,15000.0,49.0,0.0,0.0,49.0,0.0,,
202,autoHorse,1,active,ARFF,205.0,26.0,0.0,59.0,18.0,8.0,,
203,lowbwt,1,active,ARFF,189.0,10.0,0.0,0.0,3.0,7.0,,
204,cholesterol,1,active,ARFF,303.0,14.0,0.0,6.0,7.0,7.0,,
205,sleep,1,active,ARFF,62.0,8.0,0.0,12.0,8.0,0.0,,
206,triazines,1,active,ARFF,186.0,61.0,0.0,0.0,61.0,0.0,,
207,autoPrice,1,active,ARFF,159.0,16.0,0.0,0.0,16.0,0.0,,
208,detroit,1,active,ARFF,13.0,14.0,0.0,0.0,14.0,0.0,,
209,quake,1,active,ARFF,2178.0,4.0,0.0,0.0,4.0,0.0,,
210,cloud,1,active,ARFF,108.0,6.0,0.0,0.0,4.0,2.0,,
211,longley,1,active,ARFF,16.0,7.0,0.0,0.0,7.0,0.0,,
212,diabetes_numeric,1,active,ARFF,43.0,3.0,0.0,0.0,3.0,0.0,,
213,pharynx,1,active,ARFF,195.0,11.0,0.0,2.0,2.0,9.0,,
214,baskball,1,active,ARFF,96.0,5.0,0.0,0.0,5.0,0.0,,
215,2dplanes,1,active,ARFF,40768.0,11.0,0.0,0.0,11.0,0.0,,
216,elevators,1,active,ARFF,16599.0,19.0,0.0,0.0,19.0,0.0,,
217,pyrim,1,active,ARFF,74.0,28.0,0.0,0.0,28.0,0.0,,
218,house_8L,1,active,ARFF,22784.0,9.0,0.0,0.0,9.0,0.0,,
222,echoMonths,1,active,ARFF,130.0,10.0,0.0,97.0,7.0,3.0,,
223,stock,1,active,ARFF,950.0,10.0,0.0,0.0,10.0,0.0,,
224,breastTumor,1,active,ARFF,286.0,10.0,0.0,9.0,2.0,8.0,,
225,puma8NH,1,active,ARFF,8192.0,9.0,0.0,0.0,9.0,0.0,,
226,gascons,1,active,ARFF,27.0,5.0,0.0,0.0,5.0,0.0,,
227,cpu_small,1,active,ARFF,8192.0,13.0,0.0,0.0,13.0,0.0,,
228,elusage,1,active,ARFF,55.0,3.0,0.0,0.0,2.0,1.0,,
229,pwLinear,1,active,ARFF,200.0,11.0,0.0,0.0,11.0,0.0,,
230,machine_cpu,1,active,ARFF,209.0,7.0,0.0,0.0,7.0,0.0,,
231,hungarian,1,active,ARFF,294.0,14.0,0.0,782.0,7.0,7.0,,
232,fishcatch,1,active,ARFF,158.0,8.0,0.0,87.0,6.0,2.0,,
244,BNG(anneal),1,active,ARFF,1000000.0,39.0,6.0,0.0,6.0,33.0,759652.0,555.0
245,BNG(anneal.ORIG),2,active,ARFF,1000000.0,39.0,6.0,0.0,6.0,33.0,759652.0,555.0
246,BNG(labor),2,active,ARFF,1000000.0,17.0,2.0,0.0,8.0,9.0,647000.0,353000.0
247,BNG(letter),2,active,ARFF,1000000.0,17.0,26.0,0.0,16.0,1.0,40765.0,36811.0
248,BNG(autos),1,active,ARFF,1000000.0,26.0,7.0,0.0,15.0,11.0,323554.0,2441.0
249,BNG(lymph),1,active,ARFF,1000000.0,19.0,4.0,0.0,3.0,16.0,543495.0,16508.0
250,BNG(mfeat-fourier),1,active,ARFF,1000000.0,77.0,10.0,0.0,76.0,1.0,100515.0,99530.0
251,BNG(breast-w),1,active,ARFF,39366.0,10.0,2.0,0.0,9.0,1.0,25820.0,13546.0
252,BNG(mfeat-karhunen),1,active,ARFF,1000000.0,65.0,10.0,0.0,64.0,1.0,100410.0,99545.0
253,BNG(bridges_version1),1,active,ARFF,1000000.0,13.0,6.0,0.0,3.0,10.0,423139.0,95207.0
254,BNG(mfeat-zernike),1,active,ARFF,1000000.0,48.0,10.0,0.0,47.0,1.0,100289.0,99797.0
255,BNG(cmc),1,active,ARFF,55296.0,10.0,3.0,0.0,2.0,8.0,23567.0,12447.0
256,BNG(colic.ORIG),1,active,ARFF,1000000.0,28.0,2.0,0.0,7.0,21.0,637594.0,362406.0
257,BNG(colic),1,active,ARFF,1000000.0,23.0,2.0,0.0,7.0,16.0,630221.0,369779.0
258,BNG(credit-a),1,active,ARFF,1000000.0,16.0,2.0,0.0,6.0,10.0,554008.0,445992.0
259,BNG(page-blocks),1,active,ARFF,295245.0,11.0,5.0,0.0,10.0,1.0,265174.0,1486.0
260,BNG(credit-g),1,active,ARFF,1000000.0,21.0,2.0,0.0,7.0,14.0,699774.0,300226.0
261,BNG(pendigits),1,active,ARFF,1000000.0,17.0,10.0,0.0,16.0,1.0,104513.0,95594.0
262,BNG(cylinder-bands),1,active,ARFF,1000000.0,40.0,2.0,0.0,18.0,22.0,578062.0,421938.0
263,BNG(dermatology),1,active,ARFF,1000000.0,35.0,6.0,0.0,1.0,34.0,304589.0,55693.0
264,BNG(sonar),1,active,ARFF,1000000.0,61.0,2.0,0.0,60.0,1.0,532538.0,467462.0
265,BNG(glass),1,active,ARFF,137781.0,10.0,7.0,0.0,9.0,1.0,48774.0,313.0
266,BNG(heart-c),1,active,ARFF,1000000.0,14.0,5.0,0.0,6.0,8.0,541436.0,1609.0
267,BNG(heart-statlog),1,active,ARFF,1000000.0,14.0,2.0,0.0,13.0,1.0,555946.0,444054.0
268,BNG(vehicle),1,active,ARFF,1000000.0,19.0,4.0,0.0,18.0,1.0,257546.0,235618.0
269,BNG(hepatitis),1,active,ARFF,1000000.0,20.0,2.0,0.0,6.0,14.0,792183.0,207817.0
271,BNG(waveform-5000),1,active,ARFF,1000000.0,41.0,3.0,0.0,40.0,1.0,338402.0,330606.0
272,BNG(zoo),1,active,ARFF,1000000.0,17.0,7.0,0.0,1.0,16.0,396504.0,42792.0
273,IMDB.drama,1,active,Sparse_ARFF,120919.0,1002.0,2.0,0.0,1001.0,1.0,77140.0,43779.0
274,20_newsgroups.drift,1,active,ARFF,399940.0,1002.0,2.0,0.0,0.0,1001.0,379943.0,19997.0
275,meta_all.arff,1,active,ARFF,71.0,63.0,6.0,0.0,62.0,1.0,42.0,2.0
276,meta_batchincremental.arff,1,active,ARFF,74.0,63.0,4.0,0.0,62.0,1.0,50.0,3.0
277,meta_ensembles.arff,1,active,ARFF,74.0,63.0,4.0,0.0,62.0,1.0,45.0,5.0
278,meta_instanceincremental.arff,1,active,ARFF,74.0,63.0,4.0,0.0,62.0,1.0,54.0,3.0
279,meta_stream_intervals.arff,1,active,ARFF,45164.0,75.0,11.0,0.0,74.0,1.0,23021.0,73.0
285,flags,1,active,ARFF,194.0,29.0,8.0,0.0,2.0,27.0,60.0,4.0
287,wine_quality,1,active,ARFF,6497.0,12.0,0.0,0.0,12.0,0.0,,
293,covertype,2,active,Sparse_ARFF,581012.0,55.0,2.0,0.0,54.0,1.0,297711.0,283301.0
294,satellite_image,1,active,ARFF,6435.0,37.0,0.0,0.0,37.0,0.0,,
296,Ailerons,1,active,ARFF,13750.0,41.0,0.0,0.0,41.0,0.0,,
298,coil2000,1,active,ARFF,9822.0,86.0,0.0,0.0,86.0,0.0,,
299,libras_move,1,active,ARFF,360.0,91.0,0.0,0.0,91.0,0.0,,
300,isolet,1,active,ARFF,7797.0,618.0,26.0,0.0,617.0,1.0,300.0,298.0
301,ozone_level,1,active,ARFF,2536.0,73.0,0.0,0.0,1.0,72.0,,
307,vowel,2,active,ARFF,990.0,13.0,11.0,0.0,10.0,3.0,90.0,90.0
308,puma32H,1,active,ARFF,8192.0,33.0,0.0,0.0,33.0,0.0,,
310,mammography,1,active,ARFF,11183.0,7.0,2.0,0.0,6.0,1.0,10923.0,260.0
311,oil_spill,1,active,ARFF,937.0,50.0,2.0,0.0,49.0,1.0,896.0,41.0
312,scene,1,active,ARFF,2407.0,300.0,2.0,0.0,294.0,6.0,1976.0,431.0
313,spectrometer,1,active,ARFF,531.0,102.0,48.0,0.0,100.0,2.0,55.0,1.0
315,us_crime,1,active,ARFF,1994.0,128.0,0.0,39202.0,127.0,0.0,,
316,yeast_ml8,1,active,ARFF,2417.0,117.0,2.0,0.0,103.0,14.0,2383.0,34.0
327,bridges,3,active,ARFF,105.0,12.0,6.0,61.0,3.0,9.0,44.0,10.0
328,bridges,4,active,ARFF,105.0,12.0,6.0,61.0,0.0,12.0,44.0,10.0
329,hayes-roth,1,active,ARFF,160.0,5.0,3.0,0.0,4.0,1.0,65.0,31.0
333,monks-problems-1,1,active,ARFF,556.0,7.0,2.0,0.0,0.0,7.0,278.0,278.0
334,monks-problems-2,1,active,ARFF,601.0,7.0,2.0,0.0,0.0,7.0,395.0,206.0
335,monks-problems-3,1,active,ARFF,554.0,7.0,2.0,0.0,0.0,7.0,288.0,266.0
336,SPECT,1,active,ARFF,267.0,23.0,2.0,0.0,0.0,23.0,212.0,55.0
337,SPECTF,1,active,ARFF,349.0,45.0,2.0,0.0,44.0,1.0,254.0,95.0
338,grub-damage,1,active,ARFF,155.0,9.0,4.0,0.0,2.0,7.0,49.0,19.0
339,pasture,1,active,ARFF,36.0,23.0,3.0,0.0,21.0,2.0,12.0,12.0
340,squash-stored,1,active,ARFF,52.0,25.0,3.0,7.0,21.0,4.0,23.0,8.0
342,squash-unstored,1,active,ARFF,52.0,24.0,3.0,39.0,20.0,4.0,24.0,4.0
343,white-clover,1,active,ARFF,63.0,32.0,4.0,0.0,27.0,5.0,38.0,1.0
344,mv,1,active,ARFF,40768.0,11.0,0.0,0.0,8.0,3.0,,
346,aids,1,active,ARFF,50.0,5.0,2.0,0.0,2.0,3.0,25.0,25.0
350,webdata_wXa,1,active,Sparse_ARFF,36974.0,124.0,2.0,0.0,123.0,1.0,28100.0,8874.0
351,codrna,1,active,Sparse_ARFF,488565.0,9.0,2.0,0.0,8.0,1.0,325710.0,162855.0
354,poker,1,active,Sparse_ARFF,1025010.0,11.0,2.0,0.0,10.0,1.0,513702.0,511308.0
357,vehicle_sensIT,1,active,Sparse_ARFF,98528.0,101.0,2.0,0.0,100.0,1.0,49264.0,49264.0
372,internet_usage,1,active,ARFF,10108.0,72.0,46.0,2699.0,0.0,72.0,2878.0,6.0
373,UNIX_user_data,1,active,ARFF,9100.0,3.0,9.0,0.0,1.0,1.0,2425.0,484.0
374,SyskillWebert-BioMedical,1,active,ARFF,131.0,3.0,3.0,0.0,0.0,1.0,96.0,3.0
375,JapaneseVowels,1,active,ARFF,9961.0,15.0,9.0,0.0,14.0,1.0,1614.0,782.0
376,SyskillWebert-Sheep,1,active,ARFF,65.0,3.0,2.0,0.0,0.0,1.0,51.0,14.0
377,synthetic_control,1,active,ARFF,600.0,61.0,6.0,0.0,60.0,1.0,100.0,100.0
378,ipums_la_99-small,1,active,ARFF,8844.0,61.0,7.0,51515.0,0.0,61.0,5803.0,197.0
379,SyskillWebert-Goats,1,active,ARFF,70.0,3.0,3.0,0.0,0.0,1.0,37.0,1.0
380,SyskillWebert-Bands,1,active,ARFF,61.0,3.0,3.0,0.0,0.0,1.0,39.0,7.0
381,ipums_la_98-small,1,active,ARFF,7485.0,61.0,7.0,52048.0,0.0,61.0,4802.0,71.0
382,ipums_la_97-small,1,active,ARFF,7019.0,61.0,8.0,48089.0,0.0,61.0,1938.0,258.0
383,tr45.wc,1,active,Sparse_ARFF,690.0,8262.0,10.0,0.0,8261.0,1.0,160.0,14.0
384,tr21.wc,1,active,Sparse_ARFF,336.0,7903.0,6.0,0.0,7902.0,1.0,231.0,4.0
385,tr31.wc,1,active,Sparse_ARFF,927.0,10129.0,7.0,0.0,10128.0,1.0,352.0,2.0
386,oh15.wc,1,active,Sparse_ARFF,913.0,3101.0,10.0,0.0,3100.0,1.0,157.0,53.0
387,tr11.wc,1,active,Sparse_ARFF,414.0,6430.0,9.0,0.0,6429.0,1.0,132.0,6.0
388,tr23.wc,1,active,Sparse_ARFF,204.0,5833.0,6.0,0.0,5832.0,1.0,91.0,6.0
389,fbis.wc,1,active,Sparse_ARFF,2463.0,2001.0,17.0,0.0,2000.0,1.0,506.0,38.0
390,new3s.wc,1,active,Sparse_ARFF,9558.0,26833.0,44.0,0.0,26832.0,1.0,696.0,104.0
391,re0.wc,1,active,Sparse_ARFF,1504.0,2887.0,13.0,0.0,2886.0,1.0,608.0,11.0
392,oh0.wc,1,active,Sparse_ARFF,1003.0,3183.0,10.0,0.0,3182.0,1.0,194.0,51.0
393,la2s.wc,1,active,Sparse_ARFF,3075.0,12433.0,6.0,0.0,12432.0,1.0,905.0,248.0
394,oh5.wc,1,active,Sparse_ARFF,918.0,3013.0,10.0,0.0,3012.0,1.0,149.0,59.0
395,re1.wc,1,active,Sparse_ARFF,1657.0,3759.0,25.0,0.0,3758.0,1.0,371.0,10.0
396,la1s.wc,1,active,Sparse_ARFF,3204.0,13196.0,6.0,0.0,13195.0,1.0,943.0,273.0
397,tr12.wc,1,active,Sparse_ARFF,313.0,5805.0,8.0,0.0,5804.0,1.0,93.0,9.0
398,wap.wc,1,active,Sparse_ARFF,1560.0,8461.0,20.0,0.0,8460.0,1.0,341.0,5.0
399,ohscal.wc,1,active,Sparse_ARFF,11162.0,11466.0,10.0,0.0,11465.0,1.0,1621.0,709.0
400,tr41.wc,1,active,Sparse_ARFF,878.0,7455.0,10.0,0.0,7454.0,1.0,243.0,9.0
401,oh10.wc,1,active,Sparse_ARFF,1050.0,3239.0,10.0,0.0,3238.0,1.0,165.0,52.0
402,yokohoma2,1,active,ARFF,12.0,1143.0,0.0,0.0,1143.0,0.0,,
403,heyl,1,active,ARFF,11.0,1143.0,0.0,0.0,1143.0,0.0,,
404,yokohoma1,1,active,ARFF,13.0,1143.0,0.0,0.0,1143.0,0.0,,
405,mtp,1,active,ARFF,4450.0,203.0,0.0,0.0,203.0,0.0,,
406,qsbr_y2,1,active,ARFF,25.0,10.0,0.0,0.0,10.0,0.0,,
407,krystek,1,active,ARFF,30.0,1143.0,0.0,0.0,1143.0,0.0,,
408,depreux,1,active,ARFF,26.0,1143.0,0.0,0.0,1143.0,0.0,,
409,pdgfr,1,active,ARFF,79.0,321.0,0.0,0.0,321.0,0.0,,
410,carbolenes,1,active,ARFF,37.0,1143.0,0.0,0.0,1143.0,0.0,,
411,garrat2,1,active,ARFF,14.0,1143.0,0.0,0.0,1143.0,0.0,,
412,Phen,1,active,ARFF,22.0,111.0,0.0,0.0,111.0,0.0,,
413,siddiqi,1,active,ARFF,10.0,1143.0,0.0,0.0,1143.0,0.0,,
414,lewis,1,active,ARFF,7.0,1143.0,0.0,0.0,1143.0,0.0,,
415,thompson,1,active,ARFF,8.0,1143.0,0.0,0.0,1143.0,0.0,,
416,yprop_4_1,1,active,ARFF,8885.0,252.0,0.0,0.0,252.0,0.0,,
417,tsutumi,1,active,ARFF,13.0,1143.0,0.0,0.0,1143.0,0.0,,
418,strupcz,1,active,ARFF,34.0,1143.0,0.0,0.0,1143.0,0.0,,
419,PHENETYL1,1,active,ARFF,22.0,629.0,0.0,0.0,629.0,0.0,,
420,cristalli,1,active,ARFF,32.0,1143.0,0.0,0.0,1143.0,0.0,,
421,selwood,1,active,ARFF,31.0,54.0,0.0,0.0,54.0,0.0,,
422,topo_2_1,1,active,ARFF,8885.0,267.0,0.0,0.0,267.0,0.0,,
423,svensson,1,active,ARFF,13.0,1143.0,0.0,0.0,1143.0,0.0,,
424,pah,1,active,ARFF,80.0,113.0,0.0,0.0,113.0,0.0,,
425,penning,1,active,ARFF,13.0,1143.0,0.0,0.0,1143.0,0.0,,
426,qsfsr1,1,active,ARFF,20.0,10.0,0.0,0.0,10.0,0.0,,
427,qsfrdhla,1,active,ARFF,16.0,34.0,0.0,0.0,34.0,0.0,,
428,qsprcmpx,1,active,ARFF,22.0,40.0,0.0,0.0,40.0,0.0,,
429,qsfsr2,1,active,ARFF,19.0,10.0,0.0,0.0,10.0,0.0,,
430,mtp2,1,active,ARFF,274.0,1143.0,0.0,0.0,1143.0,0.0,,
431,qsbralks,1,active,ARFF,13.0,22.0,0.0,0.0,22.0,0.0,,
432,stevenson,1,active,ARFF,5.0,1143.0,0.0,0.0,1143.0,0.0,,
433,qsartox,1,active,ARFF,16.0,24.0,0.0,0.0,24.0,0.0,,
434,benzo32,1,active,ARFF,195.0,33.0,0.0,0.0,33.0,0.0,,
435,uehling,1,active,ARFF,9.0,1143.0,0.0,0.0,1143.0,0.0,,
436,rosowky,1,active,ARFF,10.0,1143.0,0.0,0.0,1143.0,0.0,,
437,garrat,1,active,ARFF,10.0,1143.0,0.0,0.0,1143.0,0.0,,
438,doherty,1,active,ARFF,6.0,1143.0,0.0,0.0,1143.0,0.0,,
439,chang,1,active,ARFF,34.0,1143.0,0.0,0.0,1143.0,0.0,,
440,qsabr2,1,active,ARFF,15.0,10.0,0.0,0.0,10.0,0.0,,
441,qsabr1,1,active,ARFF,15.0,10.0,0.0,0.0,10.0,0.0,,
442,qsbr_rw1,1,active,ARFF,14.0,51.0,0.0,0.0,51.0,0.0,,
443,analcatdata_broadway,1,active,ARFF,95.0,8.0,5.0,9.0,3.0,5.0,68.0,1.0
444,analcatdata_boxing2,1,active,ARFF,132.0,4.0,2.0,0.0,0.0,4.0,71.0,61.0
446,prnn_crabs,1,active,ARFF,200.0,8.0,2.0,0.0,6.0,2.0,100.0,100.0
448,analcatdata_boxing1,1,active,ARFF,120.0,4.0,2.0,0.0,0.0,4.0,78.0,42.0
449,analcatdata_homerun,1,active,ARFF,163.0,27.0,5.0,9.0,12.0,15.0,101.0,1.0
450,analcatdata_lawsuit,1,active,ARFF,264.0,5.0,2.0,0.0,3.0,2.0,245.0,19.0
451,irish,1,active,ARFF,500.0,6.0,2.0,32.0,2.0,4.0,278.0,222.0
452,analcatdata_broadwaymult,1,active,ARFF,285.0,8.0,7.0,27.0,3.0,5.0,118.0,21.0
453,analcatdata_bondrate,1,active,ARFF,57.0,11.0,5.0,1.0,4.0,7.0,33.0,1.0
454,analcatdata_halloffame,1,active,ARFF,1340.0,17.0,3.0,20.0,15.0,2.0,1215.0,57.0
455,cars,1,active,ARFF,406.0,8.0,3.0,14.0,6.0,2.0,254.0,73.0
456,analcatdata_birthday,1,active,ARFF,365.0,4.0,0.0,30.0,1.0,3.0,,
457,prnn_cushings,1,active,ARFF,27.0,3.0,4.0,0.0,2.0,1.0,12.0,2.0
458,analcatdata_authorship,1,active,ARFF,841.0,71.0,4.0,0.0,70.0,1.0,317.0,55.0
459,analcatdata_asbestos,1,active,ARFF,83.0,4.0,2.0,0.0,1.0,3.0,46.0,37.0
460,analcatdata_reviewer,1,active,ARFF,379.0,8.0,4.0,1418.0,0.0,8.0,141.0,54.0
461,analcatdata_creditscore,1,active,ARFF,100.0,7.0,2.0,0.0,3.0,4.0,73.0,27.0
462,analcatdata_challenger,1,active,ARFF,23.0,5.0,3.0,0.0,1.0,4.0,16.0,2.0
463,backache,1,active,ARFF,180.0,32.0,2.0,0.0,5.0,27.0,155.0,25.0
464,prnn_synth,1,active,ARFF,250.0,3.0,2.0,0.0,2.0,1.0,125.0,125.0
465,analcatdata_cyyoung8092,1,active,ARFF,97.0,11.0,2.0,0.0,7.0,4.0,73.0,24.0
466,schizo,1,active,ARFF,340.0,15.0,2.0,834.0,12.0,3.0,177.0,163.0
467,analcatdata_japansolvent,1,active,ARFF,52.0,9.0,2.0,0.0,8.0,1.0,27.0,25.0
468,confidence,1,active,ARFF,72.0,4.0,6.0,0.0,3.0,1.0,12.0,12.0
469,analcatdata_dmft,1,active,ARFF,797.0,5.0,6.0,0.0,0.0,5.0,155.0,123.0
470,profb,1,active,ARFF,672.0,10.0,2.0,1200.0,5.0,5.0,448.0,224.0
471,analcatdata_draft,1,active,ARFF,366.0,5.0,,2.0,2.0,3.0,,
472,lupus,1,active,ARFF,87.0,4.0,2.0,0.0,3.0,1.0,52.0,35.0
473,cjs,1,active,ARFF,2796.0,35.0,6.0,68100.0,32.0,3.0,680.0,274.0
474,analcatdata_marketing,1,active,ARFF,364.0,33.0,6.0,101.0,0.0,33.0,203.0,2.0
475,analcatdata_germangss,1,active,ARFF,400.0,6.0,4.0,0.0,1.0,5.0,100.0,100.0
476,analcatdata_bankruptcy,1,active,ARFF,50.0,6.0,2.0,0.0,5.0,1.0,25.0,25.0
477,fl2000,1,active,ARFF,67.0,16.0,5.0,0.0,14.0,2.0,41.0,1.0
479,analcatdata_cyyoung9302,1,active,ARFF,92.0,10.0,2.0,0.0,6.0,4.0,73.0,19.0
480,prnn_viruses,1,active,ARFF,61.0,19.0,4.0,0.0,10.0,9.0,39.0,3.0
481,biomed,1,active,ARFF,209.0,9.0,2.0,15.0,7.0,2.0,134.0,75.0
482,arsenic-male-bladder,1,active,ARFF,559.0,5.0,0.0,0.0,4.0,1.0,,
483,iq_brain_size,1,active,ARFF,20.0,9.0,0.0,0.0,6.0,3.0,,
485,analcatdata_vehicle,1,active,ARFF,48.0,5.0,0.0,0.0,1.0,4.0,,
486,papir_1,1,active,ARFF,30.0,22.0,0.0,13.0,13.0,9.0,,
487,papir_2,1,active,ARFF,30.0,41.0,0.0,0.0,41.0,0.0,,
488,colleges_aaup,1,active,ARFF,1161.0,15.0,4.0,256.0,13.0,2.0,617.0,1.0
490,hip,1,active,ARFF,54.0,8.0,,120.0,8.0,0.0,,
491,analcatdata_negotiation,1,active,ARFF,92.0,6.0,0.0,26.0,5.0,1.0,,
492,newton_hema,1,active,ARFF,140.0,4.0,0.0,0.0,3.0,1.0,,
493,wind_correlations,1,active,ARFF,45.0,47.0,,0.0,47.0,0.0,,
494,analcatdata_hiroshima,1,active,ARFF,649.0,3.0,0.0,0.0,2.0,1.0,,
495,baseball-pitcher,1,active,ARFF,206.0,18.0,0.0,30.0,14.0,4.0,,
497,veteran,1,active,ARFF,137.0,8.0,0.0,0.0,4.0,4.0,,
498,analcatdata_runshoes,1,active,ARFF,60.0,11.0,0.0,14.0,5.0,6.0,,
500,analcatdata_vineyard,1,active,ARFF,468.0,4.0,0.0,0.0,3.0,1.0,,
501,analcatdata_impeach,1,active,ARFF,100.0,10.0,,0.0,2.0,8.0,,
502,analcatdata_whale,1,active,ARFF,228.0,8.0,,20.0,6.0,2.0,,
503,wind,1,active,ARFF,6574.0,15.0,0.0,0.0,15.0,0.0,,
504,analcatdata_supreme,1,active,ARFF,4052.0,8.0,0.0,0.0,8.0,0.0,,
505,tecator,1,active,ARFF,240.0,125.0,0.0,0.0,125.0,0.0,,
506,analcatdata_gsssexsurvey,1,active,ARFF,159.0,10.0,0.0,6.0,5.0,5.0,,
507,space_ga,1,active,ARFF,3107.0,7.0,0.0,0.0,7.0,0.0,,
508,nflpass,1,active,ARFF,26.0,6.0,0.0,0.0,6.0,0.0,,
509,places,1,active,ARFF,329.0,9.0,0.0,0.0,9.0,0.0,,
510,sleep,2,active,ARFF,62.0,10.0,0.0,38.0,10.0,0.0,,
511,plasma_retinol,1,active,ARFF,315.0,14.0,0.0,0.0,11.0,3.0,,
512,balloon,1,active,ARFF,2001.0,2.0,0.0,0.0,2.0,0.0,,
513,arsenic-female-lung,1,active,ARFF,559.0,5.0,0.0,0.0,4.0,1.0,,
515,baseball-team,1,active,ARFF,26.0,8.0,0.0,0.0,5.0,3.0,,
516,pbcseq,1,active,ARFF,1945.0,19.0,0.0,1133.0,13.0,6.0,,
518,analcatdata_gviolence,1,active,ARFF,74.0,9.0,0.0,0.0,9.0,0.0,,
519,vinnie,1,active,ARFF,380.0,3.0,0.0,0.0,3.0,0.0,,
520,analcatdata_wildcat,1,active,ARFF,163.0,6.0,0.0,0.0,4.0,2.0,,
521,analcatdata_ncaa,1,active,ARFF,120.0,20.0,0.0,0.0,4.0,16.0,,
522,pm10,1,active,ARFF,500.0,8.0,0.0,0.0,8.0,0.0,,
523,analcatdata_neavote,1,active,ARFF,100.0,3.0,0.0,0.0,2.0,1.0,,
524,pbc,2,active,ARFF,418.0,20.0,0.0,1033.0,14.0,6.0,,
525,baseball-hitter,1,active,ARFF,322.0,23.0,0.0,59.0,17.0,6.0,,
526,analcatdata_seropositive,1,active,ARFF,132.0,4.0,0.0,0.0,3.0,1.0,,
527,analcatdata_election2000,1,active,ARFF,67.0,16.0,0.0,0.0,15.0,1.0,,
528,humandevel,1,active,ARFF,130.0,2.0,0.0,0.0,2.0,0.0,,
529,pollen,1,active,ARFF,3848.0,5.0,0.0,0.0,5.0,0.0,,
530,analcatdata_olympic2000,1,active,ARFF,66.0,12.0,0.0,0.0,12.0,0.0,,
531,boston,1,active,ARFF,506.0,14.0,0.0,0.0,12.0,2.0,,
532,analcatdata_uktrainacc,1,active,ARFF,31.0,16.0,,150.0,16.0,0.0,,
533,arsenic-female-bladder,1,active,ARFF,559.0,5.0,0.0,0.0,4.0,1.0,,
534,cps_85_wages,1,active,ARFF,534.0,11.0,0.0,0.0,4.0,7.0,,
535,analcatdata_chlamydia,1,active,ARFF,100.0,4.0,0.0,0.0,1.0,3.0,,
536,arsenic-male-lung,1,active,ARFF,559.0,5.0,0.0,0.0,4.0,1.0,,
537,houses,1,active,ARFF,20640.0,9.0,0.0,0.0,9.0,0.0,,
538,colleges_usnews,1,active,ARFF,1302.0,33.0,0.0,7928.0,32.0,1.0,,
539,analcatdata_galapagos,1,active,ARFF,30.0,7.0,0.0,6.0,7.0,0.0,,
540,mu284,1,active,ARFF,284.0,10.0,0.0,0.0,10.0,0.0,,
541,socmob,1,active,ARFF,1156.0,6.0,0.0,0.0,2.0,4.0,,
542,pollution,1,active,ARFF,60.0,16.0,0.0,0.0,16.0,0.0,,
543,boston_corrected,1,active,ARFF,506.0,21.0,0.0,0.0,18.0,3.0,,
544,transplant,1,active,ARFF,131.0,3.0,0.0,0.0,3.0,0.0,,
545,lmpavw,1,active,ARFF,6875.0,1.0,0.0,0.0,1.0,0.0,,
546,sensory,1,active,ARFF,576.0,12.0,0.0,0.0,1.0,11.0,,
547,no2,1,active,ARFF,500.0,8.0,0.0,0.0,8.0,0.0,,
549,strikes,1,active,ARFF,625.0,7.0,0.0,0.0,7.0,0.0,,
550,quake,2,active,ARFF,2178.0,4.0,0.0,0.0,4.0,0.0,,
551,analcatdata_michiganacc,1,active,ARFF,108.0,4.0,0.0,0.0,2.0,2.0,,
552,detroit,2,active,ARFF,13.0,14.0,0.0,0.0,14.0,0.0,,
553,kidney,1,active,ARFF,76.0,7.0,0.0,0.0,4.0,3.0,,
554,mnist_784,1,active,ARFF,70000.0,785.0,10.0,0.0,784.0,1.0,7877.0,6313.0
555,analcatdata_apnea3,1,active,ARFF,450.0,4.0,0.0,0.0,2.0,2.0,,
556,analcatdata_apnea2,1,active,ARFF,475.0,4.0,0.0,0.0,2.0,2.0,,
557,analcatdata_apnea1,1,active,ARFF,475.0,4.0,0.0,0.0,2.0,2.0,,
558,bank32nh,1,active,ARFF,8192.0,33.0,0.0,0.0,33.0,0.0,,
559,schlvote,1,active,ARFF,38.0,6.0,0.0,1.0,5.0,1.0,,
560,bodyfat,1,active,ARFF,252.0,15.0,0.0,0.0,15.0,0.0,,
561,cpu,1,active,ARFF,209.0,8.0,0.0,0.0,7.0,1.0,,
562,cpu_small,2,active,ARFF,8192.0,13.0,0.0,0.0,13.0,0.0,,
563,kdd_el_nino-small,1,active,ARFF,782.0,9.0,0.0,539.0,7.0,2.0,,
564,fried,1,active,ARFF,40768.0,11.0,0.0,0.0,11.0,0.0,,
565,water-treatment,1,active,ARFF,527.0,37.0,0.0,573.0,22.0,15.0,,
566,meta,1,active,ARFF,528.0,22.0,0.0,504.0,20.0,2.0,,
567,kdd_coil_1,1,active,ARFF,316.0,12.0,0.0,56.0,9.0,3.0,,
568,kdd_coil_2,1,active,ARFF,316.0,12.0,0.0,56.0,9.0,3.0,,
569,auto93,1,active,ARFF,93.0,23.0,0.0,14.0,17.0,6.0,,
570,kdd_coil_3,1,active,ARFF,316.0,12.0,0.0,56.0,9.0,3.0,,
572,bank8FM,1,active,ARFF,8192.0,9.0,0.0,0.0,9.0,0.0,,
573,cpu_act,2,active,ARFF,8192.0,22.0,0.0,0.0,22.0,0.0,,
574,house_16H,1,active,ARFF,22784.0,17.0,0.0,0.0,17.0,0.0,,
575,kdd_coil_4,1,active,ARFF,316.0,12.0,0.0,56.0,9.0,3.0,,
576,kdd_coil_5,1,active,ARFF,316.0,12.0,0.0,56.0,9.0,3.0,,
577,kdd_coil_6,1,active,ARFF,316.0,12.0,0.0,56.0,9.0,3.0,,
578,kdd_coil_7,1,active,ARFF,316.0,12.0,0.0,56.0,9.0,3.0,,
579,fri_c0_250_5,1,active,ARFF,250.0,6.0,0.0,0.0,6.0,0.0,,
580,fri_c4_250_100,1,active,ARFF,250.0,101.0,0.0,0.0,101.0,0.0,,
581,fri_c3_500_25,1,active,ARFF,500.0,26.0,0.0,0.0,26.0,0.0,,
582,fri_c1_500_25,1,active,ARFF,500.0,26.0,0.0,0.0,26.0,0.0,,
583,fri_c1_1000_50,1,active,ARFF,1000.0,51.0,0.0,0.0,51.0,0.0,,
584,fri_c4_500_25,1,active,ARFF,500.0,26.0,0.0,0.0,26.0,0.0,,
585,fri_c3_100_10,1,active,ARFF,100.0,11.0,0.0,0.0,11.0,0.0,,
586,fri_c3_1000_25,1,active,ARFF,1000.0,26.0,0.0,0.0,26.0,0.0,,
587,fri_c3_100_50,1,active,ARFF,100.0,51.0,0.0,0.0,51.0,0.0,,
588,fri_c4_1000_100,1,active,ARFF,1000.0,101.0,0.0,0.0,101.0,0.0,,
589,fri_c2_1000_25,1,active,ARFF,1000.0,26.0,0.0,0.0,26.0,0.0,,
590,fri_c0_1000_50,1,active,ARFF,1000.0,51.0,0.0,0.0,51.0,0.0,,
591,fri_c1_100_10,1,active,ARFF,100.0,11.0,0.0,0.0,11.0,0.0,,
592,fri_c4_1000_25,1,active,ARFF,1000.0,26.0,0.0,0.0,26.0,0.0,,
593,fri_c1_1000_10,1,active,ARFF,1000.0,11.0,0.0,0.0,11.0,0.0,,
594,fri_c2_100_5,1,active,ARFF,100.0,6.0,0.0,0.0,6.0,0.0,,
595,fri_c0_1000_10,1,active,ARFF,1000.0,11.0,0.0,0.0,11.0,0.0,,
596,fri_c2_250_5,1,active,ARFF,250.0,6.0,0.0,0.0,6.0,0.0,,
597,fri_c2_500_5,1,active,ARFF,500.0,6.0,0.0,0.0,6.0,0.0,,
598,fri_c0_1000_25,1,active,ARFF,1000.0,26.0,0.0,0.0,26.0,0.0,,
599,fri_c2_1000_5,1,active,ARFF,1000.0,6.0,0.0,0.0,6.0,0.0,,
600,fri_c0_100_50,1,active,ARFF,100.0,51.0,0.0,0.0,51.0,0.0,,
601,fri_c1_250_5,1,active,ARFF,250.0,6.0,0.0,0.0,6.0,0.0,,
602,fri_c3_250_10,1,active,ARFF,250.0,11.0,0.0,0.0,11.0,0.0,,
603,fri_c0_250_50,1,active,ARFF,250.0,51.0,0.0,0.0,51.0,0.0,,
604,fri_c4_500_10,1,active,ARFF,500.0,11.0,0.0,0.0,11.0,0.0,,
605,fri_c2_250_25,1,active,ARFF,250.0,26.0,0.0,0.0,26.0,0.0,,
606,fri_c2_1000_10,1,active,ARFF,1000.0,11.0,0.0,0.0,11.0,0.0,,
607,fri_c4_1000_50,1,active,ARFF,1000.0,51.0,0.0,0.0,51.0,0.0,,
608,fri_c3_1000_10,1,active,ARFF,1000.0,11.0,0.0,0.0,11.0,0.0,,
609,fri_c0_1000_5,1,active,ARFF,1000.0,6.0,0.0,0.0,6.0,0.0,,
610,fri_c4_500_100,1,active,ARFF,500.0,101.0,0.0,0.0,101.0,0.0,,
611,fri_c3_100_5,1,active,ARFF,100.0,6.0,0.0,0.0,6.0,0.0,,
612,fri_c1_1000_5,1,active,ARFF,1000.0,6.0,0.0,0.0,6.0,0.0,,
613,fri_c3_250_5,1,active,ARFF,250.0,6.0,0.0,0.0,6.0,0.0,,
614,fri_c1_250_25,1,active,ARFF,250.0,26.0,0.0,0.0,26.0,0.0,,
615,fri_c4_250_10,1,active,ARFF,250.0,11.0,0.0,0.0,11.0,0.0,,
616,fri_c4_500_50,1,active,ARFF,500.0,51.0,0.0,0.0,51.0,0.0,,
617,fri_c3_500_5,1,active,ARFF,500.0,6.0,0.0,0.0,6.0,0.0,,
618,fri_c3_1000_50,1,active,ARFF,1000.0,51.0,0.0,0.0,51.0,0.0,,
619,fri_c4_250_50,1,active,ARFF,250.0,51.0,0.0,0.0,51.0,0.0,,
620,fri_c1_1000_25,1,active,ARFF,1000.0,26.0,0.0,0.0,26.0,0.0,,
621,fri_c0_100_10,1,active,ARFF,100.0,11.0,0.0,0.0,11.0,0.0,,
622,fri_c2_1000_50,1,active,ARFF,1000.0,51.0,0.0,0.0,51.0,0.0,,
623,fri_c4_1000_10,1,active,ARFF,1000.0,11.0,0.0,0.0,11.0,0.0,,
624,fri_c0_100_5,1,active,ARFF,100.0,6.0,0.0,0.0,6.0,0.0,,
625,fri_c4_100_25,1,active,ARFF,100.0,26.0,0.0,0.0,26.0,0.0,,
626,fri_c2_500_50,1,active,ARFF,500.0,51.0,0.0,0.0,51.0,0.0,,
627,fri_c2_500_10,1,active,ARFF,500.0,11.0,0.0,0.0,11.0,0.0,,
628,fri_c3_1000_5,1,active,ARFF,1000.0,6.0,0.0,0.0,6.0,0.0,,
629,fri_c1_100_25,1,active,ARFF,100.0,26.0,0.0,0.0,26.0,0.0,,
630,fri_c2_100_50,1,active,ARFF,100.0,51.0,0.0,0.0,51.0,0.0,,
631,fri_c1_500_5,1,active,ARFF,500.0,6.0,0.0,0.0,6.0,0.0,,
632,fri_c3_250_50,1,active,ARFF,250.0,51.0,0.0,0.0,51.0,0.0,,
633,fri_c0_500_25,1,active,ARFF,500.0,26.0,0.0,0.0,26.0,0.0,,
634,fri_c2_100_10,1,active,ARFF,100.0,11.0,0.0,0.0,11.0,0.0,,
635,fri_c0_250_10,1,active,ARFF,250.0,11.0,0.0,0.0,11.0,0.0,,
636,fri_c1_100_50,1,active,ARFF,100.0,51.0,0.0,0.0,51.0,0.0,,
637,fri_c1_500_50,1,active,ARFF,500.0,51.0,0.0,0.0,51.0,0.0,,
638,fri_c2_250_50,1,active,ARFF,250.0,51.0,0.0,0.0,51.0,0.0,,
639,fri_c3_100_25,1,active,ARFF,100.0,26.0,0.0,0.0,26.0,0.0,,
640,fri_c4_100_10,1,active,ARFF,100.0,11.0,0.0,0.0,11.0,0.0,,
641,fri_c1_500_10,1,active,ARFF,500.0,11.0,0.0,0.0,11.0,0.0,,
642,fri_c4_100_50,1,active,ARFF,100.0,51.0,0.0,0.0,51.0,0.0,,
643,fri_c2_500_25,1,active,ARFF,500.0,26.0,0.0,0.0,26.0,0.0,,
644,fri_c4_250_25,1,active,ARFF,250.0,26.0,0.0,0.0,26.0,0.0,,
645,fri_c3_500_50,1,active,ARFF,500.0,51.0,0.0,0.0,51.0,0.0,,
646,fri_c3_500_10,1,active,ARFF,500.0,11.0,0.0,0.0,11.0,0.0,,
647,fri_c1_250_10,1,active,ARFF,250.0,11.0,0.0,0.0,11.0,0.0,,
648,fri_c1_250_50,1,active,ARFF,250.0,51.0,0.0,0.0,51.0,0.0,,
649,fri_c0_500_5,1,active,ARFF,500.0,6.0,0.0,0.0,6.0,0.0,,
650,fri_c0_500_50,1,active,ARFF,500.0,51.0,0.0,0.0,51.0,0.0,,
651,fri_c0_100_25,1,active,ARFF,100.0,26.0,0.0,0.0,26.0,0.0,,
652,fri_c4_100_100,1,active,ARFF,100.0,101.0,0.0,0.0,101.0,0.0,,
653,fri_c0_250_25,1,active,ARFF,250.0,26.0,0.0,0.0,26.0,0.0,,
654,fri_c0_500_10,1,active,ARFF,500.0,11.0,0.0,0.0,11.0,0.0,,
655,fri_c2_100_25,1,active,ARFF,100.0,26.0,0.0,0.0,26.0,0.0,,
656,fri_c1_100_5,1,active,ARFF,100.0,6.0,0.0,0.0,6.0,0.0,,
657,fri_c2_250_10,1,active,ARFF,250.0,11.0,0.0,0.0,11.0,0.0,,
658,fri_c3_250_25,1,active,ARFF,250.0,26.0,0.0,0.0,26.0,0.0,,
659,sleuth_ex1714,1,active,ARFF,47.0,8.0,0.0,0.0,8.0,0.0,,
660,rabe_265,1,active,ARFF,51.0,7.0,0.0,0.0,7.0,0.0,,
661,sleuth_case1102,1,active,ARFF,34.0,9.0,0.0,0.0,6.0,3.0,,
663,rabe_266,1,active,ARFF,120.0,3.0,0.0,0.0,3.0,0.0,,
664,chscase_census6,1,active,ARFF,400.0,7.0,0.0,0.0,7.0,0.0,,
665,sleuth_case2002,1,active,ARFF,147.0,7.0,0.0,0.0,3.0,4.0,,
666,rmftsa_ladata,1,active,ARFF,508.0,11.0,0.0,0.0,11.0,0.0,,
668,witmer_census_1980,1,active,ARFF,50.0,5.0,0.0,0.0,5.0,0.0,,
669,chscase_adopt,1,active,ARFF,39.0,3.0,0.0,2.0,3.0,0.0,,
670,chscase_census5,1,active,ARFF,400.0,8.0,0.0,0.0,8.0,0.0,,
671,chscase_census4,1,active,ARFF,400.0,8.0,0.0,0.0,8.0,0.0,,
672,chscase_census3,1,active,ARFF,400.0,8.0,0.0,0.0,8.0,0.0,,
673,chscase_census2,1,active,ARFF,400.0,8.0,0.0,0.0,8.0,0.0,,
674,chscase_demand,1,active,ARFF,27.0,11.0,0.0,0.0,11.0,0.0,,
675,visualizing_slope,1,active,ARFF,44.0,4.0,0.0,0.0,4.0,0.0,,
676,disclosure_x_tampered,1,active,ARFF,662.0,4.0,0.0,0.0,4.0,0.0,,
678,visualizing_environmental,1,active,ARFF,111.0,4.0,0.0,0.0,4.0,0.0,,
679,rmftsa_sleepdata,1,active,ARFF,1024.0,3.0,4.0,0.0,2.0,1.0,404.0,94.0
680,chscase_funds,1,active,ARFF,185.0,2.0,,0.0,2.0,0.0,,
681,hutsof99_logis,1,active,ARFF,70.0,8.0,0.0,0.0,4.0,4.0,,
682,sleuth_ex2016,1,active,ARFF,87.0,11.0,2.0,0.0,9.0,2.0,51.0,36.0
683,sleuth_ex2015,1,active,ARFF,60.0,8.0,2.0,0.0,7.0,1.0,30.0,30.0
684,rabe_166,1,active,ARFF,40.0,3.0,0.0,0.0,3.0,0.0,,
685,visualizing_livestock,1,active,ARFF,130.0,3.0,5.0,0.0,1.0,2.0,26.0,26.0
686,rmftsa_ctoarrivals,1,active,ARFF,264.0,3.0,0.0,0.0,2.0,1.0,,
687,sleuth_ex1605,1,active,ARFF,62.0,6.0,0.0,0.0,6.0,0.0,,
688,visualizing_soil,1,active,ARFF,8641.0,5.0,0.0,0.0,4.0,1.0,,
689,chscase_vine2,1,active,ARFF,468.0,3.0,0.0,0.0,3.0,0.0,,
690,visualizing_galaxy,1,active,ARFF,323.0,5.0,0.0,0.0,5.0,0.0,,
691,chscase_vine1,1,active,ARFF,52.0,10.0,0.0,0.0,10.0,0.0,,
692,rabe_131,1,active,ARFF,50.0,6.0,0.0,0.0,6.0,0.0,,
693,diggle_table_a1,1,active,ARFF,48.0,5.0,0.0,0.0,5.0,0.0,,
694,diggle_table_a2,1,active,ARFF,310.0,9.0,9.0,0.0,8.0,1.0,41.0,18.0
695,chatfield_4,1,active,ARFF,235.0,13.0,0.0,0.0,13.0,0.0,,
696,hutsof99_child_witness,1,active,ARFF,42.0,16.0,0.0,0.0,16.0,0.0,,
697,rabe_97,1,active,ARFF,46.0,4.0,0.0,0.0,3.0,1.0,,
698,rabe_176,1,active,ARFF,70.0,4.0,0.0,0.0,4.0,0.0,,
699,disclosure_z,1,active,ARFF,662.0,4.0,0.0,0.0,4.0,0.0,,
700,chscase_whale,1,active,ARFF,228.0,9.0,0.0,25.0,9.0,0.0,,
702,sleuth_ex1221,1,active,ARFF,42.0,10.0,0.0,0.0,9.0,1.0,,
703,chscase_foot,1,active,ARFF,526.0,6.0,0.0,0.0,4.0,2.0,,
704,disclosure_x_noise,1,active,ARFF,662.0,4.0,0.0,0.0,4.0,0.0,,
705,chscase_health,1,active,ARFF,50.0,3.0,,0.0,2.0,1.0,,
706,sleuth_case1202,1,active,ARFF,93.0,7.0,0.0,0.0,5.0,2.0,,
707,sleuth_case1201,1,active,ARFF,50.0,7.0,0.0,0.0,7.0,0.0,,
708,visualizing_hamster,1,active,ARFF,73.0,6.0,0.0,0.0,6.0,0.0,,
709,disclosure_x_bias,1,active,ARFF,662.0,4.0,0.0,0.0,4.0,0.0,,
710,rabe_148,1,active,ARFF,66.0,6.0,0.0,0.0,6.0,0.0,,
711,visualizing_ethanol,1,active,ARFF,88.0,3.0,0.0,0.0,3.0,0.0,,
712,chscase_geyser1,1,active,ARFF,222.0,3.0,0.0,0.0,3.0,0.0,,
713,vineyard,2,active,ARFF,52.0,3.0,2.0,0.0,2.0,1.0,28.0,24.0
714,fruitfly,2,active,ARFF,125.0,5.0,2.0,0.0,2.0,3.0,76.0,49.0
715,fri_c3_1000_25,2,active,ARFF,1000.0,26.0,2.0,0.0,25.0,1.0,557.0,443.0
716,fri_c3_100_50,2,active,ARFF,100.0,51.0,2.0,0.0,50.0,1.0,62.0,38.0
717,rmftsa_ladata,2,active,ARFF,508.0,11.0,2.0,0.0,10.0,1.0,286.0,222.0
718,fri_c4_1000_100,2,active,ARFF,1000.0,101.0,2.0,0.0,100.0,1.0,564.0,436.0
719,veteran,2,active,ARFF,137.0,8.0,2.0,0.0,3.0,5.0,94.0,43.0
720,abalone,2,active,ARFF,4177.0,9.0,2.0,0.0,7.0,2.0,2096.0,2081.0
721,pwLinear,2,active,ARFF,200.0,11.0,2.0,0.0,10.0,1.0,103.0,97.0
722,pol,2,active,ARFF,15000.0,49.0,2.0,0.0,48.0,1.0,9959.0,5041.0
723,fri_c4_1000_25,2,active,ARFF,1000.0,26.0,2.0,0.0,25.0,1.0,547.0,453.0
724,analcatdata_vineyard,2,active,ARFF,468.0,4.0,2.0,0.0,2.0,2.0,260.0,208.0
725,bank8FM,2,active,ARFF,8192.0,9.0,2.0,0.0,8.0,1.0,4885.0,3307.0
726,fri_c2_100_5,2,active,ARFF,100.0,6.0,2.0,0.0,5.0,1.0,60.0,40.0
727,2dplanes,2,active,ARFF,40768.0,11.0,2.0,0.0,10.0,1.0,20420.0,20348.0
728,analcatdata_supreme,2,active,ARFF,4052.0,8.0,2.0,0.0,7.0,1.0,3081.0,971.0
729,visualizing_slope,2,active,ARFF,44.0,4.0,2.0,0.0,3.0,1.0,27.0,17.0
730,fri_c1_250_5,2,active,ARFF,250.0,6.0,2.0,0.0,5.0,1.0,131.0,119.0
731,baskball,2,active,ARFF,96.0,5.0,2.0,0.0,4.0,1.0,49.0,47.0
732,fri_c0_250_50,2,active,ARFF,250.0,51.0,2.0,0.0,50.0,1.0,133.0,117.0
733,machine_cpu,2,active,ARFF,209.0,7.0,2.0,0.0,6.0,1.0,153.0,56.0
734,ailerons,2,active,ARFF,13750.0,41.0,2.0,0.0,40.0,1.0,7922.0,5828.0
735,cpu_small,3,active,ARFF,8192.0,13.0,2.0,0.0,12.0,1.0,5715.0,2477.0
736,visualizing_environmental,2,active,ARFF,111.0,4.0,2.0,0.0,3.0,1.0,58.0,53.0
737,space_ga,2,active,ARFF,3107.0,7.0,2.0,0.0,6.0,1.0,1566.0,1541.0
738,pharynx,2,active,ARFF,195.0,11.0,2.0,2.0,1.0,10.0,121.0,74.0
739,sleep,3,active,ARFF,62.0,8.0,2.0,8.0,7.0,1.0,33.0,29.0
740,fri_c3_1000_10,2,active,ARFF,1000.0,11.0,2.0,0.0,10.0,1.0,560.0,440.0
741,rmftsa_sleepdata,2,active,ARFF,1024.0,3.0,2.0,0.0,1.0,2.0,515.0,509.0
742,fri_c4_500_100,2,active,ARFF,500.0,101.0,2.0,0.0,100.0,1.0,283.0,217.0
743,fri_c1_1000_5,2,active,ARFF,1000.0,6.0,2.0,0.0,5.0,1.0,543.0,457.0
744,fri_c3_250_5,2,active,ARFF,250.0,6.0,2.0,0.0,5.0,1.0,141.0,109.0
745,auto_price,2,active,ARFF,159.0,16.0,2.0,0.0,14.0,2.0,105.0,54.0
746,fri_c1_250_25,2,active,ARFF,250.0,26.0,2.0,0.0,25.0,1.0,143.0,107.0
747,servo,1,active,ARFF,167.0,5.0,2.0,0.0,0.0,5.0,129.0,38.0
748,analcatdata_wildcat,2,active,ARFF,163.0,6.0,2.0,0.0,3.0,3.0,116.0,47.0
749,fri_c3_500_5,2,active,ARFF,500.0,6.0,2.0,0.0,5.0,1.0,263.0,237.0
750,pm10,2,active,ARFF,500.0,8.0,2.0,0.0,7.0,1.0,254.0,246.0
751,fri_c4_1000_10,2,active,ARFF,1000.0,11.0,2.0,0.0,10.0,1.0,560.0,440.0
752,puma32H,2,active,ARFF,8192.0,33.0,2.0,0.0,32.0,1.0,4128.0,4064.0
753,wisconsin,2,active,ARFF,194.0,33.0,2.0,0.0,32.0,1.0,104.0,90.0
754,fri_c0_100_5,2,active,ARFF,100.0,6.0,2.0,0.0,5.0,1.0,54.0,46.0
755,sleuth_ex1605,2,active,ARFF,62.0,6.0,2.0,0.0,5.0,1.0,31.0,31.0
756,autoPrice,2,active,ARFF,159.0,16.0,2.0,0.0,15.0,1.0,105.0,54.0
757,meta,2,active,ARFF,528.0,22.0,2.0,504.0,19.0,3.0,474.0,54.0
758,analcatdata_election2000,2,active,ARFF,67.0,15.0,2.0,0.0,14.0,1.0,49.0,18.0
759,analcatdata_olympic2000,2,active,ARFF,66.0,12.0,2.0,0.0,11.0,1.0,33.0,33.0
760,analcatdata_uktrainacc,2,active,ARFF,31.0,16.0,2.0,150.0,15.0,1.0,27.0,4.0
761,cpu_act,3,active,ARFF,8192.0,22.0,2.0,0.0,21.0,1.0,5715.0,2477.0
762,fri_c2_100_10,2,active,ARFF,100.0,11.0,2.0,0.0,10.0,1.0,55.0,45.0
763,fri_c0_250_10,2,active,ARFF,250.0,11.0,2.0,0.0,10.0,1.0,125.0,125.0
764,analcatdata_apnea3,2,active,ARFF,450.0,4.0,2.0,0.0,1.0,3.0,395.0,55.0
765,analcatdata_apnea2,2,active,ARFF,475.0,4.0,2.0,0.0,1.0,3.0,411.0,64.0
766,fri_c1_500_50,2,active,ARFF,500.0,51.0,2.0,0.0,50.0,1.0,262.0,238.0
767,analcatdata_apnea1,2,active,ARFF,475.0,4.0,2.0,0.0,1.0,3.0,414.0,61.0
768,fri_c3_100_25,2,active,ARFF,100.0,26.0,2.0,0.0,25.0,1.0,55.0,45.0
769,fri_c1_250_50,2,active,ARFF,250.0,51.0,2.0,0.0,50.0,1.0,137.0,113.0
770,strikes,2,active,ARFF,625.0,7.0,2.0,0.0,6.0,1.0,315.0,310.0
771,analcatdata_michiganacc,2,active,ARFF,108.0,4.0,2.0,0.0,1.0,3.0,60.0,48.0
772,quake,3,active,ARFF,2178.0,4.0,2.0,0.0,3.0,1.0,1209.0,969.0
773,fri_c0_250_25,2,active,ARFF,250.0,26.0,2.0,0.0,25.0,1.0,126.0,124.0
774,disclosure_x_bias,2,active,ARFF,662.0,4.0,2.0,0.0,3.0,1.0,345.0,317.0
775,fri_c2_100_25,2,active,ARFF,100.0,26.0,2.0,0.0,25.0,1.0,57.0,43.0
776,fri_c0_250_5,2,active,ARFF,250.0,6.0,2.0,0.0,5.0,1.0,125.0,125.0
777,sleuth_ex1714,2,active,ARFF,47.0,8.0,2.0,0.0,7.0,1.0,27.0,20.0
778,bodyfat,2,active,ARFF,252.0,15.0,2.0,0.0,14.0,1.0,128.0,124.0
779,fri_c1_500_25,2,active,ARFF,500.0,26.0,2.0,0.0,25.0,1.0,267.0,233.0
780,rabe_265,2,active,ARFF,51.0,7.0,2.0,0.0,6.0,1.0,30.0,21.0
782,rabe_266,2,active,ARFF,120.0,3.0,2.0,0.0,2.0,1.0,63.0,57.0
783,fri_c3_100_10,2,active,ARFF,100.0,11.0,2.0,0.0,10.0,1.0,60.0,40.0
784,newton_hema,2,active,ARFF,140.0,4.0,2.0,0.0,2.0,2.0,70.0,70.0
785,wind_correlations,2,active,ARFF,45.0,47.0,2.0,0.0,46.0,1.0,23.0,22.0
786,cleveland,2,active,ARFF,303.0,14.0,2.0,6.0,6.0,8.0,164.0,139.0
787,witmer_census_1980,2,active,ARFF,50.0,5.0,2.0,0.0,4.0,1.0,26.0,24.0
788,triazines,2,active,ARFF,186.0,61.0,2.0,0.0,60.0,1.0,109.0,77.0
789,fri_c1_100_10,2,active,ARFF,100.0,11.0,2.0,0.0,10.0,1.0,53.0,47.0
790,elusage,2,active,ARFF,55.0,3.0,2.0,0.0,1.0,2.0,31.0,24.0
791,diabetes_numeric,2,active,ARFF,43.0,3.0,2.0,0.0,2.0,1.0,26.0,17.0
792,fri_c2_500_5,2,active,ARFF,500.0,6.0,2.0,0.0,5.0,1.0,298.0,202.0
793,fri_c3_250_10,2,active,ARFF,250.0,11.0,2.0,0.0,10.0,1.0,135.0,115.0
794,fri_c2_250_25,2,active,ARFF,250.0,26.0,2.0,0.0,25.0,1.0,139.0,111.0
795,disclosure_x_tampered,2,active,ARFF,662.0,4.0,2.0,0.0,3.0,1.0,335.0,327.0
796,cpu,2,active,ARFF,209.0,8.0,2.0,0.0,6.0,2.0,156.0,53.0
797,fri_c4_1000_50,2,active,ARFF,1000.0,51.0,2.0,0.0,50.0,1.0,560.0,440.0
798,cholesterol,2,active,ARFF,303.0,14.0,2.0,6.0,6.0,8.0,166.0,137.0
799,fri_c0_1000_5,2,active,ARFF,1000.0,6.0,2.0,0.0,5.0,1.0,503.0,497.0
800,pyrim,2,active,ARFF,74.0,28.0,2.0,0.0,27.0,1.0,43.0,31.0
801,chscase_funds,2,active,ARFF,185.0,3.0,2.0,0.0,2.0,1.0,98.0,87.0
802,pbcseq,2,active,ARFF,1945.0,19.0,2.0,1133.0,12.0,7.0,973.0,972.0
803,delta_ailerons,1,active,ARFF,7129.0,6.0,2.0,0.0,5.0,1.0,3783.0,3346.0
804,hutsof99_logis,2,active,ARFF,70.0,8.0,2.0,0.0,3.0,5.0,36.0,34.0
805,fri_c4_500_50,2,active,ARFF,500.0,51.0,2.0,0.0,50.0,1.0,264.0,236.0
806,fri_c3_1000_50,2,active,ARFF,1000.0,51.0,2.0,0.0,50.0,1.0,555.0,445.0
807,kin8nm,2,active,ARFF,8192.0,9.0,2.0,0.0,8.0,1.0,4168.0,4024.0
808,fri_c0_100_10,2,active,ARFF,100.0,11.0,2.0,0.0,10.0,1.0,55.0,45.0
810,pbc,3,active,ARFF,418.0,19.0,2.0,1239.0,10.0,9.0,230.0,188.0
811,rmftsa_ctoarrivals,2,active,ARFF,264.0,3.0,2.0,0.0,1.0,2.0,163.0,101.0
812,fri_c1_100_25,2,active,ARFF,100.0,26.0,2.0,0.0,25.0,1.0,53.0,47.0
813,fri_c3_1000_5,2,active,ARFF,1000.0,6.0,2.0,0.0,5.0,1.0,563.0,437.0
814,chscase_vine2,2,active,ARFF,468.0,3.0,2.0,0.0,2.0,1.0,256.0,212.0
815,chscase_vine1,2,active,ARFF,52.0,10.0,2.0,0.0,9.0,1.0,28.0,24.0
816,puma8NH,2,active,ARFF,8192.0,9.0,2.0,0.0,8.0,1.0,4114.0,4078.0
817,diggle_table_a1,2,active,ARFF,48.0,5.0,2.0,0.0,4.0,1.0,25.0,23.0
818,diggle_table_a2,2,active,ARFF,310.0,9.0,2.0,0.0,7.0,2.0,165.0,145.0
819,delta_elevators,3,active,ARFF,9517.0,7.0,2.0,0.0,6.0,1.0,4785.0,4732.0
820,chatfield_4,2,active,ARFF,235.0,13.0,2.0,0.0,12.0,1.0,142.0,93.0
821,house_16H,2,active,ARFF,22784.0,17.0,2.0,0.0,16.0,1.0,16040.0,6744.0
823,houses,2,active,ARFF,20640.0,9.0,2.0,0.0,8.0,1.0,11726.0,8914.0
824,fri_c1_500_10,2,active,ARFF,500.0,11.0,2.0,0.0,10.0,1.0,274.0,226.0
825,boston_corrected,2,active,ARFF,506.0,21.0,2.0,0.0,17.0,4.0,283.0,223.0
826,sensory,2,active,ARFF,576.0,12.0,2.0,0.0,0.0,12.0,337.0,239.0
827,disclosure_x_noise,2,active,ARFF,662.0,4.0,2.0,0.0,3.0,1.0,333.0,329.0
828,fri_c4_100_100,2,active,ARFF,100.0,101.0,2.0,0.0,100.0,1.0,53.0,47.0
829,fri_c1_100_5,2,active,ARFF,100.0,6.0,2.0,0.0,5.0,1.0,55.0,45.0
830,fri_c2_250_10,2,active,ARFF,250.0,11.0,2.0,0.0,10.0,1.0,159.0,91.0
831,autoMpg,2,active,ARFF,398.0,8.0,2.0,6.0,4.0,4.0,209.0,189.0
832,fri_c3_250_25,2,active,ARFF,250.0,26.0,2.0,0.0,25.0,1.0,139.0,111.0
833,bank32nh,2,active,ARFF,8192.0,33.0,2.0,0.0,32.0,1.0,5649.0,2543.0
834,fri_c4_250_100,2,active,ARFF,250.0,101.0,2.0,0.0,100.0,1.0,140.0,110.0
835,analcatdata_vehicle,2,active,ARFF,48.0,5.0,2.0,0.0,0.0,5.0,27.0,21.0
836,sleuth_case1102,2,active,ARFF,34.0,9.0,2.0,0.0,5.0,4.0,19.0,15.0
837,fri_c1_1000_50,2,active,ARFF,1000.0,51.0,2.0,0.0,50.0,1.0,547.0,453.0
838,fri_c4_500_25,2,active,ARFF,500.0,26.0,2.0,0.0,25.0,1.0,284.0,216.0
839,kdd_el_nino-small,2,active,ARFF,782.0,9.0,2.0,466.0,6.0,3.0,508.0,274.0
840,autoHorse,2,active,ARFF,205.0,26.0,2.0,57.0,17.0,9.0,122.0,83.0
841,stock,2,active,ARFF,950.0,10.0,2.0,0.0,9.0,1.0,488.0,462.0
842,analcatdata_runshoes,2,active,ARFF,60.0,11.0,2.0,14.0,4.0,7.0,36.0,24.0
843,house_8L,2,active,ARFF,22784.0,9.0,2.0,0.0,8.0,1.0,16040.0,6744.0
844,breastTumor,2,active,ARFF,286.0,10.0,2.0,9.0,1.0,9.0,166.0,120.0
845,fri_c0_1000_10,2,active,ARFF,1000.0,11.0,2.0,0.0,10.0,1.0,509.0,491.0
846,elevators,2,active,ARFF,16599.0,19.0,2.0,0.0,18.0,1.0,11469.0,5130.0
847,wind,2,active,ARFF,6574.0,15.0,2.0,0.0,14.0,1.0,3501.0,3073.0
848,schlvote,2,active,ARFF,38.0,6.0,2.0,0.0,4.0,2.0,28.0,10.0
849,fri_c0_1000_25,2,active,ARFF,1000.0,26.0,2.0,0.0,25.0,1.0,503.0,497.0
850,fri_c0_100_50,2,active,ARFF,100.0,51.0,2.0,0.0,50.0,1.0,51.0,49.0
851,tecator,2,active,ARFF,240.0,125.0,2.0,0.0,124.0,1.0,138.0,102.0
852,analcatdata_gsssexsurvey,2,active,ARFF,159.0,10.0,2.0,6.0,4.0,6.0,124.0,35.0
853,boston,2,active,ARFF,506.0,14.0,2.0,0.0,12.0,2.0,297.0,209.0
854,fishcatch,2,active,ARFF,158.0,8.0,2.0,87.0,5.0,3.0,95.0,63.0
855,fri_c4_500_10,2,active,ARFF,500.0,11.0,2.0,0.0,10.0,1.0,276.0,224.0
857,bolts,2,active,ARFF,40.0,8.0,2.0,0.0,7.0,1.0,26.0,14.0
858,hungarian,2,active,ARFF,294.0,14.0,2.0,782.0,6.0,8.0,188.0,106.0
859,analcatdata_gviolence,2,active,ARFF,74.0,9.0,2.0,0.0,8.0,1.0,43.0,31.0
860,vinnie,2,active,ARFF,380.0,3.0,2.0,0.0,2.0,1.0,195.0,185.0
861,auto93,2,active,ARFF,93.0,23.0,2.0,14.0,16.0,7.0,58.0,35.0
862,sleuth_ex2016,2,active,ARFF,87.0,11.0,2.0,0.0,8.0,3.0,45.0,42.0
863,fri_c4_250_10,2,active,ARFF,250.0,11.0,2.0,0.0,10.0,1.0,133.0,117.0
864,sleuth_ex2015,2,active,ARFF,60.0,8.0,2.0,0.0,6.0,2.0,33.0,27.0
865,analcatdata_neavote,2,active,ARFF,100.0,3.0,2.0,0.0,1.0,2.0,93.0,7.0
866,fri_c2_1000_50,2,active,ARFF,1000.0,51.0,2.0,0.0,50.0,1.0,582.0,418.0
867,visualizing_livestock,2,active,ARFF,130.0,3.0,2.0,0.0,0.0,3.0,105.0,25.0
868,fri_c4_100_25,2,active,ARFF,100.0,26.0,2.0,0.0,25.0,1.0,54.0,46.0
869,fri_c2_500_10,2,active,ARFF,500.0,11.0,2.0,0.0,10.0,1.0,286.0,214.0
870,fri_c1_500_5,2,active,ARFF,500.0,6.0,2.0,0.0,5.0,1.0,267.0,233.0
871,pollen,2,active,ARFF,3848.0,6.0,2.0,0.0,5.0,1.0,1924.0,1924.0
873,fri_c3_250_50,2,active,ARFF,250.0,51.0,2.0,0.0,50.0,1.0,142.0,108.0
874,rabe_131,2,active,ARFF,50.0,6.0,2.0,0.0,5.0,1.0,29.0,21.0
875,analcatdata_chlamydia,2,active,ARFF,100.0,4.0,2.0,0.0,0.0,4.0,81.0,19.0
876,fri_c1_100_50,2,active,ARFF,100.0,51.0,2.0,0.0,50.0,1.0,56.0,44.0
877,fri_c2_250_50,2,active,ARFF,250.0,51.0,2.0,0.0,50.0,1.0,137.0,113.0
878,fri_c4_100_10,2,active,ARFF,100.0,11.0,2.0,0.0,10.0,1.0,53.0,47.0
879,fri_c2_500_25,2,active,ARFF,500.0,26.0,2.0,0.0,25.0,1.0,304.0,196.0
880,mu284,2,active,ARFF,284.0,11.0,2.0,0.0,10.0,1.0,142.0,142.0
881,mv,2,active,ARFF,40768.0,11.0,2.0,0.0,7.0,4.0,24321.0,16447.0
882,pollution,2,active,ARFF,60.0,16.0,2.0,0.0,15.0,1.0,31.0,29.0
884,fri_c0_500_5,2,active,ARFF,500.0,6.0,2.0,0.0,5.0,1.0,251.0,249.0
885,transplant,2,active,ARFF,131.0,4.0,2.0,0.0,3.0,1.0,83.0,48.0
886,no2,2,active,ARFF,500.0,8.0,2.0,0.0,7.0,1.0,251.0,249.0
887,mbagrade,2,active,ARFF,61.0,3.0,2.0,0.0,1.0,2.0,32.0,29.0
888,fri_c0_500_50,2,active,ARFF,500.0,51.0,2.0,0.0,50.0,1.0,256.0,244.0
889,fri_c0_100_25,2,active,ARFF,100.0,26.0,2.0,0.0,25.0,1.0,50.0,50.0
890,cloud,2,active,ARFF,108.0,8.0,2.0,0.0,6.0,2.0,76.0,32.0
891,sleuth_case1202,2,active,ARFF,93.0,7.0,2.0,0.0,4.0,3.0,57.0,36.0
892,sleuth_case1201,2,active,ARFF,50.0,7.0,2.0,0.0,6.0,1.0,26.0,24.0
893,visualizing_hamster,2,active,ARFF,73.0,6.0,2.0,0.0,5.0,1.0,40.0,33.0
894,rabe_148,2,active,ARFF,66.0,6.0,2.0,0.0,5.0,1.0,33.0,33.0
895,chscase_geyser1,2,active,ARFF,222.0,3.0,2.0,0.0,2.0,1.0,134.0,88.0
896,fri_c3_500_25,2,active,ARFF,500.0,26.0,2.0,0.0,25.0,1.0,280.0,220.0
897,colleges_aaup,2,active,ARFF,1161.0,16.0,2.0,256.0,13.0,3.0,813.0,348.0
898,hip,2,active,ARFF,54.0,8.0,2.0,120.0,7.0,1.0,28.0,26.0
899,analcatdata_negotiation,2,active,ARFF,92.0,6.0,2.0,26.0,4.0,2.0,66.0,26.0
900,chscase_census6,2,active,ARFF,400.0,7.0,2.0,0.0,6.0,1.0,235.0,165.0
901,fried,2,active,ARFF,40768.0,11.0,2.0,0.0,10.0,1.0,20427.0,20341.0
902,sleuth_case2002,2,active,ARFF,147.0,7.0,2.0,0.0,2.0,5.0,78.0,69.0
903,fri_c2_1000_25,2,active,ARFF,1000.0,26.0,2.0,0.0,25.0,1.0,563.0,437.0
904,fri_c0_1000_50,2,active,ARFF,1000.0,51.0,2.0,0.0,50.0,1.0,510.0,490.0
905,chscase_adopt,2,active,ARFF,39.0,3.0,2.0,0.0,2.0,1.0,27.0,12.0
906,chscase_census5,2,active,ARFF,400.0,8.0,2.0,0.0,7.0,1.0,207.0,193.0
907,chscase_census4,2,active,ARFF,400.0,8.0,2.0,0.0,7.0,1.0,206.0,194.0
908,chscase_census3,2,active,ARFF,400.0,8.0,2.0,0.0,7.0,1.0,208.0,192.0
909,chscase_census2,2,active,ARFF,400.0,8.0,2.0,0.0,7.0,1.0,203.0,197.0
910,fri_c1_1000_10,2,active,ARFF,1000.0,11.0,2.0,0.0,10.0,1.0,564.0,436.0
911,fri_c2_250_5,2,active,ARFF,250.0,6.0,2.0,0.0,5.0,1.0,140.0,110.0
912,fri_c2_1000_5,2,active,ARFF,1000.0,6.0,2.0,0.0,5.0,1.0,584.0,416.0
913,fri_c2_1000_10,2,active,ARFF,1000.0,11.0,2.0,0.0,10.0,1.0,580.0,420.0
914,balloon,2,active,ARFF,2001.0,2.0,2.0,0.0,1.0,1.0,1519.0,482.0
915,plasma_retinol,2,active,ARFF,315.0,14.0,2.0,0.0,10.0,4.0,182.0,133.0
916,fri_c3_100_5,2,active,ARFF,100.0,6.0,2.0,0.0,5.0,1.0,56.0,44.0
917,fri_c1_1000_25,2,active,ARFF,1000.0,26.0,2.0,0.0,25.0,1.0,546.0,454.0
918,fri_c4_250_50,2,active,ARFF,250.0,51.0,2.0,0.0,50.0,1.0,135.0,115.0
919,rabe_166,2,active,ARFF,40.0,2.0,2.0,0.0,1.0,1.0,21.0,19.0
920,fri_c2_500_50,2,active,ARFF,500.0,51.0,2.0,0.0,50.0,1.0,295.0,205.0
921,analcatdata_seropositive,2,active,ARFF,132.0,4.0,2.0,0.0,2.0,2.0,86.0,46.0
922,fri_c2_100_50,2,active,ARFF,100.0,51.0,2.0,0.0,50.0,1.0,58.0,42.0
923,visualizing_soil,2,active,ARFF,8641.0,5.0,2.0,0.0,3.0,2.0,4753.0,3888.0
924,humandevel,2,active,ARFF,130.0,2.0,2.0,0.0,1.0,1.0,65.0,65.0
925,visualizing_galaxy,2,active,ARFF,323.0,5.0,2.0,0.0,4.0,1.0,175.0,148.0
926,fri_c0_500_25,2,active,ARFF,500.0,26.0,2.0,0.0,25.0,1.0,255.0,245.0
927,hutsof99_child_witness,2,active,ARFF,42.0,16.0,2.0,0.0,15.0,1.0,25.0,17.0
928,rabe_97,2,active,ARFF,46.0,4.0,2.0,0.0,2.0,2.0,25.0,21.0
929,rabe_176,2,active,ARFF,70.0,4.0,2.0,0.0,3.0,1.0,35.0,35.0
930,colleges_usnews,2,active,ARFF,1302.0,34.0,2.0,7830.0,32.0,2.0,688.0,614.0
931,disclosure_z,2,active,ARFF,662.0,4.0,2.0,0.0,3.0,1.0,348.0,314.0
932,fri_c4_100_50,2,active,ARFF,100.0,51.0,2.0,0.0,50.0,1.0,56.0,44.0
933,fri_c4_250_25,2,active,ARFF,250.0,26.0,2.0,0.0,25.0,1.0,136.0,114.0
934,socmob,2,active,ARFF,1156.0,6.0,2.0,0.0,1.0,5.0,900.0,256.0
935,fri_c1_250_10,2,active,ARFF,250.0,11.0,2.0,0.0,10.0,1.0,140.0,110.0
936,fri_c3_500_10,2,active,ARFF,500.0,11.0,2.0,0.0,10.0,1.0,272.0,228.0
937,fri_c3_500_50,2,active,ARFF,500.0,51.0,2.0,0.0,50.0,1.0,282.0,218.0
938,sleuth_ex1221,2,active,ARFF,42.0,10.0,2.0,0.0,8.0,2.0,23.0,19.0
939,chscase_whale,2,active,ARFF,228.0,9.0,2.0,20.0,8.0,1.0,117.0,111.0
940,water-treatment,2,active,ARFF,527.0,37.0,2.0,542.0,21.0,16.0,447.0,80.0
941,lowbwt,2,active,ARFF,189.0,10.0,2.0,0.0,2.0,8.0,99.0,90.0
942,chscase_health,2,active,ARFF,50.0,4.0,2.0,0.0,2.0,2.0,26.0,24.0
943,fri_c0_500_10,2,active,ARFF,500.0,11.0,2.0,0.0,10.0,1.0,259.0,241.0
944,echoMonths,2,active,ARFF,130.0,10.0,2.0,97.0,6.0,4.0,66.0,64.0
945,kidney,2,active,ARFF,76.0,7.0,2.0,0.0,3.0,4.0,40.0,36.0
946,visualizing_ethanol,2,active,ARFF,88.0,3.0,2.0,0.0,2.0,1.0,45.0,43.0
947,arsenic-male-bladder,2,active,ARFF,559.0,5.0,2.0,0.0,3.0,2.0,535.0,24.0
949,arsenic-female-bladder,2,active,ARFF,559.0,5.0,2.0,0.0,3.0,2.0,479.0,80.0
950,arsenic-female-lung,2,active,ARFF,559.0,5.0,2.0,0.0,3.0,2.0,540.0,19.0
951,arsenic-male-lung,2,active,ARFF,559.0,5.0,2.0,0.0,3.0,2.0,546.0,13.0
952,prnn_fglass,1,active,ARFF,214.0,10.0,6.0,0.0,9.0,1.0,76.0,9.0
953,splice,2,active,ARFF,3190.0,61.0,2.0,0.0,0.0,61.0,1655.0,1535.0
954,spectrometer,2,active,ARFF,531.0,102.0,2.0,0.0,100.0,2.0,476.0,55.0
955,tae,2,active,ARFF,151.0,6.0,2.0,0.0,3.0,3.0,99.0,52.0
956,molecular-biology_promoters,2,active,ARFF,106.0,58.0,2.0,0.0,0.0,58.0,72.0,34.0
957,braziltourism,2,active,ARFF,412.0,9.0,2.0,96.0,4.0,5.0,318.0,94.0
958,segment,2,active,ARFF,2310.0,20.0,2.0,0.0,19.0,1.0,1980.0,330.0
959,nursery,2,active,ARFF,12960.0,9.0,2.0,0.0,0.0,9.0,8640.0,4320.0
960,postoperative-patient-data,2,active,ARFF,90.0,9.0,2.0,3.0,0.0,9.0,64.0,26.0
961,analcatdata_broadwaymult,2,active,ARFF,285.0,8.0,2.0,27.0,3.0,5.0,167.0,118.0
962,mfeat-morphological,2,active,ARFF,2000.0,7.0,2.0,0.0,6.0,1.0,1800.0,200.0
963,heart-h,2,active,ARFF,294.0,14.0,2.0,782.0,6.0,8.0,188.0,106.0
964,pasture,2,active,ARFF,36.0,23.0,2.0,0.0,21.0,2.0,24.0,12.0
965,zoo,2,active,ARFF,101.0,17.0,2.0,0.0,1.0,16.0,60.0,41.0
966,analcatdata_halloffame,2,active,ARFF,1340.0,17.0,2.0,20.0,15.0,2.0,1215.0,125.0
967,cars,2,active,ARFF,406.0,9.0,2.0,14.0,6.0,3.0,254.0,152.0
968,analcatdata_birthday,2,active,ARFF,365.0,4.0,2.0,30.0,1.0,3.0,312.0,53.0
969,iris,3,active,ARFF,150.0,5.0,2.0,0.0,4.0,1.0,100.0,50.0
970,analcatdata_authorship,2,active,ARFF,841.0,71.0,2.0,0.0,70.0,1.0,524.0,317.0
971,mfeat-fourier,2,active,ARFF,2000.0,77.0,2.0,0.0,76.0,1.0,1800.0,200.0
972,squash-stored,2,active,ARFF,52.0,25.0,2.0,7.0,21.0,4.0,29.0,23.0
973,wine,2,active,ARFF,178.0,14.0,2.0,0.0,13.0,1.0,107.0,71.0
974,hayes-roth,2,active,ARFF,132.0,5.0,2.0,0.0,4.0,1.0,81.0,51.0
975,autos,2,active,ARFF,205.0,26.0,2.0,59.0,15.0,11.0,138.0,67.0
976,JapaneseVowels,2,active,ARFF,9961.0,15.0,2.0,0.0,14.0,1.0,8347.0,1614.0
977,letter,2,active,ARFF,20000.0,17.0,2.0,0.0,16.0,1.0,19187.0,813.0
978,mfeat-factors,2,active,ARFF,2000.0,217.0,2.0,0.0,216.0,1.0,1800.0,200.0
979,waveform-5000,2,active,ARFF,5000.0,41.0,2.0,0.0,40.0,1.0,3308.0,1692.0
980,optdigits,2,active,ARFF,5620.0,65.0,2.0,0.0,64.0,1.0,5048.0,572.0
981,kdd_internet_usage,1,active,ARFF,10108.0,69.0,2.0,2699.0,0.0,69.0,7393.0,2715.0
982,heart-c,2,active,ARFF,303.0,14.0,2.0,7.0,6.0,8.0,165.0,138.0
983,cmc,2,active,ARFF,1473.0,10.0,2.0,0.0,2.0,8.0,844.0,629.0
984,analcatdata_draft,2,active,ARFF,366.0,5.0,2.0,1.0,2.0,3.0,334.0,32.0
985,squash-unstored,2,active,ARFF,52.0,24.0,2.0,39.0,20.0,4.0,28.0,24.0
986,analcatdata_marketing,2,active,ARFF,364.0,33.0,2.0,80.0,0.0,33.0,249.0,115.0
987,collins,2,active,ARFF,500.0,23.0,2.0,0.0,20.0,3.0,420.0,80.0
988,fl2000,2,active,ARFF,67.0,16.0,2.0,0.0,14.0,2.0,41.0,26.0
989,anneal,3,active,ARFF,898.0,39.0,2.0,22175.0,6.0,33.0,684.0,214.0
990,eucalyptus,2,active,ARFF,736.0,20.0,2.0,448.0,14.0,6.0,522.0,214.0
991,car,2,active,ARFF,1728.0,7.0,2.0,0.0,0.0,7.0,1210.0,518.0
992,analcatdata_broadway,2,active,ARFF,95.0,9.0,2.0,9.0,3.0,6.0,68.0,27.0
993,kdd_ipums_la_97-small,1,active,ARFF,7019.0,61.0,2.0,43814.0,33.0,28.0,4425.0,2594.0
994,vehicle,2,active,ARFF,846.0,19.0,2.0,0.0,18.0,1.0,628.0,218.0
995,mfeat-zernike,2,active,ARFF,2000.0,48.0,2.0,0.0,47.0,1.0,1800.0,200.0
996,prnn_fglass,2,active,ARFF,214.0,10.0,2.0,0.0,9.0,1.0,138.0,76.0
997,balance-scale,2,active,ARFF,625.0,5.0,2.0,0.0,4.0,1.0,337.0,288.0
998,analcatdata_bondrate,2,active,ARFF,57.0,11.0,2.0,1.0,4.0,7.0,33.0,24.0
999,audiology,2,active,ARFF,226.0,70.0,2.0,317.0,0.0,70.0,169.0,57.0
1000,hypothyroid,2,active,ARFF,3772.0,30.0,2.0,6064.0,7.0,23.0,3481.0,291.0
1001,sponge,2,active,ARFF,76.0,45.0,2.0,22.0,0.0,45.0,70.0,6.0
1002,ipums_la_98-small,2,active,ARFF,7485.0,56.0,2.0,32427.0,16.0,40.0,6694.0,791.0
1003,primary-tumor,2,active,ARFF,339.0,18.0,2.0,225.0,0.0,18.0,255.0,84.0
1004,synthetic_control,2,active,ARFF,600.0,61.0,2.0,0.0,60.0,1.0,500.0,100.0
1005,glass,2,active,ARFF,214.0,10.0,2.0,0.0,9.0,1.0,138.0,76.0
1006,lymph,2,active,ARFF,148.0,19.0,2.0,0.0,3.0,16.0,81.0,67.0
1007,bridges,5,active,ARFF,107.0,12.0,2.0,71.0,3.0,9.0,63.0,44.0
1008,analcatdata_reviewer,2,active,ARFF,379.0,8.0,2.0,1368.0,0.0,8.0,216.0,163.0
1009,white-clover,2,active,ARFF,63.0,32.0,2.0,0.0,27.0,5.0,38.0,25.0
1010,dermatology,2,active,ARFF,366.0,35.0,2.0,8.0,1.0,34.0,254.0,112.0
1011,ecoli,2,active,ARFF,336.0,8.0,2.0,0.0,7.0,1.0,193.0,143.0
1012,flags,2,active,ARFF,194.0,29.0,2.0,0.0,2.0,27.0,125.0,69.0
1013,analcatdata_challenger,2,active,ARFF,138.0,3.0,2.0,0.0,1.0,2.0,129.0,9.0
1014,analcatdata_dmft,2,active,ARFF,797.0,5.0,2.0,0.0,0.0,5.0,642.0,155.0
1015,confidence,2,active,ARFF,72.0,4.0,2.0,0.0,3.0,1.0,60.0,12.0
1016,vowel,3,active,ARFF,990.0,14.0,2.0,0.0,10.0,4.0,900.0,90.0
1017,arrhythmia,2,active,ARFF,452.0,280.0,2.0,408.0,206.0,74.0,245.0,207.0
1018,ipums_la_99-small,2,active,ARFF,8844.0,57.0,2.0,34843.0,15.0,42.0,8276.0,568.0
1019,pendigits,2,active,ARFF,10992.0,17.0,2.0,0.0,16.0,1.0,9848.0,1144.0
1020,mfeat-karhunen,2,active,ARFF,2000.0,65.0,2.0,0.0,64.0,1.0,1800.0,200.0
1021,page-blocks,2,active,ARFF,5473.0,11.0,2.0,0.0,10.0,1.0,4913.0,560.0
1022,mfeat-pixel,2,active,ARFF,2000.0,241.0,2.0,0.0,0.0,241.0,1800.0,200.0
1023,soybean,2,active,ARFF,683.0,36.0,2.0,2337.0,0.0,36.0,591.0,92.0
1024,cjs,2,active,ARFF,2796.0,35.0,2.0,68100.0,32.0,3.0,2116.0,680.0
1025,analcatdata_germangss,2,active,ARFF,400.0,6.0,2.0,0.0,0.0,6.0,310.0,90.0
1026,grub-damage,2,active,ARFF,155.0,9.0,2.0,0.0,2.0,7.0,106.0,49.0
1027,ESL,1,active,ARFF,488.0,5.0,0.0,0.0,5.0,0.0,,
1028,SWD,1,active,ARFF,1000.0,11.0,0.0,0.0,11.0,0.0,,
1029,LEV,1,active,ARFF,1000.0,5.0,0.0,0.0,5.0,0.0,,
1030,ERA,1,active,ARFF,1000.0,5.0,0.0,0.0,5.0,0.0,,
1035,ESL,2,active,ARFF,488.0,5.0,0.0,0.0,5.0,0.0,,
1037,ada_prior,1,active,ARFF,4562.0,15.0,2.0,88.0,6.0,9.0,3430.0,1132.0
1038,gina_agnostic,1,active,ARFF,3468.0,971.0,2.0,0.0,970.0,1.0,1763.0,1705.0
1039,hiva_agnostic,1,active,ARFF,4229.0,1618.0,2.0,0.0,1617.0,1.0,4080.0,149.0
1040,sylva_prior,1,active,ARFF,14395.0,109.0,2.0,0.0,108.0,1.0,13509.0,886.0
1041,gina_prior2,1,active,ARFF,3468.0,785.0,10.0,0.0,784.0,1.0,383.0,315.0
1042,gina_prior,1,active,ARFF,3468.0,785.0,2.0,0.0,784.0,1.0,1763.0,1705.0
1044,eye_movements,1,active,ARFF,10936.0,28.0,3.0,0.0,24.0,4.0,4262.0,2870.0
1045,kc1-top5,1,active,ARFF,145.0,95.0,2.0,0.0,94.0,1.0,137.0,8.0
1046,mozilla4,1,active,ARFF,15545.0,6.0,2.0,0.0,5.0,1.0,10437.0,5108.0
1047,usp05,1,active,ARFF,203.0,17.0,11.0,0.0,3.0,14.0,112.0,1.0
1048,jEdit_4.2_4.3,1,active,ARFF,369.0,9.0,2.0,0.0,8.0,1.0,204.0,165.0
1049,pc4,1,active,ARFF,1458.0,38.0,2.0,0.0,37.0,1.0,1280.0,178.0
1050,pc3,1,active,ARFF,1563.0,38.0,2.0,0.0,37.0,1.0,1403.0,160.0
1051,cocomo_numeric,1,active,ARFF,60.0,17.0,0.0,0.0,2.0,15.0,,
1053,jm1,1,active,ARFF,10885.0,22.0,2.0,25.0,21.0,1.0,8779.0,2106.0
1054,mc2,1,active,ARFF,161.0,40.0,2.0,0.0,39.0,1.0,109.0,52.0
1055,cm1_req,1,active,ARFF,89.0,9.0,2.0,0.0,7.0,2.0,69.0,20.0
1056,mc1,1,active,ARFF,9466.0,39.0,2.0,0.0,38.0,1.0,9398.0,68.0
1057,usp05-ft,1,active,ARFF,76.0,15.0,7.0,37.0,8.0,7.0,55.0,1.0
1058,humans_numeric,1,active,ARFF,75.0,15.0,0.0,0.0,15.0,0.0,,
1059,ar1,1,active,ARFF,121.0,30.0,2.0,0.0,29.0,1.0,112.0,9.0
1060,ar3,1,active,ARFF,63.0,30.0,2.0,0.0,29.0,1.0,55.0,8.0
1061,ar4,1,active,ARFF,107.0,30.0,2.0,0.0,29.0,1.0,87.0,20.0
1062,ar5,1,active,ARFF,36.0,30.0,2.0,0.0,29.0,1.0,28.0,8.0
1063,kc2,1,active,ARFF,522.0,22.0,2.0,0.0,21.0,1.0,415.0,107.0
1064,ar6,1,active,ARFF,101.0,30.0,2.0,0.0,29.0,1.0,86.0,15.0
1065,kc3,1,active,ARFF,458.0,40.0,2.0,0.0,39.0,1.0,415.0,43.0
1066,kc1-binary,1,active,ARFF,145.0,95.0,2.0,0.0,94.0,1.0,85.0,60.0
1067,kc1,1,active,ARFF,2109.0,22.0,2.0,0.0,21.0,1.0,1783.0,326.0
1068,pc1,1,active,ARFF,1109.0,22.0,2.0,0.0,21.0,1.0,1032.0,77.0
1069,pc2,1,active,ARFF,5589.0,37.0,2.0,0.0,36.0,1.0,5566.0,23.0
1070,kc1-numeric,1,active,ARFF,145.0,95.0,0.0,0.0,95.0,0.0,,
1071,mw1,1,active,ARFF,403.0,38.0,2.0,0.0,37.0,1.0,372.0,31.0
1072,qqdefects_numeric,1,active,ARFF,31.0,31.0,0.0,33.0,3.0,28.0,,
1073,jEdit_4.0_4.2,1,active,ARFF,274.0,9.0,2.0,0.0,8.0,1.0,140.0,134.0
1075,datatrieve,1,active,ARFF,130.0,9.0,2.0,0.0,8.0,1.0,119.0,11.0
1076,nasa_numeric,1,active,ARFF,93.0,24.0,0.0,0.0,4.0,20.0,,
1077,rsctc2010_1,1,active,ARFF,105.0,22284.0,3.0,0.0,22283.0,1.0,58.0,7.0
1078,rsctc2010_2,1,active,ARFF,105.0,22284.0,3.0,0.0,22283.0,1.0,58.0,7.0
1079,rsctc2010_3,1,active,ARFF,95.0,22278.0,5.0,0.0,22277.0,1.0,27.0,5.0
1080,rsctc2010_4,1,active,ARFF,113.0,54676.0,5.0,0.0,54675.0,1.0,51.0,10.0
1081,rsctc2010_5,1,active,ARFF,89.0,54614.0,4.0,0.0,54613.0,1.0,43.0,10.0
1082,rsctc2010_6,1,active,ARFF,92.0,59005.0,5.0,0.0,59004.0,1.0,53.0,7.0
1083,mouseType,1,active,ARFF,214.0,45102.0,7.0,0.0,45101.0,1.0,69.0,13.0
1084,BurkittLymphoma,1,active,ARFF,220.0,22284.0,3.0,0.0,22283.0,1.0,128.0,44.0
1085,anthracyclineTaxaneChemotherapy,1,active,ARFF,159.0,61360.0,2.0,0.0,61359.0,1.0,95.0,64.0
1086,ovarianTumour,1,active,ARFF,283.0,54622.0,3.0,0.0,54621.0,1.0,245.0,18.0
1087,hepatitisC,1,active,ARFF,283.0,54622.0,3.0,0.0,54621.0,1.0,245.0,18.0
1088,variousCancers_final,1,active,ARFF,383.0,54676.0,9.0,0.0,54675.0,1.0,155.0,16.0
1089,USCrime,1,active,ARFF,47.0,14.0,0.0,0.0,14.0,0.0,,
1090,MercuryinBass,1,active,ARFF,53.0,12.0,0.0,0.0,11.0,1.0,,
1091,SMSA,1,active,ARFF,59.0,16.0,0.0,0.0,16.0,0.0,,
1092,Crash,1,active,ARFF,352.0,13.0,0.0,109.0,7.0,6.0,,
1093,Brainsize,1,active,ARFF,40.0,7.0,0.0,3.0,6.0,1.0,,
1094,Acorns,1,active,ARFF,39.0,4.0,0.0,0.0,3.0,1.0,,
1096,FacultySalaries,1,active,ARFF,50.0,5.0,0.0,0.0,5.0,0.0,,
1097,ICU,1,active,ARFF,200.0,20.0,0.0,0.0,20.0,0.0,,
1098,pubexpendat,1,active,ARFF,48.0,8.0,0.0,0.0,7.0,1.0,,
1099,EgyptianSkulls,1,active,ARFF,150.0,5.0,0.0,0.0,5.0,0.0,,
1100,PopularKids,1,active,ARFF,478.0,11.0,3.0,0.0,6.0,5.0,247.0,90.0
1101,lymphoma_2classes,1,active,ARFF,45.0,4027.0,2.0,5948.0,4026.0,1.0,23.0,22.0
1102,lymphoma_9classes,1,active,ARFF,96.0,4027.0,9.0,19667.0,4026.0,1.0,46.0,2.0
1103,yeast_gene,1,active,ARFF,17.0,2884.0,0.0,0.0,2884.0,0.0,,
1104,leukemia,1,active,ARFF,72.0,7130.0,2.0,0.0,7129.0,1.0,47.0,25.0
1106,GCM,1,active,ARFF,190.0,16064.0,14.0,0.0,16063.0,1.0,30.0,10.0
1107,tumors_C,1,active,ARFF,60.0,7130.0,2.0,0.0,7129.0,1.0,39.0,21.0
1109,lymphoma_11classes,1,active,ARFF,96.0,4027.0,11.0,19667.0,4026.0,1.0,23.0,1.0
1110,KDDCup99_full,1,active,ARFF,4898431.0,42.0,23.0,0.0,34.0,8.0,2807886.0,2.0
1111,KDDCup09_appetency,1,active,ARFF,50000.0,231.0,2.0,8024152.0,192.0,39.0,49110.0,890.0
1112,KDDCup09_churn,1,active,ARFF,50000.0,231.0,2.0,8024152.0,192.0,39.0,46328.0,3672.0
1113,KDDCup99,1,active,ARFF,494020.0,42.0,23.0,0.0,34.0,8.0,280790.0,2.0
1114,KDDCup09_upselling,1,active,ARFF,50000.0,231.0,2.0,8024152.0,192.0,39.0,46318.0,3682.0
1115,teachingAssistant,1,active,ARFF,151.0,7.0,3.0,0.0,2.0,5.0,52.0,49.0
1116,musk,1,active,ARFF,6598.0,168.0,2.0,0.0,166.0,2.0,5581.0,1017.0
1117,desharnais,2,active,ARFF,81.0,12.0,3.0,0.0,11.0,1.0,46.0,10.0
1119,adult-census,1,active,ARFF,32561.0,16.0,2.0,4262.0,7.0,9.0,24720.0,7841.0
1120,MagicTelescope,1,active,ARFF,19020.0,12.0,2.0,0.0,11.0,1.0,12332.0,6688.0
1121,badges2,1,active,ARFF,294.0,11.0,2.0,0.0,7.0,4.0,210.0,84.0
1122,AP_Breast_Prostate,1,active,ARFF,413.0,10936.0,2.0,0.0,10935.0,1.0,344.0,69.0
1123,AP_Endometrium_Breast,1,active,ARFF,405.0,10936.0,2.0,0.0,10935.0,1.0,344.0,61.0
1124,AP_Omentum_Uterus,1,active,ARFF,201.0,10936.0,2.0,0.0,10935.0,1.0,124.0,77.0
1125,AP_Omentum_Prostate,1,active,ARFF,146.0,10936.0,2.0,0.0,10935.0,1.0,77.0,69.0
1126,AP_Colon_Lung,1,active,ARFF,412.0,10936.0,2.0,0.0,10935.0,1.0,286.0,126.0
1127,AP_Breast_Omentum,1,active,ARFF,421.0,10936.0,2.0,0.0,10935.0,1.0,344.0,77.0
1128,OVA_Breast,1,active,ARFF,1545.0,10936.0,2.0,0.0,10935.0,1.0,1201.0,344.0
1129,AP_Uterus_Kidney,1,active,ARFF,384.0,10936.0,2.0,0.0,10935.0,1.0,260.0,124.0
1130,OVA_Lung,1,active,ARFF,1545.0,10936.0,2.0,0.0,10935.0,1.0,1419.0,126.0
1131,AP_Prostate_Uterus,1,active,ARFF,193.0,10936.0,2.0,0.0,10935.0,1.0,124.0,69.0
1132,AP_Omentum_Lung,1,active,ARFF,203.0,10936.0,2.0,0.0,10935.0,1.0,126.0,77.0
1133,AP_Endometrium_Colon,1,active,ARFF,347.0,10936.0,2.0,0.0,10935.0,1.0,286.0,61.0
1134,OVA_Kidney,1,active,ARFF,1545.0,10936.0,2.0,0.0,10935.0,1.0,1285.0,260.0
1135,AP_Colon_Prostate,1,active,ARFF,355.0,10936.0,2.0,0.0,10935.0,1.0,286.0,69.0
1136,AP_Lung_Uterus,1,active,ARFF,250.0,10936.0,2.0,0.0,10935.0,1.0,126.0,124.0
1137,AP_Colon_Kidney,1,active,ARFF,546.0,10936.0,2.0,0.0,10935.0,1.0,286.0,260.0
1138,OVA_Uterus,1,active,ARFF,1545.0,10936.0,2.0,0.0,10935.0,1.0,1421.0,124.0
1139,OVA_Omentum,1,active,ARFF,1545.0,10936.0,2.0,0.0,10935.0,1.0,1468.0,77.0
1140,AP_Ovary_Lung,1,active,ARFF,324.0,10937.0,2.0,0.0,10936.0,1.0,198.0,126.0
1141,AP_Endometrium_Prostate,1,active,ARFF,130.0,10936.0,2.0,0.0,10935.0,1.0,69.0,61.0
1142,OVA_Endometrium,1,active,ARFF,1545.0,10936.0,2.0,0.0,10935.0,1.0,1484.0,61.0
1143,AP_Colon_Omentum,1,active,ARFF,363.0,10936.0,2.0,0.0,10935.0,1.0,286.0,77.0
1144,AP_Prostate_Kidney,1,active,ARFF,329.0,10936.0,2.0,0.0,10935.0,1.0,260.0,69.0
1145,AP_Breast_Colon,1,active,ARFF,630.0,10936.0,2.0,0.0,10935.0,1.0,344.0,286.0
1146,OVA_Prostate,1,active,ARFF,1545.0,10937.0,2.0,0.0,10936.0,1.0,1476.0,69.0
1147,AP_Omentum_Kidney,1,active,ARFF,337.0,10936.0,2.0,0.0,10935.0,1.0,260.0,77.0
1148,AP_Breast_Uterus,1,active,ARFF,468.0,10937.0,2.0,0.0,10936.0,1.0,344.0,124.0
1149,AP_Ovary_Kidney,1,active,ARFF,458.0,10936.0,2.0,0.0,10935.0,1.0,260.0,198.0
1150,AP_Breast_Lung,1,active,ARFF,470.0,10936.0,2.0,0.0,10935.0,1.0,344.0,126.0
1151,AP_Endometrium_Omentum,1,active,ARFF,138.0,10936.0,2.0,0.0,10935.0,1.0,77.0,61.0
1152,AP_Prostate_Ovary,1,active,ARFF,267.0,10936.0,2.0,0.0,10935.0,1.0,198.0,69.0
1153,AP_Colon_Ovary,1,active,ARFF,484.0,10936.0,2.0,0.0,10935.0,1.0,286.0,198.0
1154,AP_Endometrium_Lung,1,active,ARFF,187.0,10936.0,2.0,0.0,10935.0,1.0,126.0,61.0
1155,AP_Prostate_Lung,1,active,ARFF,195.0,10936.0,2.0,0.0,10935.0,1.0,126.0,69.0
1156,AP_Omentum_Ovary,1,active,ARFF,275.0,10936.0,2.0,0.0,10935.0,1.0,198.0,77.0
1157,AP_Endometrium_Kidney,1,active,ARFF,321.0,10936.0,2.0,0.0,10935.0,1.0,260.0,61.0
1158,AP_Breast_Kidney,1,active,ARFF,604.0,10936.0,2.0,0.0,10935.0,1.0,344.0,260.0
1159,AP_Endometrium_Ovary,1,active,ARFF,259.0,10936.0,2.0,0.0,10935.0,1.0,198.0,61.0
1160,AP_Colon_Uterus,1,active,ARFF,410.0,10936.0,2.0,0.0,10935.0,1.0,286.0,124.0
1161,OVA_Colon,1,active,ARFF,1545.0,10936.0,2.0,0.0,10935.0,1.0,1259.0,286.0
1162,AP_Ovary_Uterus,1,active,ARFF,322.0,10936.0,2.0,0.0,10935.0,1.0,198.0,124.0
1163,AP_Lung_Kidney,1,active,ARFF,386.0,10936.0,2.0,0.0,10935.0,1.0,260.0,126.0
1164,AP_Endometrium_Uterus,1,active,ARFF,185.0,10936.0,2.0,0.0,10935.0,1.0,124.0,61.0
1165,AP_Breast_Ovary,1,active,ARFF,542.0,10936.0,2.0,0.0,10935.0,1.0,344.0,198.0
1166,OVA_Ovary,1,active,ARFF,1545.0,10936.0,2.0,0.0,10935.0,1.0,1347.0,198.0
1167,pc1_req,1,active,ARFF,320.0,9.0,2.0,0.0,7.0,2.0,213.0,107.0
1168,electricity_prices_ICON,1,active,ARFF,38014.0,17.0,0.0,619.0,16.0,1.0,,
1169,airlines,1,active,ARFF,539383.0,8.0,2.0,0.0,3.0,5.0,299119.0,240264.0
1177,BNG(primary-tumor),1,active,ARFF,1000000.0,18.0,22.0,0.0,0.0,18.0,240693.0,1417.0
1178,BNG(solar-flare),1,active,ARFF,663552.0,13.0,2.0,0.0,0.0,13.0,648320.0,15232.0
1179,BNG(solar-flare),1,active,ARFF,1000000.0,13.0,3.0,0.0,0.0,13.0,994382.0,1393.0
1180,BNG(spect_test),1,active,ARFF,1000000.0,23.0,2.0,0.0,0.0,23.0,915437.0,84563.0
1181,BNG(spectf_test),1,active,ARFF,1000000.0,45.0,2.0,0.0,44.0,1.0,784810.0,215190.0
1182,BNG(adult),1,active,ARFF,1000000.0,15.0,2.0,0.0,2.0,13.0,759864.0,240136.0
1183,BNG(satimage),1,active,ARFF,1000000.0,37.0,6.0,0.0,36.0,1.0,238391.0,96502.0
1184,BNG(baseball),1,active,ARFF,1000000.0,17.0,,0.0,15.0,2.0,,
1185,BNG(wine),1,active,ARFF,1000000.0,14.0,3.0,0.0,13.0,1.0,401055.0,277674.0
1186,BNG(eucalyptus),1,active,ARFF,1000000.0,20.0,5.0,0.0,14.0,6.0,289779.0,142795.0
1187,BNG(wisconsin),1,active,ARFF,1000000.0,33.0,0.0,0.0,33.0,0.0,,
1188,BNG(cleveland),1,active,ARFF,1000000.0,14.0,0.0,0.0,7.0,7.0,,
1189,BNG(auto_price),1,active,ARFF,1000000.0,16.0,0.0,0.0,15.0,1.0,,
1190,BNG(cpu_act),1,active,ARFF,1000000.0,22.0,0.0,0.0,22.0,0.0,,
1191,BNG(pbc),1,active,ARFF,1000000.0,19.0,0.0,0.0,11.0,8.0,,
1192,BNG(autoHorse),1,active,ARFF,1000000.0,26.0,0.0,0.0,18.0,8.0,,
1193,BNG(lowbwt),1,active,ARFF,31104.0,10.0,0.0,0.0,3.0,7.0,,
1194,BNG(cholesterol),1,active,ARFF,1000000.0,14.0,0.0,0.0,7.0,7.0,,
1195,BNG(autoPrice),1,active,ARFF,1000000.0,16.0,0.0,0.0,16.0,0.0,,
1196,BNG(pharynx),1,active,ARFF,1000000.0,12.0,0.0,0.0,2.0,10.0,,
1197,BNG(2dplanes),1,active,ARFF,177147.0,11.0,0.0,0.0,11.0,0.0,,
1198,BNG(elevators),1,active,ARFF,1000000.0,19.0,0.0,0.0,19.0,0.0,,
1199,BNG(echoMonths),1,active,ARFF,17496.0,10.0,0.0,0.0,7.0,3.0,,
1200,BNG(stock),1,active,ARFF,59049.0,10.0,0.0,0.0,10.0,0.0,,
1201,BNG(breastTumor),1,active,ARFF,116640.0,10.0,0.0,0.0,2.0,8.0,,
1202,BNG(cpu_small),1,active,ARFF,1000000.0,13.0,0.0,0.0,13.0,0.0,,
1203,BNG(pwLinear),1,active,ARFF,177147.0,11.0,0.0,0.0,11.0,0.0,,
1204,BNG(wine_quality),1,active,ARFF,531441.0,12.0,0.0,0.0,12.0,0.0,,
1205,BNG(Australian),1,active,ARFF,1000000.0,15.0,2.0,0.0,14.0,1.0,573051.0,426949.0
1206,BNG(satellite_image),1,active,ARFF,1000000.0,37.0,0.0,0.0,37.0,0.0,,
1207,BNG(Ailerons),1,active,ARFF,1000000.0,41.0,0.0,0.0,41.0,0.0,,
1208,BNG(libras_move),1,active,ARFF,1000000.0,91.0,0.0,0.0,91.0,0.0,,
1209,BNG(vowel),2,active,ARFF,1000000.0,13.0,11.0,0.0,10.0,3.0,91406.0,90311.0
1210,BNG(puma32H),1,active,ARFF,1000000.0,33.0,0.0,0.0,33.0,0.0,,
1211,BNG(SPECT),1,active,ARFF,1000000.0,23.0,2.0,0.0,0.0,23.0,791580.0,208420.0
1212,BNG(SPECTF),1,active,ARFF,1000000.0,45.0,2.0,0.0,44.0,1.0,718700.0,281300.0
1213,BNG(mv),1,active,ARFF,78732.0,11.0,0.0,0.0,8.0,3.0,,
1214,BNG(JapaneseVowels),1,active,ARFF,1000000.0,15.0,9.0,0.0,14.0,1.0,160780.0,78122.0
1216,Click_prediction_small,1,active,ARFF,1496391.0,10.0,2.0,0.0,9.0,1.0,1429610.0,66781.0
1217,Click_prediction_small,2,active,ARFF,149639.0,12.0,2.0,0.0,11.0,1.0,142949.0,6690.0
1218,Click_prediction_small,3,active,ARFF,1997410.0,12.0,2.0,0.0,11.0,1.0,1664406.0,333004.0
1219,Click_prediction_small,4,active,ARFF,399482.0,12.0,2.0,0.0,11.0,1.0,332393.0,67089.0
1220,Click_prediction_small,5,active,ARFF,39948.0,10.0,2.0,0.0,9.0,1.0,33220.0,6728.0
1222,letter-challenge-unlabeled.arff,1,active,ARFF,20000.0,17.0,3.0,10000.0,16.0,1.0,10000.0,2760.0
1226,Click_prediction_small,7,active,ARFF,798964.0,10.0,3.0,399482.0,9.0,1.0,399482.0,67089.0
1228,nki70.arff,1,active,ARFF,144.0,77.0,0.0,0.0,73.0,4.0,,
1233,eating,1,active,ARFF,945.0,6374.0,7.0,0.0,6373.0,1.0,140.0,119.0
1235,Agrawal1,1,active,ARFF,1000000.0,10.0,2.0,0.0,6.0,4.0,672045.0,327955.0
1236,Stagger1,1,active,ARFF,1000000.0,4.0,2.0,0.0,0.0,4.0,888391.0,111609.0
1237,Stagger2,1,active,ARFF,1000000.0,4.0,2.0,0.0,0.0,4.0,555943.0,444057.0
1238,Stagger3,1,active,ARFF,1000000.0,4.0,2.0,0.0,0.0,4.0,666429.0,333571.0
1240,AirlinesCodrnaAdult,1,active,ARFF,1076790.0,30.0,2.0,7275.0,13.0,17.0,603138.0,473652.0
1241,codrnaNorm,1,active,Sparse_ARFF,488565.0,9.0,2.0,0.0,8.0,1.0,325710.0,162855.0
1242,vehicleNorm,1,active,Sparse_ARFF,98528.0,101.0,2.0,0.0,100.0,1.0,49264.0,49264.0
1245,lungcancer_shedden,1,active,ARFF,442.0,24.0,0.0,0.0,21.0,3.0,,
1351,"BNG(anneal,1000,1)",1,active,ARFF,1000000.0,39.0,6.0,0.0,6.0,33.0,759652.0,555.0
1352,"BNG(anneal,1000,5)",1,active,ARFF,1000000.0,39.0,6.0,0.0,6.0,33.0,759652.0,555.0
1353,"BNG(anneal,1000,10)",1,active,ARFF,1000000.0,39.0,6.0,0.0,6.0,33.0,759652.0,555.0
1354,"BNG(anneal,5000,1)",1,active,ARFF,1000000.0,39.0,6.0,0.0,6.0,33.0,759652.0,555.0
1355,"BNG(anneal,5000,5)",1,active,ARFF,1000000.0,39.0,6.0,0.0,6.0,33.0,759652.0,555.0
1356,"BNG(anneal,5000,10)",1,active,ARFF,1000000.0,39.0,6.0,0.0,6.0,33.0,759652.0,555.0
1357,"BNG(anneal,10000,1)",1,active,ARFF,1000000.0,39.0,6.0,0.0,6.0,33.0,759652.0,555.0
1358,"BNG(anneal,10000,5)",1,active,ARFF,1000000.0,39.0,6.0,0.0,6.0,33.0,759652.0,555.0
1359,"BNG(anneal,10000,10)",1,active,ARFF,1000000.0,39.0,6.0,0.0,6.0,33.0,759652.0,555.0
1360,"BNG(anneal.ORIG,1000,1)",1,active,ARFF,1000000.0,39.0,6.0,0.0,6.0,33.0,759652.0,555.0
1361,"BNG(anneal.ORIG,1000,5)",1,active,ARFF,1000000.0,39.0,6.0,0.0,6.0,33.0,759652.0,555.0
1362,"BNG(anneal.ORIG,1000,10)",1,active,ARFF,1000000.0,39.0,6.0,0.0,6.0,33.0,759652.0,555.0
1363,"BNG(anneal.ORIG,5000,1)",1,active,ARFF,1000000.0,39.0,6.0,0.0,6.0,33.0,759652.0,555.0
1364,"BNG(anneal.ORIG,5000,5)",1,active,ARFF,1000000.0,39.0,6.0,0.0,6.0,33.0,759652.0,555.0
1365,"BNG(anneal.ORIG,5000,10)",1,active,ARFF,1000000.0,39.0,6.0,0.0,6.0,33.0,759652.0,555.0
1366,"BNG(anneal.ORIG,10000,1)",1,active,ARFF,1000000.0,39.0,6.0,0.0,6.0,33.0,759652.0,555.0
1367,"BNG(anneal.ORIG,10000,5)",1,active,ARFF,1000000.0,39.0,6.0,0.0,6.0,33.0,759652.0,555.0
1368,"BNG(anneal.ORIG,10000,10)",1,active,ARFF,1000000.0,39.0,6.0,0.0,6.0,33.0,759652.0,555.0
1369,"BNG(kr-vs-kp,1000,1)",1,active,ARFF,1000000.0,37.0,2.0,0.0,0.0,37.0,521875.0,478125.0
1370,"BNG(kr-vs-kp,1000,5)",1,active,ARFF,1000000.0,37.0,2.0,0.0,0.0,37.0,521875.0,478125.0
1371,"BNG(kr-vs-kp,1000,10)",1,active,ARFF,1000000.0,37.0,2.0,0.0,0.0,37.0,521875.0,478125.0
1372,"BNG(kr-vs-kp,5000,1)",1,active,ARFF,1000000.0,37.0,2.0,0.0,0.0,37.0,521875.0,478125.0
1373,"BNG(kr-vs-kp,5000,5)",1,active,ARFF,1000000.0,37.0,2.0,0.0,0.0,37.0,521875.0,478125.0
1374,"BNG(kr-vs-kp,5000,10)",1,active,ARFF,1000000.0,37.0,2.0,0.0,0.0,37.0,521875.0,478125.0
1375,"BNG(kr-vs-kp,10000,1)",1,active,ARFF,1000000.0,37.0,2.0,0.0,0.0,37.0,521875.0,478125.0
1376,"BNG(kr-vs-kp,10000,5)",1,active,ARFF,1000000.0,37.0,2.0,0.0,0.0,37.0,521875.0,478125.0
1377,"BNG(kr-vs-kp,10000,10)",1,active,ARFF,1000000.0,37.0,2.0,0.0,0.0,37.0,521875.0,478125.0
1378,"BNG(letter,1000,1)",1,active,ARFF,1000000.0,17.0,26.0,0.0,16.0,1.0,40765.0,36811.0
1379,"BNG(letter,1000,5)",1,active,ARFF,1000000.0,17.0,26.0,0.0,16.0,1.0,40765.0,36811.0
1380,"BNG(letter,1000,10)",1,active,ARFF,1000000.0,17.0,26.0,0.0,16.0,1.0,40765.0,36811.0
1381,"BNG(letter,5000,1)",1,active,ARFF,1000000.0,17.0,26.0,0.0,16.0,1.0,40765.0,36811.0
1382,"BNG(letter,5000,5)",1,active,ARFF,1000000.0,17.0,26.0,0.0,16.0,1.0,40765.0,36811.0
1383,"BNG(letter,5000,10)",1,active,ARFF,1000000.0,17.0,26.0,0.0,16.0,1.0,40765.0,36811.0
1384,"BNG(letter,10000,1)",1,active,ARFF,1000000.0,17.0,26.0,0.0,16.0,1.0,40765.0,36811.0
1385,"BNG(letter,10000,5)",1,active,ARFF,1000000.0,17.0,26.0,0.0,16.0,1.0,40765.0,36811.0
1386,"BNG(letter,10000,10)",1,active,ARFF,1000000.0,17.0,26.0,0.0,16.0,1.0,40765.0,36811.0
1387,"BNG(audiology,1000,1)",1,active,ARFF,1000000.0,70.0,24.0,0.0,0.0,70.0,241431.0,6126.0
1388,"BNG(audiology,1000,5)",1,active,ARFF,1000000.0,70.0,24.0,0.0,0.0,70.0,241431.0,6126.0
1389,"BNG(audiology,1000,10)",1,active,ARFF,1000000.0,70.0,24.0,0.0,0.0,70.0,241431.0,6126.0
1390,"BNG(audiology,5000,1)",1,active,ARFF,1000000.0,70.0,24.0,0.0,0.0,70.0,241431.0,6126.0
1391,"BNG(audiology,5000,5)",1,active,ARFF,1000000.0,70.0,24.0,0.0,0.0,70.0,241431.0,6126.0
1392,"BNG(audiology,5000,10)",1,active,ARFF,1000000.0,70.0,24.0,0.0,0.0,70.0,241431.0,6126.0
1393,"BNG(autos,1000,1)",1,active,ARFF,1000000.0,26.0,7.0,0.0,15.0,11.0,323554.0,2441.0
1394,"BNG(autos,1000,5)",1,active,ARFF,1000000.0,26.0,7.0,0.0,15.0,11.0,323554.0,2441.0
1395,"BNG(autos,1000,10)",1,active,ARFF,1000000.0,26.0,7.0,0.0,15.0,11.0,323554.0,2441.0
1396,"BNG(autos,5000,1)",1,active,ARFF,1000000.0,26.0,7.0,0.0,15.0,11.0,323554.0,2441.0
1397,"BNG(autos,5000,5)",1,active,ARFF,1000000.0,26.0,7.0,0.0,15.0,11.0,323554.0,2441.0
1398,"BNG(autos,5000,10)",1,active,ARFF,1000000.0,26.0,7.0,0.0,15.0,11.0,323554.0,2441.0
1399,"BNG(autos,10000,1)",1,active,ARFF,1000000.0,26.0,7.0,0.0,15.0,11.0,323554.0,2441.0
1400,"BNG(autos,10000,5)",1,active,ARFF,1000000.0,26.0,7.0,0.0,15.0,11.0,323554.0,2441.0
1401,"BNG(autos,10000,10)",1,active,ARFF,1000000.0,26.0,7.0,0.0,15.0,11.0,323554.0,2441.0
1402,"BNG(lymph,1000,1)",1,active,ARFF,1000000.0,19.0,4.0,0.0,3.0,16.0,543495.0,16508.0
1403,"BNG(lymph,1000,5)",1,active,ARFF,1000000.0,19.0,4.0,0.0,3.0,16.0,543495.0,16508.0
1404,"BNG(lymph,1000,10)",1,active,ARFF,1000000.0,19.0,4.0,0.0,3.0,16.0,543495.0,16508.0
1405,"BNG(lymph,5000,1)",1,active,ARFF,1000000.0,19.0,4.0,0.0,3.0,16.0,543495.0,16508.0
1406,"BNG(lymph,5000,5)",1,active,ARFF,1000000.0,19.0,4.0,0.0,3.0,16.0,543495.0,16508.0
1407,"BNG(lymph,5000,10)",1,active,ARFF,1000000.0,19.0,4.0,0.0,3.0,16.0,543495.0,16508.0
1408,"BNG(lymph,10000,1)",1,active,ARFF,1000000.0,19.0,4.0,0.0,3.0,16.0,543495.0,16508.0
1409,"BNG(lymph,10000,5)",1,active,ARFF,1000000.0,19.0,4.0,0.0,3.0,16.0,543495.0,16508.0
1410,"BNG(lymph,10000,10)",1,active,ARFF,1000000.0,19.0,4.0,0.0,3.0,16.0,543495.0,16508.0
1412,lungcancer_GSE31210,1,active,ARFF,226.0,24.0,2.0,0.0,21.0,3.0,191.0,35.0
1413,MyIris,1,active,ARFF,150.0,5.0,3.0,0.0,4.0,1.0,50.0,50.0
1414,Kaggle_bike_sharing_demand_challange,1,active,ARFF,10886.0,11.0,0.0,0.0,5.0,6.0,,
1419,contact-lenses,1,active,ARFF,24.0,5.0,,0.0,0.0,5.0,,
1420,cpu.with.vendor,1,active,ARFF,209.0,8.0,,0.0,7.0,1.0,,
1424,a3a,1,active,Sparse_ARFF,32561.0,124.0,0.0,0.0,124.0,0.0,,
1425,a4a,1,active,Sparse_ARFF,32561.0,124.0,0.0,0.0,124.0,0.0,,
1426,a5a,1,active,Sparse_ARFF,32561.0,124.0,0.0,0.0,124.0,0.0,,
1427,a6a,1,active,Sparse_ARFF,32561.0,124.0,0.0,0.0,124.0,0.0,,
1428,a7a,1,active,Sparse_ARFF,32561.0,124.0,0.0,0.0,124.0,0.0,,
1429,a8a,1,active,Sparse_ARFF,32561.0,124.0,0.0,0.0,124.0,0.0,,
1430,a9a,1,active,Sparse_ARFF,48842.0,124.0,0.0,0.0,124.0,0.0,,
1432,colon-cancer,1,active,Sparse_ARFF,62.0,2001.0,0.0,0.0,2001.0,0.0,,
1433,svmguide1,1,active,Sparse_ARFF,7089.0,5.0,0.0,0.0,5.0,0.0,,
1434,duke-breast-cancer,1,active,Sparse_ARFF,86.0,7130.0,0.0,0.0,7130.0,0.0,,
1435,fourclass,1,active,Sparse_ARFF,862.0,3.0,0.0,0.0,3.0,0.0,,
1436,german.numer,1,active,Sparse_ARFF,1000.0,25.0,0.0,0.0,25.0,0.0,,
1441,KungChi3,1,active,ARFF,123.0,40.0,2.0,0.0,39.0,1.0,107.0,16.0
1442,MegaWatt1,1,active,ARFF,253.0,38.0,2.0,0.0,37.0,1.0,226.0,27.0
1443,PizzaCutter1,1,active,ARFF,661.0,38.0,2.0,0.0,37.0,1.0,609.0,52.0
1444,PizzaCutter3,1,active,ARFF,1043.0,38.0,2.0,0.0,37.0,1.0,916.0,127.0
1446,CostaMadre1,2,active,ARFF,296.0,38.0,2.0,0.0,37.0,1.0,258.0,38.0
1447,CastMetal1,1,active,ARFF,327.0,38.0,2.0,0.0,37.0,1.0,285.0,42.0
1448,KnuggetChase3,1,active,ARFF,194.0,40.0,2.0,0.0,39.0,1.0,158.0,36.0
1449,MeanWhile1,1,active,ARFF,253.0,38.0,2.0,0.0,37.0,1.0,226.0,27.0
1450,MindCave2,1,active,ARFF,125.0,40.0,2.0,0.0,39.0,1.0,81.0,44.0
1451,PieChart1,1,active,ARFF,705.0,38.0,2.0,0.0,37.0,1.0,644.0,61.0
1452,PieChart2,1,active,ARFF,745.0,37.0,2.0,0.0,36.0,1.0,729.0,16.0
1453,PieChart3,1,active,ARFF,1077.0,38.0,2.0,0.0,37.0,1.0,943.0,134.0
1455,acute-inflammations,1,active,ARFF,120.0,7.0,2.0,0.0,1.0,6.0,70.0,50.0
1456,appendicitis,1,active,ARFF,106.0,8.0,,0.0,7.0,1.0,,
1457,amazon-commerce-reviews,1,active,ARFF,1500.0,10001.0,50.0,0.0,10000.0,1.0,30.0,30.0
1458,arcene,1,active,ARFF,200.0,10001.0,2.0,0.0,10000.0,1.0,112.0,88.0
1459,artificial-characters,1,active,ARFF,10218.0,8.0,10.0,0.0,7.0,1.0,1416.0,600.0
1460,banana,1,active,ARFF,5300.0,3.0,2.0,0.0,2.0,1.0,2924.0,2376.0
1461,bank-marketing,1,active,ARFF,45211.0,17.0,2.0,0.0,7.0,10.0,39922.0,5289.0
1462,banknote-authentication,1,active,ARFF,1372.0,5.0,2.0,0.0,4.0,1.0,762.0,610.0
1463,blogger,1,active,ARFF,100.0,6.0,2.0,0.0,0.0,6.0,68.0,32.0
1464,blood-transfusion-service-center,1,active,ARFF,748.0,5.0,2.0,0.0,4.0,1.0,570.0,178.0
1465,breast-tissue,1,active,ARFF,106.0,10.0,6.0,0.0,9.0,1.0,22.0,14.0
1466,cardiotocography,1,active,ARFF,2126.0,36.0,10.0,0.0,35.0,1.0,579.0,53.0
1467,climate-model-simulation-crashes,1,active,ARFF,540.0,21.0,2.0,0.0,20.0,1.0,494.0,46.0
1468,cnae-9,1,active,ARFF,1080.0,857.0,9.0,0.0,856.0,1.0,120.0,120.0
1471,eeg-eye-state,1,active,ARFF,14980.0,15.0,2.0,0.0,14.0,1.0,8257.0,6723.0
1472,energy-efficiency,1,active,ARFF,768.0,10.0,37.0,0.0,8.0,2.0,74.0,1.0
1473,fertility,1,active,ARFF,100.0,10.0,2.0,0.0,9.0,1.0,88.0,12.0
1475,first-order-theorem-proving,1,active,ARFF,6118.0,52.0,6.0,0.0,51.0,1.0,2554.0,486.0
1476,gas-drift,1,active,ARFF,13910.0,129.0,6.0,0.0,128.0,1.0,3009.0,1641.0
1477,gas-drift-different-concentrations,1,active,ARFF,13910.0,130.0,6.0,0.0,129.0,1.0,3009.0,1641.0
1478,har,1,active,ARFF,10299.0,562.0,6.0,0.0,561.0,1.0,1944.0,1406.0
1479,hill-valley,1,active,ARFF,1212.0,101.0,2.0,0.0,100.0,1.0,606.0,606.0
1480,ilpd,1,active,ARFF,583.0,11.0,2.0,0.0,9.0,2.0,416.0,167.0
1481,kr-vs-k,1,active,ARFF,28056.0,7.0,18.0,0.0,3.0,4.0,4553.0,27.0
1482,leaf,1,active,ARFF,340.0,16.0,30.0,0.0,15.0,1.0,16.0,8.0
1483,ldpa,1,active,ARFF,164860.0,8.0,11.0,0.0,5.0,3.0,54480.0,1381.0
1484,lsvt,1,active,ARFF,126.0,311.0,2.0,0.0,310.0,1.0,84.0,42.0
1485,madelon,1,active,ARFF,2600.0,501.0,2.0,0.0,500.0,1.0,1300.0,1300.0
1486,nomao,1,active,ARFF,34465.0,119.0,2.0,0.0,89.0,30.0,24621.0,9844.0
1487,ozone-level-8hr,1,active,ARFF,2534.0,73.0,2.0,0.0,72.0,1.0,2374.0,160.0
1488,parkinsons,1,active,ARFF,195.0,23.0,2.0,0.0,22.0,1.0,147.0,48.0
1489,phoneme,1,active,ARFF,5404.0,6.0,2.0,0.0,5.0,1.0,3818.0,1586.0
1490,planning-relax,1,active,ARFF,182.0,13.0,2.0,0.0,12.0,1.0,130.0,52.0
1491,one-hundred-plants-margin,1,active,ARFF,1600.0,65.0,100.0,0.0,64.0,1.0,16.0,16.0
1492,one-hundred-plants-shape,1,active,ARFF,1600.0,65.0,100.0,0.0,64.0,1.0,16.0,16.0
1493,one-hundred-plants-texture,1,active,ARFF,1599.0,65.0,100.0,0.0,64.0,1.0,16.0,15.0
1494,qsar-biodeg,1,active,ARFF,1055.0,42.0,2.0,0.0,41.0,1.0,699.0,356.0
1495,qualitative-bankruptcy,1,active,ARFF,250.0,7.0,2.0,0.0,0.0,7.0,143.0,107.0
1496,ringnorm,1,active,ARFF,7400.0,21.0,2.0,0.0,20.0,1.0,3736.0,3664.0
1497,wall-robot-navigation,1,active,ARFF,5456.0,25.0,4.0,0.0,24.0,1.0,2205.0,328.0
1498,sa-heart,1,active,ARFF,462.0,10.0,2.0,0.0,8.0,2.0,302.0,160.0
1499,seeds,1,active,ARFF,210.0,8.0,3.0,0.0,7.0,1.0,70.0,70.0
1500,seismic-bumps,1,active,ARFF,210.0,8.0,3.0,0.0,7.0,1.0,70.0,70.0
1501,semeion,1,active,ARFF,1593.0,257.0,10.0,0.0,256.0,1.0,162.0,155.0
1502,skin-segmentation,1,active,ARFF,245057.0,4.0,2.0,0.0,3.0,1.0,194198.0,50859.0
1503,spoken-arabic-digit,1,active,ARFF,263256.0,15.0,10.0,0.0,14.0,1.0,26496.0,26124.0
1504,steel-plates-fault,1,active,ARFF,1941.0,34.0,2.0,0.0,33.0,1.0,1268.0,673.0
1506,thoracic-surgery,1,active,ARFF,470.0,17.0,2.0,0.0,3.0,14.0,400.0,70.0
1507,twonorm,1,active,ARFF,7400.0,21.0,2.0,0.0,20.0,1.0,3703.0,3697.0
1508,user-knowledge,1,active,ARFF,403.0,6.0,5.0,0.0,5.0,1.0,129.0,24.0
1509,walking-activity,1,active,ARFF,149332.0,5.0,22.0,0.0,4.0,1.0,21991.0,911.0
1510,wdbc,1,active,ARFF,569.0,31.0,2.0,0.0,30.0,1.0,357.0,212.0
1511,wholesale-customers,1,active,ARFF,440.0,9.0,2.0,0.0,7.0,2.0,298.0,142.0
1512,heart-long-beach,1,active,ARFF,200.0,14.0,5.0,0.0,13.0,1.0,56.0,10.0
1513,heart-switzerland,1,active,ARFF,123.0,13.0,5.0,0.0,12.0,1.0,48.0,5.0
1514,micro-mass,1,active,ARFF,360.0,1301.0,10.0,0.0,1300.0,1.0,36.0,36.0
1515,micro-mass,2,active,ARFF,571.0,1301.0,20.0,0.0,1300.0,1.0,60.0,11.0
1516,robot-failures-lp1,1,active,ARFF,88.0,91.0,4.0,0.0,90.0,1.0,34.0,16.0
1517,robot-failures-lp2,1,active,ARFF,47.0,91.0,5.0,0.0,90.0,1.0,20.0,5.0
1518,robot-failures-lp3,1,active,ARFF,47.0,91.0,4.0,0.0,90.0,1.0,20.0,3.0
1519,robot-failures-lp4,1,active,ARFF,117.0,91.0,3.0,0.0,90.0,1.0,72.0,21.0
1520,robot-failures-lp5,1,active,ARFF,164.0,91.0,5.0,0.0,90.0,1.0,47.0,21.0
1523,vertebra-column,1,active,ARFF,310.0,7.0,3.0,0.0,6.0,1.0,150.0,60.0
1524,vertebra-column,2,active,ARFF,310.0,7.0,2.0,0.0,6.0,1.0,210.0,100.0
1525,wall-robot-navigation,2,active,ARFF,5456.0,3.0,4.0,0.0,2.0,1.0,2205.0,328.0
1526,wall-robot-navigation,3,active,ARFF,5456.0,5.0,4.0,0.0,4.0,1.0,2205.0,328.0
1527,volcanoes-a1,1,active,ARFF,3252.0,4.0,5.0,0.0,3.0,1.0,2952.0,58.0
1528,volcanoes-a2,1,active,ARFF,1623.0,4.0,5.0,0.0,3.0,1.0,1471.0,29.0
1529,volcanoes-a3,1,active,ARFF,1521.0,4.0,5.0,0.0,3.0,1.0,1369.0,29.0
1530,volcanoes-a4,1,active,ARFF,1515.0,4.0,5.0,0.0,3.0,1.0,1365.0,29.0
1531,volcanoes-b1,1,active,ARFF,10176.0,4.0,5.0,0.0,3.0,1.0,9791.0,26.0
1532,volcanoes-b2,1,active,ARFF,10668.0,4.0,5.0,0.0,3.0,1.0,10285.0,26.0
1533,volcanoes-b3,1,active,ARFF,10386.0,4.0,5.0,0.0,3.0,1.0,10006.0,25.0
1534,volcanoes-b4,1,active,ARFF,10190.0,4.0,5.0,0.0,3.0,1.0,9805.0,26.0
1535,volcanoes-b5,1,active,ARFF,9989.0,4.0,5.0,0.0,3.0,1.0,9599.0,26.0
1536,volcanoes-b6,1,active,ARFF,10130.0,4.0,5.0,0.0,3.0,1.0,9746.0,26.0
1537,volcanoes-c1,1,active,ARFF,28626.0,4.0,5.0,0.0,3.0,1.0,27895.0,71.0
1538,volcanoes-d1,1,active,ARFF,8753.0,4.0,5.0,0.0,3.0,1.0,8265.0,56.0
1539,volcanoes-d2,1,active,ARFF,9172.0,4.0,5.0,0.0,3.0,1.0,8670.0,56.0
1540,volcanoes-d3,1,active,ARFF,9285.0,4.0,5.0,0.0,3.0,1.0,8771.0,58.0
1541,volcanoes-d4,1,active,ARFF,8654.0,4.0,5.0,0.0,3.0,1.0,8163.0,56.0
1542,volcanoes-e1,1,active,ARFF,1183.0,4.0,5.0,0.0,3.0,1.0,1083.0,9.0
1543,volcanoes-e2,1,active,ARFF,1080.0,4.0,5.0,0.0,3.0,1.0,984.0,8.0
1544,volcanoes-e3,1,active,ARFF,1277.0,4.0,5.0,0.0,3.0,1.0,1170.0,9.0
1545,volcanoes-e4,1,active,ARFF,1252.0,4.0,5.0,0.0,3.0,1.0,1144.0,9.0
1546,volcanoes-e5,1,active,ARFF,1112.0,4.0,5.0,0.0,3.0,1.0,1010.0,9.0
1547,autoUniv-au1-1000,1,active,ARFF,1000.0,21.0,2.0,0.0,20.0,1.0,741.0,259.0
1548,autoUniv-au4-2500,1,active,ARFF,2500.0,101.0,3.0,0.0,58.0,43.0,1173.0,196.0
1549,autoUniv-au6-750,1,active,ARFF,750.0,41.0,8.0,0.0,37.0,4.0,165.0,57.0
1551,autoUniv-au6-400,1,active,ARFF,400.0,41.0,8.0,0.0,37.0,4.0,111.0,25.0
1552,autoUniv-au7-1100,1,active,ARFF,1100.0,13.0,5.0,0.0,8.0,5.0,305.0,153.0
1553,autoUniv-au7-700,1,active,ARFF,700.0,13.0,3.0,0.0,8.0,5.0,245.0,214.0
1554,autoUniv-au7-500,1,active,ARFF,500.0,13.0,5.0,0.0,8.0,5.0,192.0,43.0
1555,autoUniv-au6-1000,1,active,ARFF,1000.0,41.0,8.0,0.0,37.0,4.0,240.0,89.0
1556,acute-inflammations,2,active,ARFF,120.0,7.0,2.0,0.0,1.0,6.0,61.0,59.0
1557,abalone,3,active,ARFF,4177.0,9.0,3.0,0.0,7.0,2.0,1447.0,1323.0
1558,bank-marketing,2,active,ARFF,4521.0,17.0,2.0,0.0,7.0,10.0,4000.0,521.0
1559,breast-tissue,2,active,ARFF,106.0,10.0,4.0,0.0,9.0,1.0,49.0,14.0
1560,cardiotocography,2,active,ARFF,2126.0,36.0,3.0,0.0,35.0,1.0,1655.0,176.0
1561,dbworld-bodies-stemmed,1,active,ARFF,64.0,3722.0,2.0,0.0,0.0,3722.0,35.0,29.0
1562,dbworld-bodies,1,active,ARFF,64.0,4703.0,2.0,0.0,0.0,4703.0,35.0,29.0
1563,dbworld-subjects-stemmed,1,active,ARFF,64.0,230.0,2.0,0.0,0.0,230.0,35.0,29.0
1564,dbworld-subjects,1,active,ARFF,64.0,243.0,2.0,0.0,0.0,243.0,35.0,29.0
1565,heart-h,3,active,ARFF,294.0,14.0,5.0,0.0,13.0,1.0,188.0,15.0
1566,hill-valley,2,active,ARFF,1212.0,101.0,2.0,0.0,100.0,1.0,612.0,600.0
1567,poker-hand,1,active,ARFF,1025009.0,11.0,10.0,0.0,10.0,1.0,513701.0,8.0
1568,nursery,3,active,ARFF,12958.0,9.0,4.0,0.0,0.0,9.0,4320.0,328.0
1569,poker-hand,2,active,ARFF,1025000.0,11.0,9.0,0.0,10.0,1.0,513701.0,17.0
1571,fourclass_scale,1,active,Sparse_ARFF,862.0,3.0,0.0,0.0,3.0,0.0,,
1572,german.numer,2,active,Sparse_ARFF,1000.0,25.0,0.0,0.0,25.0,0.0,,
1574,heart,1,active,Sparse_ARFF,270.0,14.0,0.0,0.0,14.0,0.0,,
1575,ijcnn,1,active,Sparse_ARFF,191681.0,23.0,0.0,0.0,23.0,0.0,,
1578,real-sim,1,active,Sparse_ARFF,72309.0,20959.0,0.0,0.0,20959.0,0.0,,
1579,splice,3,active,Sparse_ARFF,3175.0,61.0,0.0,0.0,61.0,0.0,,
1581,w1a,1,active,Sparse_ARFF,49749.0,301.0,0.0,0.0,301.0,0.0,,
1582,w2a,1,active,Sparse_ARFF,49749.0,301.0,0.0,0.0,301.0,0.0,,
1583,w3a,1,active,Sparse_ARFF,49749.0,301.0,0.0,0.0,301.0,0.0,,
1584,w4a,1,active,Sparse_ARFF,49749.0,301.0,0.0,0.0,301.0,0.0,,
1585,w5a,1,active,Sparse_ARFF,49749.0,301.0,0.0,0.0,301.0,0.0,,
1586,w6a,1,active,Sparse_ARFF,49749.0,301.0,0.0,0.0,301.0,0.0,,
1587,w7a,1,active,Sparse_ARFF,49749.0,301.0,0.0,0.0,301.0,0.0,,
1588,w8a,1,active,Sparse_ARFF,64700.0,301.0,0.0,0.0,301.0,0.0,,
1589,svmguide3,1,active,Sparse_ARFF,1243.0,23.0,0.0,0.0,23.0,0.0,,
1590,adult,2,active,ARFF,48842.0,15.0,2.0,6465.0,6.0,9.0,37155.0,11687.0
1591,connect-4,1,active,Sparse_ARFF,67557.0,127.0,0.0,0.0,127.0,0.0,,
1592,aloi,1,active,Sparse_ARFF,108000.0,129.0,0.0,0.0,129.0,0.0,,
1593,SensIT-Vehicle-Combined,1,active,Sparse_ARFF,98528.0,101.0,0.0,0.0,101.0,0.0,,
1594,news20,2,active,Sparse_ARFF,,,,,,,,
1595,poker,2,active,Sparse_ARFF,1025010.0,11.0,0.0,0.0,11.0,0.0,,
1596,covertype,4,active,ARFF,581012.0,55.0,7.0,0.0,10.0,45.0,283301.0,2747.0
1597,creditcard,1,active,ARFF,284807.0,31.0,2.0,0.0,30.0,1.0,284315.0,492.0
1600,SPECTF,2,active,ARFF,267.0,45.0,2.0,0.0,44.0,1.0,212.0,55.0
3040,QSAR-TID-12276,1,active,Sparse_ARFF,87.0,1026.0,0.0,0.0,1025.0,1.0,,
3041,QSAR-TID-12475,1,active,Sparse_ARFF,13.0,1026.0,0.0,0.0,1025.0,1.0,,
3042,QSAR-TID-12886,1,active,Sparse_ARFF,81.0,1026.0,0.0,0.0,1025.0,1.0,,
3043,QSAR-TID-10113,1,active,Sparse_ARFF,131.0,1026.0,0.0,0.0,1025.0,1.0,,
3044,QSAR-TID-12514,1,active,Sparse_ARFF,692.0,1026.0,0.0,0.0,1025.0,1.0,,
3045,QSAR-TID-17106,1,active,Sparse_ARFF,127.0,1026.0,0.0,0.0,1025.0,1.0,,
3046,QSAR-TID-10878,1,active,Sparse_ARFF,427.0,1026.0,0.0,0.0,1025.0,1.0,,
3047,QSAR-TID-12949,1,active,Sparse_ARFF,389.0,1026.0,0.0,0.0,1025.0,1.0,,
3048,QSAR-TID-12415,1,active,Sparse_ARFF,395.0,1026.0,0.0,0.0,1025.0,1.0,,
3049,QSAR-TID-101506,1,active,Sparse_ARFF,79.0,1026.0,0.0,0.0,1025.0,1.0,,
3050,QSAR-TID-11,1,active,Sparse_ARFF,5742.0,1026.0,0.0,0.0,1025.0,1.0,,
3051,QSAR-TID-208,1,active,Sparse_ARFF,22.0,1026.0,0.0,0.0,1025.0,1.0,,
3052,QSAR-TID-10574,1,active,Sparse_ARFF,422.0,1026.0,0.0,0.0,1025.0,1.0,,
3053,QSAR-TID-18044,1,active,Sparse_ARFF,113.0,1026.0,0.0,0.0,1025.0,1.0,,
3054,QSAR-TID-100140,1,active,Sparse_ARFF,821.0,1026.0,0.0,0.0,1025.0,1.0,,
3055,QSAR-TID-17035,1,active,Sparse_ARFF,17.0,1026.0,0.0,0.0,1025.0,1.0,,
3056,QSAR-TID-100951,1,active,Sparse_ARFF,81.0,1026.0,0.0,0.0,1025.0,1.0,,
3057,QSAR-TID-100067,1,active,Sparse_ARFF,12.0,1026.0,0.0,0.0,1025.0,1.0,,
3058,QSAR-TID-10444,1,active,Sparse_ARFF,44.0,1026.0,0.0,0.0,1025.0,1.0,,
3059,QSAR-TID-101557,1,active,Sparse_ARFF,732.0,1026.0,0.0,0.0,1025.0,1.0,,
3060,QSAR-TID-11556,1,active,Sparse_ARFF,39.0,1026.0,0.0,0.0,1025.0,1.0,,
3061,QSAR-TID-17081,1,active,Sparse_ARFF,440.0,1026.0,0.0,0.0,1025.0,1.0,,
3062,QSAR-TID-10781,1,active,Sparse_ARFF,2044.0,1026.0,0.0,0.0,1025.0,1.0,,
3063,QSAR-TID-226,1,active,Sparse_ARFF,1431.0,1026.0,0.0,0.0,1025.0,1.0,,
3064,QSAR-TID-11156,1,active,Sparse_ARFF,838.0,1026.0,0.0,0.0,1025.0,1.0,,
3065,QSAR-TID-102421,1,active,Sparse_ARFF,74.0,1026.0,0.0,0.0,1025.0,1.0,,
3066,QSAR-TID-12959,1,active,Sparse_ARFF,72.0,1026.0,0.0,0.0,1025.0,1.0,,
3067,QSAR-TID-101386,1,active,Sparse_ARFF,148.0,1026.0,0.0,0.0,1025.0,1.0,,
3068,QSAR-TID-11024,1,active,Sparse_ARFF,2329.0,1026.0,0.0,0.0,1025.0,1.0,,
3069,QSAR-TID-10475,1,active,Sparse_ARFF,1030.0,1026.0,0.0,0.0,1025.0,1.0,,
3070,QSAR-TID-65,1,active,Sparse_ARFF,1515.0,1026.0,0.0,0.0,1025.0,1.0,,
3071,QSAR-TID-100975,1,active,Sparse_ARFF,75.0,1026.0,0.0,0.0,1025.0,1.0,,
3072,QSAR-TID-100671,1,active,Sparse_ARFF,25.0,1026.0,0.0,0.0,1025.0,1.0,,
3073,QSAR-TID-191,1,active,Sparse_ARFF,4442.0,1026.0,0.0,0.0,1025.0,1.0,,
3074,QSAR-TID-100835,1,active,Sparse_ARFF,125.0,1026.0,0.0,0.0,1025.0,1.0,,
3075,QSAR-TID-10378,1,active,Sparse_ARFF,1330.0,1026.0,0.0,0.0,1025.0,1.0,,
3076,QSAR-TID-12507,1,active,Sparse_ARFF,314.0,1026.0,0.0,0.0,1025.0,1.0,,
3077,QSAR-TID-11453,1,active,Sparse_ARFF,57.0,1026.0,0.0,0.0,1025.0,1.0,,
3078,QSAR-TID-100621,1,active,Sparse_ARFF,24.0,1026.0,0.0,0.0,1025.0,1.0,,
3079,QSAR-TID-10849,1,active,Sparse_ARFF,1580.0,1026.0,0.0,0.0,1025.0,1.0,,
3080,QSAR-TID-101508,1,active,Sparse_ARFF,532.0,1026.0,0.0,0.0,1025.0,1.0,,
3081,QSAR-TID-234,1,active,Sparse_ARFF,2145.0,1026.0,0.0,0.0,1025.0,1.0,,
3082,QSAR-TID-11694,1,active,Sparse_ARFF,157.0,1026.0,0.0,0.0,1025.0,1.0,,
3083,QSAR-TID-103169,1,active,Sparse_ARFF,10.0,1026.0,0.0,0.0,1025.0,1.0,,
3084,QSAR-TID-103561,1,active,Sparse_ARFF,47.0,1026.0,0.0,0.0,1025.0,1.0,,
3085,QSAR-TID-10250,1,active,Sparse_ARFF,124.0,1026.0,0.0,0.0,1025.0,1.0,,
3086,QSAR-TID-30007,1,active,Sparse_ARFF,534.0,1026.0,0.0,0.0,1025.0,1.0,,
3087,QSAR-TID-101124,1,active,Sparse_ARFF,10.0,1026.0,0.0,0.0,1025.0,1.0,,
3088,QSAR-TID-11451,1,active,Sparse_ARFF,2442.0,1026.0,0.0,0.0,1025.0,1.0,,
3089,QSAR-TID-10051,1,active,Sparse_ARFF,1007.0,1026.0,0.0,0.0,1025.0,1.0,,
3090,QSAR-TID-10981,1,active,Sparse_ARFF,262.0,1026.0,0.0,0.0,1025.0,1.0,,
3091,QSAR-TID-10478,1,active,Sparse_ARFF,86.0,1026.0,0.0,0.0,1025.0,1.0,,
3092,QSAR-TID-10009,1,active,Sparse_ARFF,714.0,1026.0,0.0,0.0,1025.0,1.0,,
3093,QSAR-TID-10659,1,active,Sparse_ARFF,81.0,1026.0,0.0,0.0,1025.0,1.0,,
3094,QSAR-TID-101097,1,active,Sparse_ARFF,59.0,1026.0,0.0,0.0,1025.0,1.0,,
3095,QSAR-TID-101105,1,active,Sparse_ARFF,10.0,1026.0,0.0,0.0,1025.0,1.0,,
3096,QSAR-TID-52,1,active,Sparse_ARFF,877.0,1026.0,0.0,0.0,1025.0,1.0,,
3097,QSAR-TID-20174,1,active,Sparse_ARFF,1201.0,1026.0,0.0,0.0,1025.0,1.0,,
3098,QSAR-TID-100908,1,active,Sparse_ARFF,84.0,1026.0,0.0,0.0,1025.0,1.0,,
3099,QSAR-TID-100479,1,active,Sparse_ARFF,11.0,1026.0,0.0,0.0,1025.0,1.0,,
3100,QSAR-TID-10530,1,active,Sparse_ARFF,90.0,1026.0,0.0,0.0,1025.0,1.0,,
3101,QSAR-TID-30049,1,active,Sparse_ARFF,733.0,1026.0,0.0,0.0,1025.0,1.0,,
3102,QSAR-TID-101505,1,active,Sparse_ARFF,15.0,1026.0,0.0,0.0,1025.0,1.0,,
3103,QSAR-TID-250,1,active,Sparse_ARFF,2446.0,1026.0,0.0,0.0,1025.0,1.0,,
3104,QSAR-TID-10075,1,active,Sparse_ARFF,161.0,1026.0,0.0,0.0,1025.0,1.0,,
3105,QSAR-TID-11300,1,active,Sparse_ARFF,1616.0,1026.0,0.0,0.0,1025.0,1.0,,
3106,QSAR-TID-19904,1,active,Sparse_ARFF,584.0,1026.0,0.0,0.0,1025.0,1.0,,
3107,QSAR-TID-12078,1,active,Sparse_ARFF,70.0,1026.0,0.0,0.0,1025.0,1.0,,
3108,QSAR-TID-10506,1,active,Sparse_ARFF,10.0,1026.0,0.0,0.0,1025.0,1.0,,
3109,QSAR-TID-10227,1,active,Sparse_ARFF,15.0,1026.0,0.0,0.0,1025.0,1.0,,
3110,QSAR-TID-10766,1,active,Sparse_ARFF,122.0,1026.0,0.0,0.0,1025.0,1.0,,
3111,QSAR-TID-102406,1,active,Sparse_ARFF,23.0,1026.0,0.0,0.0,1025.0,1.0,,
3112,QSAR-TID-12407,1,active,Sparse_ARFF,66.0,1026.0,0.0,0.0,1025.0,1.0,,
3113,QSAR-TID-100080,1,active,Sparse_ARFF,1157.0,1026.0,0.0,0.0,1025.0,1.0,,
3114,QSAR-TID-11866,1,active,Sparse_ARFF,47.0,1026.0,0.0,0.0,1025.0,1.0,,
3115,QSAR-TID-11242,1,active,Sparse_ARFF,1107.0,1026.0,0.0,0.0,1025.0,1.0,,
3116,QSAR-TID-30000,1,active,Sparse_ARFF,83.0,1026.0,0.0,0.0,1025.0,1.0,,
3117,QSAR-TID-11017,1,active,Sparse_ARFF,1211.0,1026.0,0.0,0.0,1025.0,1.0,,
3118,QSAR-TID-17084,1,active,Sparse_ARFF,1863.0,1026.0,0.0,0.0,1025.0,1.0,,
3119,QSAR-TID-227,1,active,Sparse_ARFF,1238.0,1026.0,0.0,0.0,1025.0,1.0,,
3120,QSAR-TID-102465,1,active,Sparse_ARFF,73.0,1026.0,0.0,0.0,1025.0,1.0,,
3121,QSAR-TID-11036,1,active,Sparse_ARFF,396.0,1026.0,0.0,0.0,1025.0,1.0,,
3122,QSAR-TID-12014,1,active,Sparse_ARFF,22.0,1026.0,0.0,0.0,1025.0,1.0,,
3123,QSAR-TID-30044,1,active,Sparse_ARFF,80.0,1026.0,0.0,0.0,1025.0,1.0,,
3124,QSAR-TID-30010,1,active,Sparse_ARFF,82.0,1026.0,0.0,0.0,1025.0,1.0,,
3125,QSAR-TID-20014,1,active,Sparse_ARFF,2625.0,1026.0,0.0,0.0,1025.0,1.0,,
3126,QSAR-TID-100416,1,active,Sparse_ARFF,122.0,1026.0,0.0,0.0,1025.0,1.0,,
3127,QSAR-TID-12689,1,active,Sparse_ARFF,575.0,1026.0,0.0,0.0,1025.0,1.0,,
3128,QSAR-TID-12863,1,active,Sparse_ARFF,30.0,1026.0,0.0,0.0,1025.0,1.0,,
3129,QSAR-TID-280,1,active,Sparse_ARFF,3438.0,1026.0,0.0,0.0,1025.0,1.0,,
3130,QSAR-TID-11043,1,active,Sparse_ARFF,35.0,1026.0,0.0,0.0,1025.0,1.0,,
3131,QSAR-TID-23,1,active,Sparse_ARFF,198.0,1026.0,0.0,0.0,1025.0,1.0,,
3132,QSAR-TID-11473,1,active,Sparse_ARFF,1529.0,1026.0,0.0,0.0,1025.0,1.0,,
3133,QSAR-TID-11004,1,active,Sparse_ARFF,214.0,1026.0,0.0,0.0,1025.0,1.0,,
3134,QSAR-TID-10842,1,active,Sparse_ARFF,782.0,1026.0,0.0,0.0,1025.0,1.0,,
3135,QSAR-TID-101359,1,active,Sparse_ARFF,89.0,1026.0,0.0,0.0,1025.0,1.0,,
3136,QSAR-TID-12847,1,active,Sparse_ARFF,215.0,1026.0,0.0,0.0,1025.0,1.0,,
3137,QSAR-TID-100286,1,active,Sparse_ARFF,14.0,1026.0,0.0,0.0,1025.0,1.0,,
3138,QSAR-TID-30032,1,active,Sparse_ARFF,107.0,1026.0,0.0,0.0,1025.0,1.0,,
3139,QSAR-TID-20113,1,active,Sparse_ARFF,728.0,1026.0,0.0,0.0,1025.0,1.0,,
3140,QSAR-TID-100063,1,active,Sparse_ARFF,149.0,1026.0,0.0,0.0,1025.0,1.0,,
3141,QSAR-TID-12725,1,active,Sparse_ARFF,141.0,1026.0,0.0,0.0,1025.0,1.0,,
3142,QSAR-TID-12252,1,active,Sparse_ARFF,2998.0,1026.0,0.0,0.0,1025.0,1.0,,
3143,QSAR-TID-20139,1,active,Sparse_ARFF,108.0,1026.0,0.0,0.0,1025.0,1.0,,
3144,QSAR-TID-100836,1,active,Sparse_ARFF,81.0,1026.0,0.0,0.0,1025.0,1.0,,
3145,QSAR-TID-12067,1,active,Sparse_ARFF,406.0,1026.0,0.0,0.0,1025.0,1.0,,
3146,QSAR-TID-10496,1,active,Sparse_ARFF,40.0,1026.0,0.0,0.0,1025.0,1.0,,
3147,QSAR-TID-100027,1,active,Sparse_ARFF,24.0,1026.0,0.0,0.0,1025.0,1.0,,
3148,QSAR-TID-11559,1,active,Sparse_ARFF,17.0,1026.0,0.0,0.0,1025.0,1.0,,
3149,QSAR-TID-13005,1,active,Sparse_ARFF,124.0,1026.0,0.0,0.0,1025.0,1.0,,
3150,QSAR-TID-101231,1,active,Sparse_ARFF,79.0,1026.0,0.0,0.0,1025.0,1.0,,
3151,QSAR-TID-30024,1,active,Sparse_ARFF,84.0,1026.0,0.0,0.0,1025.0,1.0,,
3152,QSAR-TID-11908,1,active,Sparse_ARFF,83.0,1026.0,0.0,0.0,1025.0,1.0,,
3153,QSAR-TID-197,1,active,Sparse_ARFF,1243.0,1026.0,0.0,0.0,1025.0,1.0,,
3154,QSAR-TID-101448,1,active,Sparse_ARFF,80.0,1026.0,0.0,0.0,1025.0,1.0,,
3155,QSAR-TID-11044,1,active,Sparse_ARFF,63.0,1026.0,0.0,0.0,1025.0,1.0,,
3156,QSAR-TID-100107,1,active,Sparse_ARFF,41.0,1026.0,0.0,0.0,1025.0,1.0,,
3157,QSAR-TID-101110,1,active,Sparse_ARFF,186.0,1026.0,0.0,0.0,1025.0,1.0,,
3158,QSAR-TID-20104,1,active,Sparse_ARFF,116.0,1026.0,0.0,0.0,1025.0,1.0,,
3159,QSAR-TID-20020,1,active,Sparse_ARFF,86.0,1026.0,0.0,0.0,1025.0,1.0,,
3160,QSAR-TID-103111,1,active,Sparse_ARFF,16.0,1026.0,0.0,0.0,1025.0,1.0,,
3161,QSAR-TID-10929,1,active,Sparse_ARFF,154.0,1026.0,0.0,0.0,1025.0,1.0,,
3162,QSAR-TID-11785,1,active,Sparse_ARFF,413.0,1026.0,0.0,0.0,1025.0,1.0,,
3163,QSAR-TID-20158,1,active,Sparse_ARFF,257.0,1026.0,0.0,0.0,1025.0,1.0,,
3164,QSAR-TID-136,1,active,Sparse_ARFF,4085.0,1026.0,0.0,0.0,1025.0,1.0,,
3165,QSAR-TID-129,1,active,Sparse_ARFF,4089.0,1026.0,0.0,0.0,1025.0,1.0,,
3166,QSAR-TID-279,1,active,Sparse_ARFF,126.0,1026.0,0.0,0.0,1025.0,1.0,,
3167,QSAR-TID-100848,1,active,Sparse_ARFF,60.0,1026.0,0.0,0.0,1025.0,1.0,,
3168,QSAR-TID-100869,1,active,Sparse_ARFF,18.0,1026.0,0.0,0.0,1025.0,1.0,,
3169,QSAR-TID-10541,1,active,Sparse_ARFF,151.0,1026.0,0.0,0.0,1025.0,1.0,,
3170,QSAR-TID-17075,1,active,Sparse_ARFF,15.0,1026.0,0.0,0.0,1025.0,1.0,,
3171,QSAR-TID-101309,1,active,Sparse_ARFF,73.0,1026.0,0.0,0.0,1025.0,1.0,,
3172,QSAR-TID-12950,1,active,Sparse_ARFF,34.0,1026.0,0.0,0.0,1025.0,1.0,,
3173,QSAR-TID-101584,1,active,Sparse_ARFF,74.0,1026.0,0.0,0.0,1025.0,1.0,,
3174,QSAR-TID-100163,1,active,Sparse_ARFF,10.0,1026.0,0.0,0.0,1025.0,1.0,,
3175,QSAR-TID-103900,1,active,Sparse_ARFF,75.0,1026.0,0.0,0.0,1025.0,1.0,,
3176,QSAR-TID-100871,1,active,Sparse_ARFF,84.0,1026.0,0.0,0.0,1025.0,1.0,,
3177,QSAR-TID-103063,1,active,Sparse_ARFF,30.0,1026.0,0.0,0.0,1025.0,1.0,,
3178,QSAR-TID-11140,1,active,Sparse_ARFF,3429.0,1026.0,0.0,0.0,1025.0,1.0,,
3179,QSAR-TID-100430,1,active,Sparse_ARFF,126.0,1026.0,0.0,0.0,1025.0,1.0,,
3180,QSAR-TID-12162,1,active,Sparse_ARFF,111.0,1026.0,0.0,0.0,1025.0,1.0,,
3181,QSAR-TID-133,1,active,Sparse_ARFF,3151.0,1026.0,0.0,0.0,1025.0,1.0,,
3182,QSAR-TID-10266,1,active,Sparse_ARFF,1932.0,1026.0,0.0,0.0,1025.0,1.0,,
3183,QSAR-TID-30008,1,active,Sparse_ARFF,837.0,1026.0,0.0,0.0,1025.0,1.0,,
3184,QSAR-TID-10116,1,active,Sparse_ARFF,399.0,1026.0,0.0,0.0,1025.0,1.0,,
3185,QSAR-TID-11755,1,active,Sparse_ARFF,1089.0,1026.0,0.0,0.0,1025.0,1.0,,
3186,QSAR-TID-100120,1,active,Sparse_ARFF,18.0,1026.0,0.0,0.0,1025.0,1.0,,
3187,QSAR-TID-266,1,active,Sparse_ARFF,137.0,1026.0,0.0,0.0,1025.0,1.0,,
3188,QSAR-TID-100483,1,active,Sparse_ARFF,17.0,1026.0,0.0,0.0,1025.0,1.0,,
3189,QSAR-TID-101356,1,active,Sparse_ARFF,58.0,1026.0,0.0,0.0,1025.0,1.0,,
3190,QSAR-TID-101548,1,active,Sparse_ARFF,66.0,1026.0,0.0,0.0,1025.0,1.0,,
3191,QSAR-TID-11403,1,active,Sparse_ARFF,20.0,1026.0,0.0,0.0,1025.0,1.0,,
3192,QSAR-TID-102807,1,active,Sparse_ARFF,18.0,1026.0,0.0,0.0,1025.0,1.0,,
3193,QSAR-TID-10188,1,active,Sparse_ARFF,3889.0,1026.0,0.0,0.0,1025.0,1.0,,
3194,QSAR-TID-101239,1,active,Sparse_ARFF,80.0,1026.0,0.0,0.0,1025.0,1.0,,
3195,QSAR-TID-100857,1,active,Sparse_ARFF,319.0,1026.0,0.0,0.0,1025.0,1.0,,
3196,QSAR-TID-102,1,active,Sparse_ARFF,534.0,1026.0,0.0,0.0,1025.0,1.0,,
3197,QSAR-TID-10918,1,active,Sparse_ARFF,1238.0,1026.0,0.0,0.0,1025.0,1.0,,
3198,QSAR-TID-10074,1,active,Sparse_ARFF,377.0,1026.0,0.0,0.0,1025.0,1.0,,
3199,QSAR-TID-30045,1,active,Sparse_ARFF,655.0,1026.0,0.0,0.0,1025.0,1.0,,
3200,QSAR-TID-100843,1,active,Sparse_ARFF,16.0,1026.0,0.0,0.0,1025.0,1.0,,
3201,QSAR-TID-11631,1,active,Sparse_ARFF,1255.0,1026.0,0.0,0.0,1025.0,1.0,,
3202,QSAR-TID-10280,1,active,Sparse_ARFF,3134.0,1026.0,0.0,0.0,1025.0,1.0,,
3203,QSAR-TID-11574,1,active,Sparse_ARFF,230.0,1026.0,0.0,0.0,1025.0,1.0,,
3204,QSAR-TID-14071,1,active,Sparse_ARFF,30.0,1026.0,0.0,0.0,1025.0,1.0,,
3205,QSAR-TID-11969,1,active,Sparse_ARFF,1246.0,1026.0,0.0,0.0,1025.0,1.0,,
3206,QSAR-TID-101055,1,active,Sparse_ARFF,81.0,1026.0,0.0,0.0,1025.0,1.0,,
3207,QSAR-TID-12894,1,active,Sparse_ARFF,483.0,1026.0,0.0,0.0,1025.0,1.0,,
3208,QSAR-TID-12238,1,active,Sparse_ARFF,30.0,1026.0,0.0,0.0,1025.0,1.0,,
3209,QSAR-TID-100426,1,active,Sparse_ARFF,123.0,1026.0,0.0,0.0,1025.0,1.0,,
3210,QSAR-TID-275,1,active,Sparse_ARFF,477.0,1026.0,0.0,0.0,1025.0,1.0,,
3211,QSAR-TID-20157,1,active,Sparse_ARFF,63.0,1026.0,0.0,0.0,1025.0,1.0,,
3212,QSAR-TID-12000,1,active,Sparse_ARFF,366.0,1026.0,0.0,0.0,1025.0,1.0,,
3213,QSAR-TID-101464,1,active,Sparse_ARFF,1044.0,1026.0,0.0,0.0,1025.0,1.0,,
3214,QSAR-TID-100590,1,active,Sparse_ARFF,11.0,1026.0,0.0,0.0,1025.0,1.0,,
3215,QSAR-TID-235,1,active,Sparse_ARFF,1560.0,1026.0,0.0,0.0,1025.0,1.0,,
3216,QSAR-TID-11414,1,active,Sparse_ARFF,61.0,1026.0,0.0,0.0,1025.0,1.0,,
3217,QSAR-TID-278,1,active,Sparse_ARFF,2256.0,1026.0,0.0,0.0,1025.0,1.0,,
3218,QSAR-TID-30021,1,active,Sparse_ARFF,92.0,1026.0,0.0,0.0,1025.0,1.0,,
3219,QSAR-TID-103456,1,active,Sparse_ARFF,73.0,1026.0,0.0,0.0,1025.0,1.0,,
3220,QSAR-TID-20151,1,active,Sparse_ARFF,1427.0,1026.0,0.0,0.0,1025.0,1.0,,
3221,QSAR-TID-17120,1,active,Sparse_ARFF,731.0,1026.0,0.0,0.0,1025.0,1.0,,
3222,QSAR-TID-10839,1,active,Sparse_ARFF,1891.0,1026.0,0.0,0.0,1025.0,1.0,,
3223,QSAR-TID-11774,1,active,Sparse_ARFF,10.0,1026.0,0.0,0.0,1025.0,1.0,,
3224,QSAR-TID-12840,1,active,Sparse_ARFF,1608.0,1026.0,0.0,0.0,1025.0,1.0,,
3225,QSAR-TID-20025,1,active,Sparse_ARFF,89.0,1026.0,0.0,0.0,1025.0,1.0,,
3226,QSAR-TID-103452,1,active,Sparse_ARFF,74.0,1026.0,0.0,0.0,1025.0,1.0,,
3227,QSAR-TID-100867,1,active,Sparse_ARFF,85.0,1026.0,0.0,0.0,1025.0,1.0,,
3228,QSAR-TID-12391,1,active,Sparse_ARFF,17.0,1026.0,0.0,0.0,1025.0,1.0,,
3229,QSAR-TID-12265,1,active,Sparse_ARFF,636.0,1026.0,0.0,0.0,1025.0,1.0,,
3230,QSAR-TID-10930,1,active,Sparse_ARFF,560.0,1026.0,0.0,0.0,1025.0,1.0,,
3231,QSAR-TID-10979,1,active,Sparse_ARFF,1671.0,1026.0,0.0,0.0,1025.0,1.0,,
3232,QSAR-TID-102988,1,active,Sparse_ARFF,88.0,1026.0,0.0,0.0,1025.0,1.0,,
3233,QSAR-TID-30038,1,active,Sparse_ARFF,106.0,1026.0,0.0,0.0,1025.0,1.0,,
3234,QSAR-TID-10653,1,active,Sparse_ARFF,645.0,1026.0,0.0,0.0,1025.0,1.0,,
3235,QSAR-TID-101360,1,active,Sparse_ARFF,73.0,1026.0,0.0,0.0,1025.0,1.0,,
3236,QSAR-TID-12506,1,active,Sparse_ARFF,34.0,1026.0,0.0,0.0,1025.0,1.0,,
3237,QSAR-TID-12752,1,active,Sparse_ARFF,49.0,1026.0,0.0,0.0,1025.0,1.0,,
3238,QSAR-TID-11711,1,active,Sparse_ARFF,11.0,1026.0,0.0,0.0,1025.0,1.0,,
3239,QSAR-TID-11902,1,active,Sparse_ARFF,1211.0,1026.0,0.0,0.0,1025.0,1.0,,
3240,QSAR-TID-10871,1,active,Sparse_ARFF,30.0,1026.0,0.0,0.0,1025.0,1.0,,
3241,QSAR-TID-101538,1,active,Sparse_ARFF,80.0,1026.0,0.0,0.0,1025.0,1.0,,
3242,QSAR-TID-11558,1,active,Sparse_ARFF,33.0,1026.0,0.0,0.0,1025.0,1.0,,
3243,QSAR-TID-193,1,active,Sparse_ARFF,199.0,1026.0,0.0,0.0,1025.0,1.0,,
3244,QSAR-TID-103101,1,active,Sparse_ARFF,10.0,1026.0,0.0,0.0,1025.0,1.0,,
3245,QSAR-TID-10701,1,active,Sparse_ARFF,125.0,1026.0,0.0,0.0,1025.0,1.0,,
3246,QSAR-TID-19623,1,active,Sparse_ARFF,656.0,1026.0,0.0,0.0,1025.0,1.0,,
3247,QSAR-TID-12366,1,active,Sparse_ARFF,162.0,1026.0,0.0,0.0,1025.0,1.0,,
3248,QSAR-TID-104499,1,active,Sparse_ARFF,24.0,1026.0,0.0,0.0,1025.0,1.0,,
3249,QSAR-TID-11265,1,active,Sparse_ARFF,740.0,1026.0,0.0,0.0,1025.0,1.0,,
3250,QSAR-TID-19642,1,active,Sparse_ARFF,17.0,1026.0,0.0,0.0,1025.0,1.0,,
3251,QSAR-TID-12967,1,active,Sparse_ARFF,2756.0,1026.0,0.0,0.0,1025.0,1.0,,
3252,QSAR-TID-100858,1,active,Sparse_ARFF,12.0,1026.0,0.0,0.0,1025.0,1.0,,
3253,QSAR-TID-11104,1,active,Sparse_ARFF,29.0,1026.0,0.0,0.0,1025.0,1.0,,
3254,QSAR-TID-101496,1,active,Sparse_ARFF,79.0,1026.0,0.0,0.0,1025.0,1.0,,
3255,QSAR-TID-12786,1,active,Sparse_ARFF,624.0,1026.0,0.0,0.0,1025.0,1.0,,
3256,QSAR-TID-12688,1,active,Sparse_ARFF,213.0,1026.0,0.0,0.0,1025.0,1.0,,
3257,QSAR-TID-236,1,active,Sparse_ARFF,411.0,1026.0,0.0,0.0,1025.0,1.0,,
3258,QSAR-TID-10628,1,active,Sparse_ARFF,32.0,1026.0,0.0,0.0,1025.0,1.0,,
3259,QSAR-TID-219,1,active,Sparse_ARFF,1584.0,1026.0,0.0,0.0,1025.0,1.0,,
3260,QSAR-TID-100860,1,active,Sparse_ARFF,61.0,1026.0,0.0,0.0,1025.0,1.0,,
3261,QSAR-TID-101533,1,active,Sparse_ARFF,25.0,1026.0,0.0,0.0,1025.0,1.0,,
3262,QSAR-TID-12261,1,active,Sparse_ARFF,1842.0,1026.0,0.0,0.0,1025.0,1.0,,
3263,QSAR-TID-100817,1,active,Sparse_ARFF,14.0,1026.0,0.0,0.0,1025.0,1.0,,
3264,QSAR-TID-10019,1,active,Sparse_ARFF,38.0,1026.0,0.0,0.0,1025.0,1.0,,
3265,QSAR-TID-10906,1,active,Sparse_ARFF,1004.0,1026.0,0.0,0.0,1025.0,1.0,,
3266,QSAR-TID-11169,1,active,Sparse_ARFF,52.0,1026.0,0.0,0.0,1025.0,1.0,,
3267,QSAR-TID-17061,1,active,Sparse_ARFF,152.0,1026.0,0.0,0.0,1025.0,1.0,,
3268,QSAR-TID-10461,1,active,Sparse_ARFF,34.0,1026.0,0.0,0.0,1025.0,1.0,,
3269,QSAR-TID-11142,1,active,Sparse_ARFF,74.0,1026.0,0.0,0.0,1025.0,1.0,,
3270,QSAR-TID-100624,1,active,Sparse_ARFF,127.0,1026.0,0.0,0.0,1025.0,1.0,,
3271,QSAR-TID-12169,1,active,Sparse_ARFF,64.0,1026.0,0.0,0.0,1025.0,1.0,,
3272,QSAR-TID-100865,1,active,Sparse_ARFF,38.0,1026.0,0.0,0.0,1025.0,1.0,,
3273,QSAR-TID-102401,1,active,Sparse_ARFF,78.0,1026.0,0.0,0.0,1025.0,1.0,,
3274,QSAR-TID-12867,1,active,Sparse_ARFF,31.0,1026.0,0.0,0.0,1025.0,1.0,,
3275,QSAR-TID-12944,1,active,Sparse_ARFF,887.0,1026.0,0.0,0.0,1025.0,1.0,,
3276,QSAR-TID-101582,1,active,Sparse_ARFF,36.0,1026.0,0.0,0.0,1025.0,1.0,,
3277,QSAR-TID-10980,1,active,Sparse_ARFF,5766.0,1026.0,0.0,0.0,1025.0,1.0,,
3278,QSAR-TID-61,1,active,Sparse_ARFF,2076.0,1026.0,0.0,0.0,1025.0,1.0,,
3279,QSAR-TID-100044,1,active,Sparse_ARFF,1541.0,1026.0,0.0,0.0,1025.0,1.0,,
3280,QSAR-TID-100956,1,active,Sparse_ARFF,48.0,1026.0,0.0,0.0,1025.0,1.0,,
3281,QSAR-TID-12895,1,active,Sparse_ARFF,547.0,1026.0,0.0,0.0,1025.0,1.0,,
3282,QSAR-TID-11758,1,active,Sparse_ARFF,213.0,1026.0,0.0,0.0,1025.0,1.0,,
3283,QSAR-TID-101348,1,active,Sparse_ARFF,819.0,1026.0,0.0,0.0,1025.0,1.0,,
3284,QSAR-TID-18013,1,active,Sparse_ARFF,35.0,1026.0,0.0,0.0,1025.0,1.0,,
3285,QSAR-TID-12485,1,active,Sparse_ARFF,83.0,1026.0,0.0,0.0,1025.0,1.0,,
3286,QSAR-TID-12687,1,active,Sparse_ARFF,1648.0,1026.0,0.0,0.0,1025.0,1.0,,
3287,QSAR-TID-11811,1,active,Sparse_ARFF,59.0,1026.0,0.0,0.0,1025.0,1.0,,
3288,QSAR-TID-30015,1,active,Sparse_ARFF,116.0,1026.0,0.0,0.0,1025.0,1.0,,
3289,QSAR-TID-101299,1,active,Sparse_ARFF,11.0,1026.0,0.0,0.0,1025.0,1.0,,
3290,QSAR-TID-20126,1,active,Sparse_ARFF,182.0,1026.0,0.0,0.0,1025.0,1.0,,
3291,QSAR-TID-12887,1,active,Sparse_ARFF,117.0,1026.0,0.0,0.0,1025.0,1.0,,
3292,QSAR-TID-19689,1,active,Sparse_ARFF,157.0,1026.0,0.0,0.0,1025.0,1.0,,
3293,QSAR-TID-12569,1,active,Sparse_ARFF,891.0,1026.0,0.0,0.0,1025.0,1.0,,
3294,QSAR-TID-11524,1,active,Sparse_ARFF,605.0,1026.0,0.0,0.0,1025.0,1.0,,
3295,QSAR-TID-12933,1,active,Sparse_ARFF,30.0,1026.0,0.0,0.0,1025.0,1.0,,
3296,QSAR-TID-11869,1,active,Sparse_ARFF,705.0,1026.0,0.0,0.0,1025.0,1.0,,
3297,QSAR-TID-20122,1,active,Sparse_ARFF,101.0,1026.0,0.0,0.0,1025.0,1.0,,
3298,QSAR-TID-12163,1,active,Sparse_ARFF,285.0,1026.0,0.0,0.0,1025.0,1.0,,
3299,QSAR-TID-12641,1,active,Sparse_ARFF,37.0,1026.0,0.0,0.0,1025.0,1.0,,
3300,QSAR-TID-12587,1,active,Sparse_ARFF,157.0,1026.0,0.0,0.0,1025.0,1.0,,
3301,QSAR-TID-10909,1,active,Sparse_ARFF,111.0,1026.0,0.0,0.0,1025.0,1.0,,
3302,QSAR-TID-17073,1,active,Sparse_ARFF,391.0,1026.0,0.0,0.0,1025.0,1.0,,
3303,QSAR-TID-103451,1,active,Sparse_ARFF,27.0,1026.0,0.0,0.0,1025.0,1.0,,
3304,QSAR-TID-30022,1,active,Sparse_ARFF,81.0,1026.0,0.0,0.0,1025.0,1.0,,
3305,QSAR-TID-134,1,active,Sparse_ARFF,878.0,1026.0,0.0,0.0,1025.0,1.0,,
3306,QSAR-TID-100854,1,active,Sparse_ARFF,625.0,1026.0,0.0,0.0,1025.0,1.0,,
3307,QSAR-TID-10498,1,active,Sparse_ARFF,1748.0,1026.0,0.0,0.0,1025.0,1.0,,
3308,QSAR-TID-10938,1,active,Sparse_ARFF,1862.0,1026.0,0.0,0.0,1025.0,1.0,,
3309,QSAR-TID-10850,1,active,Sparse_ARFF,622.0,1026.0,0.0,0.0,1025.0,1.0,,
3311,QSAR-TID-100127,1,active,Sparse_ARFF,101.0,1026.0,0.0,0.0,1025.0,1.0,,
3312,QSAR-TID-10901,1,active,Sparse_ARFF,541.0,1026.0,0.0,0.0,1025.0,1.0,,
3313,QSAR-TID-102389,1,active,Sparse_ARFF,12.0,1026.0,0.0,0.0,1025.0,1.0,,
3314,QSAR-TID-12591,1,active,Sparse_ARFF,10.0,1026.0,0.0,0.0,1025.0,1.0,,
3315,QSAR-TID-90,1,active,Sparse_ARFF,2055.0,1026.0,0.0,0.0,1025.0,1.0,,
3316,QSAR-TID-12476,1,active,Sparse_ARFF,1023.0,1026.0,0.0,0.0,1025.0,1.0,,
3317,QSAR-TID-100976,1,active,Sparse_ARFF,79.0,1026.0,0.0,0.0,1025.0,1.0,,
3318,QSAR-TID-72,1,active,Sparse_ARFF,5354.0,1026.0,0.0,0.0,1025.0,1.0,,
3319,QSAR-TID-20109,1,active,Sparse_ARFF,44.0,1026.0,0.0,0.0,1025.0,1.0,,
3320,QSAR-TID-186,1,active,Sparse_ARFF,14.0,1026.0,0.0,0.0,1025.0,1.0,,
3321,QSAR-TID-101411,1,active,Sparse_ARFF,74.0,1026.0,0.0,0.0,1025.0,1.0,,
3322,QSAR-TID-101338,1,active,Sparse_ARFF,79.0,1026.0,0.0,0.0,1025.0,1.0,,
3323,QSAR-TID-30035,1,active,Sparse_ARFF,678.0,1026.0,0.0,0.0,1025.0,1.0,,
3324,QSAR-TID-100969,1,active,Sparse_ARFF,79.0,1026.0,0.0,0.0,1025.0,1.0,,
3325,QSAR-TID-102913,1,active,Sparse_ARFF,10.0,1026.0,0.0,0.0,1025.0,1.0,,
3326,QSAR-TID-11055,1,active,Sparse_ARFF,46.0,1026.0,0.0,0.0,1025.0,1.0,,
3327,QSAR-TID-101021,1,active,Sparse_ARFF,81.0,1026.0,0.0,0.0,1025.0,1.0,,
3328,QSAR-TID-12474,1,active,Sparse_ARFF,360.0,1026.0,0.0,0.0,1025.0,1.0,,
3329,QSAR-TID-104138,1,active,Sparse_ARFF,65.0,1026.0,0.0,0.0,1025.0,1.0,,
3330,QSAR-TID-100851,1,active,Sparse_ARFF,526.0,1026.0,0.0,0.0,1025.0,1.0,,
3331,QSAR-TID-12755,1,active,Sparse_ARFF,30.0,1026.0,0.0,0.0,1025.0,1.0,,
3332,QSAR-TID-17145,1,active,Sparse_ARFF,15.0,1026.0,0.0,0.0,1025.0,1.0,,
3333,QSAR-TID-10623,1,active,Sparse_ARFF,248.0,1026.0,0.0,0.0,1025.0,1.0,,
3334,QSAR-TID-127,1,active,Sparse_ARFF,1524.0,1026.0,0.0,0.0,1025.0,1.0,,
3335,QSAR-TID-11624,1,active,Sparse_ARFF,742.0,1026.0,0.0,0.0,1025.0,1.0,,
3336,QSAR-TID-12998,1,active,Sparse_ARFF,98.0,1026.0,0.0,0.0,1025.0,1.0,,
3337,QSAR-TID-47,1,active,Sparse_ARFF,1953.0,1026.0,0.0,0.0,1025.0,1.0,,
3338,QSAR-TID-10782,1,active,Sparse_ARFF,116.0,1026.0,0.0,0.0,1025.0,1.0,,
3339,QSAR-TID-100864,1,active,Sparse_ARFF,34.0,1026.0,0.0,0.0,1025.0,1.0,,
3340,QSAR-TID-13068,1,active,Sparse_ARFF,17.0,1026.0,0.0,0.0,1025.0,1.0,,
3341,QSAR-TID-30048,1,active,Sparse_ARFF,80.0,1026.0,0.0,0.0,1025.0,1.0,,
3342,QSAR-TID-11691,1,active,Sparse_ARFF,715.0,1026.0,0.0,0.0,1025.0,1.0,,
3343,QSAR-TID-14037,1,active,Sparse_ARFF,4378.0,1026.0,0.0,0.0,1025.0,1.0,,
3344,QSAR-TID-30017,1,active,Sparse_ARFF,1058.0,1026.0,0.0,0.0,1025.0,1.0,,
3345,QSAR-TID-17076,1,active,Sparse_ARFF,51.0,1026.0,0.0,0.0,1025.0,1.0,,
3346,QSAR-TID-10244,1,active,Sparse_ARFF,396.0,1026.0,0.0,0.0,1025.0,1.0,,
3347,QSAR-TID-260,1,active,Sparse_ARFF,18.0,1026.0,0.0,0.0,1025.0,1.0,,
3348,QSAR-TID-10373,1,active,Sparse_ARFF,53.0,1026.0,0.0,0.0,1025.0,1.0,,
3349,QSAR-TID-246,1,active,Sparse_ARFF,1135.0,1026.0,0.0,0.0,1025.0,1.0,,
3350,QSAR-TID-168,1,active,Sparse_ARFF,412.0,1026.0,0.0,0.0,1025.0,1.0,,
3351,QSAR-TID-101552,1,active,Sparse_ARFF,73.0,1026.0,0.0,0.0,1025.0,1.0,,
3352,QSAR-TID-12673,1,active,Sparse_ARFF,183.0,1026.0,0.0,0.0,1025.0,1.0,,
3353,QSAR-TID-12666,1,active,Sparse_ARFF,2243.0,1026.0,0.0,0.0,1025.0,1.0,,
3354,QSAR-TID-247,1,active,Sparse_ARFF,1171.0,1026.0,0.0,0.0,1025.0,1.0,,
3355,QSAR-TID-10143,1,active,Sparse_ARFF,62.0,1026.0,0.0,0.0,1025.0,1.0,,
3356,QSAR-TID-103910,1,active,Sparse_ARFF,14.0,1026.0,0.0,0.0,1025.0,1.0,,
3357,QSAR-TID-12345,1,active,Sparse_ARFF,42.0,1026.0,0.0,0.0,1025.0,1.0,,
3358,QSAR-TID-146,1,active,Sparse_ARFF,683.0,1026.0,0.0,0.0,1025.0,1.0,,
3359,QSAR-TID-10982,1,active,Sparse_ARFF,600.0,1026.0,0.0,0.0,1025.0,1.0,,
3360,QSAR-TID-10544,1,active,Sparse_ARFF,203.0,1026.0,0.0,0.0,1025.0,1.0,,
3361,QSAR-TID-103071,1,active,Sparse_ARFF,150.0,1026.0,0.0,0.0,1025.0,1.0,,
3362,QSAR-TID-101252,1,active,Sparse_ARFF,33.0,1026.0,0.0,0.0,1025.0,1.0,,
3363,QSAR-TID-19905,1,active,Sparse_ARFF,3048.0,1026.0,0.0,0.0,1025.0,1.0,,
3364,QSAR-TID-10880,1,active,Sparse_ARFF,955.0,1026.0,0.0,0.0,1025.0,1.0,,
3365,QSAR-TID-10167,1,active,Sparse_ARFF,89.0,1026.0,0.0,0.0,1025.0,1.0,,
3366,QSAR-TID-10190,1,active,Sparse_ARFF,66.0,1026.0,0.0,0.0,1025.0,1.0,,
3367,QSAR-TID-12132,1,active,Sparse_ARFF,44.0,1026.0,0.0,0.0,1025.0,1.0,,
3368,QSAR-TID-252,1,active,Sparse_ARFF,4081.0,1026.0,0.0,0.0,1025.0,1.0,,
3370,QSAR-TID-20036,1,active,Sparse_ARFF,23.0,1026.0,0.0,0.0,1025.0,1.0,,
3372,QSAR-TID-10502,1,active,Sparse_ARFF,1627.0,1026.0,0.0,0.0,1025.0,1.0,,
3373,QSAR-TID-100155,1,active,Sparse_ARFF,138.0,1026.0,0.0,0.0,1025.0,1.0,,
3374,QSAR-TID-11299,1,active,Sparse_ARFF,68.0,1026.0,0.0,0.0,1025.0,1.0,,
3375,QSAR-TID-11085,1,active,Sparse_ARFF,712.0,1026.0,0.0,0.0,1025.0,1.0,,
3376,QSAR-TID-12186,1,active,Sparse_ARFF,22.0,1026.0,0.0,0.0,1025.0,1.0,,
3377,QSAR-TID-101585,1,active,Sparse_ARFF,58.0,1026.0,0.0,0.0,1025.0,1.0,,
3378,QSAR-TID-11084,1,active,Sparse_ARFF,842.0,1026.0,0.0,0.0,1025.0,1.0,,
3379,QSAR-TID-101503,1,active,Sparse_ARFF,79.0,1026.0,0.0,0.0,1025.0,1.0,,
3380,QSAR-TID-101598,1,active,Sparse_ARFF,399.0,1026.0,0.0,0.0,1025.0,1.0,,
3381,QSAR-TID-17021,1,active,Sparse_ARFF,276.0,1026.0,0.0,0.0,1025.0,1.0,,
3382,QSAR-TID-101045,1,active,Sparse_ARFF,79.0,1026.0,0.0,0.0,1025.0,1.0,,
3383,QSAR-TID-12718,1,active,Sparse_ARFF,134.0,1026.0,0.0,0.0,1025.0,1.0,,
3385,QSAR-TID-12029,1,active,Sparse_ARFF,28.0,1026.0,0.0,0.0,1025.0,1.0,,
3386,QSAR-TID-104385,1,active,Sparse_ARFF,24.0,1026.0,0.0,0.0,1025.0,1.0,,
3387,QSAR-TID-11058,1,active,Sparse_ARFF,41.0,1026.0,0.0,0.0,1025.0,1.0,,
3388,QSAR-TID-10501,1,active,Sparse_ARFF,147.0,1026.0,0.0,0.0,1025.0,1.0,,
3389,QSAR-TID-12788,1,active,Sparse_ARFF,50.0,1026.0,0.0,0.0,1025.0,1.0,,
3390,QSAR-TID-100427,1,active,Sparse_ARFF,77.0,1026.0,0.0,0.0,1025.0,1.0,,
3391,QSAR-TID-100992,1,active,Sparse_ARFF,83.0,1026.0,0.0,0.0,1025.0,1.0,,
3392,QSAR-TID-100918,1,active,Sparse_ARFF,88.0,1026.0,0.0,0.0,1025.0,1.0,,
3393,QSAR-TID-11105,1,active,Sparse_ARFF,631.0,1026.0,0.0,0.0,1025.0,1.0,,
3394,QSAR-TID-20154,1,active,Sparse_ARFF,1024.0,1026.0,0.0,0.0,1025.0,1.0,,
3395,QSAR-TID-13024,1,active,Sparse_ARFF,13.0,1026.0,0.0,0.0,1025.0,1.0,,
3396,QSAR-TID-11269,1,active,Sparse_ARFF,614.0,1026.0,0.0,0.0,1025.0,1.0,,
3397,QSAR-TID-12703,1,active,Sparse_ARFF,226.0,1026.0,0.0,0.0,1025.0,1.0,,
3398,QSAR-TID-10058,1,active,Sparse_ARFF,273.0,1026.0,0.0,0.0,1025.0,1.0,,
3399,QSAR-TID-20032,1,active,Sparse_ARFF,123.0,1026.0,0.0,0.0,1025.0,1.0,,
3400,QSAR-TID-11863,1,active,Sparse_ARFF,70.0,1026.0,0.0,0.0,1025.0,1.0,,
3401,QSAR-TID-10494,1,active,Sparse_ARFF,233.0,1026.0,0.0,0.0,1025.0,1.0,,
3402,QSAR-TID-11081,1,active,Sparse_ARFF,843.0,1026.0,0.0,0.0,1025.0,1.0,,
3403,QSAR-TID-240,1,active,Sparse_ARFF,272.0,1026.0,0.0,0.0,1025.0,1.0,,
3404,QSAR-TID-10497,1,active,Sparse_ARFF,50.0,1026.0,0.0,0.0,1025.0,1.0,,
3405,QSAR-TID-101053,1,active,Sparse_ARFF,80.0,1026.0,0.0,0.0,1025.0,1.0,,
3406,QSAR-TID-11870,1,active,Sparse_ARFF,129.0,1026.0,0.0,0.0,1025.0,1.0,,
3407,QSAR-TID-11977,1,active,Sparse_ARFF,44.0,1026.0,0.0,0.0,1025.0,1.0,,
3408,QSAR-TID-12336,1,active,Sparse_ARFF,17.0,1026.0,0.0,0.0,1025.0,1.0,,
3409,QSAR-TID-17134,1,active,Sparse_ARFF,32.0,1026.0,0.0,0.0,1025.0,1.0,,
3410,QSAR-TID-101152,1,active,Sparse_ARFF,101.0,1026.0,0.0,0.0,1025.0,1.0,,
3411,QSAR-TID-100859,1,active,Sparse_ARFF,25.0,1026.0,0.0,0.0,1025.0,1.0,,
3412,QSAR-TID-11364,1,active,Sparse_ARFF,969.0,1026.0,0.0,0.0,1025.0,1.0,,
3413,QSAR-TID-10056,1,active,Sparse_ARFF,690.0,1026.0,0.0,0.0,1025.0,1.0,,
3414,QSAR-TID-10209,1,active,Sparse_ARFF,1171.0,1026.0,0.0,0.0,1025.0,1.0,,
3415,QSAR-TID-101300,1,active,Sparse_ARFF,475.0,1026.0,0.0,0.0,1025.0,1.0,,
3416,QSAR-TID-10648,1,active,Sparse_ARFF,21.0,1026.0,0.0,0.0,1025.0,1.0,,
3417,QSAR-TID-100436,1,active,Sparse_ARFF,163.0,1026.0,0.0,0.0,1025.0,1.0,,
3418,QSAR-TID-11249,1,active,Sparse_ARFF,13.0,1026.0,0.0,0.0,1025.0,1.0,,
3419,QSAR-TID-10368,1,active,Sparse_ARFF,882.0,1026.0,0.0,0.0,1025.0,1.0,,
3420,QSAR-TID-100069,1,active,Sparse_ARFF,471.0,1026.0,0.0,0.0,1025.0,1.0,,
3421,QSAR-TID-11722,1,active,Sparse_ARFF,68.0,1026.0,0.0,0.0,1025.0,1.0,,
3422,QSAR-TID-12593,1,active,Sparse_ARFF,26.0,1026.0,0.0,0.0,1025.0,1.0,,
3423,QSAR-TID-101407,1,active,Sparse_ARFF,276.0,1026.0,0.0,0.0,1025.0,1.0,,
3424,QSAR-TID-10728,1,active,Sparse_ARFF,172.0,1026.0,0.0,0.0,1025.0,1.0,,
3425,QSAR-TID-10273,1,active,Sparse_ARFF,449.0,1026.0,0.0,0.0,1025.0,1.0,,
3426,QSAR-TID-10856,1,active,Sparse_ARFF,121.0,1026.0,0.0,0.0,1025.0,1.0,,
3427,QSAR-TID-10576,1,active,Sparse_ARFF,4103.0,1026.0,0.0,0.0,1025.0,1.0,,
3428,QSAR-TID-12128,1,active,Sparse_ARFF,407.0,1026.0,0.0,0.0,1025.0,1.0,,
3429,QSAR-TID-11441,1,active,Sparse_ARFF,61.0,1026.0,0.0,0.0,1025.0,1.0,,
3430,QSAR-TID-10262,1,active,Sparse_ARFF,639.0,1026.0,0.0,0.0,1025.0,1.0,,
3431,QSAR-TID-103441,1,active,Sparse_ARFF,74.0,1026.0,0.0,0.0,1025.0,1.0,,
3432,QSAR-TID-11402,1,active,Sparse_ARFF,413.0,1026.0,0.0,0.0,1025.0,1.0,,
3433,QSAR-TID-12824,1,active,Sparse_ARFF,1261.0,1026.0,0.0,0.0,1025.0,1.0,,
3434,QSAR-TID-11692,1,active,Sparse_ARFF,98.0,1026.0,0.0,0.0,1025.0,1.0,,
3435,QSAR-TID-103163,1,active,Sparse_ARFF,19.0,1026.0,0.0,0.0,1025.0,1.0,,
3436,QSAR-TID-101392,1,active,Sparse_ARFF,37.0,1026.0,0.0,0.0,1025.0,1.0,,
3437,QSAR-TID-102981,1,active,Sparse_ARFF,32.0,1026.0,0.0,0.0,1025.0,1.0,,
3438,QSAR-TID-12853,1,active,Sparse_ARFF,62.0,1026.0,0.0,0.0,1025.0,1.0,,
3439,QSAR-TID-100912,1,active,Sparse_ARFF,948.0,1026.0,0.0,0.0,1025.0,1.0,,
3440,QSAR-TID-101269,1,active,Sparse_ARFF,675.0,1026.0,0.0,0.0,1025.0,1.0,,
3441,QSAR-TID-11427,1,active,Sparse_ARFF,167.0,1026.0,0.0,0.0,1025.0,1.0,,
3442,QSAR-TID-100433,1,active,Sparse_ARFF,11.0,1026.0,0.0,0.0,1025.0,1.0,,
3443,QSAR-TID-11989,1,active,Sparse_ARFF,43.0,1026.0,0.0,0.0,1025.0,1.0,,
3444,QSAR-TID-10970,1,active,Sparse_ARFF,763.0,1026.0,0.0,0.0,1025.0,1.0,,
3445,QSAR-TID-12829,1,active,Sparse_ARFF,543.0,1026.0,0.0,0.0,1025.0,1.0,,
3447,QSAR-TID-101221,1,active,Sparse_ARFF,81.0,1026.0,0.0,0.0,1025.0,1.0,,
3448,QSAR-TID-12619,1,active,Sparse_ARFF,21.0,1026.0,0.0,0.0,1025.0,1.0,,
3449,QSAR-TID-10329,1,active,Sparse_ARFF,669.0,1026.0,0.0,0.0,1025.0,1.0,,
3450,QSAR-TID-176,1,active,Sparse_ARFF,906.0,1026.0,0.0,0.0,1025.0,1.0,,
3451,QSAR-TID-100244,1,active,Sparse_ARFF,11.0,1026.0,0.0,0.0,1025.0,1.0,,
3452,QSAR-TID-10184,1,active,Sparse_ARFF,941.0,1026.0,0.0,0.0,1025.0,1.0,,
3453,QSAR-TID-10657,1,active,Sparse_ARFF,14.0,1026.0,0.0,0.0,1025.0,1.0,,
3454,QSAR-TID-12744,1,active,Sparse_ARFF,59.0,1026.0,0.0,0.0,1025.0,1.0,,
3455,QSAR-TID-100413,1,active,Sparse_ARFF,998.0,1026.0,0.0,0.0,1025.0,1.0,,
3456,QSAR-TID-270,1,active,Sparse_ARFF,289.0,1026.0,0.0,0.0,1025.0,1.0,,
3457,QSAR-TID-11399,1,active,Sparse_ARFF,518.0,1026.0,0.0,0.0,1025.0,1.0,,
3458,QSAR-TID-30020,1,active,Sparse_ARFF,89.0,1026.0,0.0,0.0,1025.0,1.0,,
3459,QSAR-TID-42,1,active,Sparse_ARFF,1302.0,1026.0,0.0,0.0,1025.0,1.0,,
3460,QSAR-TID-101041,1,active,Sparse_ARFF,79.0,1026.0,0.0,0.0,1025.0,1.0,,
3461,QSAR-TID-10814,1,active,Sparse_ARFF,103.0,1026.0,0.0,0.0,1025.0,1.0,,
3462,QSAR-TID-175,1,active,Sparse_ARFF,251.0,1026.0,0.0,0.0,1025.0,1.0,,
3463,QSAR-TID-104260,1,active,Sparse_ARFF,71.0,1026.0,0.0,0.0,1025.0,1.0,,
3464,QSAR-TID-101460,1,active,Sparse_ARFF,79.0,1026.0,0.0,0.0,1025.0,1.0,,
3465,QSAR-TID-11018,1,active,Sparse_ARFF,579.0,1026.0,0.0,0.0,1025.0,1.0,,
3466,QSAR-TID-10688,1,active,Sparse_ARFF,44.0,1026.0,0.0,0.0,1025.0,1.0,,
3467,QSAR-TID-10485,1,active,Sparse_ARFF,32.0,1026.0,0.0,0.0,1025.0,1.0,,
3468,QSAR-TID-12738,1,active,Sparse_ARFF,596.0,1026.0,0.0,0.0,1025.0,1.0,,
3469,QSAR-TID-102770,1,active,Sparse_ARFF,73.0,1026.0,0.0,0.0,1025.0,1.0,,
3470,QSAR-TID-102414,1,active,Sparse_ARFF,523.0,1026.0,0.0,0.0,1025.0,1.0,,
3471,QSAR-TID-101079,1,active,Sparse_ARFF,125.0,1026.0,0.0,0.0,1025.0,1.0,,
3472,QSAR-TID-11154,1,active,Sparse_ARFF,688.0,1026.0,0.0,0.0,1025.0,1.0,,
3474,QSAR-TID-10450,1,active,Sparse_ARFF,214.0,1026.0,0.0,0.0,1025.0,1.0,,
3475,QSAR-TID-137,1,active,Sparse_ARFF,3689.0,1026.0,0.0,0.0,1025.0,1.0,,
3476,QSAR-TID-118,1,active,Sparse_ARFF,1362.0,1026.0,0.0,0.0,1025.0,1.0,,
3477,QSAR-TID-101602,1,active,Sparse_ARFF,79.0,1026.0,0.0,0.0,1025.0,1.0,,
3478,QSAR-TID-101324,1,active,Sparse_ARFF,79.0,1026.0,0.0,0.0,1025.0,1.0,,
3479,QSAR-TID-100424,1,active,Sparse_ARFF,97.0,1026.0,0.0,0.0,1025.0,1.0,,
3480,QSAR-TID-11868,1,active,Sparse_ARFF,519.0,1026.0,0.0,0.0,1025.0,1.0,,
3481,QSAR-TID-12787,1,active,Sparse_ARFF,10.0,1026.0,0.0,0.0,1025.0,1.0,,
3482,QSAR-TID-12090,1,active,Sparse_ARFF,1312.0,1026.0,0.0,0.0,1025.0,1.0,,
3483,QSAR-TID-20023,1,active,Sparse_ARFF,60.0,1026.0,0.0,0.0,1025.0,1.0,,
3484,QSAR-TID-12131,1,active,Sparse_ARFF,111.0,1026.0,0.0,0.0,1025.0,1.0,,
3485,QSAR-TID-11199,1,active,Sparse_ARFF,104.0,1026.0,0.0,0.0,1025.0,1.0,,
3486,QSAR-TID-11942,1,active,Sparse_ARFF,1002.0,1026.0,0.0,0.0,1025.0,1.0,,
3487,QSAR-TID-100962,1,active,Sparse_ARFF,35.0,1026.0,0.0,0.0,1025.0,1.0,,
3488,QSAR-TID-12227,1,active,Sparse_ARFF,1510.0,1026.0,0.0,0.0,1025.0,1.0,,
3489,QSAR-TID-12735,1,active,Sparse_ARFF,646.0,1026.0,0.0,0.0,1025.0,1.0,,
3490,QSAR-TID-20033,1,active,Sparse_ARFF,273.0,1026.0,0.0,0.0,1025.0,1.0,,
3491,QSAR-TID-11528,1,active,Sparse_ARFF,35.0,1026.0,0.0,0.0,1025.0,1.0,,
3492,QSAR-TID-100834,1,active,Sparse_ARFF,747.0,1026.0,0.0,0.0,1025.0,1.0,,
3493,QSAR-TID-101361,1,active,Sparse_ARFF,323.0,1026.0,0.0,0.0,1025.0,1.0,,
3494,QSAR-TID-11831,1,active,Sparse_ARFF,15.0,1026.0,0.0,0.0,1025.0,1.0,,
3495,QSAR-TID-100432,1,active,Sparse_ARFF,293.0,1026.0,0.0,0.0,1025.0,1.0,,
3496,QSAR-TID-102774,1,active,Sparse_ARFF,72.0,1026.0,0.0,0.0,1025.0,1.0,,
3497,QSAR-TID-115,1,active,Sparse_ARFF,974.0,1026.0,0.0,0.0,1025.0,1.0,,
3498,QSAR-TID-10616,1,active,Sparse_ARFF,249.0,1026.0,0.0,0.0,1025.0,1.0,,
3499,QSAR-TID-101397,1,active,Sparse_ARFF,11.0,1026.0,0.0,0.0,1025.0,1.0,,
3500,QSAR-TID-10452,1,active,Sparse_ARFF,482.0,1026.0,0.0,0.0,1025.0,1.0,,
3501,QSAR-TID-100418,1,active,Sparse_ARFF,85.0,1026.0,0.0,0.0,1025.0,1.0,,
3502,QSAR-TID-100993,1,active,Sparse_ARFF,80.0,1026.0,0.0,0.0,1025.0,1.0,,
3503,QSAR-TID-20171,1,active,Sparse_ARFF,128.0,1026.0,0.0,0.0,1025.0,1.0,,
3504,QSAR-TID-10526,1,active,Sparse_ARFF,1814.0,1026.0,0.0,0.0,1025.0,1.0,,
3505,QSAR-TID-249,1,active,Sparse_ARFF,1487.0,1026.0,0.0,0.0,1025.0,1.0,,
3506,QSAR-TID-101399,1,active,Sparse_ARFF,75.0,1026.0,0.0,0.0,1025.0,1.0,,
3507,QSAR-TID-10808,1,active,Sparse_ARFF,153.0,1026.0,0.0,0.0,1025.0,1.0,,
3508,QSAR-TID-101182,1,active,Sparse_ARFF,80.0,1026.0,0.0,0.0,1025.0,1.0,,
3509,QSAR-TID-12857,1,active,Sparse_ARFF,11.0,1026.0,0.0,0.0,1025.0,1.0,,
3510,QSAR-TID-12910,1,active,Sparse_ARFF,326.0,1026.0,0.0,0.0,1025.0,1.0,,
3511,QSAR-TID-10702,1,active,Sparse_ARFF,455.0,1026.0,0.0,0.0,1025.0,1.0,,
3512,QSAR-TID-11726,1,active,Sparse_ARFF,59.0,1026.0,0.0,0.0,1025.0,1.0,,
3513,QSAR-TID-101222,1,active,Sparse_ARFF,78.0,1026.0,0.0,0.0,1025.0,1.0,,
3514,QSAR-TID-101237,1,active,Sparse_ARFF,10.0,1026.0,0.0,0.0,1025.0,1.0,,
3515,QSAR-TID-216,1,active,Sparse_ARFF,520.0,1026.0,0.0,0.0,1025.0,1.0,,
3516,QSAR-TID-10876,1,active,Sparse_ARFF,23.0,1026.0,0.0,0.0,1025.0,1.0,,
3517,QSAR-TID-87,1,active,Sparse_ARFF,4160.0,1026.0,0.0,0.0,1025.0,1.0,,
3518,QSAR-TID-140,1,active,Sparse_ARFF,176.0,1026.0,0.0,0.0,1025.0,1.0,,
3519,QSAR-TID-12809,1,active,Sparse_ARFF,57.0,1026.0,0.0,0.0,1025.0,1.0,,
3520,QSAR-TID-11209,1,active,Sparse_ARFF,95.0,1026.0,0.0,0.0,1025.0,1.0,,
3521,QSAR-TID-10226,1,active,Sparse_ARFF,15.0,1026.0,0.0,0.0,1025.0,1.0,,
3522,QSAR-TID-100629,1,active,Sparse_ARFF,21.0,1026.0,0.0,0.0,1025.0,1.0,,
3523,QSAR-TID-100425,1,active,Sparse_ARFF,89.0,1026.0,0.0,0.0,1025.0,1.0,,
3524,QSAR-TID-102734,1,active,Sparse_ARFF,43.0,1026.0,0.0,0.0,1025.0,1.0,,
3525,QSAR-TID-12071,1,active,Sparse_ARFF,1852.0,1026.0,0.0,0.0,1025.0,1.0,,
3526,QSAR-TID-10012,1,active,Sparse_ARFF,224.0,1026.0,0.0,0.0,1025.0,1.0,,
3527,QSAR-TID-10120,1,active,Sparse_ARFF,212.0,1026.0,0.0,0.0,1025.0,1.0,,
3528,QSAR-TID-12938,1,active,Sparse_ARFF,86.0,1026.0,0.0,0.0,1025.0,1.0,,
3529,QSAR-TID-10685,1,active,Sparse_ARFF,220.0,1026.0,0.0,0.0,1025.0,1.0,,
3530,QSAR-TID-30002,1,active,Sparse_ARFF,646.0,1026.0,0.0,0.0,1025.0,1.0,,
3531,QSAR-TID-174,1,active,Sparse_ARFF,2027.0,1026.0,0.0,0.0,1025.0,1.0,,
3532,QSAR-TID-19903,1,active,Sparse_ARFF,47.0,1026.0,0.0,0.0,1025.0,1.0,,
3533,QSAR-TID-12480,1,active,Sparse_ARFF,156.0,1026.0,0.0,0.0,1025.0,1.0,,
3534,QSAR-TID-17005,1,active,Sparse_ARFF,128.0,1026.0,0.0,0.0,1025.0,1.0,,
3535,QSAR-TID-11003,1,active,Sparse_ARFF,866.0,1026.0,0.0,0.0,1025.0,1.0,,
3536,QSAR-TID-12868,1,active,Sparse_ARFF,19.0,1026.0,0.0,0.0,1025.0,1.0,,
3537,QSAR-TID-10649,1,active,Sparse_ARFF,14.0,1026.0,0.0,0.0,1025.0,1.0,,
3538,QSAR-TID-220,1,active,Sparse_ARFF,274.0,1026.0,0.0,0.0,1025.0,1.0,,
3539,QSAR-TID-10371,1,active,Sparse_ARFF,78.0,1026.0,0.0,0.0,1025.0,1.0,,
3540,QSAR-TID-10081,1,active,Sparse_ARFF,248.0,1026.0,0.0,0.0,1025.0,1.0,,
3541,QSAR-TID-20007,1,active,Sparse_ARFF,694.0,1026.0,0.0,0.0,1025.0,1.0,,
3542,QSAR-TID-11898,1,active,Sparse_ARFF,21.0,1026.0,0.0,0.0,1025.0,1.0,,
3543,QSAR-TID-100868,1,active,Sparse_ARFF,12.0,1026.0,0.0,0.0,1025.0,1.0,,
3544,QSAR-TID-101032,1,active,Sparse_ARFF,83.0,1026.0,0.0,0.0,1025.0,1.0,,
3545,QSAR-TID-10903,1,active,Sparse_ARFF,192.0,1026.0,0.0,0.0,1025.0,1.0,,
3546,QSAR-TID-101473,1,active,Sparse_ARFF,80.0,1026.0,0.0,0.0,1025.0,1.0,,
3547,QSAR-TID-251,1,active,Sparse_ARFF,426.0,1026.0,0.0,0.0,1025.0,1.0,,
3548,QSAR-TID-101340,1,active,Sparse_ARFF,86.0,1026.0,0.0,0.0,1025.0,1.0,,
3549,QSAR-TID-101521,1,active,Sparse_ARFF,15.0,1026.0,0.0,0.0,1025.0,1.0,,
3550,QSAR-TID-11005,1,active,Sparse_ARFF,15.0,1026.0,0.0,0.0,1025.0,1.0,,
3551,QSAR-TID-12913,1,active,Sparse_ARFF,800.0,1026.0,0.0,0.0,1025.0,1.0,,
3552,QSAR-TID-10872,1,active,Sparse_ARFF,23.0,1026.0,0.0,0.0,1025.0,1.0,,
3553,QSAR-TID-11498,1,active,Sparse_ARFF,137.0,1026.0,0.0,0.0,1025.0,1.0,,
3554,QSAR-TID-101273,1,active,Sparse_ARFF,79.0,1026.0,0.0,0.0,1025.0,1.0,,
3555,QSAR-TID-12807,1,active,Sparse_ARFF,146.0,1026.0,0.0,0.0,1025.0,1.0,,
3556,QSAR-TID-148,1,active,Sparse_ARFF,404.0,1026.0,0.0,0.0,1025.0,1.0,,
3558,QSAR-TID-100826,1,active,Sparse_ARFF,14.0,1026.0,0.0,0.0,1025.0,1.0,,
3559,QSAR-TID-10489,1,active,Sparse_ARFF,13.0,1026.0,0.0,0.0,1025.0,1.0,,
3560,QSAR-TID-13067,1,active,Sparse_ARFF,540.0,1026.0,0.0,0.0,1025.0,1.0,,
3561,QSAR-TID-17034,1,active,Sparse_ARFF,116.0,1026.0,0.0,0.0,1025.0,1.0,,
3562,QSAR-TID-102733,1,active,Sparse_ARFF,41.0,1026.0,0.0,0.0,1025.0,1.0,,
3563,QSAR-TID-100789,1,active,Sparse_ARFF,676.0,1026.0,0.0,0.0,1025.0,1.0,,
3564,QSAR-TID-20112,1,active,Sparse_ARFF,240.0,1026.0,0.0,0.0,1025.0,1.0,,
3565,QSAR-TID-10304,1,active,Sparse_ARFF,992.0,1026.0,0.0,0.0,1025.0,1.0,,
3566,QSAR-TID-12753,1,active,Sparse_ARFF,23.0,1026.0,0.0,0.0,1025.0,1.0,,
3567,QSAR-TID-10044,1,active,Sparse_ARFF,939.0,1026.0,0.0,0.0,1025.0,1.0,,
3568,QSAR-TID-30018,1,active,Sparse_ARFF,903.0,1026.0,0.0,0.0,1025.0,1.0,,
3569,QSAR-TID-112,1,active,Sparse_ARFF,692.0,1026.0,0.0,0.0,1025.0,1.0,,
3570,QSAR-TID-12971,1,active,Sparse_ARFF,188.0,1026.0,0.0,0.0,1025.0,1.0,,
3571,QSAR-TID-10919,1,active,Sparse_ARFF,386.0,1026.0,0.0,0.0,1025.0,1.0,,
3572,QSAR-TID-10960,1,active,Sparse_ARFF,70.0,1026.0,0.0,0.0,1025.0,1.0,,
3573,QSAR-TID-20067,1,active,Sparse_ARFF,29.0,1026.0,0.0,0.0,1025.0,1.0,,
3574,QSAR-TID-10958,1,active,Sparse_ARFF,107.0,1026.0,0.0,0.0,1025.0,1.0,,
3575,QSAR-TID-100579,1,active,Sparse_ARFF,564.0,1026.0,0.0,0.0,1025.0,1.0,,
3576,QSAR-TID-100895,1,active,Sparse_ARFF,21.0,1026.0,0.0,0.0,1025.0,1.0,,
3577,QSAR-TID-103446,1,active,Sparse_ARFF,73.0,1026.0,0.0,0.0,1025.0,1.0,,
3578,QSAR-TID-262,1,active,Sparse_ARFF,429.0,1026.0,0.0,0.0,1025.0,1.0,,
3579,QSAR-TID-12295,1,active,Sparse_ARFF,15.0,1026.0,0.0,0.0,1025.0,1.0,,
3580,QSAR-TID-103140,1,active,Sparse_ARFF,73.0,1026.0,0.0,0.0,1025.0,1.0,,
3581,QSAR-TID-10580,1,active,Sparse_ARFF,1926.0,1026.0,0.0,0.0,1025.0,1.0,,
3582,QSAR-TID-10004,1,active,Sparse_ARFF,14.0,1026.0,0.0,0.0,1025.0,1.0,,
3583,QSAR-TID-10477,1,active,Sparse_ARFF,682.0,1026.0,0.0,0.0,1025.0,1.0,,
3584,QSAR-TID-12665,1,active,Sparse_ARFF,899.0,1026.0,0.0,0.0,1025.0,1.0,,
3585,QSAR-TID-11534,1,active,Sparse_ARFF,1703.0,1026.0,0.0,0.0,1025.0,1.0,,
3586,QSAR-TID-104390,1,active,Sparse_ARFF,14.0,1026.0,0.0,0.0,1025.0,1.0,,
3587,QSAR-TID-101183,1,active,Sparse_ARFF,78.0,1026.0,0.0,0.0,1025.0,1.0,,
3588,QSAR-TID-11873,1,active,Sparse_ARFF,115.0,1026.0,0.0,0.0,1025.0,1.0,,
3589,QSAR-TID-100186,1,active,Sparse_ARFF,360.0,1026.0,0.0,0.0,1025.0,1.0,,
3590,QSAR-TID-17115,1,active,Sparse_ARFF,23.0,1026.0,0.0,0.0,1025.0,1.0,,
3591,QSAR-TID-101204,1,active,Sparse_ARFF,75.0,1026.0,0.0,0.0,1025.0,1.0,,
3592,QSAR-TID-12077,1,active,Sparse_ARFF,53.0,1026.0,0.0,0.0,1025.0,1.0,,
3593,QSAR-TID-11113,1,active,Sparse_ARFF,94.0,1026.0,0.0,0.0,1025.0,1.0,,
3594,QSAR-TID-11056,1,active,Sparse_ARFF,41.0,1026.0,0.0,0.0,1025.0,1.0,,
3595,QSAR-TID-102576,1,active,Sparse_ARFF,17.0,1026.0,0.0,0.0,1025.0,1.0,,
3596,QSAR-TID-10438,1,active,Sparse_ARFF,565.0,1026.0,0.0,0.0,1025.0,1.0,,
3597,QSAR-TID-143,1,active,Sparse_ARFF,393.0,1026.0,0.0,0.0,1025.0,1.0,,
3598,QSAR-TID-10439,1,active,Sparse_ARFF,149.0,1026.0,0.0,0.0,1025.0,1.0,,
3599,QSAR-TID-101349,1,active,Sparse_ARFF,652.0,1026.0,0.0,0.0,1025.0,1.0,,
3600,QSAR-TID-10956,1,active,Sparse_ARFF,52.0,1026.0,0.0,0.0,1025.0,1.0,,
3601,QSAR-TID-13000,1,active,Sparse_ARFF,3459.0,1026.0,0.0,0.0,1025.0,1.0,,
3602,QSAR-TID-100853,1,active,Sparse_ARFF,76.0,1026.0,0.0,0.0,1025.0,1.0,,
3603,QSAR-TID-10614,1,active,Sparse_ARFF,246.0,1026.0,0.0,0.0,1025.0,1.0,,
3604,QSAR-TID-8,1,active,Sparse_ARFF,1739.0,1026.0,0.0,0.0,1025.0,1.0,,
3605,QSAR-TID-10527,1,active,Sparse_ARFF,294.0,1026.0,0.0,0.0,1025.0,1.0,,
3606,QSAR-TID-38,1,active,Sparse_ARFF,70.0,1026.0,0.0,0.0,1025.0,1.0,,
3607,QSAR-TID-10300,1,active,Sparse_ARFF,20.0,1026.0,0.0,0.0,1025.0,1.0,,
3608,QSAR-TID-11141,1,active,Sparse_ARFF,38.0,1026.0,0.0,0.0,1025.0,1.0,,
3609,QSAR-TID-11019,1,active,Sparse_ARFF,592.0,1026.0,0.0,0.0,1025.0,1.0,,
3610,QSAR-TID-102678,1,active,Sparse_ARFF,79.0,1026.0,0.0,0.0,1025.0,1.0,,
3611,QSAR-TID-124,1,active,Sparse_ARFF,1745.0,1026.0,0.0,0.0,1025.0,1.0,,
3612,QSAR-TID-11409,1,active,Sparse_ARFF,927.0,1026.0,0.0,0.0,1025.0,1.0,,
3613,QSAR-TID-10505,1,active,Sparse_ARFF,64.0,1026.0,0.0,0.0,1025.0,1.0,,
3614,QSAR-TID-20166,1,active,Sparse_ARFF,561.0,1026.0,0.0,0.0,1025.0,1.0,,
3615,QSAR-TID-12832,1,active,Sparse_ARFF,478.0,1026.0,0.0,0.0,1025.0,1.0,,
3616,QSAR-TID-105,1,active,Sparse_ARFF,1251.0,1026.0,0.0,0.0,1025.0,1.0,,
3617,QSAR-TID-103095,1,active,Sparse_ARFF,73.0,1026.0,0.0,0.0,1025.0,1.0,,
3618,QSAR-TID-12512,1,active,Sparse_ARFF,2866.0,1026.0,0.0,0.0,1025.0,1.0,,
3619,QSAR-TID-11006,1,active,Sparse_ARFF,692.0,1026.0,0.0,0.0,1025.0,1.0,,
3620,QSAR-TID-102840,1,active,Sparse_ARFF,18.0,1026.0,0.0,0.0,1025.0,1.0,,
3621,QSAR-TID-30016,1,active,Sparse_ARFF,97.0,1026.0,0.0,0.0,1025.0,1.0,,
3622,QSAR-TID-100872,1,active,Sparse_ARFF,533.0,1026.0,0.0,0.0,1025.0,1.0,,
3623,QSAR-TID-101433,1,active,Sparse_ARFF,81.0,1026.0,0.0,0.0,1025.0,1.0,,
3624,QSAR-TID-101220,1,active,Sparse_ARFF,709.0,1026.0,0.0,0.0,1025.0,1.0,,
3625,QSAR-TID-11000,1,active,Sparse_ARFF,12.0,1026.0,0.0,0.0,1025.0,1.0,,
3626,QSAR-TID-103437,1,active,Sparse_ARFF,73.0,1026.0,0.0,0.0,1025.0,1.0,,
3627,QSAR-TID-100942,1,active,Sparse_ARFF,10.0,1026.0,0.0,0.0,1025.0,1.0,,
3628,QSAR-TID-12294,1,active,Sparse_ARFF,290.0,1026.0,0.0,0.0,1025.0,1.0,,
3629,QSAR-TID-100917,1,active,Sparse_ARFF,122.0,1026.0,0.0,0.0,1025.0,1.0,,
3630,QSAR-TID-101281,1,active,Sparse_ARFF,670.0,1026.0,0.0,0.0,1025.0,1.0,,
3631,QSAR-TID-12719,1,active,Sparse_ARFF,54.0,1026.0,0.0,0.0,1025.0,1.0,,
3632,QSAR-TID-10928,1,active,Sparse_ARFF,125.0,1026.0,0.0,0.0,1025.0,1.0,,
3633,QSAR-TID-100452,1,active,Sparse_ARFF,46.0,1026.0,0.0,0.0,1025.0,1.0,,
3634,QSAR-TID-105654,1,active,Sparse_ARFF,11.0,1026.0,0.0,0.0,1025.0,1.0,,
3635,QSAR-TID-102473,1,active,Sparse_ARFF,73.0,1026.0,0.0,0.0,1025.0,1.0,,
3636,QSAR-TID-101036,1,active,Sparse_ARFF,25.0,1026.0,0.0,0.0,1025.0,1.0,,
3637,QSAR-TID-11617,1,active,Sparse_ARFF,309.0,1026.0,0.0,0.0,1025.0,1.0,,
3638,QSAR-TID-12037,1,active,Sparse_ARFF,83.0,1026.0,0.0,0.0,1025.0,1.0,,
3639,QSAR-TID-12790,1,active,Sparse_ARFF,30.0,1026.0,0.0,0.0,1025.0,1.0,,
3640,QSAR-TID-11260,1,active,Sparse_ARFF,149.0,1026.0,0.0,0.0,1025.0,1.0,,
3641,QSAR-TID-11606,1,active,Sparse_ARFF,29.0,1026.0,0.0,0.0,1025.0,1.0,,
3642,QSAR-TID-10586,1,active,Sparse_ARFF,13.0,1026.0,0.0,0.0,1025.0,1.0,,
3643,QSAR-TID-102578,1,active,Sparse_ARFF,17.0,1026.0,0.0,0.0,1025.0,1.0,,
3644,QSAR-TID-101610,1,active,Sparse_ARFF,145.0,1026.0,0.0,0.0,1025.0,1.0,,
3645,QSAR-TID-102391,1,active,Sparse_ARFF,516.0,1026.0,0.0,0.0,1025.0,1.0,,
3646,QSAR-TID-12202,1,active,Sparse_ARFF,34.0,1026.0,0.0,0.0,1025.0,1.0,,
3647,QSAR-TID-19639,1,active,Sparse_ARFF,958.0,1026.0,0.0,0.0,1025.0,1.0,,
3648,QSAR-TID-102580,1,active,Sparse_ARFF,17.0,1026.0,0.0,0.0,1025.0,1.0,,
3649,QSAR-TID-30025,1,active,Sparse_ARFF,813.0,1026.0,0.0,0.0,1025.0,1.0,,
3650,QSAR-TID-103726,1,active,Sparse_ARFF,348.0,1026.0,0.0,0.0,1025.0,1.0,,
3651,QSAR-TID-11522,1,active,Sparse_ARFF,1585.0,1026.0,0.0,0.0,1025.0,1.0,,
3652,QSAR-TID-100415,1,active,Sparse_ARFF,804.0,1026.0,0.0,0.0,1025.0,1.0,,
3653,QSAR-TID-17052,1,active,Sparse_ARFF,55.0,1026.0,0.0,0.0,1025.0,1.0,,
3654,QSAR-TID-100833,1,active,Sparse_ARFF,83.0,1026.0,0.0,0.0,1025.0,1.0,,
3655,QSAR-TID-11720,1,active,Sparse_ARFF,1027.0,1026.0,0.0,0.0,1025.0,1.0,,
3656,QSAR-TID-99,1,active,Sparse_ARFF,62.0,1026.0,0.0,0.0,1025.0,1.0,,
3657,QSAR-TID-12968,1,active,Sparse_ARFF,668.0,1026.0,0.0,0.0,1025.0,1.0,,
3658,QSAR-TID-57,1,active,Sparse_ARFF,269.0,1026.0,0.0,0.0,1025.0,1.0,,
3659,QSAR-TID-10403,1,active,Sparse_ARFF,935.0,1026.0,0.0,0.0,1025.0,1.0,,
3660,QSAR-TID-101607,1,active,Sparse_ARFF,80.0,1026.0,0.0,0.0,1025.0,1.0,,
3661,QSAR-TID-20137,1,active,Sparse_ARFF,101.0,1026.0,0.0,0.0,1025.0,1.0,,
3662,QSAR-TID-101179,1,active,Sparse_ARFF,80.0,1026.0,0.0,0.0,1025.0,1.0,,
3663,QSAR-TID-17033,1,active,Sparse_ARFF,270.0,1026.0,0.0,0.0,1025.0,1.0,,
3664,QSAR-TID-12013,1,active,Sparse_ARFF,200.0,1026.0,0.0,0.0,1025.0,1.0,,
3665,QSAR-TID-19607,1,active,Sparse_ARFF,143.0,1026.0,0.0,0.0,1025.0,1.0,,
3666,QSAR-TID-10971,1,active,Sparse_ARFF,108.0,1026.0,0.0,0.0,1025.0,1.0,,
3667,QSAR-TID-10964,1,active,Sparse_ARFF,165.0,1026.0,0.0,0.0,1025.0,1.0,,
3668,QSAR-TID-100071,1,active,Sparse_ARFF,90.0,1026.0,0.0,0.0,1025.0,1.0,,
3669,QSAR-TID-19624,1,active,Sparse_ARFF,52.0,1026.0,0.0,0.0,1025.0,1.0,,
3670,QSAR-TID-19907,1,active,Sparse_ARFF,13.0,1026.0,0.0,0.0,1025.0,1.0,,
3671,QSAR-TID-30042,1,active,Sparse_ARFF,81.0,1026.0,0.0,0.0,1025.0,1.0,,
3672,QSAR-TID-101404,1,active,Sparse_ARFF,121.0,1026.0,0.0,0.0,1025.0,1.0,,
3673,QSAR-TID-12861,1,active,Sparse_ARFF,235.0,1026.0,0.0,0.0,1025.0,1.0,,
3674,QSAR-TID-12635,1,active,Sparse_ARFF,85.0,1026.0,0.0,0.0,1025.0,1.0,,
3675,QSAR-TID-10908,1,active,Sparse_ARFF,13.0,1026.0,0.0,0.0,1025.0,1.0,,
3676,QSAR-TID-214,1,active,Sparse_ARFF,770.0,1026.0,0.0,0.0,1025.0,1.0,,
3677,QSAR-TID-11635,1,active,Sparse_ARFF,1003.0,1026.0,0.0,0.0,1025.0,1.0,,
3678,QSAR-TID-12469,1,active,Sparse_ARFF,102.0,1026.0,0.0,0.0,1025.0,1.0,,
3679,QSAR-TID-101317,1,active,Sparse_ARFF,99.0,1026.0,0.0,0.0,1025.0,1.0,,
3680,QSAR-TID-30006,1,active,Sparse_ARFF,82.0,1026.0,0.0,0.0,1025.0,1.0,,
3681,QSAR-TID-12299,1,active,Sparse_ARFF,45.0,1026.0,0.0,0.0,1025.0,1.0,,
3682,QSAR-TID-100790,1,active,Sparse_ARFF,170.0,1026.0,0.0,0.0,1025.0,1.0,,
3683,QSAR-TID-18033,1,active,Sparse_ARFF,137.0,1026.0,0.0,0.0,1025.0,1.0,,
3684,QSAR-TID-10651,1,active,Sparse_ARFF,235.0,1026.0,0.0,0.0,1025.0,1.0,,
3685,QSAR-TID-12214,1,active,Sparse_ARFF,330.0,1026.0,0.0,0.0,1025.0,1.0,,
3686,QSAR-TID-10014,1,active,Sparse_ARFF,979.0,1026.0,0.0,0.0,1025.0,1.0,,
3687,QSAR-TID-11281,1,active,Sparse_ARFF,43.0,1026.0,0.0,0.0,1025.0,1.0,,
3688,QSAR-TID-11848,1,active,Sparse_ARFF,66.0,1026.0,0.0,0.0,1025.0,1.0,,
3689,QSAR-TID-10549,1,active,Sparse_ARFF,532.0,1026.0,0.0,0.0,1025.0,1.0,,
3690,QSAR-TID-10008,1,active,Sparse_ARFF,189.0,1026.0,0.0,0.0,1025.0,1.0,,
3691,QSAR-TID-10984,1,active,Sparse_ARFF,20.0,1026.0,0.0,0.0,1025.0,1.0,,
3692,QSAR-TID-12679,1,active,Sparse_ARFF,337.0,1026.0,0.0,0.0,1025.0,1.0,,
3693,QSAR-TID-11192,1,active,Sparse_ARFF,380.0,1026.0,0.0,0.0,1025.0,1.0,,
3694,QSAR-TID-10466,1,active,Sparse_ARFF,78.0,1026.0,0.0,0.0,1025.0,1.0,,
3695,QSAR-TID-30005,1,active,Sparse_ARFF,81.0,1026.0,0.0,0.0,1025.0,1.0,,
3696,QSAR-TID-11842,1,active,Sparse_ARFF,919.0,1026.0,0.0,0.0,1025.0,1.0,,
3697,QSAR-TID-11629,1,active,Sparse_ARFF,688.0,1026.0,0.0,0.0,1025.0,1.0,,
3698,QSAR-TID-12793,1,active,Sparse_ARFF,85.0,1026.0,0.0,0.0,1025.0,1.0,,
3699,QSAR-TID-12947,1,active,Sparse_ARFF,1287.0,1026.0,0.0,0.0,1025.0,1.0,,
3700,QSAR-TID-10407,1,active,Sparse_ARFF,176.0,1026.0,0.0,0.0,1025.0,1.0,,
3701,QSAR-TID-14070,1,active,Sparse_ARFF,33.0,1026.0,0.0,0.0,1025.0,1.0,,
3702,QSAR-TID-101130,1,active,Sparse_ARFF,79.0,1026.0,0.0,0.0,1025.0,1.0,,
3703,QSAR-TID-10441,1,active,Sparse_ARFF,304.0,1026.0,0.0,0.0,1025.0,1.0,,
3704,QSAR-TID-12720,1,active,Sparse_ARFF,21.0,1026.0,0.0,0.0,1025.0,1.0,,
3705,QSAR-TID-12449,1,active,Sparse_ARFF,65.0,1026.0,0.0,0.0,1025.0,1.0,,
3706,QSAR-TID-12956,1,active,Sparse_ARFF,33.0,1026.0,0.0,0.0,1025.0,1.0,,
3707,QSAR-TID-25,1,active,Sparse_ARFF,1897.0,1026.0,0.0,0.0,1025.0,1.0,,
3708,QSAR-TID-12919,1,active,Sparse_ARFF,79.0,1026.0,0.0,0.0,1025.0,1.0,,
3709,QSAR-TID-102815,1,active,Sparse_ARFF,34.0,1026.0,0.0,0.0,1025.0,1.0,,
3710,QSAR-TID-11188,1,active,Sparse_ARFF,39.0,1026.0,0.0,0.0,1025.0,1.0,,
3711,QSAR-TID-10331,1,active,Sparse_ARFF,303.0,1026.0,0.0,0.0,1025.0,1.0,,
3712,QSAR-TID-64,1,active,Sparse_ARFF,358.0,1026.0,0.0,0.0,1025.0,1.0,,
3713,QSAR-TID-11752,1,active,Sparse_ARFF,985.0,1026.0,0.0,0.0,1025.0,1.0,,
3714,QSAR-TID-11119,1,active,Sparse_ARFF,192.0,1026.0,0.0,0.0,1025.0,1.0,,
3715,QSAR-TID-102927,1,active,Sparse_ARFF,212.0,1026.0,0.0,0.0,1025.0,1.0,,
3716,QSAR-TID-30033,1,active,Sparse_ARFF,84.0,1026.0,0.0,0.0,1025.0,1.0,,
3717,QSAR-TID-103433,1,active,Sparse_ARFF,73.0,1026.0,0.0,0.0,1025.0,1.0,,
3718,QSAR-TID-30029,1,active,Sparse_ARFF,82.0,1026.0,0.0,0.0,1025.0,1.0,,
3719,QSAR-TID-100052,1,active,Sparse_ARFF,26.0,1026.0,0.0,0.0,1025.0,1.0,,
3720,QSAR-TID-17074,1,active,Sparse_ARFF,671.0,1026.0,0.0,0.0,1025.0,1.0,,
3721,QSAR-TID-11061,1,active,Sparse_ARFF,291.0,1026.0,0.0,0.0,1025.0,1.0,,
3722,QSAR-TID-30003,1,active,Sparse_ARFF,778.0,1026.0,0.0,0.0,1025.0,1.0,,
3723,QSAR-TID-10747,1,active,Sparse_ARFF,13.0,1026.0,0.0,0.0,1025.0,1.0,,
3724,QSAR-TID-10679,1,active,Sparse_ARFF,262.0,1026.0,0.0,0.0,1025.0,1.0,,
3725,QSAR-TID-10674,1,active,Sparse_ARFF,511.0,1026.0,0.0,0.0,1025.0,1.0,,
3726,QSAR-TID-30046,1,active,Sparse_ARFF,81.0,1026.0,0.0,0.0,1025.0,1.0,,
3727,QSAR-TID-12076,1,active,Sparse_ARFF,512.0,1026.0,0.0,0.0,1025.0,1.0,,
3728,QSAR-TID-11337,1,active,Sparse_ARFF,11.0,1026.0,0.0,0.0,1025.0,1.0,,
3729,QSAR-TID-17063,1,active,Sparse_ARFF,48.0,1026.0,0.0,0.0,1025.0,1.0,,
3730,QSAR-TID-11408,1,active,Sparse_ARFF,1211.0,1026.0,0.0,0.0,1025.0,1.0,,
3731,QSAR-TID-43,1,active,Sparse_ARFF,1577.0,1026.0,0.0,0.0,1025.0,1.0,,
3732,QSAR-TID-101405,1,active,Sparse_ARFF,117.0,1026.0,0.0,0.0,1025.0,1.0,,
3733,QSAR-TID-11622,1,active,Sparse_ARFF,792.0,1026.0,0.0,0.0,1025.0,1.0,,
3734,QSAR-TID-11569,1,active,Sparse_ARFF,120.0,1026.0,0.0,0.0,1025.0,1.0,,
3735,QSAR-TID-11680,1,active,Sparse_ARFF,395.0,1026.0,0.0,0.0,1025.0,1.0,,
3736,QSAR-TID-20129,1,active,Sparse_ARFF,17.0,1026.0,0.0,0.0,1025.0,1.0,,
3737,QSAR-TID-101199,1,active,Sparse_ARFF,341.0,1026.0,0.0,0.0,1025.0,1.0,,
3738,QSAR-TID-17089,1,active,Sparse_ARFF,17.0,1026.0,0.0,0.0,1025.0,1.0,,
3739,QSAR-TID-12017,1,active,Sparse_ARFF,62.0,1026.0,0.0,0.0,1025.0,1.0,,
3740,QSAR-TID-18025,1,active,Sparse_ARFF,21.0,1026.0,0.0,0.0,1025.0,1.0,,
3741,QSAR-TID-11149,1,active,Sparse_ARFF,1521.0,1026.0,0.0,0.0,1025.0,1.0,,
3742,QSAR-TID-30019,1,active,Sparse_ARFF,84.0,1026.0,0.0,0.0,1025.0,1.0,,
3743,QSAR-TID-10078,1,active,Sparse_ARFF,55.0,1026.0,0.0,0.0,1025.0,1.0,,
3744,QSAR-TID-104430,1,active,Sparse_ARFF,41.0,1026.0,0.0,0.0,1025.0,1.0,,
3745,QSAR-TID-10684,1,active,Sparse_ARFF,122.0,1026.0,0.0,0.0,1025.0,1.0,,
3746,QSAR-TID-10222,1,active,Sparse_ARFF,60.0,1026.0,0.0,0.0,1025.0,1.0,,
3747,QSAR-TID-12226,1,active,Sparse_ARFF,665.0,1026.0,0.0,0.0,1025.0,1.0,,
3748,QSAR-TID-12831,1,active,Sparse_ARFF,85.0,1026.0,0.0,0.0,1025.0,1.0,,
3749,QSAR-TID-10529,1,active,Sparse_ARFF,2578.0,1026.0,0.0,0.0,1025.0,1.0,,
3750,QSAR-TID-119,1,active,Sparse_ARFF,15.0,1026.0,0.0,0.0,1025.0,1.0,,
3751,QSAR-TID-100613,1,active,Sparse_ARFF,51.0,1026.0,0.0,0.0,1025.0,1.0,,
3752,QSAR-TID-248,1,active,Sparse_ARFF,923.0,1026.0,0.0,0.0,1025.0,1.0,,
3753,QSAR-TID-10436,1,active,Sparse_ARFF,143.0,1026.0,0.0,0.0,1025.0,1.0,,
3754,QSAR-TID-11615,1,active,Sparse_ARFF,37.0,1026.0,0.0,0.0,1025.0,1.0,,
3755,QSAR-TID-10542,1,active,Sparse_ARFF,351.0,1026.0,0.0,0.0,1025.0,1.0,,
3756,QSAR-TID-102399,1,active,Sparse_ARFF,82.0,1026.0,0.0,0.0,1025.0,1.0,,
3757,QSAR-TID-11639,1,active,Sparse_ARFF,201.0,1026.0,0.0,0.0,1025.0,1.0,,
3758,QSAR-TID-20128,1,active,Sparse_ARFF,100.0,1026.0,0.0,0.0,1025.0,1.0,,
3759,QSAR-TID-69,1,active,Sparse_ARFF,569.0,1026.0,0.0,0.0,1025.0,1.0,,
3760,QSAR-TID-117,1,active,Sparse_ARFF,818.0,1026.0,0.0,0.0,1025.0,1.0,,
3761,QSAR-TID-11536,1,active,Sparse_ARFF,1306.0,1026.0,0.0,0.0,1025.0,1.0,,
3762,QSAR-TID-10889,1,active,Sparse_ARFF,14.0,1026.0,0.0,0.0,1025.0,1.0,,
3763,QSAR-TID-10677,1,active,Sparse_ARFF,59.0,1026.0,0.0,0.0,1025.0,1.0,,
3764,QSAR-TID-30026,1,active,Sparse_ARFF,553.0,1026.0,0.0,0.0,1025.0,1.0,,
3765,QSAR-TID-30013,1,active,Sparse_ARFF,244.0,1026.0,0.0,0.0,1025.0,1.0,,
3766,QSAR-TID-11626,1,active,Sparse_ARFF,507.0,1026.0,0.0,0.0,1025.0,1.0,,
3767,QSAR-TID-11843,1,active,Sparse_ARFF,84.0,1026.0,0.0,0.0,1025.0,1.0,,
3768,QSAR-TID-10323,1,active,Sparse_ARFF,97.0,1026.0,0.0,0.0,1025.0,1.0,,
3769,QSAR-TID-10579,1,active,Sparse_ARFF,388.0,1026.0,0.0,0.0,1025.0,1.0,,
3770,QSAR-TID-103088,1,active,Sparse_ARFF,13.0,1026.0,0.0,0.0,1025.0,1.0,,
3771,QSAR-TID-100098,1,active,Sparse_ARFF,472.0,1026.0,0.0,0.0,1025.0,1.0,,
3772,QSAR-TID-12825,1,active,Sparse_ARFF,847.0,1026.0,0.0,0.0,1025.0,1.0,,
3773,QSAR-TID-10613,1,active,Sparse_ARFF,247.0,1026.0,0.0,0.0,1025.0,1.0,,
3774,QSAR-TID-11947,1,active,Sparse_ARFF,17.0,1026.0,0.0,0.0,1025.0,1.0,,
3775,QSAR-TID-88,1,active,Sparse_ARFF,895.0,1026.0,0.0,0.0,1025.0,1.0,,
3776,QSAR-TID-10131,1,active,Sparse_ARFF,1979.0,1026.0,0.0,0.0,1025.0,1.0,,
3777,QSAR-TID-10235,1,active,Sparse_ARFF,93.0,1026.0,0.0,0.0,1025.0,1.0,,
3778,QSAR-TID-11336,1,active,Sparse_ARFF,1199.0,1026.0,0.0,0.0,1025.0,1.0,,
3779,QSAR-TID-10927,1,active,Sparse_ARFF,446.0,1026.0,0.0,0.0,1025.0,1.0,,
3780,QSAR-TID-11926,1,active,Sparse_ARFF,756.0,1026.0,0.0,0.0,1025.0,1.0,,
3781,QSAR-TID-20084,1,active,Sparse_ARFF,17.0,1026.0,0.0,0.0,1025.0,1.0,,
3782,QSAR-TID-100429,1,active,Sparse_ARFF,45.0,1026.0,0.0,0.0,1025.0,1.0,,
3783,QSAR-TID-128,1,active,Sparse_ARFF,1386.0,1026.0,0.0,0.0,1025.0,1.0,,
3784,QSAR-TID-10711,1,active,Sparse_ARFF,66.0,1026.0,0.0,0.0,1025.0,1.0,,
3785,QSAR-TID-100852,1,active,Sparse_ARFF,747.0,1026.0,0.0,0.0,1025.0,1.0,,
3786,QSAR-TID-100633,1,active,Sparse_ARFF,37.0,1026.0,0.0,0.0,1025.0,1.0,,
3787,QSAR-TID-11046,1,active,Sparse_ARFF,392.0,1026.0,0.0,0.0,1025.0,1.0,,
3788,QSAR-TID-100126,1,active,Sparse_ARFF,747.0,1026.0,0.0,0.0,1025.0,1.0,,
3789,QSAR-TID-13004,1,active,Sparse_ARFF,692.0,1026.0,0.0,0.0,1025.0,1.0,,
3790,QSAR-TID-17080,1,active,Sparse_ARFF,1135.0,1026.0,0.0,0.0,1025.0,1.0,,
3791,QSAR-TID-10564,1,active,Sparse_ARFF,32.0,1026.0,0.0,0.0,1025.0,1.0,,
3792,QSAR-TID-11638,1,active,Sparse_ARFF,1180.0,1026.0,0.0,0.0,1025.0,1.0,,
3793,QSAR-TID-12,1,active,Sparse_ARFF,927.0,1026.0,0.0,0.0,1025.0,1.0,,
3794,QSAR-TID-10778,1,active,Sparse_ARFF,82.0,1026.0,0.0,0.0,1025.0,1.0,,
3795,QSAR-TID-14073,1,active,Sparse_ARFF,27.0,1026.0,0.0,0.0,1025.0,1.0,,
3797,QSAR-TID-11589,1,active,Sparse_ARFF,82.0,1026.0,0.0,0.0,1025.0,1.0,,
3798,QSAR-TID-10486,1,active,Sparse_ARFF,57.0,1026.0,0.0,0.0,1025.0,1.0,,
3799,QSAR-TID-10939,1,active,Sparse_ARFF,81.0,1026.0,0.0,0.0,1025.0,1.0,,
3800,QSAR-TID-104261,1,active,Sparse_ARFF,30.0,1026.0,0.0,0.0,1025.0,1.0,,
3801,QSAR-TID-100845,1,active,Sparse_ARFF,836.0,1026.0,0.0,0.0,1025.0,1.0,,
3802,QSAR-TID-12789,1,active,Sparse_ARFF,309.0,1026.0,0.0,0.0,1025.0,1.0,,
3803,QSAR-TID-103435,1,active,Sparse_ARFF,73.0,1026.0,0.0,0.0,1025.0,1.0,,
3804,QSAR-TID-11530,1,active,Sparse_ARFF,49.0,1026.0,0.0,0.0,1025.0,1.0,,
3805,QSAR-TID-11685,1,active,Sparse_ARFF,154.0,1026.0,0.0,0.0,1025.0,1.0,,
3806,QSAR-TID-101477,1,active,Sparse_ARFF,13.0,1026.0,0.0,0.0,1025.0,1.0,,
3807,QSAR-TID-101465,1,active,Sparse_ARFF,79.0,1026.0,0.0,0.0,1025.0,1.0,,
3808,QSAR-TID-101417,1,active,Sparse_ARFF,14.0,1026.0,0.0,0.0,1025.0,1.0,,
3809,QSAR-TID-11082,1,active,Sparse_ARFF,1695.0,1026.0,0.0,0.0,1025.0,1.0,,
3810,QSAR-TID-12862,1,active,Sparse_ARFF,395.0,1026.0,0.0,0.0,1025.0,1.0,,
3811,QSAR-TID-10885,1,active,Sparse_ARFF,937.0,1026.0,0.0,0.0,1025.0,1.0,,
3812,QSAR-TID-50,1,active,Sparse_ARFF,1414.0,1026.0,0.0,0.0,1025.0,1.0,,
3813,QSAR-TID-100412,1,active,Sparse_ARFF,906.0,1026.0,0.0,0.0,1025.0,1.0,,
3814,QSAR-TID-12592,1,active,Sparse_ARFF,2615.0,1026.0,0.0,0.0,1025.0,1.0,,
3816,QSAR-TID-12567,1,active,Sparse_ARFF,19.0,1026.0,0.0,0.0,1025.0,1.0,,
3817,QSAR-TID-116,1,active,Sparse_ARFF,794.0,1026.0,0.0,0.0,1025.0,1.0,,
3818,QSAR-TID-17049,1,active,Sparse_ARFF,54.0,1026.0,0.0,0.0,1025.0,1.0,,
3819,QSAR-TID-11288,1,active,Sparse_ARFF,665.0,1026.0,0.0,0.0,1025.0,1.0,,
3820,QSAR-TID-36,1,active,Sparse_ARFF,1731.0,1026.0,0.0,0.0,1025.0,1.0,,
3821,QSAR-TID-100856,1,active,Sparse_ARFF,471.0,1026.0,0.0,0.0,1025.0,1.0,,
3822,QSAR-TID-100861,1,active,Sparse_ARFF,81.0,1026.0,0.0,0.0,1025.0,1.0,,
3823,QSAR-TID-103,1,active,Sparse_ARFF,1194.0,1026.0,0.0,0.0,1025.0,1.0,,
3824,QSAR-TID-10034,1,active,Sparse_ARFF,574.0,1026.0,0.0,0.0,1025.0,1.0,,
3825,QSAR-TID-101612,1,active,Sparse_ARFF,91.0,1026.0,0.0,0.0,1025.0,1.0,,
3826,QSAR-TID-100947,1,active,Sparse_ARFF,949.0,1026.0,0.0,0.0,1025.0,1.0,,
3827,QSAR-TID-101191,1,active,Sparse_ARFF,74.0,1026.0,0.0,0.0,1025.0,1.0,,
3828,QSAR-TID-100288,1,active,Sparse_ARFF,33.0,1026.0,0.0,0.0,1025.0,1.0,,
3829,QSAR-TID-12566,1,active,Sparse_ARFF,298.0,1026.0,0.0,0.0,1025.0,1.0,,
3830,QSAR-TID-101186,1,active,Sparse_ARFF,20.0,1026.0,0.0,0.0,1025.0,1.0,,
3831,QSAR-TID-101048,1,active,Sparse_ARFF,74.0,1026.0,0.0,0.0,1025.0,1.0,,
3832,QSAR-TID-102667,1,active,Sparse_ARFF,106.0,1026.0,0.0,0.0,1025.0,1.0,,
3833,QSAR-TID-12898,1,active,Sparse_ARFF,12.0,1026.0,0.0,0.0,1025.0,1.0,,
3834,QSAR-TID-12780,1,active,Sparse_ARFF,121.0,1026.0,0.0,0.0,1025.0,1.0,,
3835,QSAR-TID-10003,1,active,Sparse_ARFF,1187.0,1026.0,0.0,0.0,1025.0,1.0,,
3836,QSAR-TID-142,1,active,Sparse_ARFF,300.0,1026.0,0.0,0.0,1025.0,1.0,,
3837,QSAR-TID-12023,1,active,Sparse_ARFF,283.0,1026.0,0.0,0.0,1025.0,1.0,,
3838,QSAR-TID-10216,1,active,Sparse_ARFF,864.0,1026.0,0.0,0.0,1025.0,1.0,,
3839,QSAR-TID-11089,1,active,Sparse_ARFF,28.0,1026.0,0.0,0.0,1025.0,1.0,,
3840,QSAR-TID-10959,1,active,Sparse_ARFF,90.0,1026.0,0.0,0.0,1025.0,1.0,,
3841,QSAR-TID-11678,1,active,Sparse_ARFF,2577.0,1026.0,0.0,0.0,1025.0,1.0,,
3842,QSAR-TID-12413,1,active,Sparse_ARFF,60.0,1026.0,0.0,0.0,1025.0,1.0,,
3843,QSAR-TID-10811,1,active,Sparse_ARFF,1480.0,1026.0,0.0,0.0,1025.0,1.0,,
3844,QSAR-TID-12347,1,active,Sparse_ARFF,16.0,1026.0,0.0,0.0,1025.0,1.0,,
3845,QSAR-TID-30034,1,active,Sparse_ARFF,162.0,1026.0,0.0,0.0,1025.0,1.0,,
3846,QSAR-TID-103780,1,active,Sparse_ARFF,12.0,1026.0,0.0,0.0,1025.0,1.0,,
3847,QSAR-TID-11736,1,active,Sparse_ARFF,1649.0,1026.0,0.0,0.0,1025.0,1.0,,
3848,QSAR-TID-11929,1,active,Sparse_ARFF,29.0,1026.0,0.0,0.0,1025.0,1.0,,
3849,QSAR-TID-11407,1,active,Sparse_ARFF,1488.0,1026.0,0.0,0.0,1025.0,1.0,,
3850,QSAR-TID-10140,1,active,Sparse_ARFF,2615.0,1026.0,0.0,0.0,1025.0,1.0,,
3851,QSAR-TID-10809,1,active,Sparse_ARFF,573.0,1026.0,0.0,0.0,1025.0,1.0,,
3852,QSAR-TID-101131,1,active,Sparse_ARFF,929.0,1026.0,0.0,0.0,1025.0,1.0,,
3853,QSAR-TID-10462,1,active,Sparse_ARFF,19.0,1026.0,0.0,0.0,1025.0,1.0,,
3854,QSAR-TID-11262,1,active,Sparse_ARFF,21.0,1026.0,0.0,0.0,1025.0,1.0,,
3855,QSAR-TID-237,1,active,Sparse_ARFF,510.0,1026.0,0.0,0.0,1025.0,1.0,,
3856,QSAR-TID-30040,1,active,Sparse_ARFF,81.0,1026.0,0.0,0.0,1025.0,1.0,,
3857,QSAR-TID-10617,1,active,Sparse_ARFF,226.0,1026.0,0.0,0.0,1025.0,1.0,,
3858,QSAR-TID-101078,1,active,Sparse_ARFF,80.0,1026.0,0.0,0.0,1025.0,1.0,,
3859,QSAR-TID-125,1,active,Sparse_ARFF,1425.0,1026.0,0.0,0.0,1025.0,1.0,,
3860,QSAR-TID-10283,1,active,Sparse_ARFF,17.0,1026.0,0.0,0.0,1025.0,1.0,,
3861,QSAR-TID-100850,1,active,Sparse_ARFF,84.0,1026.0,0.0,0.0,1025.0,1.0,,
3862,QSAR-TID-10624,1,active,Sparse_ARFF,466.0,1026.0,0.0,0.0,1025.0,1.0,,
3863,QSAR-TID-238,1,active,Sparse_ARFF,1358.0,1026.0,0.0,0.0,1025.0,1.0,,
3864,QSAR-TID-11280,1,active,Sparse_ARFF,1584.0,1026.0,0.0,0.0,1025.0,1.0,,
3865,QSAR-TID-100287,1,active,Sparse_ARFF,21.0,1026.0,0.0,0.0,1025.0,1.0,,
3866,QSAR-TID-101553,1,active,Sparse_ARFF,80.0,1026.0,0.0,0.0,1025.0,1.0,,
3867,QSAR-TID-11562,1,active,Sparse_ARFF,492.0,1026.0,0.0,0.0,1025.0,1.0,,
3868,QSAR-TID-30031,1,active,Sparse_ARFF,79.0,1026.0,0.0,0.0,1025.0,1.0,,
3869,QSAR-TID-12806,1,active,Sparse_ARFF,301.0,1026.0,0.0,0.0,1025.0,1.0,,
3870,QSAR-TID-10983,1,active,Sparse_ARFF,119.0,1026.0,0.0,0.0,1025.0,1.0,,
3871,QSAR-TID-100931,1,active,Sparse_ARFF,110.0,1026.0,0.0,0.0,1025.0,1.0,,
3872,QSAR-TID-107,1,active,Sparse_ARFF,2778.0,1026.0,0.0,0.0,1025.0,1.0,,
3873,QSAR-TID-11107,1,active,Sparse_ARFF,85.0,1026.0,0.0,0.0,1025.0,1.0,,
3874,QSAR-TID-11290,1,active,Sparse_ARFF,1171.0,1026.0,0.0,0.0,1025.0,1.0,,
3875,QSAR-TID-188,1,active,Sparse_ARFF,2230.0,1026.0,0.0,0.0,1025.0,1.0,,
3876,QSAR-TID-103469,1,active,Sparse_ARFF,23.0,1026.0,0.0,0.0,1025.0,1.0,,
3877,QSAR-TID-10626,1,active,Sparse_ARFF,24.0,1026.0,0.0,0.0,1025.0,1.0,,
3878,QSAR-TID-10026,1,active,Sparse_ARFF,621.0,1026.0,0.0,0.0,1025.0,1.0,,
3879,QSAR-TID-11426,1,active,Sparse_ARFF,307.0,1026.0,0.0,0.0,1025.0,1.0,,
3880,QSAR-TID-12114,1,active,Sparse_ARFF,131.0,1026.0,0.0,0.0,1025.0,1.0,,
3881,QSAR-TID-10961,1,active,Sparse_ARFF,176.0,1026.0,0.0,0.0,1025.0,1.0,,
3882,QSAR-TID-11298,1,active,Sparse_ARFF,65.0,1026.0,0.0,0.0,1025.0,1.0,,
3883,QSAR-TID-11090,1,active,Sparse_ARFF,19.0,1026.0,0.0,0.0,1025.0,1.0,,
3884,QSAR-TID-103081,1,active,Sparse_ARFF,43.0,1026.0,0.0,0.0,1025.0,1.0,,
3885,QSAR-TID-12247,1,active,Sparse_ARFF,1403.0,1026.0,0.0,0.0,1025.0,1.0,,
3886,QSAR-TID-95,1,active,Sparse_ARFF,31.0,1026.0,0.0,0.0,1025.0,1.0,,
3887,QSAR-TID-12243,1,active,Sparse_ARFF,29.0,1026.0,0.0,0.0,1025.0,1.0,,
3888,QSAR-TID-11968,1,active,Sparse_ARFF,338.0,1026.0,0.0,0.0,1025.0,1.0,,
3889,QSAR-TID-12659,1,active,Sparse_ARFF,577.0,1026.0,0.0,0.0,1025.0,1.0,,
3890,QSAR-TID-103584,1,active,Sparse_ARFF,30.0,1026.0,0.0,0.0,1025.0,1.0,,
3891,QSAR-TID-10351,1,active,Sparse_ARFF,13.0,1026.0,0.0,0.0,1025.0,1.0,,
3892,QSAR-TID-10453,1,active,Sparse_ARFF,35.0,1026.0,0.0,0.0,1025.0,1.0,,
3893,QSAR-TID-12627,1,active,Sparse_ARFF,612.0,1026.0,0.0,0.0,1025.0,1.0,,
3894,QSAR-TID-101613,1,active,Sparse_ARFF,96.0,1026.0,0.0,0.0,1025.0,1.0,,
3895,QSAR-TID-179,1,active,Sparse_ARFF,127.0,1026.0,0.0,0.0,1025.0,1.0,,
3896,QSAR-TID-100824,1,active,Sparse_ARFF,79.0,1026.0,0.0,0.0,1025.0,1.0,,
3897,QSAR-TID-10360,1,active,Sparse_ARFF,155.0,1026.0,0.0,0.0,1025.0,1.0,,
3898,QSAR-TID-101014,1,active,Sparse_ARFF,448.0,1026.0,0.0,0.0,1025.0,1.0,,
3899,QSAR-TID-10618,1,active,Sparse_ARFF,134.0,1026.0,0.0,0.0,1025.0,1.0,,
3900,QSAR-TID-101333,1,active,Sparse_ARFF,168.0,1026.0,0.0,0.0,1025.0,1.0,,
3901,QSAR-TID-30023,1,active,Sparse_ARFF,526.0,1026.0,0.0,0.0,1025.0,1.0,,
3902,QSAR-TID-10577,1,active,Sparse_ARFF,397.0,1026.0,0.0,0.0,1025.0,1.0,,
3903,QSAR-TID-103521,1,active,Sparse_ARFF,13.0,1026.0,0.0,0.0,1025.0,1.0,,
3904,QSAR-TID-30012,1,active,Sparse_ARFF,559.0,1026.0,0.0,0.0,1025.0,1.0,,
3905,QSAR-TID-100925,1,active,Sparse_ARFF,79.0,1026.0,0.0,0.0,1025.0,1.0,,
3906,QSAR-TID-10741,1,active,Sparse_ARFF,11.0,1026.0,0.0,0.0,1025.0,1.0,,
3907,QSAR-TID-10031,1,active,Sparse_ARFF,62.0,1026.0,0.0,0.0,1025.0,1.0,,
3908,QSAR-TID-101188,1,active,Sparse_ARFF,82.0,1026.0,0.0,0.0,1025.0,1.0,,
3909,QSAR-TID-12263,1,active,Sparse_ARFF,47.0,1026.0,0.0,0.0,1025.0,1.0,,
3910,QSAR-TID-10057,1,active,Sparse_ARFF,209.0,1026.0,0.0,0.0,1025.0,1.0,,
3911,QSAR-TID-11047,1,active,Sparse_ARFF,92.0,1026.0,0.0,0.0,1025.0,1.0,,
3912,QSAR-TID-30050,1,active,Sparse_ARFF,80.0,1026.0,0.0,0.0,1025.0,1.0,,
3913,QSAR-TID-102420,1,active,Sparse_ARFF,349.0,1026.0,0.0,0.0,1025.0,1.0,,
3914,QSAR-TID-100431,1,active,Sparse_ARFF,468.0,1026.0,0.0,0.0,1025.0,1.0,,
3915,QSAR-TID-11109,1,active,Sparse_ARFF,1976.0,1026.0,0.0,0.0,1025.0,1.0,,
3916,QSAR-TID-30001,1,active,Sparse_ARFF,717.0,1026.0,0.0,0.0,1025.0,1.0,,
3917,QSAR-TID-30037,1,active,Sparse_ARFF,711.0,1026.0,0.0,0.0,1025.0,1.0,,
3918,QSAR-TID-12396,1,active,Sparse_ARFF,93.0,1026.0,0.0,0.0,1025.0,1.0,,
3919,QSAR-TID-10785,1,active,Sparse_ARFF,83.0,1026.0,0.0,0.0,1025.0,1.0,,
3920,QSAR-TID-11279,1,active,Sparse_ARFF,522.0,1026.0,0.0,0.0,1025.0,1.0,,
3921,QSAR-TID-17121,1,active,Sparse_ARFF,182.0,1026.0,0.0,0.0,1025.0,1.0,,
3922,QSAR-TID-100414,1,active,Sparse_ARFF,266.0,1026.0,0.0,0.0,1025.0,1.0,,
3923,QSAR-TID-20110,1,active,Sparse_ARFF,59.0,1026.0,0.0,0.0,1025.0,1.0,,
3924,QSAR-TID-10297,1,active,Sparse_ARFF,84.0,1026.0,0.0,0.0,1025.0,1.0,,
3925,QSAR-TID-101090,1,active,Sparse_ARFF,48.0,1026.0,0.0,0.0,1025.0,1.0,,
3926,QSAR-TID-10627,1,active,Sparse_ARFF,2408.0,1026.0,0.0,0.0,1025.0,1.0,,
3927,QSAR-TID-11567,1,active,Sparse_ARFF,76.0,1026.0,0.0,0.0,1025.0,1.0,,
3928,QSAR-TID-100417,1,active,Sparse_ARFF,1239.0,1026.0,0.0,0.0,1025.0,1.0,,
3929,QSAR-TID-11010,1,active,Sparse_ARFF,22.0,1026.0,0.0,0.0,1025.0,1.0,,
3930,QSAR-TID-11925,1,active,Sparse_ARFF,95.0,1026.0,0.0,0.0,1025.0,1.0,,
3931,QSAR-TID-100855,1,active,Sparse_ARFF,811.0,1026.0,0.0,0.0,1025.0,1.0,,
3932,QSAR-TID-10187,1,active,Sparse_ARFF,64.0,1026.0,0.0,0.0,1025.0,1.0,,
3933,QSAR-TID-9,1,active,Sparse_ARFF,5013.0,1026.0,0.0,0.0,1025.0,1.0,,
3934,QSAR-TID-10904,1,active,Sparse_ARFF,483.0,1026.0,0.0,0.0,1025.0,1.0,,
3935,QSAR-TID-11766,1,active,Sparse_ARFF,83.0,1026.0,0.0,0.0,1025.0,1.0,,
3936,QSAR-TID-11637,1,active,Sparse_ARFF,96.0,1026.0,0.0,0.0,1025.0,1.0,,
3937,QSAR-TID-11718,1,active,Sparse_ARFF,27.0,1026.0,0.0,0.0,1025.0,1.0,,
3938,QSAR-TID-101030,1,active,Sparse_ARFF,103.0,1026.0,0.0,0.0,1025.0,1.0,,
3939,QSAR-TID-101056,1,active,Sparse_ARFF,79.0,1026.0,0.0,0.0,1025.0,1.0,,
3940,QSAR-TID-11150,1,active,Sparse_ARFF,84.0,1026.0,0.0,0.0,1025.0,1.0,,
3941,QSAR-TID-10578,1,active,Sparse_ARFF,48.0,1026.0,0.0,0.0,1025.0,1.0,,
3942,QSAR-TID-101034,1,active,Sparse_ARFF,746.0,1026.0,0.0,0.0,1025.0,1.0,,
3943,QSAR-TID-102669,1,active,Sparse_ARFF,180.0,1026.0,0.0,0.0,1025.0,1.0,,
3944,QSAR-TID-35,1,active,Sparse_ARFF,1597.0,1026.0,0.0,0.0,1025.0,1.0,,
3945,QSAR-TID-10495,1,active,Sparse_ARFF,1829.0,1026.0,0.0,0.0,1025.0,1.0,,
3947,QSAR-TID-10315,1,active,Sparse_ARFF,1086.0,1026.0,0.0,0.0,1025.0,1.0,,
3948,QSAR-TID-100143,1,active,Sparse_ARFF,15.0,1026.0,0.0,0.0,1025.0,1.0,,
3949,QSAR-TID-12471,1,active,Sparse_ARFF,406.0,1026.0,0.0,0.0,1025.0,1.0,,
3950,QSAR-TID-261,1,active,Sparse_ARFF,542.0,1026.0,0.0,0.0,1025.0,1.0,,
3951,QSAR-TID-10907,1,active,Sparse_ARFF,1443.0,1026.0,0.0,0.0,1025.0,1.0,,
3952,QSAR-TID-17000,1,active,Sparse_ARFF,31.0,1026.0,0.0,0.0,1025.0,1.0,,
3953,QSAR-TID-12965,1,active,Sparse_ARFF,74.0,1026.0,0.0,0.0,1025.0,1.0,,
3954,QSAR-TID-12854,1,active,Sparse_ARFF,62.0,1026.0,0.0,0.0,1025.0,1.0,,
3955,QSAR-TID-12406,1,active,Sparse_ARFF,62.0,1026.0,0.0,0.0,1025.0,1.0,,
3956,QSAR-TID-103800,1,active,Sparse_ARFF,91.0,1026.0,0.0,0.0,1025.0,1.0,,
3957,QSAR-TID-12038,1,active,Sparse_ARFF,143.0,1026.0,0.0,0.0,1025.0,1.0,,
3958,QSAR-TID-11806,1,active,Sparse_ARFF,27.0,1026.0,0.0,0.0,1025.0,1.0,,
3959,QSAR-TID-10062,1,active,Sparse_ARFF,211.0,1026.0,0.0,0.0,1025.0,1.0,,
3960,QSAR-TID-101408,1,active,Sparse_ARFF,583.0,1026.0,0.0,0.0,1025.0,1.0,,
3961,QSAR-TID-100435,1,active,Sparse_ARFF,22.0,1026.0,0.0,0.0,1025.0,1.0,,
3962,QSAR-TID-30041,1,active,Sparse_ARFF,81.0,1026.0,0.0,0.0,1025.0,1.0,,
3963,QSAR-TID-243,1,active,Sparse_ARFF,283.0,1026.0,0.0,0.0,1025.0,1.0,,
3964,QSAR-TID-10620,1,active,Sparse_ARFF,68.0,1026.0,0.0,0.0,1025.0,1.0,,
3965,QSAR-TID-12694,1,active,Sparse_ARFF,862.0,1026.0,0.0,0.0,1025.0,1.0,,
3966,QSAR-TID-10443,1,active,Sparse_ARFF,769.0,1026.0,0.0,0.0,1025.0,1.0,,
3967,QSAR-TID-114,1,active,Sparse_ARFF,3490.0,1026.0,0.0,0.0,1025.0,1.0,,
3968,QSAR-TID-10197,1,active,Sparse_ARFF,3058.0,1026.0,0.0,0.0,1025.0,1.0,,
3969,QSAR-TID-12568,1,active,Sparse_ARFF,340.0,1026.0,0.0,0.0,1025.0,1.0,,
3970,QSAR-TID-12135,1,active,Sparse_ARFF,48.0,1026.0,0.0,0.0,1025.0,1.0,,
3971,QSAR-TID-10796,1,active,Sparse_ARFF,536.0,1026.0,0.0,0.0,1025.0,1.0,,
3972,QSAR-TID-130,1,active,Sparse_ARFF,3133.0,1026.0,0.0,0.0,1025.0,1.0,,
3973,QSAR-TID-11239,1,active,Sparse_ARFF,70.0,1026.0,0.0,0.0,1025.0,1.0,,
3974,QSAR-TID-100129,1,active,Sparse_ARFF,513.0,1026.0,0.0,0.0,1025.0,1.0,,
3975,QSAR-TID-11126,1,active,Sparse_ARFF,14.0,1026.0,0.0,0.0,1025.0,1.0,,
3976,QSAR-TID-184,1,active,Sparse_ARFF,224.0,1026.0,0.0,0.0,1025.0,1.0,,
3977,QSAR-TID-11094,1,active,Sparse_ARFF,192.0,1026.0,0.0,0.0,1025.0,1.0,,
3978,QSAR-TID-10472,1,active,Sparse_ARFF,455.0,1026.0,0.0,0.0,1025.0,1.0,,
3979,QSAR-TID-10692,1,active,Sparse_ARFF,388.0,1026.0,0.0,0.0,1025.0,1.0,,
3980,QSAR-TID-12742,1,active,Sparse_ARFF,737.0,1026.0,0.0,0.0,1025.0,1.0,,
3981,QSAR-TID-10183,1,active,Sparse_ARFF,706.0,1026.0,0.0,0.0,1025.0,1.0,,
3982,QSAR-TID-12171,1,active,Sparse_ARFF,344.0,1026.0,0.0,0.0,1025.0,1.0,,
3983,QSAR-TID-10545,1,active,Sparse_ARFF,22.0,1026.0,0.0,0.0,1025.0,1.0,,
3984,QSAR-TID-10493,1,active,Sparse_ARFF,52.0,1026.0,0.0,0.0,1025.0,1.0,,
3985,QSAR-TID-12724,1,active,Sparse_ARFF,1257.0,1026.0,0.0,0.0,1025.0,1.0,,
3986,QSAR-TID-101434,1,active,Sparse_ARFF,74.0,1026.0,0.0,0.0,1025.0,1.0,,
3987,QSAR-TID-11871,1,active,Sparse_ARFF,462.0,1026.0,0.0,0.0,1025.0,1.0,,
3988,QSAR-TID-101033,1,active,Sparse_ARFF,75.0,1026.0,0.0,0.0,1025.0,1.0,,
3989,QSAR-TID-101278,1,active,Sparse_ARFF,79.0,1026.0,0.0,0.0,1025.0,1.0,,
3990,QSAR-TID-102826,1,active,Sparse_ARFF,10.0,1026.0,0.0,0.0,1025.0,1.0,,
3991,QSAR-TID-194,1,active,Sparse_ARFF,5188.0,1026.0,0.0,0.0,1025.0,1.0,,
3992,QSAR-TID-12104,1,active,Sparse_ARFF,118.0,1026.0,0.0,0.0,1025.0,1.0,,
3993,QSAR-TID-10320,1,active,Sparse_ARFF,138.0,1026.0,0.0,0.0,1025.0,1.0,,
3994,QSAR-TID-10797,1,active,Sparse_ARFF,47.0,1026.0,0.0,0.0,1025.0,1.0,,
3995,QSAR-TID-101073,1,active,Sparse_ARFF,73.0,1026.0,0.0,0.0,1025.0,1.0,,
3996,QSAR-TID-10207,1,active,Sparse_ARFF,89.0,1026.0,0.0,0.0,1025.0,1.0,,
3997,QSAR-TID-51,1,active,Sparse_ARFF,3356.0,1026.0,0.0,0.0,1025.0,1.0,,
3998,QSAR-TID-10230,1,active,Sparse_ARFF,19.0,1026.0,0.0,0.0,1025.0,1.0,,
3999,QSAR-TID-11430,1,active,Sparse_ARFF,614.0,1026.0,0.0,0.0,1025.0,1.0,,
4000,QSAR-TID-106,1,active,Sparse_ARFF,1236.0,1026.0,0.0,0.0,1025.0,1.0,,
4001,QSAR-TID-100042,1,active,Sparse_ARFF,14.0,1026.0,0.0,0.0,1025.0,1.0,,
4002,QSAR-TID-102718,1,active,Sparse_ARFF,31.0,1026.0,0.0,0.0,1025.0,1.0,,
4003,QSAR-TID-102711,1,active,Sparse_ARFF,74.0,1026.0,0.0,0.0,1025.0,1.0,,
4004,QSAR-TID-100075,1,active,Sparse_ARFF,145.0,1026.0,0.0,0.0,1025.0,1.0,,
4005,QSAR-TID-48,1,active,Sparse_ARFF,551.0,1026.0,0.0,0.0,1025.0,1.0,,
4006,QSAR-TID-100995,1,active,Sparse_ARFF,785.0,1026.0,0.0,0.0,1025.0,1.0,,
4007,QSAR-TID-17147,1,active,Sparse_ARFF,18.0,1026.0,0.0,0.0,1025.0,1.0,,
4008,QSAR-TID-101058,1,active,Sparse_ARFF,594.0,1026.0,0.0,0.0,1025.0,1.0,,
4009,QSAR-TID-163,1,active,Sparse_ARFF,2570.0,1026.0,0.0,0.0,1025.0,1.0,,
4010,QSAR-TID-10426,1,active,Sparse_ARFF,27.0,1026.0,0.0,0.0,1025.0,1.0,,
4011,QSAR-TID-10926,1,active,Sparse_ARFF,62.0,1026.0,0.0,0.0,1025.0,1.0,,
4012,QSAR-TID-215,1,active,Sparse_ARFF,726.0,1026.0,0.0,0.0,1025.0,1.0,,
4013,QSAR-TID-12268,1,active,Sparse_ARFF,1352.0,1026.0,0.0,0.0,1025.0,1.0,,
4014,QSAR-TID-103453,1,active,Sparse_ARFF,73.0,1026.0,0.0,0.0,1025.0,1.0,,
4015,QSAR-TID-11575,1,active,Sparse_ARFF,1490.0,1026.0,0.0,0.0,1025.0,1.0,,
4016,QSAR-TID-12708,1,active,Sparse_ARFF,469.0,1026.0,0.0,0.0,1025.0,1.0,,
4017,QSAR-TID-11110,1,active,Sparse_ARFF,969.0,1026.0,0.0,0.0,1025.0,1.0,,
4018,QSAR-TID-12244,1,active,Sparse_ARFF,10.0,1026.0,0.0,0.0,1025.0,1.0,,
4019,QSAR-TID-12983,1,active,Sparse_ARFF,810.0,1026.0,0.0,0.0,1025.0,1.0,,
4020,QSAR-TID-11225,1,active,Sparse_ARFF,2585.0,1026.0,0.0,0.0,1025.0,1.0,,
4021,QSAR-TID-100863,1,active,Sparse_ARFF,350.0,1026.0,0.0,0.0,1025.0,1.0,,
4022,QSAR-TID-10625,1,active,Sparse_ARFF,40.0,1026.0,0.0,0.0,1025.0,1.0,,
4023,QSAR-TID-30027,1,active,Sparse_ARFF,83.0,1026.0,0.0,0.0,1025.0,1.0,,
4024,QSAR-TID-10142,1,active,Sparse_ARFF,2872.0,1026.0,0.0,0.0,1025.0,1.0,,
4025,QSAR-TID-11361,1,active,Sparse_ARFF,79.0,1026.0,0.0,0.0,1025.0,1.0,,
4026,QSAR-TID-17085,1,active,Sparse_ARFF,1159.0,1026.0,0.0,0.0,1025.0,1.0,,
4027,QSAR-TID-11907,1,active,Sparse_ARFF,270.0,1026.0,0.0,0.0,1025.0,1.0,,
4028,QSAR-TID-10277,1,active,Sparse_ARFF,886.0,1026.0,0.0,0.0,1025.0,1.0,,
4029,QSAR-TID-11296,1,active,Sparse_ARFF,156.0,1026.0,0.0,0.0,1025.0,1.0,,
4030,QSAR-TID-17086,1,active,Sparse_ARFF,74.0,1026.0,0.0,0.0,1025.0,1.0,,
4031,QSAR-TID-10402,1,active,Sparse_ARFF,65.0,1026.0,0.0,0.0,1025.0,1.0,,
4032,QSAR-TID-101504,1,active,Sparse_ARFF,99.0,1026.0,0.0,0.0,1025.0,1.0,,
4033,QSAR-TID-30047,1,active,Sparse_ARFF,97.0,1026.0,0.0,0.0,1025.0,1.0,,
4034,QSAR-TID-11054,1,active,Sparse_ARFF,344.0,1026.0,0.0,0.0,1025.0,1.0,,
4035,QSAR-TID-11499,1,active,Sparse_ARFF,12.0,1026.0,0.0,0.0,1025.0,1.0,,
4036,QSAR-TID-11064,1,active,Sparse_ARFF,14.0,1026.0,0.0,0.0,1025.0,1.0,,
4037,QSAR-TID-11286,1,active,Sparse_ARFF,297.0,1026.0,0.0,0.0,1025.0,1.0,,
4038,QSAR-TID-17024,1,active,Sparse_ARFF,373.0,1026.0,0.0,0.0,1025.0,1.0,,
4039,QSAR-TID-30014,1,active,Sparse_ARFF,987.0,1026.0,0.0,0.0,1025.0,1.0,,
4040,QSAR-TID-20162,1,active,Sparse_ARFF,156.0,1026.0,0.0,0.0,1025.0,1.0,,
4041,QSAR-TID-100097,1,active,Sparse_ARFF,894.0,1026.0,0.0,0.0,1025.0,1.0,,
4042,QSAR-TID-12536,1,active,Sparse_ARFF,202.0,1026.0,0.0,0.0,1025.0,1.0,,
4043,QSAR-TID-103458,1,active,Sparse_ARFF,72.0,1026.0,0.0,0.0,1025.0,1.0,,
4044,QSAR-TID-100862,1,active,Sparse_ARFF,177.0,1026.0,0.0,0.0,1025.0,1.0,,
4045,QSAR-TID-259,1,active,Sparse_ARFF,4332.0,1026.0,0.0,0.0,1025.0,1.0,,
4046,QSAR-TID-12955,1,active,Sparse_ARFF,532.0,1026.0,0.0,0.0,1025.0,1.0,,
4047,QSAR-TID-101225,1,active,Sparse_ARFF,79.0,1026.0,0.0,0.0,1025.0,1.0,,
4048,QSAR-TID-11727,1,active,Sparse_ARFF,1174.0,1026.0,0.0,0.0,1025.0,1.0,,
4049,QSAR-TID-282,1,active,Sparse_ARFF,479.0,1026.0,0.0,0.0,1025.0,1.0,,
4050,QSAR-TID-218,1,active,Sparse_ARFF,613.0,1026.0,0.0,0.0,1025.0,1.0,,
4051,QSAR-TID-11379,1,active,Sparse_ARFF,429.0,1026.0,0.0,0.0,1025.0,1.0,,
4052,QSAR-TID-10264,1,active,Sparse_ARFF,146.0,1026.0,0.0,0.0,1025.0,1.0,,
4053,QSAR-TID-30009,1,active,Sparse_ARFF,102.0,1026.0,0.0,0.0,1025.0,1.0,,
4054,QSAR-TID-11168,1,active,Sparse_ARFF,62.0,1026.0,0.0,0.0,1025.0,1.0,,
4055,QSAR-TID-10654,1,active,Sparse_ARFF,122.0,1026.0,0.0,0.0,1025.0,1.0,,
4056,QSAR-TID-277,1,active,Sparse_ARFF,133.0,1026.0,0.0,0.0,1025.0,1.0,,
4057,QSAR-TID-10547,1,active,Sparse_ARFF,622.0,1026.0,0.0,0.0,1025.0,1.0,,
4058,QSAR-TID-11634,1,active,Sparse_ARFF,569.0,1026.0,0.0,0.0,1025.0,1.0,,
4059,QSAR-TID-10364,1,active,Sparse_ARFF,64.0,1026.0,0.0,0.0,1025.0,1.0,,
4060,QSAR-TID-11602,1,active,Sparse_ARFF,53.0,1026.0,0.0,0.0,1025.0,1.0,,
4061,QSAR-TID-11287,1,active,Sparse_ARFF,100.0,1026.0,0.0,0.0,1025.0,1.0,,
4062,QSAR-TID-10844,1,active,Sparse_ARFF,166.0,1026.0,0.0,0.0,1025.0,1.0,,
4063,QSAR-TID-245,1,active,Sparse_ARFF,20.0,1026.0,0.0,0.0,1025.0,1.0,,
4064,QSAR-TID-10695,1,active,Sparse_ARFF,1292.0,1026.0,0.0,0.0,1025.0,1.0,,
4065,QSAR-TID-100907,1,active,Sparse_ARFF,80.0,1026.0,0.0,0.0,1025.0,1.0,,
4066,QSAR-TID-10528,1,active,Sparse_ARFF,62.0,1026.0,0.0,0.0,1025.0,1.0,,
4067,QSAR-TID-11066,1,active,Sparse_ARFF,25.0,1026.0,0.0,0.0,1025.0,1.0,,
4068,QSAR-TID-100990,1,active,Sparse_ARFF,81.0,1026.0,0.0,0.0,1025.0,1.0,,
4069,QSAR-TID-101180,1,active,Sparse_ARFF,79.0,1026.0,0.0,0.0,1025.0,1.0,,
4070,QSAR-TID-100796,1,active,Sparse_ARFF,14.0,1026.0,0.0,0.0,1025.0,1.0,,
4071,QSAR-TID-10950,1,active,Sparse_ARFF,889.0,1026.0,0.0,0.0,1025.0,1.0,,
4072,QSAR-TID-30030,1,active,Sparse_ARFF,80.0,1026.0,0.0,0.0,1025.0,1.0,,
4073,QSAR-TID-17023,1,active,Sparse_ARFF,18.0,1026.0,0.0,0.0,1025.0,1.0,,
4074,QSAR-TID-11891,1,active,Sparse_ARFF,121.0,1026.0,0.0,0.0,1025.0,1.0,,
4075,QSAR-TID-10434,1,active,Sparse_ARFF,3650.0,1026.0,0.0,0.0,1025.0,1.0,,
4076,QSAR-TID-10773,1,active,Sparse_ARFF,525.0,1026.0,0.0,0.0,1025.0,1.0,,
4077,QSAR-TID-11261,1,active,Sparse_ARFF,748.0,1026.0,0.0,0.0,1025.0,1.0,,
4078,QSAR-TID-12699,1,active,Sparse_ARFF,789.0,1026.0,0.0,0.0,1025.0,1.0,,
4079,QSAR-TID-103106,1,active,Sparse_ARFF,664.0,1026.0,0.0,0.0,1025.0,1.0,,
4080,QSAR-TID-11636,1,active,Sparse_ARFF,411.0,1026.0,0.0,0.0,1025.0,1.0,,
4081,QSAR-TID-100949,1,active,Sparse_ARFF,102.0,1026.0,0.0,0.0,1025.0,1.0,,
4082,QSAR-TID-12173,1,active,Sparse_ARFF,114.0,1026.0,0.0,0.0,1025.0,1.0,,
4083,QSAR-TID-103037,1,active,Sparse_ARFF,39.0,1026.0,0.0,0.0,1025.0,1.0,,
4084,QSAR-TID-10396,1,active,Sparse_ARFF,662.0,1026.0,0.0,0.0,1025.0,1.0,,
4085,QSAR-TID-10967,1,active,Sparse_ARFF,101.0,1026.0,0.0,0.0,1025.0,1.0,,
4086,QSAR-TID-12264,1,active,Sparse_ARFF,24.0,1026.0,0.0,0.0,1025.0,1.0,,
4087,QSAR-TID-101226,1,active,Sparse_ARFF,79.0,1026.0,0.0,0.0,1025.0,1.0,,
4088,QSAR-TID-30036,1,active,Sparse_ARFF,1116.0,1026.0,0.0,0.0,1025.0,1.0,,
4089,QSAR-TID-101211,1,active,Sparse_ARFF,82.0,1026.0,0.0,0.0,1025.0,1.0,,
4090,QSAR-TID-18046,1,active,Sparse_ARFF,337.0,1026.0,0.0,0.0,1025.0,1.0,,
4091,QSAR-TID-10647,1,active,Sparse_ARFF,890.0,1026.0,0.0,0.0,1025.0,1.0,,
4092,QSAR-TID-100914,1,active,Sparse_ARFF,80.0,1026.0,0.0,0.0,1025.0,1.0,,
4093,QSAR-TID-100909,1,active,Sparse_ARFF,81.0,1026.0,0.0,0.0,1025.0,1.0,,
4094,QSAR-TID-20105,1,active,Sparse_ARFF,101.0,1026.0,0.0,0.0,1025.0,1.0,,
4095,QSAR-TID-10355,1,active,Sparse_ARFF,15.0,1026.0,0.0,0.0,1025.0,1.0,,
4096,QSAR-TID-30028,1,active,Sparse_ARFF,399.0,1026.0,0.0,0.0,1025.0,1.0,,
4097,QSAR-TID-101069,1,active,Sparse_ARFF,73.0,1026.0,0.0,0.0,1025.0,1.0,,
4098,QSAR-TID-102849,1,active,Sparse_ARFF,23.0,1026.0,0.0,0.0,1025.0,1.0,,
4099,QSAR-TID-11802,1,active,Sparse_ARFF,13.0,1026.0,0.0,0.0,1025.0,1.0,,
4100,QSAR-TID-100410,1,active,Sparse_ARFF,625.0,1026.0,0.0,0.0,1025.0,1.0,,
4101,QSAR-TID-10696,1,active,Sparse_ARFF,1070.0,1026.0,0.0,0.0,1025.0,1.0,,
4102,QSAR-TID-10294,1,active,Sparse_ARFF,342.0,1026.0,0.0,0.0,1025.0,1.0,,
4103,QSAR-TID-100948,1,active,Sparse_ARFF,139.0,1026.0,0.0,0.0,1025.0,1.0,,
4104,QSAR-TID-103062,1,active,Sparse_ARFF,74.0,1026.0,0.0,0.0,1025.0,1.0,,
4105,QSAR-TID-101301,1,active,Sparse_ARFF,151.0,1026.0,0.0,0.0,1025.0,1.0,,
4106,QSAR-TID-17113,1,active,Sparse_ARFF,12.0,1026.0,0.0,0.0,1025.0,1.0,,
4107,QSAR-TID-11049,1,active,Sparse_ARFF,22.0,1026.0,0.0,0.0,1025.0,1.0,,
4108,QSAR-TID-17107,1,active,Sparse_ARFF,290.0,1026.0,0.0,0.0,1025.0,1.0,,
4109,QSAR-TID-101312,1,active,Sparse_ARFF,80.0,1026.0,0.0,0.0,1025.0,1.0,,
4110,QSAR-TID-11896,1,active,Sparse_ARFF,35.0,1026.0,0.0,0.0,1025.0,1.0,,
4111,QSAR-TID-76,1,active,Sparse_ARFF,454.0,1026.0,0.0,0.0,1025.0,1.0,,
4112,QSAR-TID-100906,1,active,Sparse_ARFF,79.0,1026.0,0.0,0.0,1025.0,1.0,,
4113,QSAR-TID-10274,1,active,Sparse_ARFF,940.0,1026.0,0.0,0.0,1025.0,1.0,,
4114,QSAR-TID-10548,1,active,Sparse_ARFF,1100.0,1026.0,0.0,0.0,1025.0,1.0,,
4115,QSAR-TID-108,1,active,Sparse_ARFF,2869.0,1026.0,0.0,0.0,1025.0,1.0,,
4116,QSAR-TID-12828,1,active,Sparse_ARFF,85.0,1026.0,0.0,0.0,1025.0,1.0,,
4117,QSAR-TID-10621,1,active,Sparse_ARFF,99.0,1026.0,0.0,0.0,1025.0,1.0,,
4118,QSAR-TID-11780,1,active,Sparse_ARFF,50.0,1026.0,0.0,0.0,1025.0,1.0,,
4119,QSAR-TID-30043,1,active,Sparse_ARFF,1103.0,1026.0,0.0,0.0,1025.0,1.0,,
4120,QSAR-TID-10473,1,active,Sparse_ARFF,376.0,1026.0,0.0,0.0,1025.0,1.0,,
4121,QSAR-TID-10682,1,active,Sparse_ARFF,23.0,1026.0,0.0,0.0,1025.0,1.0,,
4122,QSAR-TID-138,1,active,Sparse_ARFF,1426.0,1026.0,0.0,0.0,1025.0,1.0,,
4123,QSAR-TID-101332,1,active,Sparse_ARFF,106.0,1026.0,0.0,0.0,1025.0,1.0,,
4124,QSAR-TID-56,1,active,Sparse_ARFF,1631.0,1026.0,0.0,0.0,1025.0,1.0,,
4125,QSAR-TID-11784,1,active,Sparse_ARFF,65.0,1026.0,0.0,0.0,1025.0,1.0,,
4126,QSAR-TID-271,1,active,Sparse_ARFF,576.0,1026.0,0.0,0.0,1025.0,1.0,,
4127,QSAR-TID-30004,1,active,Sparse_ARFF,84.0,1026.0,0.0,0.0,1025.0,1.0,,
4128,QSAR-TID-10803,1,active,Sparse_ARFF,37.0,1026.0,0.0,0.0,1025.0,1.0,,
4129,QSAR-TID-12327,1,active,Sparse_ARFF,42.0,1026.0,0.0,0.0,1025.0,1.0,,
4130,QSAR-TID-10962,1,active,Sparse_ARFF,11.0,1026.0,0.0,0.0,1025.0,1.0,,
4131,QSAR-TID-101276,1,active,Sparse_ARFF,25.0,1026.0,0.0,0.0,1025.0,1.0,,
4133,kdd_internet_usage,2,active,ARFF,10108.0,72.0,,2699.0,0.0,72.0,,
4134,Bioresponse,1,active,ARFF,3751.0,1777.0,2.0,0.0,1776.0,1.0,2034.0,1717.0
4135,Amazon_employee_access,1,active,ARFF,32769.0,10.0,2.0,0.0,0.0,10.0,30872.0,1897.0
4136,Dexter,1,active,Sparse_ARFF,600.0,20001.0,2.0,0.0,20000.0,1.0,300.0,300.0
4137,Dorothea,1,active,Sparse_ARFF,1150.0,100001.0,2.0,0.0,100000.0,1.0,1038.0,112.0
4138,DBpedia(YAGO).arff,1,active,Sparse_ARFF,2886305.0,2401.0,,0.0,1.0,2400.0,,
4139,Wikidata,1,active,Sparse_ARFF,19254100.0,2331.0,,0.0,0.0,2331.0,,
4140,NELL,1,active,Sparse_ARFF,120720.0,769.0,,0.0,0.0,769.0,,
4153,Smartphone-Based_Recognition_of_Human_Activities,1,active,ARFF,180.0,68.0,6.0,0.0,66.0,2.0,30.0,30.0
4154,CreditCardSubset,1,active,ARFF,14240.0,31.0,2.0,0.0,30.0,1.0,14217.0,23.0
4329,thoracic_surgery,1,active,ARFF,470.0,17.0,2.0,0.0,3.0,14.0,400.0,70.0
4340,Engine1,1,active,ARFF,383.0,6.0,3.0,0.0,5.0,1.0,257.0,1.0
4353,Concrete_Data,1,active,ARFF,1030.0,9.0,,0.0,9.0,0.0,,
4531,parkinsons-telemonitoring,1,active,ARFF,5875.0,22.0,,0.0,22.0,0.0,,
4532,higgs,1,active,ARFF,98050.0,29.0,0.0,9.0,29.0,0.0,,
4533,KEGGMetabolicReactionNetwork,1,active,ARFF,65554.0,29.0,,0.0,27.0,2.0,,
4534,PhishingWebsites,1,active,ARFF,11055.0,31.0,2.0,0.0,0.0,31.0,6157.0,4898.0
4535,Census-Income,1,active,ARFF,299285.0,42.0,,0.0,13.0,29.0,,
4537,GesturePhaseSegmentationRAW,1,active,ARFF,,,,,,,,
4538,GesturePhaseSegmentationProcessed,1,active,ARFF,9873.0,33.0,5.0,0.0,32.0,1.0,2950.0,998.0
4540,ParkinsonSpeechDatasetwithMultipleTypesofSoundRecordings,1,active,ARFF,1039.0,29.0,,0.0,29.0,0.0,,
4541,Diabetes130US,1,active,ARFF,101766.0,50.0,3.0,0.0,13.0,37.0,54864.0,11357.0
4544,GeographicalOriginalofMusic,1,active,ARFF,1059.0,118.0,0.0,0.0,118.0,0.0,,
4545,OnlineNewsPopularity,1,active,ARFF,39644.0,61.0,0.0,0.0,60.0,1.0,,
4546,Plants,1,active,ARFF,,,,,,,,
4548,BuzzinsocialmediaTomsHardware,1,active,ARFF,28179.0,97.0,,0.0,97.0,0.0,,
4549,Buzzinsocialmedia_Twitter,1,active,ARFF,583250.0,78.0,0.0,0.0,78.0,0.0,,
4551,WaveformDatabaseGenerator,1,active,ARFF,5000.0,22.0,,0.0,22.0,0.0,,
4552,BachChoralHarmony,1,active,ARFF,5665.0,17.0,102.0,0.0,2.0,15.0,503.0,1.0
4553,TurkiyeStudentEvaluation,1,active,ARFF,5820.0,33.0,,0.0,33.0,0.0,,
4562,InternetUsage,1,active,ARFF,,,,,,,,
4563,SpokenArabicDigit,1,active,ARFF,178526.0,13.0,,57200.0,13.0,0.0,,
5587,COMET_MC,1,active,ARFF,7619400.0,6.0,0.0,0.0,6.0,0.0,,
5648,COMET_MC,2,active,ARFF,7619400.0,6.0,0.0,0.0,6.0,0.0,,
5889,COMET_MC,3,active,ARFF,7619400.0,6.0,0.0,0.0,6.0,0.0,,
6331,LoanDefaultPrediction,1,active,arff,105471.0,771.0,0.0,785955.0,765.0,6.0,,
6332,cylinder-bands,2,active,ARFF,540.0,40.0,2.0,999.0,18.0,22.0,312.0,228.0
23380,cjs,3,active,ARFF,2796.0,35.0,6.0,68100.0,32.0,3.0,680.0,274.0
23381,dresses-sales,2,active,ARFF,500.0,13.0,2.0,835.0,1.0,12.0,290.0,210.0
23383,SensorDataResource,1,active,ARFF,127591.0,27.0,,0.0,25.0,2.0,,
23394,COMET_MC_SAMPLE,1,active,ARFF,761940.0,6.0,,0.0,6.0,0.0,,
23395,COMET_MC_SAMPLE,2,active,ARFF,89640.0,6.0,0.0,0.0,6.0,0.0,,
23396,COMET_MC_SAMPLE,3,active,ARFF,89640.0,6.0,,0.0,6.0,0.0,,
23397,COMET_MC_SAMPLE,4,active,ARFF,761940.0,6.0,0.0,0.0,6.0,0.0,,
23420,yagoSchema.ttl,4,active,ARFF,181.0,4.0,,0.0,3.0,0.0,,
23499,breast-cancer-dropped-missing-attributes-values,1,active,ARFF,277.0,10.0,2.0,0.0,0.0,10.0,196.0,81.0
23512,higgs,2,active,ARFF,98050.0,29.0,2.0,9.0,28.0,1.0,51827.0,46223.0
23513,KDD98,1,active,arff,191260.0,479.0,0.0,5587563.0,347.0,132.0,,
23515,sulfur,1,active,ARFF,10081.0,7.0,0.0,0.0,7.0,0.0,,
23516,debutanizer,1,active,ARFF,2394.0,8.0,0.0,0.0,8.0,0.0,,
23517,numerai28.6,2,active,ARFF,96320.0,22.0,2.0,0.0,21.0,1.0,48658.0,47662.0
40474,thyroid-allbp,1,active,ARFF,2800.0,27.0,5.0,0.0,6.0,21.0,1632.0,31.0
40475,thyroid-allhyper,1,active,ARFF,2800.0,27.0,5.0,0.0,6.0,21.0,1632.0,31.0
40476,thyroid-allhypo,1,active,ARFF,2800.0,27.0,5.0,0.0,6.0,21.0,1632.0,31.0
40477,thyroid-allrep,1,active,ARFF,2800.0,27.0,5.0,0.0,6.0,21.0,1632.0,31.0
40478,thyroid-dis,1,active,ARFF,2800.0,27.0,5.0,0.0,6.0,21.0,1632.0,31.0
40496,LED-display-domain-7digit,1,active,ARFF,500.0,8.0,10.0,0.0,7.0,1.0,57.0,37.0
40497,thyroid-ann,1,active,ARFF,3772.0,22.0,3.0,0.0,21.0,1.0,3488.0,93.0
40498,wine-quality-white,1,active,ARFF,4898.0,12.0,7.0,0.0,11.0,1.0,2198.0,5.0
40499,texture,1,active,ARFF,5500.0,41.0,11.0,0.0,40.0,1.0,500.0,500.0
40505,treepipit,1,active,ARFF,86.0,10.0,0.0,0.0,10.0,0.0,,
40514,BNG(credit-g),2,active,arff,1000000.0,21.0,2.0,0.0,7.0,14.0,699774.0,300226.0
40515,BNG(spambase),2,active,arff,1000000.0,58.0,2.0,0.0,0.0,58.0,605948.0,394052.0
40516,BNG(optdigits),2,active,arff,1000000.0,65.0,10.0,0.0,0.0,65.0,101675.0,98637.0
40517,20_newsgroups.drift,2,active,arff,399940.0,1001.0,2.0,0.0,0.0,1001.0,379943.0,19997.0
40518,BNG(ionosphere),2,active,arff,1000000.0,35.0,2.0,0.0,0.0,35.0,641025.0,358975.0
40519,BNG(segment),2,active,arff,1000000.0,20.0,7.0,0.0,0.0,20.0,143586.0,142366.0
40520,BNG(anneal),2,active,arff,1000000.0,39.0,6.0,0.0,6.0,33.0,759652.0,555.0
40536,SpeedDating,1,active,ARFF,8378.0,121.0,2.0,18372.0,59.0,62.0,6998.0,1380.0
40588,birds,3,active,ARFF,645.0,279.0,2.0,0.0,258.0,21.0,631.0,14.0
40589,emotions,3,active,ARFF,593.0,78.0,2.0,0.0,72.0,6.0,420.0,173.0
40590,enron,2,active,ARFF,1702.0,1054.0,2.0,0.0,0.0,1054.0,1676.0,26.0
40591,genbase,2,active,ARFF,662.0,1213.0,2.0,0.0,0.0,1213.0,583.0,79.0
40592,image,2,active,ARFF,2000.0,140.0,2.0,0.0,135.0,5.0,1591.0,409.0
40593,langLog,1,active,ARFF,1460.0,1079.0,2.0,0.0,1004.0,75.0,1441.0,19.0
40594,reuters,2,active,ARFF,2000.0,250.0,2.0,0.0,243.0,7.0,1169.0,831.0
40595,scene,4,active,ARFF,2407.0,300.0,2.0,0.0,294.0,6.0,1980.0,427.0
40596,slashdot,3,active,ARFF,3782.0,1101.0,2.0,0.0,1079.0,22.0,3707.0,75.0
40597,yeast,4,active,ARFF,2417.0,117.0,2.0,0.0,103.0,14.0,1655.0,762.0
40598,XYZ,1,active,ARFF,44690.0,77.0,,0.0,67.0,6.0,,
40601,RAM_price,1,active,ARFF,333.0,3.0,0.0,0.0,3.0,0.0,,
40645,GAMETES_Epistasis_2-Way_1000atts_0.4H_EDM-1_EDM-1_1,1,active,ARFF,1600.0,1001.0,2.0,0.0,0.0,1001.0,800.0,800.0
40646,GAMETES_Epistasis_2-Way_20atts_0.1H_EDM-1_1,1,active,ARFF,1600.0,21.0,2.0,0.0,0.0,21.0,800.0,800.0
40647,GAMETES_Epistasis_2-Way_20atts_0.4H_EDM-1_1,1,active,ARFF,1600.0,21.0,2.0,0.0,0.0,21.0,800.0,800.0
40648,GAMETES_Epistasis_3-Way_20atts_0.2H_EDM-1_1,1,active,ARFF,1600.0,21.0,2.0,0.0,0.0,21.0,800.0,800.0
40649,GAMETES_Heterogeneity_20atts_1600_Het_0.4_0.2_50_EDM-2_001,1,active,ARFF,1600.0,21.0,2.0,0.0,0.0,21.0,800.0,800.0
40650,GAMETES_Heterogeneity_20atts_1600_Het_0.4_0.2_75_EDM-2_001,1,active,ARFF,1600.0,21.0,2.0,0.0,0.0,21.0,800.0,800.0
40660,analcatdata_fraud,1,active,ARFF,42.0,12.0,2.0,0.0,0.0,12.0,29.0,13.0
40663,calendarDOW,1,active,ARFF,399.0,33.0,5.0,0.0,12.0,21.0,96.0,44.0
40664,car-evaluation,1,active,ARFF,1728.0,22.0,4.0,0.0,0.0,22.0,1210.0,65.0
40665,clean1,1,active,ARFF,476.0,169.0,2.0,0.0,168.0,1.0,269.0,207.0
40666,clean2,1,active,ARFF,6598.0,169.0,2.0,0.0,168.0,1.0,5581.0,1017.0
40668,connect-4,2,active,ARFF,67557.0,43.0,3.0,0.0,0.0,43.0,44473.0,6449.0
40669,corral,1,active,ARFF,160.0,7.0,2.0,0.0,0.0,7.0,90.0,70.0
40670,dna,1,active,ARFF,3186.0,181.0,3.0,0.0,0.0,181.0,1654.0,765.0
40671,ecoli,3,active,ARFF,327.0,8.0,5.0,0.0,7.0,1.0,143.0,20.0
40672,fars,1,active,ARFF,100968.0,30.0,8.0,0.0,14.0,16.0,42116.0,9.0
40677,led24,1,active,ARFF,3200.0,25.0,10.0,0.0,0.0,25.0,337.0,296.0
40678,led7,1,active,ARFF,3200.0,8.0,10.0,0.0,0.0,8.0,341.0,270.0
40680,mofn-3-7-10,1,active,ARFF,1324.0,11.0,2.0,0.0,0.0,11.0,1032.0,292.0
40681,mux6,1,active,ARFF,128.0,7.0,2.0,0.0,0.0,7.0,64.0,64.0
40682,thyroid-new,1,active,ARFF,215.0,6.0,3.0,0.0,5.0,1.0,150.0,30.0
40683,postoperative-patient-data,3,active,ARFF,88.0,9.0,2.0,0.0,0.0,9.0,64.0,24.0
40685,shuttle,1,active,ARFF,58000.0,10.0,7.0,0.0,9.0,1.0,45586.0,10.0
40686,solar-flare,3,active,ARFF,315.0,13.0,5.0,0.0,0.0,13.0,88.0,21.0
40687,solar-flare,4,active,ARFF,1066.0,13.0,6.0,0.0,0.0,13.0,331.0,43.0
40690,threeOf9,1,active,ARFF,512.0,10.0,2.0,0.0,0.0,10.0,274.0,238.0
40691,wine-quality-red,1,active,ARFF,1599.0,12.0,6.0,0.0,11.0,1.0,681.0,10.0
40693,xd6,1,active,ARFF,973.0,10.0,2.0,0.0,0.0,10.0,651.0,322.0
40700,cars1,1,active,ARFF,392.0,8.0,3.0,0.0,6.0,2.0,245.0,68.0
40701,churn,1,active,ARFF,5000.0,21.0,2.0,0.0,16.0,5.0,4293.0,707.0
40702,solar-flare,5,active,ARFF,1066.0,11.0,2.0,0.0,0.0,11.0,884.0,182.0
40704,Titanic,2,active,ARFF,2201.0,4.0,2.0,0.0,3.0,1.0,1490.0,711.0
40705,tokyo1,1,active,ARFF,959.0,45.0,2.0,0.0,42.0,3.0,613.0,346.0
40706,parity5_plus_5,1,active,ARFF,1124.0,11.0,2.0,0.0,0.0,11.0,567.0,557.0
40707,allbp,1,active,ARFF,3772.0,30.0,3.0,0.0,6.0,24.0,3609.0,14.0
40708,allrep,1,active,ARFF,3772.0,30.0,4.0,0.0,6.0,24.0,3648.0,34.0
40709,analcatdata_happiness,1,active,ARFF,60.0,4.0,3.0,0.0,1.0,3.0,20.0,20.0
40710,cleve,1,active,ARFF,303.0,14.0,2.0,0.0,5.0,9.0,165.0,138.0
40711,cleveland-nominal,1,active,ARFF,303.0,8.0,5.0,0.0,0.0,8.0,164.0,13.0
40713,dis,1,active,ARFF,3772.0,30.0,2.0,0.0,6.0,24.0,3714.0,58.0
40714,parity5,1,active,ARFF,32.0,6.0,2.0,0.0,0.0,6.0,16.0,16.0
40728,Ceres-discovery-data,1,active,ARFF,22.0,9.0,,17.0,9.0,0.0,,
40729,olympic-marathon-men,1,active,ARFF,28.0,2.0,,0.0,2.0,0.0,,
40753,delays_zurich_transport,1,active,ARFF,5465575.0,15.0,0.0,132617.0,11.0,1.0,,
40864,Honey_bee_Seasonal_mortality,1,active,ARFF,4758.0,39.0,,0.0,1.0,38.0,,
40869,pathogen_survey_dataset,3,active,ARFF,944.0,17.0,,0.0,10.0,7.0,,
40900,Satellite,1,active,ARFF,5100.0,37.0,2.0,0.0,36.0,1.0,5025.0,75.0
40910,Speech,1,active,ARFF,3686.0,401.0,2.0,0.0,400.0,1.0,3625.0,61.0
40916,HappinessRank_2015,1,active,ARFF,158.0,12.0,0.0,0.0,10.0,2.0,,
40918,Climate,1,active,ARFF,577462.0,4.0,,64563.0,2.0,0.0,,
40920,Climate,2,active,ARFF,577462.0,4.0,,64563.0,2.0,0.0,,
40922,Run_or_walk_information,1,active,ARFF,88588.0,7.0,2.0,0.0,6.0,1.0,44365.0,44223.0
40923,Devnagari-Script,1,active,ARFF,92000.0,1025.0,46.0,0.0,1024.0,1.0,2000.0,2000.0
40926,CIFAR_10_small,1,active,ARFF,20000.0,3073.0,10.0,0.0,3072.0,1.0,2032.0,1937.0
40927,CIFAR_10,1,active,ARFF,60000.0,3073.0,10.0,0.0,3072.0,1.0,6000.0,6000.0
40945,Titanic,1,active,ARFF,1309.0,14.0,2.0,3855.0,6.0,3.0,809.0,500.0
40966,MiceProtein,4,active,ARFF,1080.0,82.0,8.0,1396.0,77.0,5.0,150.0,105.0
40967,feedback,1,active,ARFF,38932.0,3.0,,0.0,0.0,1.0,,
40969,feedback_1,1,active,ARFF,38932.0,3.0,,0.0,0.0,1.0,,
40971,collins,4,active,ARFF,1000.0,24.0,30.0,0.0,20.0,4.0,80.0,6.0
40975,car,3,active,ARFF,1728.0,7.0,4.0,0.0,0.0,7.0,1210.0,65.0
40976,Bike,1,active,ARFF,4435.0,11.0,,0.0,11.0,0.0,,
40978,Internet-Advertisements,2,active,ARFF,3279.0,1559.0,2.0,0.0,3.0,1556.0,2820.0,459.0
40979,mfeat-pixel,3,active,ARFF,2000.0,241.0,10.0,0.0,240.0,1.0,200.0,200.0
40981,Australian,4,active,ARFF,690.0,15.0,2.0,0.0,6.0,9.0,383.0,307.0
40982,steel-plates-fault,3,active,ARFF,1941.0,28.0,7.0,0.0,27.0,1.0,673.0,55.0
40983,wilt,2,active,ARFF,4839.0,6.0,2.0,0.0,5.0,1.0,4578.0,261.0
40984,segment,3,active,ARFF,2310.0,20.0,7.0,0.0,19.0,1.0,330.0,330.0
40985,tamilnadu-electricity,3,active,ARFF,45781.0,4.0,20.0,0.0,2.0,2.0,2906.0,1397.0
40992,sylva_agnostic,2,active,ARFF,14395.0,217.0,,0.0,40.0,177.0,,
40993,ada_agnostic,2,active,ARFF,4562.0,49.0,,0.0,6.0,43.0,,
40994,climate-model-simulation-crashes,4,active,ARFF,540.0,21.0,2.0,0.0,20.0,1.0,494.0,46.0
40996,Fashion-MNIST,1,active,ARFF,70000.0,785.0,10.0,0.0,784.0,1.0,7000.0,7000.0
40997,jungle_chess_2pcs_endgame_panther_lion,1,active,arff,4704.0,47.0,3.0,0.0,20.0,27.0,2523.0,145.0
40998,jungle_chess_2pcs_endgame_panther_lion,2,active,arff,4704.0,47.0,3.0,0.0,20.0,27.0,2523.0,145.0
40999,jungle_chess_2pcs_endgame_elephant_elephant,1,active,arff,2351.0,47.0,2.0,0.0,20.0,27.0,1316.0,1035.0
41000,jungle_chess_2pcs_endgame_panther_elephant,1,active,arff,4704.0,47.0,3.0,0.0,20.0,27.0,2495.0,195.0
41001,jungle_chess_2pcs_endgame_complete,1,active,arff,44819.0,47.0,3.0,10584.0,20.0,27.0,23062.0,4335.0
41002,jungle_chess_2pcs_endgame_rat_panther,1,active,arff,5880.0,47.0,3.0,3528.0,20.0,27.0,2615.0,1338.0
41003,jungle_chess_2pcs_endgame_rat_elephant,1,active,arff,5880.0,47.0,3.0,3528.0,20.0,27.0,2917.0,772.0
41004,jungle_chess_2pcs_endgame_lion_elephant,1,active,arff,4704.0,47.0,3.0,0.0,20.0,27.0,2079.0,1216.0
41005,jungle_chess_2pcs_endgame_rat_rat,1,active,arff,3660.0,47.0,2.0,0.0,20.0,27.0,2055.0,1605.0
41006,jungle_chess_2pcs_endgame_rat_lion,1,active,arff,5880.0,47.0,3.0,3528.0,20.0,27.0,3078.0,380.0
41007,jungle_chess_2pcs_endgame_lion_lion,1,active,arff,2352.0,47.0,2.0,0.0,20.0,27.0,1403.0,949.0
41021,Moneyball,2,active,ARFF,1232.0,15.0,0.0,3600.0,9.0,6.0,,
41022,Short_Track_Speed_Skating,2,active,ARFF,5125.0,27.0,0.0,4224.0,9.0,17.0,,
41026,gisette,2,active,Sparse_ARFF,7000.0,5001.0,2.0,0.0,5000.0,1.0,3500.0,3500.0
41027,jungle_chess_2pcs_raw_endgame_complete,1,active,arff,44819.0,7.0,3.0,0.0,6.0,1.0,23062.0,4335.0
41039,EMNIST_Balanced,1,active,ARFF,131600.0,785.0,47.0,0.0,784.0,1.0,2800.0,2800.0
41065,mnist_rotation,1,active,ARFF,62000.0,785.0,0.0,0.0,785.0,0.0,,
41081,SVHN,1,active,ARFF,99289.0,3073.0,10.0,0.0,3072.0,1.0,18960.0,6254.0
41082,USPS,2,active,ARFF,9298.0,257.0,10.0,0.0,256.0,1.0,1553.0,708.0
41083,Olivetti_Faces,1,active,ARFF,400.0,4097.0,40.0,0.0,4096.0,1.0,10.0,10.0
41084,UMIST_Faces_Cropped,1,active,ARFF,575.0,10305.0,20.0,0.0,10304.0,1.0,48.0,19.0
41091,spellman_yeast,1,active,ARFF,6178.0,82.0,,59017.0,82.0,0.0,,
41103,STL-10,1,active,ARFF,13000.0,27649.0,10.0,0.0,27648.0,1.0,1300.0,1300.0
41138,APSFailure,1,active,ARFF,76000.0,171.0,2.0,1078695.0,170.0,1.0,74625.0,1375.0
41142,christine,1,active,ARFF,5418.0,1637.0,2.0,0.0,1599.0,38.0,2709.0,2709.0
41143,jasmine,1,active,ARFF,2984.0,145.0,2.0,0.0,8.0,137.0,1492.0,1492.0
41144,madeline,1,active,ARFF,3140.0,260.0,2.0,0.0,259.0,1.0,1579.0,1561.0
41145,philippine,1,active,ARFF,5832.0,309.0,2.0,0.0,308.0,1.0,2916.0,2916.0
41146,sylvine,1,active,ARFF,5124.0,21.0,2.0,0.0,20.0,1.0,2562.0,2562.0
41147,albert,1,active,ARFF,425240.0,79.0,2.0,2734000.0,26.0,53.0,212620.0,212620.0
41150,MiniBooNE,1,active,ARFF,130064.0,51.0,2.0,0.0,50.0,1.0,93565.0,36499.0
41156,ada,1,active,ARFF,4147.0,49.0,2.0,0.0,48.0,1.0,3118.0,1029.0
41157,arcene,2,active,ARFF,100.0,10001.0,2.0,0.0,10000.0,1.0,56.0,44.0
41158,gina,1,active,ARFF,3153.0,971.0,2.0,0.0,970.0,1.0,1603.0,1550.0
41159,guillermo,1,active,ARFF,20000.0,4297.0,2.0,0.0,4296.0,1.0,11997.0,8003.0
41160,rl,1,active,ARFF,31406.0,23.0,2.0,29756.0,8.0,15.0,28411.0,2995.0
41161,riccardo,1,active,ARFF,20000.0,4297.0,2.0,0.0,4296.0,1.0,15000.0,5000.0
41162,kick,1,active,ARFF,72983.0,33.0,2.0,149271.0,14.0,19.0,64007.0,8976.0
41163,dilbert,1,active,ARFF,10000.0,2001.0,5.0,0.0,2000.0,1.0,2049.0,1913.0
41164,fabert,1,active,ARFF,8237.0,801.0,7.0,0.0,800.0,1.0,1927.0,502.0
41165,robert,1,active,ARFF,10000.0,7201.0,10.0,0.0,7200.0,1.0,1043.0,958.0
41166,volkert,1,active,ARFF,58310.0,181.0,10.0,0.0,180.0,1.0,12806.0,1361.0
41167,dionis,1,active,ARFF,416188.0,61.0,355.0,0.0,60.0,1.0,2469.0,878.0
41168,jannis,1,active,ARFF,83733.0,55.0,4.0,0.0,54.0,1.0,38522.0,1687.0
41169,helena,1,active,ARFF,65196.0,28.0,100.0,0.0,27.0,1.0,4005.0,111.0
41170,TUPRASBoilerData,1,active,ARFF,44643.0,8.0,,44643.0,7.0,1.0,,
41187,mauna-loa-atmospheric-co2,1,active,ARFF,2225.0,7.0,0.0,0.0,6.0,1.0,,
41190,cwurData,1,active,ARFF,1029.0,14.0,,200.0,11.0,1.0,,
41197,ozone,1,active,ARFF,366.0,13.0,0.0,203.0,10.0,3.0,,
41199,Students,1,active,ARFF,5820.0,33.0,,0.0,33.0,0.0,,
41214,freMTPL2freq,1,active,ARFF,678013.0,12.0,,0.0,8.0,3.0,,
41215,freMTPL2sev,1,active,ARFF,26639.0,2.0,,0.0,2.0,0.0,,
41228,Klaverjas2018,1,active,arff,981541.0,33.0,2.0,0.0,32.0,1.0,528339.0,453202.0
41265,Titanic,4,active,ARFF,1307.0,8.0,0.0,0.0,8.0,0.0,,
41275,wine-reviews,1,active,ARFF,129971.0,13.0,0.0,204752.0,2.0,6.0,,
41430,DiabeticMellitus,1,active,ARFF,281.0,98.0,2.0,2.0,97.0,1.0,182.0,99.0
41434,Click_prediction_small,8,active,ARFF,39948.0,12.0,2.0,0.0,5.0,7.0,33220.0,6728.0
41440,okcupid-stem,2,active,ARFF,50789.0,20.0,3.0,154107.0,2.0,18.0,36350.0,4882.0
41463,sarcasm_detection,1,active,ARFF,91298.0,2.0,0.0,0.0,1.0,0.0,,
41464,birds,4,active,ARFF,645.0,279.0,,0.0,258.0,21.0,,
41465,emotions,4,active,ARFF,593.0,78.0,,0.0,72.0,6.0,,
41466,enron,3,active,ARFF,1702.0,1054.0,,0.0,0.0,1054.0,,
41467,genbase,3,active,ARFF,662.0,1212.0,,0.0,0.0,1212.0,,
41468,image,3,active,ARFF,2000.0,140.0,,0.0,135.0,5.0,,
41469,langLog,2,active,ARFF,1460.0,1079.0,,0.0,1004.0,75.0,,
41470,reuters,3,active,ARFF,2000.0,250.0,,0.0,243.0,7.0,,
41471,scene,5,active,ARFF,2407.0,300.0,,0.0,294.0,6.0,,
41472,slashdot,4,active,ARFF,3782.0,1101.0,,0.0,1079.0,22.0,,
41473,yeast,8,active,ARFF,2417.0,117.0,,0.0,103.0,14.0,,
41474,andro,2,active,ARFF,49.0,36.0,,0.0,36.0,0.0,,
41475,atp1d,2,active,ARFF,337.0,417.0,,0.0,417.0,0.0,,
41476,atp7d,2,active,ARFF,296.0,417.0,,0.0,417.0,0.0,,
41477,edm,2,active,ARFF,154.0,18.0,,0.0,18.0,0.0,,
41478,enb,2,active,ARFF,768.0,10.0,,0.0,10.0,0.0,,
41479,jura,2,active,ARFF,359.0,18.0,,0.0,18.0,0.0,,
41482,osales,2,active,ARFF,639.0,413.0,,10012.0,413.0,0.0,,
41483,rf1,2,active,ARFF,9125.0,72.0,,3264.0,72.0,0.0,,
41484,rf2,2,active,ARFF,9125.0,584.0,,356160.0,584.0,0.0,,
41485,scm1d,2,active,ARFF,9803.0,296.0,,0.0,296.0,0.0,,
41486,scm20d,2,active,ARFF,8966.0,77.0,,0.0,77.0,0.0,,
41487,scpf,2,active,ARFF,1137.0,26.0,,9255.0,26.0,0.0,,
41488,sf1,2,active,ARFF,323.0,13.0,,0.0,3.0,10.0,,
41489,sf2,2,active,ARFF,1066.0,13.0,,0.0,3.0,10.0,,
41490,slump,2,active,ARFF,103.0,10.0,,0.0,10.0,0.0,,
41491,wq,2,active,ARFF,1060.0,30.0,,0.0,30.0,0.0,,
41492,youtube,2,active,ARFF,404.0,31.0,,0.0,30.0,1.0,,
41496,DRSongsLyrics,1,active,ARFF,358.0,2.0,2.0,0.0,0.0,1.0,179.0,179.0
41506,NewFuelCar,1,active,ARFF,36203.0,18.0,0.0,8971.0,18.0,0.0,,
41510,iris,9,active,ARFF,150.0,5.0,,0.0,4.0,1.0,,
41511,iris,10,active,ARFF,150.0,5.0,3.0,0.0,4.0,1.0,50.0,50.0
41514,Diabetes(scikit-learn),1,active,arff,442.0,11.0,0.0,0.0,11.0,0.0,,
41515,Diabetes(scikit-learn),2,active,arff,442.0,11.0,0.0,0.0,11.0,0.0,,
41516,Diabetes(scikit-learn),3,active,arff,442.0,11.0,0.0,0.0,11.0,0.0,,
41517,Diabetes(scikit-learn),4,active,arff,442.0,11.0,0.0,0.0,11.0,0.0,,
41518,Diabetes(scikit-learn),5,active,arff,442.0,11.0,0.0,0.0,11.0,0.0,,
41519,Diabetes(scikit-learn),6,active,arff,442.0,11.0,0.0,0.0,11.0,0.0,,
41521,Weather,1,active,arff,14.0,5.0,2.0,0.0,2.0,3.0,9.0,5.0
41523,test_dataset,3,active,ARFF,15547.0,61.0,0.0,280.0,61.0,0.0,,
41524,test_dataset,4,active,ARFF,15547.0,61.0,0.0,280.0,61.0,0.0,,
41525,test_dataset,5,active,ARFF,15547.0,61.0,0.0,280.0,61.0,0.0,,
41526,test_dataset,6,active,ARFF,15547.0,61.0,2.0,280.0,60.0,1.0,7965.0,7582.0
41533,Domainome,1,active,arff,1637.0,9839.0,3.0,13231887.0,9838.0,0.0,1059.0,14.0
41538,conference_attendance,1,active,ARFF,246.0,7.0,2.0,0.0,0.0,7.0,215.0,31.0
41539,rainfall_bangladesh,3,active,ARFF,16755.0,4.0,0.0,0.0,2.0,2.0,,
41540,black_friday,1,active,ARFF,166821.0,10.0,0.0,0.0,6.0,4.0,,
41542,CD4,1,active,ARFF,16484.0,62.0,,0.0,62.0,0.0,,
41544,Weather,2,active,arff,14.0,5.0,2.0,0.0,2.0,3.0,9.0,5.0
41545,emotions,5,active,ARFF,593.0,78.0,,0.0,72.0,6.0,,
41546,image,4,active,ARFF,2000.0,140.0,,0.0,135.0,5.0,,
41547,reuters,4,active,ARFF,2000.0,250.0,,0.0,243.0,7.0,,
41548,scene,6,active,ARFF,2407.0,300.0,,0.0,294.0,6.0,,
41549,andro,3,active,ARFF,49.0,36.0,,0.0,36.0,0.0,,
41550,atp1d,3,active,ARFF,337.0,417.0,,0.0,417.0,0.0,,
41551,atp7d,3,active,ARFF,296.0,417.0,,0.0,417.0,0.0,,
41552,edm,3,active,ARFF,154.0,18.0,,0.0,18.0,0.0,,
41553,enb,3,active,ARFF,768.0,10.0,,0.0,10.0,0.0,,
41554,jura,3,active,ARFF,359.0,18.0,,0.0,18.0,0.0,,
41555,scpf,3,active,ARFF,1137.0,26.0,,9255.0,26.0,0.0,,
41556,sf1,3,active,ARFF,323.0,13.0,,0.0,3.0,10.0,,
41557,sf2,3,active,ARFF,1066.0,13.0,,0.0,3.0,10.0,,
41558,slump,3,active,ARFF,103.0,10.0,,0.0,10.0,0.0,,
41559,youtube,3,active,ARFF,404.0,31.0,,0.0,30.0,1.0,,
41567,iris,11,active,ARFF,150.0,5.0,,0.0,4.0,1.0,,
41568,iris,12,active,ARFF,150.0,5.0,3.0,0.0,4.0,1.0,50.0,50.0
41582,iris,13,active,ARFF,150.0,5.0,,0.0,4.0,1.0,,
41583,iris,14,active,ARFF,150.0,5.0,3.0,0.0,4.0,1.0,50.0,50.0
41668,mj,1,active,ARFF,8.0,2.0,,0.0,0.0,1.0,,
41669,mom,1,active,ARFF,140.0,4.0,,0.0,3.0,1.0,,
41671,microaggregation2,1,active,ARFF,20000.0,21.0,5.0,0.0,20.0,1.0,11162.0,743.0
41672,airlines,2,active,ARFF,539383.0,8.0,2.0,0.0,3.0,5.0,299119.0,240264.0
41674,Weather,3,active,arff,14.0,5.0,2.0,0.0,2.0,3.0,9.0,5.0
41675,Weather,4,active,arff,14.0,5.0,2.0,0.0,2.0,3.0,9.0,5.0
41679,Weather,5,active,arff,14.0,5.0,2.0,0.0,2.0,3.0,9.0,5.0
41680,Weather,6,active,arff,14.0,5.0,2.0,0.0,2.0,3.0,9.0,5.0
41682,Weather,7,active,arff,14.0,5.0,2.0,0.0,2.0,3.0,9.0,5.0
41684,Weather,8,active,arff,14.0,5.0,2.0,0.0,2.0,3.0,9.0,5.0
41685,Weather,9,active,arff,14.0,5.0,2.0,0.0,2.0,3.0,9.0,5.0
41700,CPMP-2015-regression,1,active,ARFF,2108.0,27.0,0.0,0.0,24.0,2.0,,
41701,CPMP-2015-classification,1,active,ARFF,527.0,27.0,4.0,0.0,24.0,2.0,208.0,78.0
41702,MIP-2016-regression,1,active,ARFF,1090.0,148.0,0.0,0.0,145.0,2.0,,
41703,MIP-2016-classification,1,active,ARFF,218.0,148.0,5.0,0.0,145.0,2.0,84.0,1.0
41704,ASP-POTASSCO-regression,1,active,ARFF,14234.0,143.0,0.0,200838.0,140.0,2.0,,
41705,ASP-POTASSCO-classification,1,active,ARFF,1294.0,143.0,11.0,18258.0,140.0,2.0,258.0,21.0
41707,FOREX_usddkk-day-High,1,active,arff,1832.0,12.0,2.0,0.0,11.0,1.0,940.0,892.0
41708,FOREX_eurchf-minute-Close,1,active,arff,375840.0,12.0,2.0,0.0,11.0,1.0,194808.0,181032.0
41709,FOREX_audchf-hour-High,1,active,arff,43825.0,12.0,2.0,0.0,11.0,1.0,22481.0,21344.0
41710,FOREX_eurhkd-minute-High,1,active,arff,375840.0,12.0,2.0,0.0,11.0,1.0,201397.0,174443.0
41711,FOREX_eurusd-minute-Close,1,active,arff,375840.0,12.0,2.0,0.0,11.0,1.0,193844.0,181996.0
41712,FOREX_eurcad-hour-High,1,active,arff,43825.0,12.0,2.0,0.0,11.0,1.0,22751.0,21074.0
41713,FOREX_eurnzd-day-High,1,active,arff,1832.0,12.0,2.0,0.0,11.0,1.0,955.0,877.0
41714,FOREX_eurpln-minute-High,1,active,arff,375840.0,12.0,2.0,0.0,11.0,1.0,212917.0,162923.0
41715,FOREX_eurhuf-hour-High,1,active,arff,43825.0,12.0,2.0,0.0,11.0,1.0,26892.0,16933.0
41716,FOREX_eurcad-day-Close,1,active,arff,1834.0,12.0,2.0,0.0,11.0,1.0,950.0,884.0
41717,FOREX_usdjpy-minute-High,1,active,arff,375840.0,12.0,2.0,0.0,11.0,1.0,208744.0,167096.0
41718,FOREX_audjpy-hour-High,1,active,arff,43825.0,12.0,2.0,0.0,11.0,1.0,22571.0,21254.0
41719,FOREX_eurjpy-day-High,1,active,arff,1832.0,12.0,2.0,0.0,11.0,1.0,935.0,897.0
41720,FOREX_eurusd-day-High,1,active,arff,1837.0,12.0,2.0,0.0,11.0,1.0,957.0,880.0
41721,FOREX_audcad-day-High,1,active,arff,1834.0,12.0,2.0,0.0,11.0,1.0,931.0,903.0
41722,FOREX_usdjpy-day-Close,1,active,arff,1835.0,12.0,2.0,0.0,11.0,1.0,933.0,902.0
41723,FOREX_cadchf-hour-High,1,active,arff,43825.0,12.0,2.0,0.0,11.0,1.0,22417.0,21408.0
41724,FOREX_chfjpy-day-Close,1,active,arff,1832.0,12.0,2.0,0.0,11.0,1.0,921.0,911.0
41725,FOREX_eurcad-day-High,1,active,arff,1834.0,12.0,2.0,0.0,11.0,1.0,933.0,901.0
41726,FOREX_audusd-day-High,1,active,arff,1834.0,12.0,2.0,0.0,11.0,1.0,958.0,876.0
41727,FOREX_usdcad-hour-Close,1,active,arff,43825.0,12.0,2.0,0.0,11.0,1.0,21939.0,21886.0
41728,FOREX_cadjpy-minute-High,1,active,arff,375840.0,12.0,2.0,0.0,11.0,1.0,201286.0,174554.0
41729,FOREX_chfjpy-minute-Close,1,active,arff,375840.0,12.0,2.0,0.0,11.0,1.0,192834.0,183006.0
41730,FOREX_usdchf-day-High,1,active,arff,1835.0,12.0,2.0,0.0,11.0,1.0,919.0,916.0
41731,FOREX_eursek-day-High,1,active,arff,1837.0,12.0,2.0,0.0,11.0,1.0,946.0,891.0
41732,FOREX_usdjpy-minute-Close,1,active,arff,375840.0,12.0,2.0,0.0,11.0,1.0,196755.0,179085.0
41733,FOREX_eurhkd-day-High,1,active,arff,1832.0,12.0,2.0,0.0,11.0,1.0,960.0,872.0
41734,FOREX_eurpln-hour-Close,1,active,arff,43825.0,12.0,2.0,0.0,11.0,1.0,22174.0,21651.0
41735,FOREX_eurcad-minute-Close,1,active,arff,375840.0,12.0,2.0,0.0,11.0,1.0,190902.0,184938.0
41736,FOREX_eurhuf-hour-Close,1,active,arff,43825.0,12.0,2.0,0.0,11.0,1.0,26622.0,17203.0
41737,FOREX_audusd-day-Close,1,active,arff,1834.0,12.0,2.0,0.0,11.0,1.0,922.0,912.0
41738,FOREX_chfsgd-minute-High,1,active,arff,375840.0,12.0,2.0,0.0,11.0,1.0,200426.0,175414.0
41739,FOREX_eurhkd-hour-High,1,active,arff,43825.0,12.0,2.0,0.0,11.0,1.0,23386.0,20439.0
41740,FOREX_audchf-day-Close,1,active,arff,1833.0,12.0,2.0,0.0,11.0,1.0,925.0,908.0
41741,FOREX_eursgd-minute-High,1,active,arff,375840.0,12.0,2.0,0.0,11.0,1.0,198468.0,177372.0
41742,FOREX_eurgbp-hour-High,1,active,arff,43825.0,12.0,2.0,0.0,11.0,1.0,23024.0,20801.0
41743,FOREX_eurpln-minute-Close,1,active,arff,375840.0,12.0,2.0,0.0,11.0,1.0,211424.0,164416.0
41744,FOREX_eurrub-day-High,1,active,arff,1832.0,12.0,2.0,0.0,11.0,1.0,944.0,888.0
41745,FOREX_chfjpy-minute-High,1,active,arff,375840.0,12.0,2.0,0.0,11.0,1.0,200138.0,175702.0
41746,FOREX_cadchf-day-High,1,active,arff,1831.0,12.0,2.0,0.0,11.0,1.0,945.0,886.0
41747,FOREX_audnzd-minute-Close,1,active,arff,375840.0,12.0,2.0,0.0,11.0,1.0,192862.0,182978.0
41748,FOREX_usddkk-minute-Close,1,active,arff,375840.0,12.0,2.0,0.0,11.0,1.0,191331.0,184509.0
41749,FOREX_gbpusd-minute-High,1,active,arff,375840.0,12.0,2.0,0.0,11.0,1.0,204880.0,170960.0
41750,FOREX_eurhuf-day-Close,1,active,arff,1834.0,12.0,2.0,0.0,11.0,1.0,929.0,905.0
41751,FOREX_eurnok-minute-Close,1,active,arff,375840.0,12.0,2.0,0.0,11.0,1.0,198803.0,177037.0
41752,FOREX_eurjpy-minute-Close,1,active,arff,375840.0,12.0,2.0,0.0,11.0,1.0,191775.0,184065.0
41753,FOREX_usdcad-day-High,1,active,arff,1833.0,12.0,2.0,0.0,11.0,1.0,921.0,912.0
41754,FOREX_eurjpy-day-Close,1,active,arff,1832.0,12.0,2.0,0.0,11.0,1.0,936.0,896.0
41755,FOREX_cadchf-minute-Close,1,active,arff,375840.0,12.0,2.0,0.0,11.0,1.0,195380.0,180460.0
41756,FOREX_audsgd-day-High,1,active,arff,1832.0,12.0,2.0,0.0,11.0,1.0,930.0,902.0
41757,FOREX_usdchf-minute-Close,1,active,arff,375840.0,12.0,2.0,0.0,11.0,1.0,197528.0,178312.0
41758,FOREX_eursgd-hour-Close,1,active,arff,43825.0,12.0,2.0,0.0,11.0,1.0,22080.0,21745.0
41759,FOREX_eurtry-hour-High,1,active,arff,43825.0,12.0,2.0,0.0,11.0,1.0,22856.0,20969.0
41760,FOREX_eurhuf-day-High,1,active,arff,1834.0,12.0,2.0,0.0,11.0,1.0,953.0,881.0
41761,FOREX_eursek-minute-Close,1,active,arff,375840.0,12.0,2.0,0.0,11.0,1.0,197356.0,178484.0
41762,FOREX_audsgd-hour-Close,1,active,arff,43825.0,12.0,2.0,0.0,11.0,1.0,22091.0,21734.0
41763,FOREX_audcad-hour-High,1,active,arff,43825.0,12.0,2.0,0.0,11.0,1.0,22556.0,21269.0
41764,FOREX_gbpusd-day-High,1,active,arff,1834.0,12.0,2.0,0.0,11.0,1.0,937.0,897.0
41765,FOREX_eurtry-day-Close,1,active,arff,1832.0,12.0,2.0,0.0,11.0,1.0,935.0,897.0
41766,FOREX_eurgbp-day-High,1,active,arff,1835.0,12.0,2.0,0.0,11.0,1.0,938.0,897.0
41767,FOREX_cadjpy-hour-Close,1,active,arff,43825.0,12.0,2.0,0.0,11.0,1.0,22035.0,21790.0
41768,FOREX_eurnok-hour-High,1,active,arff,43825.0,12.0,2.0,0.0,11.0,1.0,23048.0,20777.0
41769,FOREX_audcad-day-Close,1,active,arff,1834.0,12.0,2.0,0.0,11.0,1.0,935.0,899.0
41770,FOREX_audjpy-minute-High,1,active,arff,375840.0,12.0,2.0,0.0,11.0,1.0,202222.0,173618.0
41771,FOREX_eurtry-minute-Close,1,active,arff,375840.0,12.0,2.0,0.0,11.0,1.0,200399.0,175441.0
41772,FOREX_audchf-minute-High,1,active,arff,375840.0,12.0,2.0,0.0,11.0,1.0,200975.0,174865.0
41773,FOREX_eurtry-hour-Close,1,active,arff,43825.0,12.0,2.0,0.0,11.0,1.0,22193.0,21632.0
41774,FOREX_eurhuf-minute-High,1,active,arff,375840.0,12.0,2.0,0.0,11.0,1.0,276139.0,99701.0
41775,FOREX_usdcad-minute-Close,1,active,arff,375840.0,12.0,2.0,0.0,11.0,1.0,193327.0,182513.0
41776,FOREX_eurhkd-minute-Close,1,active,arff,375840.0,12.0,2.0,0.0,11.0,1.0,191557.0,184283.0
41777,FOREX_eurjpy-hour-High,1,active,arff,43825.0,12.0,2.0,0.0,11.0,1.0,22982.0,20843.0
41778,FOREX_eurdkk-minute-High,1,active,arff,375840.0,12.0,2.0,0.0,11.0,1.0,244742.0,131098.0
41779,FOREX_eursek-hour-High,1,active,arff,43825.0,12.0,2.0,0.0,11.0,1.0,22632.0,21193.0
41780,FOREX_usdchf-hour-High,1,active,arff,43825.0,12.0,2.0,0.0,11.0,1.0,22656.0,21169.0
41781,FOREX_audcad-hour-Close,1,active,arff,43825.0,12.0,2.0,0.0,11.0,1.0,21995.0,21830.0
41782,FOREX_usdjpy-hour-Close,1,active,arff,43825.0,12.0,2.0,0.0,11.0,1.0,22363.0,21462.0
41783,FOREX_eurdkk-day-Close,1,active,arff,1836.0,12.0,2.0,0.0,11.0,1.0,956.0,880.0
41784,FOREX_gbpusd-day-Close,1,active,arff,1834.0,12.0,2.0,0.0,11.0,1.0,932.0,902.0
41785,FOREX_eurtry-day-High,1,active,arff,1832.0,12.0,2.0,0.0,11.0,1.0,932.0,900.0
41786,FOREX_eurgbp-minute-Close,1,active,arff,375840.0,12.0,2.0,0.0,11.0,1.0,194179.0,181661.0
41787,FOREX_eurpln-hour-High,1,active,arff,43825.0,12.0,2.0,0.0,11.0,1.0,23298.0,20527.0
41788,FOREX_audnzd-day-High,1,active,arff,1832.0,12.0,2.0,0.0,11.0,1.0,1003.0,829.0
41789,FOREX_eurnzd-minute-High,1,active,arff,375840.0,12.0,2.0,0.0,11.0,1.0,196400.0,179440.0
41790,FOREX_cadjpy-day-Close,1,active,arff,1834.0,12.0,2.0,0.0,11.0,1.0,923.0,911.0
41791,FOREX_eurusd-day-Close,1,active,arff,1837.0,12.0,2.0,0.0,11.0,1.0,926.0,911.0
41792,FOREX_usdchf-hour-Close,1,active,arff,43825.0,12.0,2.0,0.0,11.0,1.0,22068.0,21757.0
41793,FOREX_eurjpy-minute-High,1,active,arff,375840.0,12.0,2.0,0.0,11.0,1.0,200986.0,174854.0
41794,FOREX_nzdusd-minute-Close,1,active,arff,375840.0,12.0,2.0,0.0,11.0,1.0,197006.0,178834.0
41795,FOREX_gbpusd-minute-Close,1,active,arff,375840.0,12.0,2.0,0.0,11.0,1.0,194132.0,181708.0
41796,FOREX_eurrub-minute-Close,1,active,arff,375840.0,12.0,2.0,0.0,11.0,1.0,267817.0,108023.0
41797,FOREX_usdjpy-day-High,1,active,arff,1835.0,12.0,2.0,0.0,11.0,1.0,921.0,914.0
41798,FOREX_usdcad-minute-High,1,active,arff,375840.0,12.0,2.0,0.0,11.0,1.0,203805.0,172035.0
41799,FOREX_eurhkd-hour-Close,1,active,arff,43825.0,12.0,2.0,0.0,11.0,1.0,22076.0,21749.0
41800,FOREX_cadjpy-minute-Close,1,active,arff,375840.0,12.0,2.0,0.0,11.0,1.0,192911.0,182929.0
41801,FOREX_eursgd-day-High,1,active,arff,1832.0,12.0,2.0,0.0,11.0,1.0,950.0,882.0
41802,FOREX_audcad-minute-High,1,active,arff,375840.0,12.0,2.0,0.0,11.0,1.0,198576.0,177264.0
41803,FOREX_eurchf-day-High,1,active,arff,1833.0,12.0,2.0,0.0,11.0,1.0,978.0,855.0
41804,FOREX_gbpusd-hour-Close,1,active,arff,43825.0,12.0,2.0,0.0,11.0,1.0,22109.0,21716.0
41805,FOREX_eurrub-hour-High,1,active,arff,43825.0,12.0,2.0,0.0,11.0,1.0,30833.0,12992.0
41806,FOREX_audjpy-hour-Close,1,active,arff,43825.0,12.0,2.0,0.0,11.0,1.0,22213.0,21612.0
41807,FOREX_nzdusd-minute-High,1,active,arff,375840.0,12.0,2.0,0.0,11.0,1.0,208036.0,167804.0
41808,FOREX_eurgbp-minute-High,1,active,arff,375840.0,12.0,2.0,0.0,11.0,1.0,202133.0,173707.0
41809,FOREX_audusd-minute-High,1,active,arff,375840.0,12.0,2.0,0.0,11.0,1.0,207224.0,168616.0
41810,FOREX_audchf-minute-Close,1,active,arff,375840.0,12.0,2.0,0.0,11.0,1.0,193638.0,182202.0
41811,FOREX_cadchf-day-Close,1,active,arff,1831.0,12.0,2.0,0.0,11.0,1.0,949.0,882.0
41812,FOREX_eurnok-day-Close,1,active,arff,1837.0,12.0,2.0,0.0,11.0,1.0,921.0,916.0
41813,FOREX_audsgd-minute-Close,1,active,arff,375840.0,12.0,2.0,0.0,11.0,1.0,197295.0,178545.0
41814,FOREX_euraud-minute-Close,1,active,arff,375840.0,12.0,2.0,0.0,11.0,1.0,191301.0,184539.0
41815,FOREX_eurrub-day-Close,1,active,arff,1832.0,12.0,2.0,0.0,11.0,1.0,918.0,914.0
41816,FOREX_usddkk-hour-High,1,active,arff,43825.0,12.0,2.0,0.0,11.0,1.0,23306.0,20519.0
41817,FOREX_audusd-minute-Close,1,active,arff,375840.0,12.0,2.0,0.0,11.0,1.0,195610.0,180230.0
41818,FOREX_euraud-day-Close,1,active,arff,1834.0,12.0,2.0,0.0,11.0,1.0,946.0,888.0
41819,FOREX_eurrub-minute-High,1,active,arff,375840.0,12.0,2.0,0.0,11.0,1.0,270976.0,104864.0
41820,FOREX_chfsgd-hour-High,1,active,arff,43825.0,12.0,2.0,0.0,11.0,1.0,22965.0,20860.0
41821,FOREX_eurpln-day-Close,1,active,arff,1832.0,12.0,2.0,0.0,11.0,1.0,935.0,897.0
41822,FOREX_audnzd-minute-High,1,active,arff,375840.0,12.0,2.0,0.0,11.0,1.0,199430.0,176410.0
41823,FOREX_eurcad-minute-High,1,active,arff,375840.0,12.0,2.0,0.0,11.0,1.0,197225.0,178615.0
41824,FOREX_eurgbp-hour-Close,1,active,arff,43825.0,12.0,2.0,0.0,11.0,1.0,22040.0,21785.0
41825,FOREX_audnzd-hour-High,1,active,arff,43825.0,12.0,2.0,0.0,11.0,1.0,22702.0,21123.0
41826,FOREX_eurnzd-day-Close,1,active,arff,1832.0,12.0,2.0,0.0,11.0,1.0,955.0,877.0
41827,FOREX_euraud-hour-Close,1,active,arff,43825.0,12.0,2.0,0.0,11.0,1.0,22133.0,21692.0
41828,FOREX_usdcad-hour-High,1,active,arff,43825.0,12.0,2.0,0.0,11.0,1.0,22732.0,21093.0
41829,FOREX_nzdusd-day-Close,1,active,arff,1828.0,12.0,2.0,0.0,11.0,1.0,939.0,889.0
41830,FOREX_nzdusd-day-High,1,active,arff,1828.0,12.0,2.0,0.0,11.0,1.0,939.0,889.0
41831,FOREX_eurdkk-hour-Close,1,active,arff,43825.0,12.0,2.0,0.0,11.0,1.0,23031.0,20794.0
41832,FOREX_nzdusd-hour-Close,1,active,arff,43825.0,12.0,2.0,0.0,11.0,1.0,22110.0,21715.0
41833,FOREX_cadjpy-hour-High,1,active,arff,43825.0,12.0,2.0,0.0,11.0,1.0,22693.0,21132.0
41834,FOREX_usdcad-day-Close,1,active,arff,1833.0,12.0,2.0,0.0,11.0,1.0,960.0,873.0
41835,FOREX_euraud-hour-High,1,active,arff,43825.0,12.0,2.0,0.0,11.0,1.0,22869.0,20956.0
41836,FOREX_cadchf-minute-High,1,active,arff,375840.0,12.0,2.0,0.0,11.0,1.0,201076.0,174764.0
41837,FOREX_audjpy-minute-Close,1,active,arff,375840.0,12.0,2.0,0.0,11.0,1.0,193109.0,182731.0
41838,FOREX_cadchf-hour-Close,1,active,arff,43825.0,12.0,2.0,0.0,11.0,1.0,21919.0,21906.0
41839,FOREX_cadjpy-day-High,1,active,arff,1834.0,12.0,2.0,0.0,11.0,1.0,920.0,914.0
41840,FOREX_eurnok-minute-High,1,active,arff,375840.0,12.0,2.0,0.0,11.0,1.0,205831.0,170009.0
41841,FOREX_chfsgd-day-Close,1,active,arff,1832.0,12.0,2.0,0.0,11.0,1.0,933.0,899.0
41842,FOREX_eurchf-hour-High,1,active,arff,43825.0,12.0,2.0,0.0,11.0,1.0,22452.0,21373.0
41843,FOREX_audusd-hour-High,1,active,arff,43825.0,12.0,2.0,0.0,11.0,1.0,23210.0,20615.0
41844,FOREX_eurgbp-day-Close,1,active,arff,1835.0,12.0,2.0,0.0,11.0,1.0,935.0,900.0
41845,FOREX_eurusd-minute-High,1,active,arff,375840.0,12.0,2.0,0.0,11.0,1.0,206541.0,169299.0
41846,FOREX_eursek-day-Close,1,active,arff,1837.0,12.0,2.0,0.0,11.0,1.0,925.0,912.0
41847,FOREX_eurdkk-day-High,1,active,arff,1836.0,12.0,2.0,0.0,11.0,1.0,939.0,897.0
41848,FOREX_chfjpy-day-High,1,active,arff,1832.0,12.0,2.0,0.0,11.0,1.0,936.0,896.0
41849,FOREX_audsgd-day-Close,1,active,arff,1832.0,12.0,2.0,0.0,11.0,1.0,923.0,909.0
41850,FOREX_eursek-minute-High,1,active,arff,375840.0,12.0,2.0,0.0,11.0,1.0,205497.0,170343.0
41851,FOREX_usdjpy-hour-High,1,active,arff,43825.0,12.0,2.0,0.0,11.0,1.0,23367.0,20458.0
41852,FOREX_eurchf-minute-High,1,active,arff,375840.0,12.0,2.0,0.0,11.0,1.0,203153.0,172687.0
41853,FOREX_eurnzd-minute-Close,1,active,arff,375840.0,12.0,2.0,0.0,11.0,1.0,191269.0,184571.0
41854,FOREX_audcad-minute-Close,1,active,arff,375840.0,12.0,2.0,0.0,11.0,1.0,192180.0,183660.0
41855,FOREX_eurtry-minute-High,1,active,arff,375840.0,12.0,2.0,0.0,11.0,1.0,208967.0,166873.0
41856,FOREX_eurdkk-hour-High,1,active,arff,43825.0,12.0,2.0,0.0,11.0,1.0,23910.0,19915.0
41857,FOREX_audjpy-day-Close,1,active,arff,1832.0,12.0,2.0,0.0,11.0,1.0,957.0,875.0
41858,FOREX_usdchf-day-Close,1,active,arff,1835.0,12.0,2.0,0.0,11.0,1.0,951.0,884.0
41859,FOREX_eurnok-hour-Close,1,active,arff,43825.0,12.0,2.0,0.0,11.0,1.0,22018.0,21807.0
41860,FOREX_eurusd-hour-Close,1,active,arff,43825.0,12.0,2.0,0.0,11.0,1.0,22071.0,21754.0
41861,FOREX_euraud-minute-High,1,active,arff,375840.0,12.0,2.0,0.0,11.0,1.0,197195.0,178645.0
41862,FOREX_eurrub-hour-Close,1,active,arff,43825.0,12.0,2.0,0.0,11.0,1.0,30334.0,13491.0
41863,FOREX_eurnok-day-High,1,active,arff,1837.0,12.0,2.0,0.0,11.0,1.0,950.0,887.0
41864,FOREX_chfsgd-day-High,1,active,arff,1832.0,12.0,2.0,0.0,11.0,1.0,999.0,833.0
41865,FOREX_audsgd-hour-High,1,active,arff,43825.0,12.0,2.0,0.0,11.0,1.0,22558.0,21267.0
41866,FOREX_euraud-day-High,1,active,arff,1834.0,12.0,2.0,0.0,11.0,1.0,934.0,900.0
41867,FOREX_audnzd-day-Close,1,active,arff,1832.0,12.0,2.0,0.0,11.0,1.0,950.0,882.0
41868,FOREX_eurpln-day-High,1,active,arff,1832.0,12.0,2.0,0.0,11.0,1.0,969.0,863.0
41869,FOREX_eursgd-minute-Close,1,active,arff,375840.0,12.0,2.0,0.0,11.0,1.0,191724.0,184116.0
41870,FOREX_chfjpy-hour-Close,1,active,arff,43825.0,12.0,2.0,0.0,11.0,1.0,21996.0,21829.0
41871,FOREX_usddkk-hour-Close,1,active,arff,43825.0,12.0,2.0,0.0,11.0,1.0,22050.0,21775.0
41872,FOREX_eurhkd-day-Close,1,active,arff,1832.0,12.0,2.0,0.0,11.0,1.0,917.0,915.0
41873,FOREX_eurusd-hour-High,1,active,arff,43825.0,12.0,2.0,0.0,11.0,1.0,23523.0,20302.0
41874,FOREX_eursgd-day-Close,1,active,arff,1832.0,12.0,2.0,0.0,11.0,1.0,924.0,908.0
41875,FOREX_audchf-day-High,1,active,arff,1833.0,12.0,2.0,0.0,11.0,1.0,929.0,904.0
41876,FOREX_eurdkk-minute-Close,1,active,arff,375840.0,12.0,2.0,0.0,11.0,1.0,273731.0,102109.0
41877,FOREX_eurchf-hour-Close,1,active,arff,43825.0,12.0,2.0,0.0,11.0,1.0,22003.0,21822.0
41878,FOREX_audusd-hour-Close,1,active,arff,43825.0,12.0,2.0,0.0,11.0,1.0,22098.0,21727.0
41879,FOREX_gbpusd-hour-High,1,active,arff,43825.0,12.0,2.0,0.0,11.0,1.0,23312.0,20513.0
41880,FOREX_chfsgd-minute-Close,1,active,arff,375840.0,12.0,2.0,0.0,11.0,1.0,195885.0,179955.0
41881,FOREX_chfjpy-hour-High,1,active,arff,43825.0,12.0,2.0,0.0,11.0,1.0,22854.0,20971.0
41882,FOREX_audjpy-day-High,1,active,arff,1832.0,12.0,2.0,0.0,11.0,1.0,941.0,891.0
41883,FOREX_eurnzd-hour-High,1,active,arff,43825.0,12.0,2.0,0.0,11.0,1.0,22999.0,20826.0
41884,FOREX_nzdusd-hour-High,1,active,arff,43825.0,12.0,2.0,0.0,11.0,1.0,23184.0,20641.0
41885,FOREX_chfsgd-hour-Close,1,active,arff,43825.0,12.0,2.0,0.0,11.0,1.0,22278.0,21547.0
41886,FOREX_eurnzd-hour-Close,1,active,arff,43825.0,12.0,2.0,0.0,11.0,1.0,22350.0,21475.0
41887,FOREX_audsgd-minute-High,1,active,arff,375840.0,12.0,2.0,0.0,11.0,1.0,202700.0,173140.0
41888,FOREX_audchf-hour-Close,1,active,arff,43825.0,12.0,2.0,0.0,11.0,1.0,21916.0,21909.0
41889,FOREX_eurjpy-hour-Close,1,active,arff,43825.0,12.0,2.0,0.0,11.0,1.0,22103.0,21722.0
41890,FOREX_usddkk-minute-High,1,active,arff,375840.0,12.0,2.0,0.0,11.0,1.0,200928.0,174912.0
41891,FOREX_eurcad-hour-Close,1,active,arff,43825.0,12.0,2.0,0.0,11.0,1.0,21914.0,21911.0
41892,FOREX_usdchf-minute-High,1,active,arff,375840.0,12.0,2.0,0.0,11.0,1.0,207306.0,168534.0
41893,FOREX_eursgd-hour-High,1,active,arff,43825.0,12.0,2.0,0.0,11.0,1.0,22665.0,21160.0
41894,FOREX_eurchf-day-Close,1,active,arff,1833.0,12.0,2.0,0.0,11.0,1.0,952.0,881.0
41895,FOREX_eurhuf-minute-Close,1,active,arff,375840.0,12.0,2.0,0.0,11.0,1.0,273138.0,102702.0
41896,FOREX_eursek-hour-Close,1,active,arff,43825.0,12.0,2.0,0.0,11.0,1.0,22043.0,21782.0
41897,FOREX_usddkk-day-Close,1,active,arff,1832.0,12.0,2.0,0.0,11.0,1.0,916.0,916.0
41898,FOREX_audnzd-hour-Close,1,active,arff,43825.0,12.0,2.0,0.0,11.0,1.0,22275.0,21550.0
41899,MultilingualDS,1,active,ARFF,65428.0,3.0,,0.0,0.0,0.0,,
41906,Forex,2,active,ARFF,375840.0,12.0,,0.0,11.0,1.0,,
41907,branin,1,active,ARFF,225.0,3.0,,0.0,3.0,0.0,,
41919,CPMP-2015-runtime-classification,1,active,ARFF,527.0,23.0,4.0,0.0,22.0,1.0,208.0,78.0
41928,CPMP-2015-runtime-regression,1,active,ARFF,2108.0,24.0,0.0,0.0,23.0,1.0,,
41937,exercises,1,active,ARFF,15000.0,8.0,,0.0,7.0,1.0,,
41938,MIP-2016-PAR10-regression,1,active,ARFF,1090.0,145.0,0.0,0.0,144.0,1.0,,
41939,MIP-2016-PAR10-classification,1,active,ARFF,218.0,144.0,5.0,0.0,143.0,1.0,84.0,1.0
41940,exercises,2,active,ARFF,15000.0,8.0,,0.0,7.0,1.0,,
41943,ilpd-numeric,1,active,ARFF,583.0,11.0,0.0,0.0,11.0,0.0,,
41944,Sick_numeric,1,active,ARFF,3772.0,30.0,,0.0,30.0,0.0,,
41945,ilpd-numeric,2,active,ARFF,583.0,11.0,2.0,0.0,10.0,1.0,416.0,167.0
41946,Sick_numeric,2,active,ARFF,3772.0,30.0,2.0,0.0,29.0,1.0,3541.0,231.0
41949,Elegibilidade,1,active,ARFF,269177.0,2.0,2.0,0.0,0.0,1.0,150572.0,118605.0
41950,iris_test_upload,1,active,ARFF,150.0,5.0,3.0,0.0,4.0,1.0,50.0,50.0
41952,TaskCreationTestDataset,1,active,arff,150.0,5.0,,0.0,4.0,1.0,,
41953,TaskCreationTestDataset,2,active,arff,150.0,5.0,,0.0,4.0,1.0,,
41960,seattlecrime6,1,active,ARFF,523590.0,8.0,144.0,6916.0,2.0,6.0,131297.0,1.0
41961,TaskCreationTestDataset,3,active,arff,150.0,5.0,,0.0,4.0,1.0,,
41962,TaskCreationTestDataset,4,active,arff,150.0,5.0,,0.0,4.0,1.0,,
41964,USPS,3,active,ARFF,1424.0,257.0,2.0,0.0,256.0,1.0,716.0,708.0
41966,isolet,2,active,ARFF,600.0,618.0,2.0,0.0,617.0,1.0,300.0,300.0
41967,cnae-9,2,active,ARFF,240.0,857.0,2.0,0.0,856.0,1.0,120.0,120.0
41968,crimecommunitynums,1,active,ARFF,1994.0,127.0,0.0,39202.0,127.0,0.0,,
41969,crimecommunitynums2,1,active,ARFF,1994.0,127.0,0.0,0.0,127.0,0.0,,
41971,1DUltrasoundMuscleContractionData,1,active,ARFF,212872.0,4.0,,0.0,3.0,0.0,,
41972,Indian_pines,1,active,ARFF,9144.0,221.0,8.0,0.0,220.0,1.0,4050.0,20.0
41973,semeion,2,active,ARFF,319.0,257.0,2.0,0.0,256.0,1.0,161.0,158.0
41976,TuningSVMs,1,active,ARFF,156.0,81.0,2.0,0.0,80.0,1.0,102.0,54.0
41977,TuningSVMs,2,active,ARFF,156.0,91.0,2.0,0.0,90.0,1.0,98.0,58.0
41978,TuningSVMs,3,active,ARFF,156.0,81.0,2.0,0.0,80.0,1.0,94.0,62.0
41980,SAT11-HAND-runtime-regression,1,active,ARFF,4440.0,117.0,0.0,27150.0,116.0,1.0,,
41981,SAT11-HAND-runtime-classification,1,active,ARFF,296.0,116.0,14.0,1810.0,115.0,1.0,91.0,1.0
41982,Kuzushiji-MNIST,1,active,arff,70000.0,785.0,10.0,0.0,784.0,1.0,7000.0,7000.0
41983,CIFAR-100,1,active,arff,60000.0,3073.0,100.0,0.0,3072.0,1.0,600.0,600.0
41986,GTSRB-HOG01,1,active,arff,51839.0,1569.0,43.0,0.0,1568.0,1.0,3000.0,270.0
41988,GTSRB-HOG02,1,active,arff,51839.0,1569.0,43.0,0.0,1568.0,1.0,3000.0,270.0
41989,GTSRB-HOG03,1,active,arff,51839.0,2917.0,43.0,0.0,2916.0,1.0,3000.0,270.0
41990,GTSRB-HueHist,1,active,arff,51839.0,257.0,43.0,0.0,256.0,1.0,3000.0,270.0
41991,Kuzushiji-49,1,active,arff,270912.0,785.0,49.0,0.0,784.0,1.0,7000.0,456.0
41996,iris,15,active,ARFF,150.0,5.0,,0.0,4.0,1.0,,
41997,iris,16,active,ARFF,150.0,5.0,3.0,0.0,4.0,1.0,50.0,50.0
41998,Weather,10,active,arff,14.0,5.0,2.0,0.0,2.0,3.0,9.0,5.0
42002,iris,17,active,ARFF,150.0,5.0,,0.0,4.0,1.0,,
42003,iris,18,active,ARFF,150.0,5.0,3.0,0.0,4.0,1.0,50.0,50.0
42004,ID,1,active,ARFF,1974675.0,10.0,,1974675.0,9.0,0.0,,
42006,WebEvaluationss,1,active,ARFF,1974675.0,10.0,,1974675.0,9.0,0.0,,
42010,iris,19,active,ARFF,150.0,5.0,,0.0,4.0,1.0,,
42011,iris,20,active,ARFF,150.0,5.0,3.0,0.0,4.0,1.0,50.0,50.0
42015,iris,21,active,ARFF,150.0,5.0,,0.0,4.0,1.0,,
42016,iris,22,active,ARFF,150.0,5.0,3.0,0.0,4.0,1.0,50.0,50.0
42020,iris,23,active,ARFF,150.0,5.0,,0.0,4.0,1.0,,
42021,iris,24,active,ARFF,150.0,5.0,3.0,0.0,4.0,1.0,50.0,50.0
42025,iris,25,active,ARFF,150.0,5.0,,0.0,4.0,1.0,,
42026,iris,26,active,ARFF,150.0,5.0,3.0,0.0,4.0,1.0,50.0,50.0
42030,iris,27,active,ARFF,150.0,5.0,,0.0,4.0,1.0,,
42031,iris,28,active,ARFF,150.0,5.0,3.0,0.0,4.0,1.0,50.0,50.0
42035,iris,29,active,ARFF,150.0,5.0,,0.0,4.0,1.0,,
42036,iris,30,active,ARFF,150.0,5.0,3.0,0.0,4.0,1.0,50.0,50.0
42040,iris,31,active,ARFF,150.0,5.0,,0.0,4.0,1.0,,
42041,iris,32,active,ARFF,150.0,5.0,3.0,0.0,4.0,1.0,50.0,50.0
42045,iris,33,active,ARFF,150.0,5.0,,0.0,4.0,1.0,,
42046,iris,34,active,ARFF,150.0,5.0,3.0,0.0,4.0,1.0,50.0,50.0
42050,iris,35,active,ARFF,150.0,5.0,,0.0,4.0,1.0,,
42051,iris,36,active,ARFF,150.0,5.0,3.0,0.0,4.0,1.0,50.0,50.0
42055,iris,37,active,ARFF,150.0,5.0,,0.0,4.0,1.0,,
42056,iris,38,active,ARFF,150.0,5.0,3.0,0.0,4.0,1.0,50.0,50.0
42057,airquality,1,active,ARFF,153.0,6.0,0.0,44.0,6.0,0.0,,
42058,airquality,2,active,ARFF,153.0,6.0,0.0,44.0,6.0,0.0,,
42059,airquality,3,active,ARFF,153.0,6.0,0.0,44.0,6.0,0.0,,
42060,subsample_delays_zurich_transport,3,active,ARFF,153.0,6.0,0.0,44.0,6.0,0.0,,
42065,iris,39,active,ARFF,150.0,5.0,,0.0,4.0,1.0,,
42066,iris,40,active,ARFF,150.0,5.0,3.0,0.0,4.0,1.0,50.0,50.0
42070,iris,41,active,ARFF,150.0,5.0,,0.0,4.0,1.0,,
42071,iris,42,active,ARFF,150.0,5.0,3.0,0.0,4.0,1.0,50.0,50.0
42072,bot-iot-all-features,1,active,ARFF,3668522.0,45.0,0.0,0.0,36.0,9.0,,
42074,wine_reviews,1,active,arff,150930.0,10.0,,174477.0,2.0,0.0,,
42076,kickstarter_projects,1,active,arff,331675.0,14.0,,210.0,6.0,1.0,,
42078,beer_reviews,4,active,arff,1586614.0,13.0,104.0,68148.0,9.0,0.0,117586.0,241.0
42079,house_sales,1,active,arff,21613.0,20.0,,0.0,19.0,0.0,,
42080,federal_election,1,active,arff,3348209.0,21.0,0.0,10786577.0,5.0,1.0,,
42087,beer_reviews,5,active,arff,1586614.0,13.0,104.0,68148.0,9.0,0.0,117586.0,241.0
42088,beer_reviews,6,active,arff,1586614.0,13.0,104.0,68148.0,9.0,0.0,117586.0,241.0
42089,vancouver_employee,1,active,arff,1586614.0,13.0,104.0,68148.0,9.0,0.0,117586.0,241.0
42090,vancouver_employee,2,active,arff,2653.0,5.0,0.0,14.0,1.0,1.0,,
42091,iris,43,active,ARFF,150.0,5.0,,0.0,4.0,1.0,,
42092,house_sales,2,active,arff,21613.0,20.0,0.0,0.0,18.0,1.0,,
42093,public_procurement,3,active,arff,565163.0,75.0,0.0,15447015.0,27.0,0.0,,
42097,iris,44,active,ARFF,150.0,5.0,,0.0,4.0,1.0,,
42098,iris,45,active,ARFF,150.0,5.0,3.0,0.0,4.0,1.0,50.0,50.0
42099,lotto,1,active,ARFF,1153.0,11.0,,0.0,10.0,1.0,,
42104,adult_income_p,1,active,ARFF,48844.0,17.0,,6495.0,8.0,9.0,,
42105,default_credit_card_p,1,active,ARFF,30000.0,27.0,,0.0,24.0,3.0,,
42106,uci_diabetes_p,1,active,ARFF,101766.0,52.0,,192849.0,16.0,33.0,,
42107,hmeq_p,1,active,ARFF,5960.0,15.0,,5271.0,13.0,2.0,,
42108,kaggle_santander_p,1,active,ARFF,200000.0,203.0,,0.0,202.0,1.0,,
42110,S1,1,active,ARFF,5000.0,3.0,0.0,0.0,3.0,0.0,,
42111,S2,1,active,ARFF,5000.0,3.0,0.0,0.0,3.0,0.0,,
42112,S3,1,active,ARFF,5000.0,3.0,0.0,0.0,3.0,0.0,,
42113,S4,1,active,ARFF,5000.0,3.0,0.0,0.0,3.0,0.0,,
42118,public_procurement,4,active,arff,565163.0,75.0,0.0,15447015.0,27.0,0.0,,
42121,colleges,9,active,arff,7804.0,50.0,0.0,151258.0,33.0,6.0,,
42123,article_influence,2,active,arff,3615.0,7.0,3169.0,48.0,5.0,1.0,32.0,1.0
42125,employee_salaries,14,active,arff,9228.0,13.0,0.0,11169.0,4.0,4.0,,
42130,medical_charges,5,active,arff,163065.0,12.0,0.0,0.0,6.0,2.0,,
42131,medical_charges,6,active,arff,163065.0,12.0,0.0,0.0,6.0,2.0,,
42132,Traffic_violations,4,active,arff,1578154.0,43.0,4.0,8006541.0,3.0,5.0,789812.0,899.0
42133,cacao_flavor,3,active,arff,1795.0,9.0,42.0,1.0,3.0,0.0,887.0,1.0
42134,colleges,10,active,arff,7804.0,50.0,0.0,151258.0,33.0,6.0,,
42136,la_crimes,2,active,arff,1598468.0,26.0,0.0,8763238.0,12.0,7.0,,
42139,public_procurement,5,active,arff,565163.0,75.0,0.0,15447015.0,27.0,0.0,,
42140,SVHN_small,1,active,arff,9927.0,3073.0,10.0,0.0,3072.0,1.0,1896.0,625.0
42141,SVHN_medium,1,active,arff,49644.0,3073.0,10.0,0.0,3072.0,1.0,9480.0,3127.0
42143,nfl_games,1,active,ARFF,16274.0,12.0,,0.0,8.0,4.0,,
42159,colleges,11,active,arff,7063.0,50.0,0.0,125494.0,33.0,6.0,,
42160,la_crimes,3,active,arff,1468825.0,26.0,0.0,7881776.0,12.0,7.0,,
42163,public_procurement,6,active,arff,565163.0,75.0,0.0,15247061.0,27.0,0.0,,
42164,dating_profile,1,active,arff,59946.0,31.0,0.0,273249.0,3.0,0.0,,
42165,house_prices,1,active,arff,1460.0,81.0,0.0,6965.0,38.0,0.0,,
42166,cacao_flavor,4,active,arff,1794.0,9.0,41.0,0.0,3.0,0.0,887.0,1.0
42167,stress,1,active,ARFF,202.0,13.0,3.0,202.0,8.0,5.0,159.0,3.0
42169,epiparo_extract,1,active,ARFF,224.0,20.0,6.0,205.0,9.0,11.0,123.0,1.0
42172,regime_alimentaire,1,active,ARFF,202.0,20.0,2.0,17.0,3.0,17.0,161.0,41.0
42175,CreditCardFraudDetection,1,active,arff,284807.0,31.0,0.0,0.0,31.0,0.0,,
42176,parkinson-speech-uci,1,active,arff,756.0,754.0,0.0,0.0,754.0,0.0,,
42177,echocardiogram-uci,1,active,arff,132.0,8.0,4.0,103.0,1.0,0.0,57.0,1.0
42178,telco-customer-churn,1,active,arff,7043.0,20.0,2.0,0.0,3.0,0.0,5174.0,1869.0
42182,Lorenz_attractor_regime_changes,1,active,ARFF,4942.0,4.0,,0.0,4.0,0.0,,
42183,dataset_sales,1,active,ARFF,10738.0,15.0,0.0,0.0,15.0,0.0,,
42184,Wine,3,active,ARFF,1599.0,12.0,,0.0,12.0,0.0,,
42186,JuanFeldmanIris,1,active,ARFF,150.0,5.0,3.0,0.0,4.0,1.0,50.0,50.0
42188,premier_league_with_tda,1,active,ARFF,2565.0,20.0,,0.0,20.0,0.0,,
42192,compas-two-years,3,active,ARFF,5278.0,14.0,2.0,0.0,7.0,7.0,2795.0,2483.0
42193,compas-two-years,4,active,ARFF,5278.0,14.0,2.0,0.0,7.0,7.0,2795.0,2483.0
42194,Football_players_Fifa_stats,1,active,ARFF,183978.0,42.0,,47301.0,38.0,0.0,,
42195,premier_league_matches_2014_2015,1,active,ARFF,380.0,38.0,,9.0,32.0,0.0,,
42196,serie_a_matches_2015_2016,1,active,ARFF,379.0,38.0,,44.0,34.0,0.0,,
42197,Premier_League_matches,1,active,ARFF,2961.0,17.0,,0.0,16.0,0.0,,
42198,Premier_League_odds_and_prob,1,active,ARFF,323.0,11.0,,0.0,11.0,0.0,,
42199,Player_names,1,active,ARFF,11009.0,3.0,,0.0,2.0,0.0,,
42200,Mine,1,active,ARFF,69.0,37.0,,0.0,36.0,1.0,,
42201,sbilifeNSE,1,active,ARFF,245.0,15.0,,0.0,0.0,15.0,,
42202,Chaos_detection_in_Duffing_system,1,active,ARFF,2493200.0,26.0,,0.0,26.0,0.0,,
42203,Duffing_system_phase_transition,1,active,ARFF,9983.0,4.0,,0.0,4.0,0.0,,
42204,punch,1,active,ARFF,221.0,1.0,,0.0,0.0,1.0,,
42206,porto-seguro,2,active,ARFF,595212.0,38.0,2.0,846458.0,12.0,26.0,573518.0,21694.0
42207,particulate-matter-ukair-2017,2,active,ARFF,394299.0,10.0,0.0,0.0,4.0,5.0,,
42208,nyc-taxi-green-dec-2016,2,active,ARFF,581835.0,15.0,0.0,0.0,4.0,9.0,,
42218,Node_Embedding,1,active,ARFF,1069964.0,30.0,,0.0,30.0,0.0,,
42220,Edge_Embedding,1,active,ARFF,1151940.0,30.0,,0.0,30.0,0.0,,
42223,dataset-autoHorse_fixed,1,active,ARFF,201.0,69.0,186.0,0.0,68.0,1.0,2.0,1.0
42224,dataset-autoHorse_fixed,2,active,ARFF,201.0,69.0,0.0,0.0,69.0,0.0,,
42225,diamonds,1,active,arff,53940.0,10.0,0.0,0.0,7.0,3.0,,
42231,hisua,1,active,ARFF,366.0,3.0,,0.0,2.0,1.0,,
42233,test001,1,active,ARFF,768.0,9.0,,0.0,8.0,1.0,,
42236,datapm2.5,1,active,ARFF,43800.0,10.0,,0.0,10.0,0.0,,
42252,Asteroid_Dataset,1,active,arff,126131.0,34.0,2.0,99.0,31.0,2.0,125975.0,156.0
42256,Asteroid_Dataset,2,active,arff,126131.0,34.0,2.0,99.0,32.0,1.0,125975.0,156.0
42259,Test,4,active,ARFF,6330.0,8.0,,0.0,7.0,1.0,,
42260,Nishant,1,active,ARFF,10.0,4.0,,2.0,2.0,2.0,,
42261,iris-example,1,active,ARFF,150.0,5.0,3.0,0.0,4.0,1.0,50.0,50.0
42328,SolarPower,1,active,ARFF,204.0,5.0,,0.0,5.0,0.0,,
42332,SoilKsatDB,1,active,ARFF,13072.0,38.0,0.0,273027.0,29.0,1.0,,
42333,SoilHydroDB,1,active,ARFF,155649.0,38.0,0.0,1971559.0,29.0,1.0,,
42334,digits_wrote,1,active,ARFF,3468.0,785.0,2.0,0.0,784.0,1.0,1763.0,1705.0
42336,sbox_sar,2,active,ARFF,10000.0,32.0,,0.0,32.0,0.0,,
42337,nadeem,1,active,ARFF,100.0,11.0,,0.0,0.0,11.0,,
42343,KDD98,3,active,ARFF,82318.0,478.0,2.0,2399311.0,341.0,137.0,72628.0,9690.0
42344,sf-police-incidents,5,active,ARFF,538638.0,7.0,2.0,0.0,1.0,6.0,269319.0,269319.0
42345,Traffic_violations,5,active,ARFF,70340.0,21.0,3.0,2288.0,1.0,20.0,34382.0,3506.0
42347,test,5,active,ARFF,748.0,5.0,,0.0,4.0,1.0,,
42349,datasets-uta4,1,active,ARFF,31.0,62.0,,0.0,62.0,0.0,,
42351,UCI-student-performance-por,1,active,ARFF,649.0,33.0,0.0,0.0,16.0,0.0,,
42352,UCI-student-performance-mat,1,active,ARFF,395.0,33.0,0.0,0.0,16.0,0.0,,
42359,CSM,1,active,ARFF,232.0,14.0,,60.0,13.0,1.0,,
42360,DEE,1,active,ARFF,365.0,7.0,0.0,0.0,7.0,0.0,,
42361,ELE-1,1,active,ARFF,495.0,3.0,0.0,0.0,3.0,0.0,,
42362,ELE-2,1,active,ARFF,1056.0,5.0,0.0,0.0,5.0,0.0,,
42363,forest_fires,1,active,ARFF,517.0,13.0,0.0,0.0,11.0,2.0,,
42364,laser,1,active,ARFF,993.0,5.0,0.0,0.0,5.0,0.0,,
42365,optical_interconnection_network,1,active,ARFF,640.0,10.0,,0.0,8.0,2.0,,
42366,residential_building,1,active,ARFF,372.0,109.0,0.0,0.0,109.0,0.0,,
42367,treasury,1,active,ARFF,1049.0,16.0,0.0,0.0,16.0,0.0,,
42368,weather_ankara,1,active,ARFF,321.0,10.0,0.0,0.0,10.0,0.0,,
42369,weather_izmir,1,active,ARFF,1461.0,10.0,0.0,0.0,10.0,0.0,,
42370,yacht_hydrodynamics,1,active,ARFF,308.0,7.0,0.0,0.0,7.0,0.0,,
42371,CSM,2,active,ARFF,231.0,13.0,,46.0,13.0,0.0,,
42372,autoMpg,3,active,ARFF,392.0,6.0,0.0,0.0,6.0,0.0,,
42395,SantanderCustomerSatisfaction,1,active,arff,200000.0,202.0,2.0,0.0,200.0,1.0,179902.0,20098.0
42396,aloi,3,active,arff,108000.0,129.0,1000.0,0.0,128.0,1.0,108.0,108.0
42397,CreditCardFraudDetection,2,active,arff,284807.0,31.0,2.0,0.0,30.0,1.0,284315.0,492.0
42399,Test,7,active,ARFF,958.0,10.0,,0.0,0.0,10.0,,
42400,Test,8,active,ARFF,2.0,1.0,,0.0,0.0,1.0,,
42401,TestTICTACTOE,1,active,ARFF,958.0,10.0,,0.0,0.0,10.0,,
42402,filmrev,1,active,ARFF,8.0,1.0,,0.0,0.0,1.0,,
42403,fetch_openml_test,1,active,ARFF,2.0,2.0,,0.0,1.0,1.0,,
42404,fetch_openml_test2,1,active,ARFF,2.0,2.0,,0.0,1.0,1.0,,
42405,fetch_openml_test,2,active,ARFF,2.0,2.0,,0.0,1.0,1.0,,
42406,hate_det,1,active,ARFF,2.0,1.0,,0.0,0.0,1.0,,
42407,hate_det2,1,active,ARFF,2.0,2.0,,0.0,1.0,1.0,,
42408,hate_det3,1,active,ARFF,2.0,2.0,,0.0,1.0,1.0,,
42410,hate_det5,1,active,ARFF,2.0,1.0,,0.0,0.0,1.0,,
42411,hate_sample_cln,1,active,ARFF,2.0,1.0,,0.0,0.0,1.0,,
42414,hate_det4,1,active,ARFF,2.0,2.0,,0.0,1.0,1.0,,
42416,hate_det3b,1,active,ARFF,2.0,2.0,,0.0,1.0,1.0,,
42417,hate_det5,2,active,ARFF,2.0,2.0,,0.0,1.0,1.0,,
42418,hate_det5,3,active,ARFF,2.0,2.0,,0.0,1.0,1.0,,
42419,hate_det6,1,active,ARFF,2.0,2.0,,0.0,1.0,1.0,,
42422,hate_det9,1,active,ARFF,3.0,2.0,,0.0,1.0,1.0,,
42423,hate_det10,1,active,ARFF,3.0,2.0,,0.0,1.0,1.0,,
42424,hate_det11,1,active,ARFF,3.0,1.0,,0.0,0.0,1.0,,
42425,hate_det12,1,active,ARFF,3.0,2.0,,0.0,1.0,1.0,,
42426,hate_det13,1,active,ARFF,3.0,2.0,,0.0,1.0,1.0,,
42428,hate_det13_dnl,1,active,ARFF,3.0,2.0,,0.0,1.0,1.0,,
42430,fake_det,1,active,ARFF,6.0,2.0,,0.0,1.0,1.0,,
42433,fntest_sh,1,active,ARFF,44.0,2.0,,0.0,1.0,1.0,,
42435,SantanderCustomerSatisfaction,2,active,arff,200000.0,202.0,2.0,0.0,200.0,2.0,179902.0,20098.0
42436,Titanic,5,active,arff,891.0,8.0,0.0,0.0,8.0,0.0,,
42437,titanic,6,active,arff,891.0,8.0,0.0,0.0,8.0,0.0,,
42438,Titanic,7,active,arff,891.0,8.0,0.0,0.0,8.0,0.0,,
42439,titanic_1,1,active,arff,891.0,8.0,0.0,0.0,8.0,0.0,,
42440,titanic_1,2,active,arff,891.0,8.0,,0.0,8.0,0.0,,
42441,titanic_1,3,active,arff,891.0,8.0,,0.0,8.0,0.0,,
42442,titanic_2,1,active,arff,891.0,8.0,,0.0,8.0,0.0,,
42443,titanic_2,2,active,arff,891.0,8.0,,0.0,8.0,0.0,,
42444,titanic_2,3,active,arff,891.0,8.0,0.0,0.0,8.0,0.0,,
42445,titanic_3,1,active,arff,891.0,8.0,0.0,0.0,8.0,0.0,,
42450,Toxic_comment,1,active,ARFF,2.0,8.0,,0.0,6.0,2.0,,
42454,mlr_knn_rng,1,active,ARFF,111753.0,13.0,,0.0,9.0,0.0,,
42455,mlr_glmnet_rng,1,active,ARFF,104820.0,10.0,,0.0,7.0,0.0,,
42456,mlr_svm_rng,1,active,ARFF,540576.0,15.0,,658962.0,9.0,0.0,,
42457,mlr_rpart_rng,1,active,ARFF,92067.0,12.0,,0.0,9.0,0.0,,
42458,mlr_ranger_rng,1,active,ARFF,278863.0,16.0,,138965.0,10.0,0.0,,
42459,mlr_xgboost_rng,1,active,ARFF,2955210.0,21.0,,7051006.0,17.0,0.0,,
42460,Dataset,1,active,ARFF,63.0,12.0,,52.0,0.0,12.0,,
42462,Test_vectors,1,active,ARFF,2.0,3.0,,0.0,1.0,2.0,,
42463,Test_vectors2,1,active,ARFF,9.0,3.0,,0.0,1.0,2.0,,
42464,Waterstress,1,active,ARFF,1188.0,23.0,0.0,0.0,23.0,0.0,,
42468,hls4ml_lhc_jets_hlf,1,active,ARFF,830000.0,17.0,5.0,0.0,16.0,1.0,167851.0,161066.0
42470,hate_news,1,active,ARFF,1556.0,2.0,,0.0,1.0,1.0,,
42471,hate_news2,1,active,ARFF,589.0,3.0,,0.0,1.0,2.0,,
42472,hate_news3,1,active,ARFF,1556.0,3.0,,0.0,1.0,2.0,,
42477,default-of-credit-card-clients,1,active,ARFF,30000.0,24.0,2.0,0.0,23.0,1.0,23364.0,6636.0
42480,Test_vectors_sm,1,active,ARFF,2.0,11.0,,0.0,10.0,1.0,,
42486,hate_news4,1,active,ARFF,2.0,3.0,,0.0,2.0,1.0,,
42487,Test_2vectors,1,active,ARFF,2.0,4.0,,0.0,3.0,1.0,,
42488,Test_3vectors,1,active,ARFF,2.0,5.0,,0.0,4.0,1.0,,
42489,Test_3vectors_num,1,active,ARFF,2.0,5.0,,0.0,4.0,1.0,,
42491,Test_3vectors_num_let,1,active,ARFF,4.0,5.0,,0.0,3.0,2.0,,
42492,Test_5vectors_num,1,active,ARFF,4.0,7.0,,0.0,5.0,2.0,,
42493,airlines,3,active,ARFF,26969.0,8.0,2.0,0.0,2.0,6.0,14934.0,12035.0
42495,delays_zurich_transport,2,active,ARFF,27327.0,18.0,0.0,657.0,13.0,5.0,,
42496,seattlecrime6,2,active,ARFF,52358.0,8.0,0.0,650.0,3.0,5.0,,
42498,Test_vectors_500,1,active,ARFF,589.0,2909.0,,0.0,2908.0,1.0,,
42499,Test_vectors_1500,1,active,ARFF,1557.0,5629.0,,0.0,5628.0,1.0,,
42530,Midwest_Survey,11,active,arff,2778.0,28.0,10.0,1744.0,0.0,26.0,758.0,94.0
42532,Midwest_Survey_nominal,1,active,arff,2778.0,28.0,10.0,1744.0,0.0,28.0,758.0,94.0
42533,Test_vectors_1500_repaired,1,active,ARFF,1556.0,5629.0,,0.0,5628.0,1.0,,
42535,TEST10e627dcde-UploadTestWithURL,1,active,ARFF,150.0,5.0,,0.0,4.0,1.0,,
42538,Test_vectors_1500_notrans,1,active,ARFF,4.0,49.0,,0.0,49.0,0.0,,
42543,Touch,1,active,ARFF,265.0,11.0,,0.0,10.0,1.0,,
42544,Touch2,1,active,ARFF,265.0,11.0,8.0,0.0,10.0,1.0,47.0,27.0
42545,stock_fardamento02,1,active,ARFF,6277.0,7.0,0.0,0.0,6.0,1.0,,
42546,Test_vectors_1500_notrans2,1,active,ARFF,4.0,49.0,,0.0,48.0,1.0,,
42547,Test_vectors_test_other,1,active,ARFF,601.0,7.0,,0.0,0.0,7.0,,
42548,Test_vectors_notrans_posneg,1,active,ARFF,4.0,49.0,,0.0,48.0,1.0,,
42549,Test_vectors_1500_notrans_posneg,1,active,ARFF,1556.0,5628.0,,0.0,5627.0,1.0,,
42550,Test_vectors_trans_posneg,1,active,ARFF,1556.0,5629.0,,0.0,5627.0,2.0,,
42551,Test_vectors_trans_posneg2,1,active,ARFF,1556.0,5629.0,,0.0,5627.0,2.0,,
42552,Test_vectors_trans_posneg3,1,active,ARFF,1557.0,5629.0,,0.0,5627.0,2.0,,
42553,BitcoinHeist_Ransomware,1,active,arff,2916697.0,10.0,29.0,0.0,8.0,1.0,2875284.0,1.0
42554,test_hate_vects,1,active,ARFF,4.0,50.0,2.0,0.0,48.0,2.0,3.0,1.0
42555,test_hate_vects2,1,active,ARFF,4.0,50.0,,0.0,48.0,2.0,,
42556,test_hate_vects3,1,active,ARFF,1557.0,5629.0,,0.0,5627.0,2.0,,
42557,test_hate_vects4,1,active,ARFF,1557.0,5629.0,,0.0,5627.0,2.0,,
42558,demo_hate,1,active,ARFF,4.0,50.0,,0.0,48.0,2.0,,
42559,medical_charges_nominal,1,active,arff,163065.0,12.0,0.0,0.0,4.0,8.0,,
42563,house_prices_nominal,1,active,arff,1460.0,80.0,0.0,6965.0,37.0,43.0,,
42564,RB_Leipzig_18_19,1,active,Sparse_ARFF,102.0,1.0,,0.0,0.0,1.0,,
42565,1m,1,active,ARFF,3892.0,36.0,,0.0,35.0,1.0,,
42566,mydata,1,active,ARFF,3892.0,36.0,,0.0,35.0,1.0,,
42570,Mercedes_Benz_Greener_Manufacturing,2,active,arff,4209.0,377.0,0.0,0.0,369.0,8.0,,
42571,Allstate_Claims_Severity,1,active,arff,188318.0,131.0,0.0,0.0,15.0,116.0,,
42572,Santander_transaction_value,1,active,arff,4459.0,4992.0,0.0,0.0,4992.0,0.0,,
42575,Ishwar,1,active,ARFF,2205.0,22.0,,0.0,17.0,5.0,,
42585,penguins,1,active,ARFF,344.0,7.0,3.0,18.0,4.0,3.0,152.0,68.0
42603,train,2,active,arff,891.0,12.0,,866.0,7.0,0.0,,
42604,train,3,active,arff,891.0,12.0,,866.0,7.0,0.0,,
42605,train,4,active,arff,891.0,12.0,,866.0,7.0,0.0,,
42606,train,5,active,arff,891.0,12.0,,866.0,7.0,0.0,,
42607,train,6,active,arff,891.0,12.0,,866.0,7.0,0.0,,
42608,diabetes,5,active,ARFF,768.0,9.0,,0.0,8.0,1.0,,
42609,train,7,active,arff,891.0,12.0,,866.0,7.0,0.0,,
42610,train,8,active,arff,891.0,12.0,,866.0,7.0,0.0,,
42611,train,9,active,arff,891.0,12.0,,866.0,7.0,0.0,,
42612,train,10,active,arff,891.0,12.0,,866.0,7.0,0.0,,
42613,train,11,active,arff,891.0,12.0,,866.0,7.0,0.0,,
42614,train,12,active,arff,891.0,12.0,,866.0,7.0,0.0,,
42615,train,13,active,arff,891.0,12.0,,866.0,7.0,0.0,,
42616,train,14,active,arff,891.0,12.0,,866.0,7.0,0.0,,
42617,train,15,active,arff,891.0,12.0,,866.0,7.0,0.0,,
42618,train,16,active,arff,891.0,12.0,,866.0,7.0,0.0,,
42619,train,17,active,arff,891.0,12.0,,866.0,7.0,0.0,,
42620,train,18,active,arff,891.0,12.0,,866.0,7.0,0.0,,
42621,train,19,active,arff,891.0,12.0,,866.0,7.0,0.0,,
42622,train,20,active,arff,891.0,12.0,,866.0,7.0,0.0,,
42623,train,21,active,arff,891.0,12.0,,866.0,7.0,0.0,,
42624,train,22,active,arff,891.0,12.0,,866.0,7.0,0.0,,
42625,train,23,active,arff,891.0,12.0,,866.0,7.0,0.0,,
42626,train,24,active,arff,891.0,12.0,,866.0,7.0,0.0,,
42627,dataset_31_credit-g,1,active,arff,1000.0,21.0,,0.0,7.0,0.0,,
42628,dataset_31_credit-g,2,active,arff,1000.0,21.0,,0.0,7.0,0.0,,
42629,dataset_31_credit-g,3,active,arff,1000.0,21.0,,0.0,7.0,0.0,,
42630,dataset_31_credit-g,4,active,arff,1000.0,21.0,,0.0,7.0,0.0,,
42631,dataset_31_credit-g,5,active,arff,1000.0,21.0,,0.0,7.0,0.0,,
42632,dataset_31_credit-g,6,active,arff,1000.0,21.0,,0.0,7.0,0.0,,
42633,dataset_31_credit-g,7,active,arff,1000.0,21.0,,0.0,7.0,0.0,,
42635,house_sales_reduced,1,active,ARFF,21613.0,21.0,0.0,0.0,20.0,1.0,,
42636,Long,1,active,ARFF,4477.0,20.0,0.0,0.0,20.0,0.0,,
42637,titanic,8,active,ARFF,891.0,8.0,,689.0,3.0,5.0,,
42638,titanic,9,active,ARFF,891.0,8.0,2.0,689.0,3.0,5.0,549.0,342.0
42642,dataset_53_heart-statlog,1,active,arff,270.0,14.0,,0.0,13.0,0.0,,
42643,dataset_time,1,active,arff,270.0,14.0,,0.0,13.0,0.0,,
42644,dataset_time,2,active,arff,270.0,14.0,,0.0,13.0,0.0,,
42645,dataset_time,3,active,arff,270.0,14.0,,0.0,13.0,0.0,,
42646,dataset_time_2,1,active,arff,1000.0,21.0,,0.0,7.0,0.0,,
42647,dataset_time_3,1,active,arff,4324.0,9.0,,3360.0,2.0,0.0,,
42648,dataset_time_4,1,active,arff,60197.0,6.0,,42138.0,0.0,0.0,,
42649,dataset_time_4,2,active,arff,60197.0,6.0,,42138.0,0.0,0.0,,
42650,dataset_time_4,3,active,arff,60197.0,6.0,,42138.0,0.0,0.0,,
42651,dataset_time_4,4,active,arff,60197.0,6.0,,42138.0,0.0,0.0,,
42652,dataset_time_5,1,active,arff,2580.0,7.0,,2541.0,1.0,0.0,,
42653,dataset_time_1,1,active,arff,270.0,14.0,,0.0,13.0,0.0,,
42654,dataset_time_6,1,active,arff,8553.0,10.0,,18454.0,5.0,0.0,,
42655,dataset_time_5,2,active,arff,2580.0,7.0,,2541.0,1.0,0.0,,
42656,dataset_time_7,1,active,arff,20058.0,16.0,,0.0,6.0,1.0,,
42657,dataset_time_8,1,active,arff,16598.0,11.0,,329.0,7.0,0.0,,
42658,dataset_time_4,5,active,arff,60197.0,6.0,,128136.0,0.0,0.0,,
42659,dataset_time_4,6,active,arff,60197.0,6.0,,128136.0,0.0,0.0,,
42660,SalaryData,1,active,ARFF,31.0,2.0,,0.0,0.0,2.0,,
42661,iris,46,active,arff,150.0,5.0,,0.0,4.0,0.0,,
42662,dataset_time_8,2,active,arff,336.0,8.0,,0.0,7.0,0.0,,
42663,dataset_time_9,1,active,arff,2178.0,4.0,,0.0,4.0,0.0,,
42664,dataset_time_10,1,active,arff,8124.0,23.0,,2480.0,0.0,0.0,,
42665,ricci_vs_destefano,1,active,ARFF,118.0,6.0,2.0,0.0,3.0,0.0,62.0,56.0
42667,ZOO,3,active,arff,101.0,18.0,,0.0,1.0,15.0,,
42680,RelevantImagesDatasetTEST,1,active,ARFF,134731.0,31.0,2.0,0.0,27.0,4.0,129149.0,5582.0
42682,wingstop_stock_prices,1,active,ARFF,1259.0,7.0,,0.0,6.0,1.0,,
42688,Brazilian_houses,4,active,arff,10692.0,13.0,0.0,0.0,9.0,4.0,,
42689,MY_DB,1,active,ARFF,120.0,7.0,,0.0,0.0,7.0,,
42690,weather,11,active,ARFF,14.0,5.0,,0.0,2.0,3.0,,
42691,weather,12,active,ARFF,14.0,5.0,,0.0,2.0,3.0,,
42692,test,9,active,ARFF,2.0,5.0,,0.0,4.0,1.0,,
42693,testdata,2,active,ARFF,5.0,5.0,,0.0,4.0,1.0,,
42694,testnew2,1,active,ARFF,2.0,6.0,,0.0,5.0,1.0,,
42695,test3,1,active,ARFF,2.0,8.0,,0.0,7.0,1.0,,
42699,iris,47,active,ARFF,150.0,5.0,,0.0,4.0,1.0,,
42700,iris,48,active,ARFF,150.0,5.0,3.0,0.0,4.0,1.0,50.0,50.0
42701,Methane,1,active,ARFF,9199930.0,34.0,,0.0,33.0,1.0,,
42702,test4,1,active,ARFF,26.0,8.0,,0.0,7.0,1.0,,
42703,NEERI,1,active,ARFF,26.0,8.0,,0.0,7.0,1.0,,
42705,Yolanda,2,active,arff,400000.0,101.0,0.0,0.0,101.0,0.0,,
42706,Flora,1,active,arff,99.0,200001.0,0.0,0.0,200001.0,0.0,,
42708,Flora,2,active,sparse_arff,15000.0,200001.0,0.0,0.0,200001.0,0.0,,
42710,shapes,1,active,ARFF,16000.0,4.0,,0.0,3.0,1.0,,
42712,Bike_Sharing_Demand,2,active,arff,17379.0,13.0,0.0,0.0,9.0,4.0,,
42713,Bike_Sharing_Demand,3,active,arff,17379.0,13.0,0.0,0.0,11.0,2.0,,
42716,anneal,4,active,ARFF,898.0,39.0,5.0,0.0,6.0,33.0,684.0,8.0
42717,Click_prediction_small,9,active,ARFF,39948.0,10.0,2.0,0.0,9.0,1.0,33220.0,6728.0
42718,BNG(vehicle),2,active,ARFF,1000000.0,19.0,4.0,0.0,18.0,1.0,257546.0,235618.0
42720,medical_charges,7,active,arff,163065.0,12.0,0.0,0.0,6.0,2.0,,
42721,Airlines_DepDelay_1M,1,active,ARFF,1000000.0,10.0,0.0,0.0,7.0,3.0,,
42723,colleges,12,active,arff,7063.0,47.0,0.0,104305.0,33.0,11.0,,
42724,OnlineNewsPopularity,2,active,arff,39644.0,60.0,0.0,0.0,60.0,0.0,,
42726,abalone,5,active,arff,4177.0,9.0,0.0,0.0,8.0,1.0,,
42727,colleges,14,active,arff,7063.0,45.0,0.0,104249.0,33.0,12.0,,
42728,Airlines_DepDelay_10M,1,active,ARFF,10000000.0,10.0,0.0,0.0,7.0,3.0,,
42729,nyc-taxi-green-dec-2016,3,active,arff,581835.0,19.0,0.0,0.0,10.0,9.0,,
42730,us_crime,2,active,arff,1994.0,127.0,0.0,39202.0,127.0,0.0,,
42731,house_sales,3,active,arff,21613.0,22.0,0.0,0.0,21.0,1.0,,
42732,sf-police-incidents,6,active,ARFF,2215023.0,9.0,2.0,0.0,3.0,6.0,1945704.0,269319.0
42733,Click_prediction_small,10,active,arff,39948.0,12.0,2.0,0.0,5.0,7.0,33220.0,6728.0
42734,okcupid-stem,3,active,arff,50789.0,20.0,3.0,154107.0,2.0,18.0,36350.0,4882.0
42737,fps-in-video-games,1,active,ARFF,425833.0,45.0,0.0,1299988.0,31.0,14.0,,
42738,open_payments,3,active,arff,73558.0,6.0,2.0,83182.0,0.0,1.0,68809.0,4749.0
42739,road_safety,2,active,arff,363266.0,66.0,0.0,2182126.0,60.0,0.0,,
42742,porto-seguro,3,active,arff,595212.0,58.0,2.0,846458.0,26.0,32.0,573518.0,21694.0
42746,KDDCup99,5,active,arff,4898431.0,42.0,23.0,0.0,32.0,10.0,2807886.0,2.0
42750,Census-Income-KDD,3,active,arff,199523.0,42.0,2.0,415717.0,13.0,0.0,187141.0,12382.0
42757,KDDCup09-Appetency,1,active,arff,50000.0,15001.0,2.0,25108569.0,14811.0,1.0,49110.0,890.0
42758,KDDCup09-Churn,1,active,arff,50000.0,15001.0,2.0,25108569.0,14811.0,1.0,46328.0,3672.0
42759,KDDCup09-Upselling,1,active,arff,50000.0,15001.0,2.0,25108569.0,14811.0,1.0,46318.0,3682.0
42762,kits-subset,1,active,arff,100.0,27649.0,0.0,0.0,27649.0,0.0,,
42763,kits-subset,2,active,arff,100.0,27649.0,2.0,0.0,0.0,0.0,51.0,49.0
42764,kits-subset,3,active,arff,100.0,27649.0,0.0,0.0,27649.0,0.0,,
42766,kits-subset,4,active,arff,100.0,27649.0,2.0,0.0,27648.0,1.0,52.0,48.0
42768,Midwest_survey,15,active,arff,2778.0,28.0,10.0,1737.0,0.0,25.0,758.0,94.0
42769,Higgs,3,active,arff,1000000.0,29.0,2.0,0.0,28.0,1.0,529920.0,470080.0
42770,SKdailyCOVID19,1,active,ARFF,280.0,7.0,,0.0,6.0,1.0,,
42773,KDDCup09-Upselling,2,active,arff,50000.0,15001.0,2.0,14616450.0,14740.0,261.0,46318.0,3682.0
42774,KDDCup09-Appetency,2,active,arff,50000.0,15001.0,2.0,14616450.0,14740.0,261.0,49110.0,890.0
42775,KDDCup09-Churn,2,active,arff,50000.0,15001.0,2.0,14616450.0,14740.0,261.0,46328.0,3672.0
42781,danish_pronunciation,1,active,ARFF,51.0,2.0,,2.0,0.0,2.0,,
42793,olindda_outliers,1,active,ARFF,75.0,3.0,4.0,0.0,2.0,1.0,30.0,12.0
42795,Kassa,1,active,ARFF,3279.0,1559.0,,0.0,3.0,1556.0,,
42796,Kassa,2,active,ARFF,34.0,8.0,,0.0,7.0,1.0,,
42797,test,10,active,ARFF,150000.0,8.0,,0.0,7.0,1.0,,
42799,test_data,1,active,ARFF,200.0,12.0,,0.0,11.0,1.0,,
42800,pm25dataset,1,active,ARFF,43800.0,10.0,,0.0,10.0,0.0,,
42803,road-safety,4,active,arff,363243.0,67.0,3.0,2181757.0,61.0,0.0,238639.0,19824.0
42804,Midwest_survey,16,active,arff,2778.0,28.0,10.0,1737.0,0.0,25.0,758.0,94.0
42805,Midwest_survey,17,active,arff,2494.0,28.0,9.0,99.0,0.0,25.0,758.0,94.0
42806,nba-shot-logs,1,active,ARFF,128069.0,21.0,,5567.0,14.0,7.0,,
42807,PrimeForm,1,active,ARFF,26.0,5.0,,0.0,4.0,1.0,,
42809,kits,1,active,arff,1000.0,27649.0,2.0,0.0,27648.0,1.0,520.0,480.0
42810,PCam,1,active,arff,4000.0,27649.0,2.0,0.0,27648.0,1.0,2023.0,1977.0
42811,PCam16k,1,active,arff,16000.0,27649.0,2.0,0.0,27648.0,1.0,8009.0,7991.0
42812,PCam16k,2,active,arff,16000.0,27649.0,2.0,0.0,27648.0,1.0,8067.0,7933.0
42813,bankmarketing,1,active,ARFF,41188.0,21.0,,0.0,10.0,11.0,,
42819,OxfordPets,1,active,arff,7349.0,49153.0,37.0,0.0,49152.0,0.0,200.0,184.0
42820,OxfordPets,2,active,arff,7349.0,49153.0,37.0,0.0,49152.0,1.0,200.0,184.0
42821,NASA_PHM2008,1,active,arff,45918.0,22.0,0.0,0.0,22.0,0.0,,
42822,NASA_PHM2008_1,1,active,arff,45918.0,22.0,0.0,0.0,22.0,0.0,,
42824,NaijaCOVID-19,1,active,ARFF,37.0,19.0,,0.0,17.0,2.0,,
42825,speeddating,2,active,ARFF,8378.0,123.0,,18372.0,59.0,64.0,,
42834,authorship,1,active,ARFF,841.0,74.0,,0.0,70.0,4.0,,
42835,authorship,2,active,ARFF,841.0,74.0,,0.0,70.0,4.0,,
42836,blocks,1,active,ARFF,5472.0,15.0,,0.0,10.0,5.0,,
42837,bodyfat,3,active,ARFF,252.0,14.0,,0.0,7.0,7.0,,
42838,breast,2,active,ARFF,106.0,15.0,,0.0,9.0,6.0,,
42839,calhousing,1,active,ARFF,20640.0,8.0,,0.0,4.0,4.0,,
42840,cold,1,active,ARFF,2465.0,28.0,,0.0,24.0,4.0,,
42841,cpu,4,active,ARFF,8192.0,11.0,,0.0,6.0,5.0,,
42842,diau,1,active,ARFF,2465.0,31.0,,0.0,24.0,7.0,,
42843,dtt,1,active,ARFF,2465.0,28.0,,0.0,24.0,4.0,,
42844,ecoli,4,active,ARFF,336.0,15.0,,0.0,7.0,8.0,,
42845,elevators,4,active,ARFF,16599.0,18.0,,0.0,9.0,9.0,,
42846,fried,3,active,ARFF,40768.0,14.0,,0.0,9.0,5.0,,
42847,glass,4,active,ARFF,214.0,15.0,,0.0,9.0,6.0,,
42848,glass,5,active,ARFF,214.0,15.0,,0.0,9.0,6.0,,
42849,heat,1,active,ARFF,2465.0,30.0,,0.0,24.0,6.0,,
42850,housing,1,active,ARFF,506.0,12.0,,0.0,6.0,6.0,,
42851,iris,49,active,ARFF,150.0,7.0,,0.0,4.0,3.0,,
42853,letter,3,active,ARFF,20000.0,42.0,,0.0,16.0,26.0,,
42855,libras,1,active,ARFF,360.0,105.0,,0.0,90.0,15.0,,
42856,pendigits,3,active,ARFF,10992.0,26.0,,0.0,16.0,10.0,,
42857,pendigits,4,active,ARFF,10992.0,26.0,,0.0,16.0,10.0,,
42858,satimage,2,active,ARFF,6435.0,42.0,,0.0,36.0,6.0,,
42859,segment,4,active,ARFF,2310.0,25.0,,0.0,18.0,7.0,,
42860,segment,5,active,ARFF,2310.0,25.0,,0.0,18.0,7.0,,
42861,spo,1,active,ARFF,2465.0,35.0,,0.0,24.0,11.0,,
42862,stock,3,active,ARFF,950.0,10.0,,0.0,5.0,5.0,,
42863,vehicle,3,active,ARFF,846.0,22.0,,0.0,18.0,4.0,,
42864,vehicle,4,active,ARFF,846.0,22.0,,0.0,18.0,4.0,,
42865,vowel,4,active,ARFF,528.0,21.0,,0.0,10.0,11.0,,
42866,vowel,5,active,ARFF,528.0,21.0,,0.0,10.0,11.0,,
42867,wine,4,active,ARFF,178.0,16.0,,0.0,13.0,3.0,,
42869,wisconsin,3,active,ARFF,194.0,32.0,,0.0,16.0,16.0,,
42870,yeast,9,active,ARFF,1484.0,18.0,,0.0,8.0,10.0,,
42871,iris,50,active,ARFF,150.0,7.0,,0.0,4.0,3.0,,
42872,wine,5,active,ARFF,178.0,16.0,,0.0,13.0,3.0,,
42874,Laboratorio_dataset_car,1,active,ARFF,1750.0,7.0,,0.0,0.0,7.0,,
42875,Laboratorio_dataset_car,2,active,ARFF,1750.0,7.0,,0.0,0.0,7.0,,
42876,WorkersCompensation,1,active,ARFF,100000.0,14.0,0.0,0.0,8.0,0.0,,
42877,SCADI,1,active,ARFF,70.0,206.0,,0.0,1.0,205.0,,
42878,autism-adult-data,1,active,ARFF,704.0,21.0,,192.0,2.0,19.0,,
42880,polish-bankruptcy-1year,1,active,ARFF,7027.0,65.0,,5835.0,64.0,1.0,,
42881,CMC_Data,1,active,ARFF,1473.0,10.0,,0.0,2.0,8.0,,
42882,dgf_test,1,active,arff,3415.0,5.0,2.0,1.0,2.0,0.0,2851.0,564.0
42883,dgf_test,2,active,arff,3415.0,5.0,2.0,1.0,2.0,0.0,2851.0,564.0
42887,absenteeism-at-work,1,active,ARFF,740.0,21.0,,0.0,14.0,7.0,,
42889,shill-bidding,1,active,arff,6321.0,13.0,0.0,0.0,12.0,0.0,,
42890,AI4I2020,1,active,arff,10000.0,14.0,,0.0,12.0,0.0,,
42891,beijing-pm2.5,1,active,arff,43824.0,13.0,,2067.0,12.0,0.0,,
42893,acp-lung-cancer,1,active,arff,901.0,3.0,,0.0,1.0,0.0,,
42895,acp-breast-cancer,1,active,arff,949.0,3.0,,0.0,1.0,0.0,,
42896,behavior-urban-traffic,1,active,ARFF,135.0,18.0,,0.0,17.0,1.0,,
42897,bias-correction,1,active,arff,7752.0,25.0,,1248.0,24.0,0.0,,
42898,burst-header-packet,1,active,ARFF,1075.0,22.0,,15.0,20.0,2.0,,
42900,breast-cancer-coimbra,1,active,arff,116.0,10.0,0.0,0.0,10.0,0.0,,
42901,caesarian-section,1,active,ARFF,80.0,6.0,,0.0,0.0,6.0,,
42903,physicochemical-protein,1,active,arff,45730.0,10.0,,0.0,10.0,0.0,,
42904,youtube-spam-psy,1,active,arff,350.0,5.0,,0.0,1.0,0.0,,
42905,youtube-spam-katyperry,1,active,arff,350.0,5.0,,0.0,1.0,0.0,,
42906,youtube-spam-lmfao,1,active,arff,438.0,5.0,,0.0,1.0,0.0,,
42907,youtube-spam-eminem,1,active,arff,448.0,5.0,,245.0,1.0,0.0,,
42908,youtube-spam-shakira,1,active,arff,370.0,5.0,,0.0,1.0,0.0,,
42909,obesity-level-indicators,1,active,ARFF,2111.0,17.0,,0.0,8.0,9.0,,
42910,cargo-2000,1,active,arff,3943.0,98.0,,210284.0,26.0,0.0,,
42911,risk-factors-cervical,1,active,arff,858.0,36.0,,3622.0,10.0,0.0,,
42912,behavior-cervical,1,active,arff,858.0,36.0,,3622.0,10.0,0.0,,
42915,chemical-ceramic,1,active,arff,88.0,19.0,,0.0,17.0,0.0,,
42918,skillcraft1,1,active,arff,3395.0,20.0,,168.0,17.0,0.0,,
42930,alcohol-qcm-sensor,1,active,arff,125.0,15.0,,0.0,15.0,0.0,,
42931,audit-data,1,active,arff,1552.0,37.0,0.0,19402.0,36.0,0.0,,
42932,avila,1,active,arff,20867.0,13.0,,0.0,12.0,0.0,,
42933,Beijing-Multi-Site-Air-Quality,1,active,arff,420768.0,18.0,,74027.0,16.0,0.0,,
42960,communities-and-crime,1,active,arff,2215.0,147.0,,44592.0,104.0,0.0,,
42961,parking-birmingham,1,active,arff,35717.0,4.0,,0.0,2.0,0.0,,
42962,oclar,1,active,arff,3916.0,3.0,,0.0,1.0,0.0,,
42963,sgemm-gpu-kernel,1,active,arff,241600.0,18.0,,0.0,18.0,0.0,,
42964,wimbledon-women-2013,1,active,arff,122.0,42.0,,906.0,40.0,0.0,,
42965,wimbledon-men-2013,1,active,arff,114.0,42.0,,562.0,40.0,0.0,,
42966,usopen-men-2013,1,active,arff,126.0,42.0,,978.0,40.0,0.0,,
42967,usopen-women-2013,1,active,arff,76.0,42.0,,574.0,40.0,0.0,,
42968,frenchopen-women-2013,1,active,arff,127.0,42.0,,722.0,40.0,0.0,,
42969,frenchopen-men-2013,1,active,arff,125.0,42.0,,362.0,40.0,0.0,,
42970,ausopen-men-2013,1,active,arff,126.0,42.0,,446.0,40.0,0.0,,
42971,ausopen-women-2013,1,active,arff,127.0,42.0,,788.0,40.0,0.0,,
42972,chronic-kidney-disease,1,active,arff,400.0,26.0,,1009.0,12.0,0.0,,
42973,ct-slice-localization,1,active,arff,53500.0,386.0,,0.0,386.0,0.0,,
42974,gas-turbine-2011,1,active,arff,7411.0,11.0,,0.0,11.0,0.0,,
42975,gas-turbine-2012,1,active,arff,7628.0,11.0,,0.0,11.0,0.0,,
42976,gas-turbine-2013,1,active,arff,7152.0,11.0,,0.0,11.0,0.0,,
42977,gas-turbine-2014,1,active,arff,7158.0,11.0,,0.0,11.0,0.0,,
42978,gas-turbine-2015,1,active,arff,7384.0,11.0,,0.0,11.0,0.0,,
42979,gnfuv-pi-2,1,active,arff,341.0,5.0,,0.0,0.0,0.0,,
42980,gnfuv-pi-3,1,active,arff,263.0,5.0,,0.0,0.0,0.0,,
42981,gnfuv-pi-4,1,active,arff,487.0,5.0,,0.0,0.0,0.0,,
42982,gnfuv-pi-5,1,active,arff,577.0,5.0,,0.0,0.0,0.0,,
42984,polish-bankruptcy-2year,1,active,ARFF,10173.0,65.0,,12157.0,64.0,1.0,,
42985,polish-bankruptcy-3-year,1,active,ARFF,10503.0,65.0,,9888.0,64.0,1.0,,
42986,polish-bankruptcy-4year,1,active,ARFF,9792.0,65.0,,8776.0,64.0,1.0,,
42987,polish-bankruptcy-5year,1,active,ARFF,5910.0,65.0,,4666.0,64.0,1.0,,
42989,garments-worker-productivity,1,active,arff,1197.0,15.0,,506.0,11.0,0.0,,
42990,digital-colposcopy-green,1,active,arff,98.0,69.0,,0.0,69.0,0.0,,
42991,digital-colposcopy-hinselmann,1,active,arff,97.0,69.0,,0.0,69.0,0.0,,
42992,digital-colposcopy-schiller,1,active,arff,92.0,69.0,,0.0,69.0,0.0,,
42993,online-shoppers-intention,1,active,arff,12330.0,18.0,,0.0,14.0,2.0,,
42994,early-stage-diabetes,1,active,arff,520.0,17.0,,0.0,1.0,0.0,,
42996,gender-by-name,1,active,arff,147269.0,4.0,,0.0,2.0,0.0,,
42997,mocap-hand-postures,1,active,arff,78096.0,38.0,,974700.0,11.0,0.0,,
42998,metro-interstate-traffic,1,active,arff,48204.0,9.0,,0.0,5.0,0.0,,
42999,hungarian-chickenpox,1,active,arff,522.0,21.0,,0.0,20.0,0.0,,
43000,cnn-stock-pred-dji,1,active,arff,522.0,21.0,,0.0,20.0,0.0,,
43003,cnn-stock-pred-nasdaq,1,active,arff,1984.0,84.0,,3029.0,82.0,0.0,,
43004,cnn-stock-pred-nyse,1,active,arff,1984.0,84.0,,3029.0,82.0,0.0,,
43005,cnn-stock-pred-russell,1,active,arff,1984.0,84.0,,3029.0,82.0,0.0,,
43006,cnn-stock-pred-sp,1,active,arff,1984.0,84.0,,3029.0,82.0,0.0,,
43007,electrical-grid-stability,1,active,arff,10000.0,14.0,,0.0,13.0,0.0,,
43008,heart-failure,1,active,arff,299.0,13.0,,0.0,13.0,0.0,,
43009,hcv-data,1,active,arff,615.0,14.0,,31.0,12.0,0.0,,
43023,dgf_96f4164d-956d-4c1c-b161-68724eb0ccdc,16,active,arff,1.0,57.0,1.0,11.0,22.0,35.0,1.0,1.0
43025,dgf_96f4164d-956d-4c1c-b161-68724eb0ccdc,18,active,arff,2.0,57.0,1.0,22.0,21.0,36.0,2.0,2.0
43026,dgf_96f4164d-956d-4c1c-b161-68724eb0ccdc,19,active,arff,421.0,3.0,1.0,0.0,0.0,3.0,421.0,421.0
43028,dgf_96f4164d-956d-4c1c-b161-68724eb0ccdc,21,active,arff,709.0,57.0,6.0,8199.0,12.0,45.0,398.0,10.0
43029,dgf_96f4164d-956d-4c1c-b161-68724eb0ccdc,22,active,arff,699.0,57.0,5.0,7889.0,12.0,45.0,398.0,10.0
43033,dgf_96f4164d-956d-4c1c-b161-68724eb0ccdc,26,active,arff,699.0,57.0,5.0,7889.0,12.0,45.0,398.0,10.0
43034,dgf_6af37c98-0933-4ae4-8380-5f63212fb52a,1,active,arff,132977.0,55.0,0.0,550521.0,42.0,12.0,,
43035,dgf_96f4164d-956d-4c1c-b161-68724eb0ccdc,27,active,arff,699.0,57.0,5.0,7889.0,12.0,45.0,398.0,10.0
43038,dow-jones-index,1,active,arff,750.0,16.0,,60.0,8.0,0.0,,
43039,internet-firewall,1,active,arff,65532.0,12.0,,0.0,11.0,0.0,,
43040,post-operative,1,active,arff,65532.0,12.0,,0.0,11.0,0.0,,
43044,drug-directory,2,active,arff,120215.0,20.0,7.0,443305.0,3.0,1.0,69001.0,7.0
43045,art_daily_small_noise,1,active,arff,4032.0,2.0,,0.0,1.0,0.0,,
43046,leaktest,1,active,ARFF,23.0,4.0,,0.0,4.0,0.0,,
43047,art_daily_nojump,1,active,arff,4032.0,2.0,,0.0,1.0,0.0,,
43049,art_daily_nojump2,1,active,arff,4032.0,3.0,,0.0,2.0,0.0,,
43050,art_daily_nojump3,1,active,arff,4032.0,3.0,0.0,0.0,2.0,0.0,,
43051,art_daily_nojump4,1,active,arff,4032.0,3.0,2.0,0.0,1.0,1.0,3901.0,131.0
43056,art_daily_small_noise2,1,active,arff,4032.0,2.0,0.0,0.0,1.0,0.0,,
43059,realAdExchange2,1,active,arff,1624.0,3.0,,0.0,2.0,0.0,,
43060,realAdExchange3,1,active,arff,1538.0,3.0,,0.0,2.0,0.0,,
43062,realAdExchange4,1,active,arff,1643.0,3.0,,0.0,2.0,0.0,,
43063,Diabetes,6,active,ARFF,768.0,9.0,,0.0,8.0,1.0,,
43064,realAdExchange4,2,active,arff,1643.0,2.0,,0.0,1.0,0.0,,
43066,BMC_TrainingData,1,active,ARFF,177640.0,40.0,,0.0,31.0,9.0,,
43067,LottoMaster-144,1,active,ARFF,12528.0,36.0,,0.0,36.0,0.0,,
43068,road_safety,3,active,arff,363266.0,66.0,0.0,876833.0,60.0,0.0,,
43069,road_safety,4,active,arff,363206.0,66.0,0.0,876555.0,60.0,0.0,,
43070,MIP-2016-regression,2,active,ARFF,1090.0,147.0,0.0,0.0,145.0,1.0,,
43071,MIP-2016-regression,3,active,ARFF,1090.0,145.0,0.0,0.0,144.0,1.0,,
43072,KDDCup09-Upselling,3,active,arff,50000.0,14892.0,2.0,19658569.0,14702.0,190.0,46318.0,3682.0
43075,1DUltrasoundMuscleFatigueDataStudy1Of2,1,active,ARFF,347.0,8.0,,0.0,4.0,0.0,,
43076,1DUltrasoundMuscleFatigueDataStudy2Of2,1,active,ARFF,318.0,8.0,,0.0,4.0,0.0,,
43077,art_daily_jumpsup,1,active,arff,4032.0,3.0,,0.0,2.0,0.0,,
43078,Code_Smells_Blob,1,active,arff,83943.0,67.0,0.0,2801627.0,67.0,0.0,,
43079,Code_Smells_Data_Class,1,active,arff,86467.0,67.0,0.0,2852906.0,67.0,0.0,,
43080,art_daily_jumpsdown,1,active,arff,4032.0,3.0,,0.0,2.0,0.0,,
43085,tuiter,1,active,ARFF,761.0,42.0,,630.0,32.0,10.0,,
43090,30mlday,1,active,ARFF,300000.0,25.0,0.0,0.0,15.0,10.0,,
43093,MiamiHousing2016,1,active,ARFF,13932.0,17.0,0.0,0.0,17.0,0.0,,
43097,students_scores,1,active,ARFF,1000.0,8.0,2.0,0.0,3.0,0.0,518.0,482.0
43098,students_scores,2,active,ARFF,1000.0,8.0,2.0,0.0,3.0,0.0,518.0,482.0
43100,Weather-11.10,1,active,arff,14.0,5.0,2.0,0.0,2.0,3.0,9.0,5.0
43102,Weather,14,active,ARFF,14.0,5.0,,0.0,2.0,3.0,,
43103,Weather,15,active,ARFF,14.0,5.0,,0.0,2.0,3.0,,
43104,ilpd,2,active,ARFF,583.0,11.0,,0.0,9.0,2.0,,
43105,Testing,2,active,ARFF,601.0,7.0,,0.0,0.0,7.0,,
43106,ChonicKidneyDisease,1,active,ARFF,250.0,28.0,,0.0,17.0,11.0,,
43113,movies,1,active,arff,4803.0,11.0,,514.0,3.0,0.0,,
43114,Red_wine,1,active,ARFF,0.0,66.0,,0.0,60.0,0.0,,
43115,Red_wine1,1,active,ARFF,571.0,4.0,,0.0,3.0,1.0,,
43116,red_wine,2,active,ARFF,571.0,4.0,,0.0,3.0,1.0,,
43117,red_wine,3,active,ARFF,571.0,4.0,,0.0,3.0,1.0,,
43118,red_wine,4,active,ARFF,571.0,4.0,,0.0,3.0,1.0,,
43119,white_wine1,1,active,ARFF,78.0,4.0,,0.0,3.0,1.0,,
43121,Porto_Seguro_Safe_Driver_Prediction_2nd_Place_Lightgbm_Solution,1,active,ARFF,595212.0,224.0,0.0,0.0,224.0,0.0,,
43122,Hyperplane,1,active,ARFF,500000.0,11.0,,0.0,10.0,1.0,,
43123,Diabetes(scikit-learn),7,active,arff,442.0,11.0,0.0,0.0,11.0,0.0,,
43127,mytestdataset,1,active,arff,992.0,16.0,0.0,0.0,14.0,0.0,,
43134,car_info,1,active,ARFF,1750.0,7.0,,0.0,0.0,7.0,,
43136,ACSIncome,1,active,ARFF,1664500.0,12.0,,0.0,12.0,0.0,,
43137,ACSIncome,2,active,ARFF,1664500.0,12.0,,0.0,12.0,0.0,,
43138,ACSPublicCoverage,1,active,ARFF,1138289.0,19.0,,0.0,19.0,0.0,,
43140,ACSPublicCoverage,2,active,ARFF,1138289.0,20.0,0.0,0.0,20.0,0.0,,
43141,ACSIncome,3,active,ARFF,1664500.0,12.0,0.0,0.0,12.0,0.0,,
43144,SGEMM_GPU_kernel_performance,1,active,arff,241600.0,18.0,0.0,0.0,18.0,0.0,,
43146,bfi_dataset,1,active,arff,2800.0,28.0,,731.0,28.0,0.0,,
43147,StackOverflow-polarity-train,1,active,ARFF,3097.0,2.0,3.0,0.0,0.0,1.0,1186.0,842.0
43148,StackOverflow-polarity-test,1,active,ARFF,1326.0,2.0,3.0,0.0,0.0,1.0,508.0,360.0
43149,StackOverflow-polarity,1,active,ARFF,4423.0,2.0,3.0,0.0,0.0,1.0,1694.0,1202.0
43150,ALARM_dataset,1,active,arff,20000.0,37.0,,0.0,0.0,37.0,,
43151,Asia_dataset,1,active,arff,5000.0,8.0,,0.0,0.0,8.0,,
43154,coronary_dataset,1,active,arff,1841.0,6.0,,0.0,0.0,6.0,,
43156,hailfinder_dataset,1,active,arff,20000.0,56.0,,0.0,0.0,56.0,,
43157,insurance_dataset,1,active,arff,20000.0,27.0,,0.0,0.0,27.0,,
43160,StackOverflow-polarity,2,active,ARFF,4423.0,2.0,3.0,0.0,0.0,1.0,1694.0,1202.0
43162,lizards_dataset,1,active,arff,409.0,3.0,,0.0,0.0,3.0,,
43174,superconduct,1,active,arff,21263.0,82.0,0.0,0.0,82.0,0.0,,
43176,sells,1,active,ARFF,391.0,5.0,,0.0,5.0,0.0,,
43180,IEEE80211aa-GATS,1,active,arff,4046.0,34.0,0.0,0.0,33.0,0.0,,
43181,33,1,active,ARFF,8783.0,17.0,,4314.0,3.0,14.0,,
43190,IEEE80211aa-GATS,2,active,arff,4046.0,34.0,0.0,0.0,33.0,0.0,,
43192,IEEE80211aa-GATS,3,active,arff,4881.0,34.0,0.0,691.0,33.0,0.0,,
43194,IEEE80211aa-GATS,4,active,arff,4322.0,34.0,0.0,0.0,33.0,0.0,,
43198,IEEE80211aa-GATS,5,active,arff,5296.0,34.0,0.0,1224.0,33.0,0.0,,
43204,17StudentTimeManagement,1,active,ARFF,125.0,21.0,,57.0,1.0,20.0,,
43205,19SemesterResult,1,active,ARFF,178.0,10.0,,198.0,9.0,1.0,,
43206,24InternationalstudentsinChina-Continent,1,active,ARFF,5.0,3.0,,0.0,0.0,3.0,,
43207,25InternationalstudentsinChina-Country,1,active,ARFF,15.0,3.0,,0.0,1.0,2.0,,
43208,26InternationalstudentsinChina-Province,1,active,ARFF,12.0,2.0,,0.0,0.0,2.0,,
43218,17OnlineShoppersPurchasingIntention,1,active,ARFF,12330.0,18.0,,0.0,14.0,4.0,,
43219,18ProductivityPrediction,1,active,ARFF,1197.0,15.0,,506.0,11.0,4.0,,
43220,19Realestatevaluation,1,active,ARFF,414.0,8.0,,0.0,2.0,5.0,,
43222,22SafetyBehaviouDuringCOVID-19,1,active,ARFF,515.0,26.0,,0.0,26.0,0.0,,
43248,1,2,active,ARFF,1000.0,8.0,,0.0,3.0,5.0,,
43250,18ProductivityPrediction,2,active,ARFF,1197.0,15.0,0.0,506.0,11.0,4.0,,
43252,IEEE80211aa-GATS,7,active,arff,3782.0,34.0,0.0,0.0,33.0,0.0,,
43255,1StudentPerfromance,1,active,ARFF,1000.0,8.0,2.0,0.0,3.0,5.0,518.0,482.0
43256,IEEE80211aa-GATS,9,active,arff,2824.0,34.0,0.0,432.0,33.0,0.0,,
43257,wine_quality,2,active,ARFF,1143.0,13.0,,0.0,12.0,1.0,,
43259,wine,6,active,ARFF,150930.0,10.0,,174477.0,2.0,0.0,,
43260,train_bbb,1,active,ARFF,2054.0,3025.0,,0.0,3025.0,0.0,,
43262,Darshana,1,active,ARFF,1085.0,1.0,,0.0,1.0,0.0,,
43278,Graph_Inference_Dataset,1,active,arff,500.0,101.0,,0.0,101.0,0.0,,
43284,PhosphoproteinChallenge_DREAM3,1,active,arff,272.0,21.0,,0.0,1.0,0.0,,
43286,Graph_Inference_Dataset,2,active,arff,500.0,101.0,,0.0,101.0,0.0,,
43292,PhosphoproteinChallenge_DREAM3,2,active,arff,272.0,21.0,,0.0,1.0,0.0,,
43294,Graph_Inference_Dataset,3,active,arff,500.0,101.0,,0.0,101.0,0.0,,
43295,pair0001,3,active,arff,348.0,2.0,,0.0,2.0,0.0,,
43296,pair0002,3,active,arff,348.0,2.0,,0.0,2.0,0.0,,
43297,pair0003,3,active,arff,348.0,2.0,,0.0,2.0,0.0,,
43298,pair0004,3,active,arff,348.0,2.0,,0.0,2.0,0.0,,
43299,pair0005,3,active,arff,4176.0,2.0,,0.0,2.0,0.0,,
43300,PhosphoproteinChallenge_DREAM3,3,active,arff,272.0,21.0,,0.0,1.0,0.0,,
43303,US-Accidents-(4.2-million-records),1,active,arff,2845342.0,46.0,,3414349.0,14.0,13.0,,
43304,US-Accidents-(4.2-million-records),2,active,arff,2845342.0,46.0,,3414349.0,14.0,13.0,,
43305,Used-Cars-Dataset,1,active,arff,426880.0,25.0,,1655336.0,6.0,0.0,,
43306,Used-Cars-Dataset,2,active,arff,426880.0,25.0,,1655336.0,6.0,0.0,,
43307,Campus-Recruitment,1,active,arff,215.0,15.0,,67.0,7.0,0.0,,
43308,Fish-market,1,active,arff,159.0,7.0,0.0,0.0,6.0,0.0,,
43309,"Movies-on-Netflix,-Prime-Video,-Hulu-and-Disney",1,active,arff,9515.0,10.0,,4184.0,7.0,0.0,,
43310,Indian-Startup-Funding,1,active,arff,3044.0,10.0,,4900.0,1.0,0.0,,
43311,Quality-Prediction-in-a-Mining-Process,1,active,arff,737453.0,24.0,,0.0,0.0,0.0,,
43312,Complete-Historical-Cryptocurrency-Financial-Data,1,active,arff,28944.0,8.0,,0.0,0.0,0.0,,
43313,US-Breweries,1,active,arff,2407.0,6.0,,8.0,1.0,0.0,,
43315,WorldHappinessReport2019,1,active,arff,1038.0,13.0,,7.0,12.0,0.0,,
43318,AustinWeather,1,active,arff,1319.0,21.0,,0.0,3.0,0.0,,
43319,CompleteCryptocurrencyMarketHistory,1,active,arff,632218.0,9.0,,69712.0,7.0,0.0,,
43320,HMEQ_Data,1,active,arff,5960.0,13.0,,5271.0,11.0,0.0,,
43321,DiabetesDataset2019,1,active,arff,952.0,18.0,,48.0,4.0,0.0,,
43322,GermanHousePrices,1,active,arff,10552.0,26.0,,49282.0,13.0,0.0,,
43323,CorporateCreditRating,1,active,arff,2029.0,31.0,,0.0,25.0,0.0,,
43324,USBreweries,1,active,arff,2407.0,6.0,,8.0,1.0,0.0,,
43325,Birds,5,active,arff,500.0,3.0,20.0,0.0,0.0,0.0,25.0,25.0
43326,mini_insect_1,1,active,arff,12.0,4.0,4.0,0.0,0.0,0.0,3.0,3.0
43327,Birds,6,active,arff,500.0,3.0,20.0,0.0,0.0,0.0,25.0,25.0
43328,mini_insect_1,2,active,arff,12.0,4.0,4.0,0.0,0.0,0.0,3.0,3.0
43331,Austin-Weather,1,active,arff,1319.0,21.0,,0.0,3.0,0.0,,
43332,Complete-Cryptocurrency-Market-History,1,active,arff,632218.0,9.0,,69712.0,7.0,0.0,,
43335,Austin-Weather,2,active,arff,1319.0,21.0,,0.0,3.0,0.0,,
43336,Complete-Cryptocurrency-Market-History,2,active,arff,632218.0,9.0,,69712.0,7.0,0.0,,
43337,HMEQ_Data,2,active,arff,5960.0,13.0,,5271.0,11.0,0.0,,
43338,Energy-Efficiency-Dataset,1,active,arff,768.0,10.0,,0.0,10.0,0.0,,
43339,Chocolate-Bar-Ratings,1,active,arff,1795.0,9.0,,962.0,3.0,0.0,,
43340,Chocolate-Bar-Ratings,2,active,arff,1795.0,9.0,,962.0,3.0,0.0,,
43341,Diabetes-Dataset-2019,1,active,arff,952.0,18.0,,48.0,4.0,0.0,,
43342,German-House-Prices,1,active,arff,10552.0,26.0,,49282.0,13.0,0.0,,
43343,Mammographic-Mass-Data-Set,1,active,arff,830.0,6.0,,0.0,6.0,0.0,,
43344,Corporate-Credit-Rating,1,active,arff,2029.0,31.0,,0.0,25.0,0.0,,
43345,Quora_Insincere_Questions_2018,1,active,arff,1306122.0,4.0,,1.0,2.0,0.0,,
43346,User-OTT-Consumption-Profile---2019,1,active,arff,1249.0,113.0,,0.0,113.0,0.0,,
43347,Palmer-Penguins-Dataset-Alternative-Iris-Dataset,1,active,arff,344.0,7.0,,19.0,4.0,0.0,,
43348,Edmunds-car-review,1,active,arff,299045.0,8.0,,171.0,2.0,0.0,,
43349,COVID-19-World-Vaccination-Progress,1,active,arff,97606.0,5.0,,0.0,1.0,0.0,,
43350,US-Breweries,2,active,arff,2407.0,6.0,,8.0,1.0,0.0,,
43351,Temperature-Readings--IOT-Devices,1,active,arff,97606.0,5.0,0.0,0.0,1.0,0.0,,
43352,PS4-Games,1,active,arff,1584.0,10.0,,0.0,8.0,0.0,,
43353,Capitol-Riot-Tweets,1,active,arff,82309.0,14.0,,392323.0,8.0,0.0,,
43354,Radar-Traffic-Data,1,active,arff,4603861.0,12.0,,0.0,9.0,0.0,,
43355,Brilliant-Diamonds,1,active,arff,119307.0,11.0,,0.0,3.0,0.0,,
43356,Comprehensive-database-of-Minerals,1,active,arff,3112.0,140.0,,0.0,139.0,0.0,,
43357,Within-project-Defect-Prediction-for-Ansible,1,active,arff,227272.0,113.0,0.0,757758.0,109.0,0.0,,
43358,Earthquakes-Data-NZ,1,active,arff,20648.0,5.0,,0.0,4.0,0.0,,
43359,Nintendo3DS-Games,1,active,arff,1680.0,21.0,0.0,3632.0,16.0,0.0,,
43360,Popular-Halloween-2020--Costumes-Amazon-Reviews,1,active,arff,7814.0,5.0,,16.0,1.0,0.0,,
43361,Condominium-Comparable-Rental-Income-in-NYC,1,active,arff,22073.0,12.0,,76.0,8.0,0.0,,
43362,Netflix_movies,1,active,arff,3323.0,10.0,,0.0,4.0,0.0,,
43363,All-of-Trumps-Tweets-(2009-2020),1,active,arff,56571.0,9.0,,0.0,3.0,0.0,,
43364,Gambling-Behavior-Bustabit,1,active,arff,50000.0,9.0,,63798.0,7.0,0.0,,
43365,Covid-19-Case-Surveillance-Public-Use-Dataset,1,active,arff,8405079.0,11.0,,9543526.0,0.0,0.0,,
43366,Amazon---Ratings-(Beauty-Products),1,active,arff,2023070.0,4.0,,0.0,2.0,0.0,,
43367,COVID-19-Indonesia-Dataset,1,active,arff,21759.0,38.0,,47848.0,26.0,0.0,,
43368,Online-Retail-II-UCI,1,active,arff,1067371.0,8.0,,247481.0,3.0,0.0,,
43369,U.S.-Airbnb-Open-Data,1,active,arff,226030.0,17.0,,213880.0,10.0,0.0,,
43370,Dutch-News-Articles,1,active,arff,237861.0,5.0,,0.0,0.0,0.0,,
43371,New-Cases-of-COVID-19-In-World-Countries,1,active,arff,16659.0,28.0,,24650.0,20.0,0.0,,
43372,Hazardous-Driving-Spots-Around-the-World,1,active,arff,10939.0,18.0,,6089.0,9.0,0.0,,
43373,Reddit-WallStreetBets-Posts,1,active,arff,53187.0,7.0,,28655.0,3.0,0.0,,
43374,Kaggle-YouTube-Video-Metadata,1,active,arff,316.0,20.0,,316.0,9.0,1.0,,
43375,Towards-Data-Science-articles-dataset-(2010-2021),1,active,arff,46079.0,8.0,,3.0,4.0,0.0,,
43376,Al_Hilal-Archive-Scores,1,active,arff,1363.0,8.0,,219.0,1.0,0.0,,
43377,Pulsar-Dataset-HTRU2,1,active,arff,17897.0,9.0,,0.0,9.0,0.0,,
43378,Intel-Stock-Prices-Historical-Data-(INTC),1,active,arff,10361.0,7.0,,0.0,6.0,0.0,,
43379,Pokmon-Legendary-Data,1,active,arff,801.0,14.0,0.0,138.0,12.0,0.0,,
43380,US-Weather-Events-(2016---2020),1,active,arff,7479165.0,14.0,,73797.0,4.0,0.0,,
43381,Coursera-Course-Dataset,1,active,arff,891.0,7.0,,0.0,2.0,0.0,,
43382,Drug-Classification,1,active,arff,200.0,6.0,,0.0,2.0,0.0,,
43383,Superstore-Sales-Dataset,1,active,arff,9800.0,18.0,,11.0,3.0,0.0,,
43384,Diabetes-Data-Set,1,active,arff,768.0,9.0,0.0,0.0,9.0,0.0,,
43385,Apple-(AAPL)-Historical-Stock-Data,1,active,arff,2518.0,6.0,,0.0,1.0,0.0,,
43386,Spotify---All-Time-Top-2000s-Mega-Dataset,1,active,arff,1994.0,15.0,,0.0,11.0,0.0,,
43387,Oranges-vs.-Grapefruit,1,active,arff,10000.0,6.0,,0.0,5.0,0.0,,
43388,Cinema-Tickets,1,active,arff,142524.0,14.0,,250.0,13.0,0.0,,
43389,The-Estonia-Disaster-Passenger-List,1,active,arff,989.0,7.0,0.0,0.0,2.0,0.0,,
43390,Churn-for-Bank-Customers,1,active,arff,10000.0,14.0,,0.0,11.0,0.0,,
43391,Ethereum-Cryptocurrency-Historical-Dataset,1,active,arff,2202.0,6.0,,0.0,5.0,0.0,,
43392,Disney-Plus-Movies-and-TV-Shows,1,active,arff,992.0,19.0,,3433.0,2.0,0.0,,
43393,USA-Housing-Listings,1,active,arff,384977.0,22.0,,223551.0,13.0,0.0,,
43394,Source-based-Fake-News-Classification,1,active,arff,2096.0,12.0,,104.0,1.0,0.0,,
43395,Disaster-Tweets,1,active,arff,11370.0,5.0,,3535.0,2.0,0.0,,
43396,Shark-Tank-Pitches,1,active,arff,495.0,19.0,,110.0,5.0,2.0,,
43397,Airlines-Tweets-Sentiments,1,active,arff,1097.0,4.0,,0.0,1.0,0.0,,
43398,Heart-Disease,1,active,arff,303.0,14.0,,0.0,14.0,0.0,,
43399,Viewing-Solar-Flares,1,active,arff,12455.0,17.0,,0.0,13.0,0.0,,
43400,COVID-19-community-mobility-reports,1,active,arff,1048575.0,14.0,,5573689.0,7.0,0.0,,
43401,Football-striker-performance,1,active,arff,1177.0,32.0,,3867.0,26.0,0.0,,
43402,Stock-Market-NIFTY50-Index-Data,1,active,arff,3509.0,9.0,,0.0,8.0,0.0,,
43403,Indian-Liver-Patient-Patient-Records-KFolds-5folds,1,active,arff,583.0,12.0,0.0,0.0,12.0,0.0,,
43404,Three-Gorges-Dam-Water-Data,1,active,arff,3667.0,5.0,,525.0,4.0,0.0,,
43405,Covid-19-Turkey-Daily-Details-Dataset,1,active,arff,140.0,11.0,,0.0,10.0,0.0,,
43406,Red-Wine-data-set,1,active,arff,1599.0,12.0,,0.0,12.0,0.0,,
43407,Advertising-Campaign-Analytics-Merkle-Sokrati,1,active,arff,16834.0,16.0,,546.0,4.0,0.0,,
43408,Video-Game-Use-in-US-High-School-Students,1,active,arff,2202.0,24.0,,24084.0,15.0,0.0,,
43409,Historical-Weather-data-of-Goa-India,1,active,arff,108096.0,9.0,,0.0,7.0,0.0,,
43410,Coronavirus-Disease-(COVID-19),1,active,arff,20976.0,32.0,,161083.0,28.0,0.0,,
43412,COVID-19-Visualisation-and-Epidemic-Analysis-Data,1,active,arff,70464.0,11.0,,1835.0,8.0,0.0,,
43413,Store-20-Retail-Data-Analytics,1,active,arff,149.0,12.0,,0.0,10.0,1.0,,
43414,Autism-Screening,1,active,arff,704.0,21.0,,192.0,11.0,0.0,,
43415,Students-Academic-Performance-Dataset,1,active,arff,480.0,17.0,,0.0,4.0,0.0,,
43416,Housing-Prices-in-London,1,active,arff,3480.0,11.0,,962.0,6.0,0.0,,
43417,Ottawa-Real-Estate-Data,1,active,arff,1255.0,13.0,,2598.0,10.0,0.0,,
43419,depression,1,active,arff,1429.0,23.0,,20.0,23.0,0.0,,
43420,NBA-2k20-player-dataset,1,active,arff,439.0,15.0,,92.0,2.0,0.0,,
43421,Game-of-Thrones-Script-All-Seasons,1,active,arff,23911.0,6.0,,3.0,0.0,0.0,,
43422,The-Bread-Basket,1,active,arff,20507.0,5.0,,0.0,1.0,0.0,,
43423,Nutritional-Facts-for-most-common-foods,1,active,arff,335.0,10.0,,3.0,0.0,0.0,,
43424,GameStop-Historical-Stock-Prices,1,active,arff,4773.0,7.0,,0.0,6.0,0.0,,
43425,Alcohol-Consumption-in-Russia-(1998-2016),1,active,arff,1615.0,7.0,,311.0,6.0,0.0,,
43426,Historical-data-on-the-trading-of-cryptocurrencies,1,active,arff,2382643.0,17.0,,4862194.0,10.0,0.0,,
43427,Popular-Movies-of-IMDb,1,active,arff,10000.0,6.0,,30.0,3.0,0.0,,
43428,Mexico-COVID-19-clinical-data,1,active,arff,263007.0,41.0,,6.0,31.0,0.0,,
43429,CERN-Electron-Collision-Data,1,active,arff,100000.0,18.0,0.0,85.0,18.0,0.0,,
43430,CSGO-Round-Winner-Classification,1,active,arff,122410.0,97.0,,0.0,94.0,1.0,,
43431,Amazon-Echo-Dot-2-Reviews-Dataset,1,active,arff,6855.0,10.0,0.0,13903.0,2.0,0.0,,
43432,Chess-Position--Chess-Moves,1,active,arff,2632753.0,66.0,,0.0,0.0,0.0,,
43433,Crystal-System-Properties-for-Li-ion-batteries,1,active,arff,339.0,11.0,,0.0,6.0,1.0,,
43434,BitCoin-Dataset,1,active,arff,1097.0,7.0,,0.0,6.0,0.0,,
43435,Default-of-Credit-Card-Clients-Dataset,1,active,arff,30000.0,24.0,,0.0,24.0,0.0,,
43436,Adult-Census-Income,1,active,arff,32561.0,15.0,,4262.0,6.0,0.0,,
43437,Gender-Recognition-by-Voice,1,active,arff,3168.0,21.0,,0.0,20.0,0.0,,
43438,Goodreads-Books---31-Features,1,active,arff,52199.0,31.0,,285951.0,10.0,0.0,,
43439,Medical-Appointment-No-Shows,1,active,arff,110527.0,13.0,2.0,0.0,8.0,0.0,88208.0,22319.0
43440,Forest-Fire-Area,1,active,arff,517.0,13.0,0.0,0.0,11.0,0.0,,
43441,The-Office-Dataset,1,active,arff,188.0,12.0,0.0,159.0,6.0,0.0,,
43442,Is-this-a-good-customer,1,active,arff,1723.0,14.0,0.0,0.0,10.0,0.0,,
43443,Filipino-Family-Income-and-Expenditure,1,active,arff,41544.0,60.0,,15072.0,45.0,0.0,,
43445,Mice-Protein-Expression,1,active,arff,1080.0,81.0,,1396.0,77.0,0.0,,
43446,Online-Food-Delivery-Preferences-Bangalore-region,1,active,arff,388.0,55.0,,0.0,5.0,0.0,,
43447,Melbourne-Housing-Snapshot,1,active,arff,13580.0,21.0,,13256.0,13.0,0.0,,
43448,Calculate-Concrete-Strength,1,active,arff,1030.0,9.0,,0.0,9.0,0.0,,
43449,Trump-Tweets,1,active,arff,1984.0,16.0,,1914.0,6.0,2.0,,
43450,Milan-Airbnb-Open-Data-(only-entire-apartments),1,active,arff,9322.0,61.0,,0.0,60.0,0.0,,
43451,Peak-Detection-Dataset,1,active,arff,30000.0,52.0,,0.0,52.0,0.0,,
43452,student-grade-pass-or-fail-prediction,1,active,arff,395.0,30.0,0.0,0.0,30.0,0.0,,
43453,Web-Series-Ultimate-Collection,1,active,arff,12353.0,9.0,,9257.0,3.0,0.0,,
43454,Credit-Risk-Dataset,1,active,arff,32581.0,12.0,,4011.0,8.0,0.0,,
43455,Sloan-Digital-Sky-Survey-DR16,1,active,arff,100000.0,18.0,,0.0,17.0,0.0,,
43456,IMDb-Indonesian-Movies,1,active,arff,1272.0,11.0,,1774.0,2.0,0.0,,
43457,COVID19-Dataset-with-100-World-Countries,1,active,arff,38472.0,15.0,,11759.0,12.0,0.0,,
43458,data-science-survey-on-Kaggle,1,active,arff,10153.0,4.0,,9824.0,0.0,0.0,,
43459,Metro-Manila-Flood-Landscape-Data,1,active,arff,3510.0,5.0,,0.0,5.0,0.0,,
43460,Apple-Historical-Dataset,1,active,arff,9823.0,7.0,,6.0,6.0,0.0,,
43461,Tamilnadu-Crop-production,1,active,arff,13547.0,7.0,,281.0,3.0,0.0,,
43462,Riga-real-estate-dataset,1,active,arff,4689.0,13.0,0.0,3879.0,6.0,0.0,,
43463,Insurance-Premium-Data,1,active,arff,1338.0,7.0,,0.0,4.0,0.0,,
43464,UFC-Fights-(2010---2020)-with-Betting-Odds,1,active,arff,5528.0,11.0,,14168.0,2.0,1.0,,
43465,Boston-house-price-data,1,active,arff,506.0,14.0,0.0,0.0,14.0,0.0,,
43466,Bank-Note-Authentication-UCI,1,active,arff,1372.0,5.0,0.0,0.0,5.0,0.0,,
43467,National-Hockey-League-Interviews,1,active,arff,2096.0,6.0,,0.0,0.0,0.0,,
43468,MMA-Fight-Predictions-by-Professional-Fighters,1,active,arff,3401.0,6.0,,0.0,1.0,1.0,,
43470,ANTM.JK-Stock-Market-2005-to-Jan-2021,1,active,arff,3808.0,7.0,,6.0,6.0,0.0,,
43471,Candy-crush,1,active,arff,16865.0,5.0,0.0,0.0,3.0,0.0,,
43472,Dogecoin-Historical-Data,1,active,arff,1532.0,6.0,,0.0,5.0,0.0,,
43473,Hottest-Kaggle-Datasets,1,active,arff,5717.0,15.0,,4146.0,7.0,0.0,,
43474,Used-Cars-In-Saudi-Arabia,1,active,arff,2287.0,6.0,,0.0,3.0,0.0,,
43475,Trulia-Property-Listing-Dataset-2020,1,active,arff,5000.0,68.0,,129439.0,24.0,0.0,,
43476,3-million-Sudoku-puzzles-with-ratings,1,active,arff,3000000.0,4.0,0.0,0.0,2.0,0.0,,
43477,Swiss-banknote-conterfeit-detection,1,active,arff,200.0,7.0,0.0,0.0,7.0,0.0,,
43478,Gold-Rate-History-in-TamilNadu-(2006-2020),1,active,arff,4971.0,6.0,,0.0,2.0,0.0,,
43479,USA-Airport-Dataset,1,active,arff,3606803.0,15.0,,27522.0,10.0,0.0,,
43480,Toronto-COVID-19-Cases,1,active,arff,14911.0,17.0,,1212.0,1.0,0.0,,
43481,Cosmetics-datasets,1,active,arff,1472.0,11.0,,0.0,7.0,0.0,,
43482,2019-Ironman-World-Championship-Results,1,active,arff,2434.0,14.0,,766.0,1.0,0.0,,
43483,Pima-Indians-Diabetes-Dataset,1,active,arff,768.0,9.0,0.0,0.0,9.0,0.0,,
43484,Bus-Breakdown-and-Delays-NYC,1,active,arff,147972.0,20.0,,170487.0,1.0,0.0,,
43485,Dollar-Stock-Prices-and-infos,1,active,arff,33077.0,18.0,,0.0,17.0,0.0,,
43486,Bike-Sharing-Washington-DC,1,active,arff,2922.0,29.0,,51510.0,28.0,0.0,,
43487,ulaanbaatar-weather-2015-2020,1,active,arff,49184.0,20.0,,138.0,14.0,0.0,,
43488,Stock-Information,1,active,arff,4610.0,33.0,,8696.0,20.0,0.0,,
43489,Census-(Augmented),1,active,arff,1000000.0,15.0,2.0,0.0,6.0,0.0,684666.0,315334.0
43490,BTS-Lyrics,1,active,arff,231.0,16.0,,439.0,2.0,4.0,,
43491,Arcade-Game-Stats,1,active,arff,6814.0,7.0,,0.0,4.0,1.0,,
43492,Kaggle-Survey-2017-2020-Merged-Data,1,active,arff,80327.0,12.0,,226439.0,2.0,0.0,,
43493,GoodReads-Choice-Awards,1,active,arff,3660.0,16.0,,223.0,11.0,0.0,,
43495,COVID-19-Mexico-Clean--Order-by-States,1,active,arff,92320.0,7.0,,0.0,4.0,0.0,,
43496,League-of-Legends-SOLO-Q-Ranked-Games,1,active,arff,242572.0,59.0,,0.0,59.0,0.0,,
43497,5-years-historical-stock-quotes,1,active,arff,7801920.0,7.0,,0.0,5.0,0.0,,
43498,Land-Market-in-Saudi-Arabia,1,active,arff,2951.0,8.0,,8085.0,3.0,0.0,,
43499,Bechdel-Cast-Data,1,active,arff,194.0,14.0,,20.0,6.0,0.0,,
43500,Violent-Crime-by-Counties-in-Maryland,1,active,arff,1008.0,38.0,,312.0,36.0,0.0,,
43501,Xeno-Canto-Birds-from-France,1,active,arff,20851.0,26.0,,32566.0,3.0,0.0,,
43502,Online-P2P-Lending,1,active,arff,2875146.0,18.0,,863078.0,11.0,0.0,,
43503,COVID19-cases-by-country,1,active,arff,26355.0,6.0,,844.0,4.0,0.0,,
43504,1-million-Reddit-comments-from-40-subreddits,1,active,arff,1000000.0,4.0,,1.0,2.0,0.0,,
43505,WHO-national-life-expectancy,1,active,arff,3111.0,32.0,,15246.0,29.0,0.0,,
43506,Currency-Exchange-Rates,1,active,arff,5978.0,52.0,,61189.0,51.0,0.0,,
43507,The-Tweets-of-Wisdom,1,active,arff,31115.0,5.0,,456.0,2.0,0.0,,
43508,Anime-Data,1,active,arff,1563.0,20.0,,0.0,4.0,0.0,,
43509,COVID-19-Rio-de-Janeiro-(City),1,active,arff,37272.0,6.0,,0.0,3.0,0.0,,
43510,UEFA-Champions-league-Player-Statistics,1,active,arff,5733.0,109.0,,187897.0,105.0,0.0,,
43511,Sundown-and-Sunup-Data-(2010-2020),1,active,arff,4018.0,3.0,,0.0,0.0,0.0,,
43512,Air-Traffic-Data,1,active,arff,15007.0,16.0,,108.0,4.0,0.0,,
43513,Google-Stock-10Year-data2004-2020,1,active,arff,4041.0,7.0,,0.0,6.0,0.0,,
43515,Egg-Producing-Chickens,1,active,arff,1000.0,16.0,,1080.0,7.0,0.0,,
43516,Amazon-Stock-Price-1997-to-2020,1,active,arff,5842.0,7.0,,0.0,6.0,0.0,,
43517,Data-Science-YouTube-channels-Video-Metadata,1,active,arff,44261.0,21.0,,47056.0,8.0,1.0,,
43518,New-York-Times-Best-Sellers,1,active,arff,61430.0,12.0,,9476.0,3.0,0.0,,
43519,Brazilian-IBOV-Historical-Data-from-1992-to-2019,1,active,arff,6887.0,8.0,,0.0,5.0,0.0,,
43520,5-year-BSE-Sensex-Dataset,1,active,arff,1401.0,5.0,,1401.0,5.0,0.0,,
43521,Dril-Tweets,1,active,arff,8921.0,9.0,,26162.0,4.0,0.0,,
43522,Multipurpose-World-News-Dataset,1,active,arff,193279.0,4.0,,29954.0,0.0,0.0,,
43523,Yu-Gi-Oh-Normal-Monster-Cards,1,active,arff,156.0,11.0,,23.0,10.0,0.0,,
43524,Traffic-Violations-in-USA,1,active,arff,1018634.0,34.0,,328559.0,3.0,0.0,,
43525,NFL-Team-Stats-2002-2019-(ESPN),1,active,arff,5357.0,39.0,,0.0,22.0,0.0,,
43526,New-York-City-Bike-Share-Dataset,1,active,arff,735502.0,17.0,,0.0,12.0,0.0,,
43527,Malware-Analysis-Datasets-PE-Section-Headers,1,active,arff,43293.0,5.0,,0.0,5.0,0.0,,
43528,Swedish-central-bank-interest-rate-and-inflation,1,active,arff,109.0,4.0,,49.0,1.0,0.0,,
43529,Chess-Games-of-Woman-Grandmasters-(2009---2021),1,active,arff,304767.0,15.0,,3473.0,2.0,1.0,,
43530,Domestic-Football-results-from-1888-to-2019,1,active,arff,1078214.0,17.0,,4031.0,2.0,0.0,,
43531,Gender-Classification-Dataset,1,active,arff,5001.0,8.0,,0.0,7.0,0.0,,
43532,The-Social-Dilemma-Tweets---Text-Classification,1,active,arff,20068.0,14.0,,10429.0,3.0,2.0,,
43533,Anime-Dataset,1,active,arff,14578.0,18.0,,28902.0,10.0,1.0,,
43534,Production-cross-sections-of-Inert-Doublet-Model,1,active,arff,50625.0,13.0,,0.0,13.0,0.0,,
43535,The-Big-Five-European-soccer-leagues-data,1,active,arff,44269.0,15.0,,0.0,9.0,0.0,,
43536,Chennai-Zomato-Restaurants-Data,1,active,arff,12032.0,12.0,,0.0,1.0,0.0,,
43537,AMD-Stock-Prices-Historical-Data,1,active,arff,10361.0,7.0,,0.0,6.0,0.0,,
43538,Business-Courses---Udemy-(10k-courses),1,active,arff,9447.0,20.0,,1531.0,10.0,2.0,,
43539,SBA-Loans-Case-Data-Set,1,active,arff,2102.0,35.0,,1423.0,27.0,0.0,,
43540,Emissions-by-Cars,1,active,arff,679.0,13.0,,0.0,8.0,0.0,,
43541,Americas-Top-College-Rankings-2019-(Forbes),1,active,arff,650.0,16.0,,418.0,12.0,0.0,,
43542,7k-Books,1,active,arff,6810.0,12.0,,5336.0,5.0,0.0,,
43543,Sample---Employees-Monthly-Salary,1,active,arff,1802.0,12.0,,0.0,6.0,0.0,,
43544,Harry-Potter-fanfiction-data,1,active,arff,648493.0,16.0,,647586.0,2.0,0.0,,
43545,Adoptable-Dogs,1,active,arff,2937.0,19.0,,12405.0,2.0,0.0,,
43546,AqSolDB-A-curated-aqueous-solubility-dataset,1,active,arff,9982.0,25.0,,0.0,20.0,0.0,,
43547,House-Rent-in-Indian-Cities-and-Localities,1,active,arff,10692.0,13.0,,0.0,8.0,0.0,,
43548,All-Time-Premier-League-Player-Statistics,1,active,arff,571.0,59.0,,10224.0,52.0,0.0,,
43549,Pokemon-(Generation-1---Generation-8),1,active,arff,1045.0,13.0,0.0,492.0,10.0,0.0,,
43550,COVID-19-Hospitals-Treatment-Plan,1,active,arff,318438.0,18.0,,4645.0,11.0,0.0,,
43551,Employee-Turnover-at-TECHCO,1,active,arff,34452.0,10.0,2.0,0.0,9.0,0.0,33958.0,494.0
43552,Case-Study-Applicants-for-a-Gold-Digger-position,1,active,arff,20000.0,12.0,,999.0,6.0,0.0,,
43553,cloud-dataset,1,active,arff,108.0,7.0,,0.0,5.0,0.0,,
43554,Global-School-Closures-for-COVID-19,1,active,arff,41714.0,4.0,,0.0,0.0,0.0,,
43555,COVID-19-biotech-companies-on-stock-exchange(2020),1,active,arff,255.0,36.0,,35.0,0.0,0.0,,
43556,Running-Log-Insight,1,active,arff,689.0,17.0,,0.0,3.0,0.0,,
43557,Avocado-Prices-(Augmented),1,active,arff,1000000.0,14.0,,0.0,11.0,0.0,,
43558,LT_Finance_Holdings_Ltd_Stock_Price_2017_to_2020,1,active,arff,744.0,13.0,,2.0,12.0,0.0,,
43559,Moonrise-Moonset--Phases-Timings-(UK-2005-2017),1,active,arff,4748.0,8.0,,13280.0,0.0,0.0,,
43560,World-of-Warcraft-auction-house-data,1,active,arff,478.0,6.0,,1.0,1.0,0.0,,
43561,Accidents-on-the-Rio-Niteri-bridge,1,active,arff,9367.0,31.0,,44380.0,14.0,0.0,,
43562,Heart-Disease-patients,1,active,arff,303.0,12.0,,0.0,12.0,0.0,,
43563,Digital-currency---Time-series,1,active,arff,1000.0,10.0,,0.0,9.0,0.0,,
43564,Parking-Statistics-in-North-America,1,active,arff,4750.0,31.0,,1002.0,19.0,0.0,,
43565,Google-Play-Store-Reviews,1,active,arff,12495.0,12.0,,15602.0,2.0,0.0,,
43566,World-Top-Chess-Players-(August-2020),1,active,arff,977687.0,10.0,,3994218.0,5.0,0.0,,
43567,Reliance-Stock-DataJul-2019---Jul-2020,1,active,arff,250.0,8.0,,23.0,1.0,0.0,,
43568,Metal-Concentrations,1,active,arff,1635.0,10.0,,0.0,2.0,0.0,,
43569,Auto-mobile-pricing,1,active,arff,205.0,26.0,,59.0,16.0,0.0,,
43570,AndrewNg-Machine-Learning-Tweets,1,active,arff,1234.0,8.0,,1.0,3.0,0.0,,
43571,WineDataset,1,active,arff,178.0,14.0,,0.0,14.0,0.0,,
43572,Internet-Movie-Database,1,active,arff,1003.0,12.0,,196.0,7.0,0.0,,
43573,New-York-Citi-Bike-Trip-Duration-2016,1,active,arff,4500000.0,8.0,,0.0,6.0,0.0,,
43574,Marginal-Revolution-Blog-Post-Data,1,active,arff,12820.0,22.0,,81.0,17.0,0.0,,
43575,Snapchat-Google-PlayStore-Reviews,1,active,arff,32875.0,4.0,,0.0,2.0,0.0,,
43576,Soybean-price-factor-data-1962-2018,1,active,arff,21828.0,48.0,,0.0,47.0,0.0,,
43577,Overwatch-competitions-data-7-seasons,1,active,arff,3299.0,47.0,,49733.0,10.0,0.0,,
43578,HSI-Futures,1,active,arff,87645.0,8.0,,0.0,6.0,0.0,,
43579,Crimes-in-Los-angeles-from-2010,1,active,arff,1692056.0,26.0,,9275842.0,12.0,0.0,,
43580,Nebraska-Football-Box-Scores-1962-2020,1,active,arff,733.0,31.0,,1009.0,25.0,1.0,,
43581,QSAR-Bioconcentration-classes-dataset,1,active,arff,779.0,14.0,,0.0,11.0,0.0,,
43582,Pima-Indians-Diabetes,1,active,arff,768.0,9.0,0.0,0.0,9.0,0.0,,
43583,Water-Capture-by-Method,1,active,arff,296.0,7.0,,0.0,6.0,0.0,,
43584,New-York-Taxi-Trip-enriched-by-Mathematica,1,active,arff,2083778.0,24.0,,6810.0,19.0,0.0,,
43585,My-Clash-Royale-Ladder-Battles,1,active,arff,827.0,147.0,,0.0,143.0,0.0,,
43586,U.S.-Pollution-Data,1,active,arff,1746661.0,29.0,,1746230.0,20.0,0.0,,
43587,UCI-SECOM-Dataset,1,active,arff,1567.0,592.0,,41951.0,591.0,0.0,,
43588,Household-monthly-electricity-bill,1,active,arff,1000.0,10.0,,0.0,10.0,0.0,,
43589,combined-wine-data,1,active,arff,6497.0,14.0,,0.0,13.0,0.0,,
43590,AI-Simulated-Games-of-Machi-Koro,1,active,arff,614584.0,86.0,,0.0,86.0,0.0,,
43591,StocksData,1,active,arff,600.0,7.0,,0.0,4.0,0.0,,
43592,Fake-News,1,active,arff,6335.0,4.0,,0.0,1.0,0.0,,
43593,French-Motor-Claims-Datasets-freMTPL2freq,1,active,arff,678013.0,11.0,,0.0,7.0,0.0,,
43594,World-Happiness-Ranking,1,active,arff,153.0,20.0,,0.0,18.0,0.0,,
43595,Loan-Predication,1,active,arff,614.0,12.0,2.0,149.0,5.0,0.0,422.0,192.0
43596,Human-Memory-and-Cognition,1,active,arff,6854.0,23.0,,16924.0,11.0,0.0,,
43597,150K-Lyrics-Labeled-with-Spotify-Valence,1,active,arff,158353.0,5.0,,2.0,2.0,0.0,,
43598,Global-Cause-of-the-Deaths-other-than-diseases,1,active,arff,36860.0,10.0,,47180.0,7.0,0.0,,
43599,AirBNB-analysis-Lisbon,1,active,arff,13578.0,20.0,,54347.0,14.0,0.0,,
43600,Updated-Wine-Enthusiast-Reviews,1,active,arff,81115.0,15.0,,90161.0,2.0,0.0,,
43601,Daily-Wheat-Price,1,active,arff,2272.0,5.0,,0.0,4.0,0.0,,
43602,FEER-Dataset,1,active,arff,190967.0,11.0,,0.0,11.0,0.0,,
43603,IMDB_movie_1972-2019,1,active,arff,5834.0,12.0,,121.0,7.0,0.0,,
43604,FootballPlayersDataset,1,active,arff,491.0,53.0,,0.0,45.0,0.0,,
43605,Sales_DataSet_of_SuperMarket,1,active,arff,1000.0,13.0,,0.0,5.0,0.0,,
43606,California-Environmental-Conditions-Dataset,1,active,arff,128125.0,19.0,0.0,138.0,16.0,0.0,,
43607,WMO-Hurricane-Survival-Dataset,1,active,arff,5021.0,23.0,2.0,91.0,1.0,0.0,2584.0,2437.0
43608,Personality-traits-of-Twitter-users-(celebrities),1,active,arff,140.0,8.0,,0.0,7.0,0.0,,
43609,SigmaCabPrediction,1,active,arff,131662.0,14.0,,137546.0,9.0,0.0,,
43610,Risk-of-being-drawn-into-online-sex-work-(cleaned),1,active,arff,28831.0,30.0,,54259.0,26.0,2.0,,
43611,Wisconsin-breast-cancer-cytology-features,1,active,arff,699.0,11.0,,16.0,11.0,0.0,,
43612,Wine-Dataset,1,active,arff,178.0,14.0,,2.0,14.0,0.0,,
43613,Sample-of-Car-Data,1,active,arff,205.0,23.0,,10.0,10.0,0.0,,
43614,Crude-Oil-Mar-21-(CLF)-1-Feb-2021,1,active,arff,6274.0,7.0,,7044.0,6.0,0.0,,
43615,Esports-matches-in-2020-pre-worlds,1,active,arff,67980.0,103.0,,1527593.0,87.0,0.0,,
43616,Detailed-Analysis-on-campus-recruitment,1,active,arff,215.0,15.0,,67.0,7.0,0.0,,
43617,Medical-Appointment,1,active,arff,61214.0,19.0,0.0,0.0,19.0,0.0,,
43618,Credit-Card-Dataset-for-Clustering,1,active,arff,8950.0,17.0,,314.0,17.0,0.0,,
43619,Car-sales,1,active,arff,157.0,16.0,,51.0,12.0,0.0,,
43620,Red--White-wine-Dataset,1,active,arff,6497.0,13.0,,0.0,12.0,0.0,,
43621,BSE-30-daily-market-price-(2008-2018),1,active,arff,73316.0,8.0,,1500.0,6.0,0.0,,
43622,Binary-Dataset-of-Phishing-and-Legitimate-URLs,1,active,arff,11000.0,15.0,,0.0,15.0,0.0,,
43623,Boston-Weather-Data-Jan-2013---Apr-2018,1,active,arff,3749.0,24.0,,0.0,23.0,0.0,,
43624,Historical_Product_Demand,1,active,arff,1048575.0,5.0,,11239.0,0.0,0.0,,
43625,Stock-price-trend-prediction,1,active,arff,4392.0,7.0,,0.0,6.0,0.0,,
43626,Gender-discrimination,1,active,arff,261.0,10.0,,0.0,10.0,0.0,,
43627,credit-card-fraud-detection,1,active,arff,284807.0,30.0,,0.0,30.0,0.0,,
43628,Twitter-Sentiment-Analysis,1,active,arff,14640.0,15.0,,61973.0,4.0,0.0,,
43630,Petrleo-Brasileiro-S.A.---Petrobras-(PETR4.SA),1,active,arff,1243.0,7.0,,0.0,6.0,0.0,,
43631,US-Real-Estate-Listings-by-Zip-Code,1,active,arff,974066.0,34.0,,5792129.0,31.0,0.0,,
43633,NYC-Housing-Data-2003-2019,1,active,arff,1600202.0,10.0,,40496.0,6.0,0.0,,
43634,Coronavirus-News-(COVID-19),1,active,arff,1010.0,7.0,,8.0,2.0,0.0,,
43635,League-of-Legends-Diamond-Games-(First-15-Minutes),1,active,arff,48651.0,19.0,,0.0,19.0,0.0,,
43636,Facebook-Complete-Stock-Data2012---2020Latest,1,active,arff,2076.0,7.0,,0.0,6.0,0.0,,
43637,Amazon-10Year-Stock-Data-Latest1997-2020,1,active,arff,5852.0,7.0,,0.0,6.0,0.0,,
43638,Measles-Immunization-Rates-in-US-Schools,1,active,arff,66113.0,15.0,,322786.0,8.0,1.0,,
43639,Amazon-Stock-Data(Oct-2019---July-2020)LATEST,1,active,arff,202.0,8.0,,13.0,1.0,0.0,,
43640,Highway-Rail-Grade-Cross-Accidents-1975---2016-USA,1,active,arff,229665.0,24.0,,151138.0,8.0,0.0,,
43641,traffic_violations_100k,1,active,arff,100000.0,28.0,,1985.0,4.0,0.0,,
43642,Plz-predict-these-disasters-to-save-lives-around.,1,active,arff,13729.0,22.0,,25869.0,12.0,0.0,,
43643,Early-Stage-Diabetes-Risk-Prediction-Dataset,1,active,arff,520.0,17.0,,0.0,1.0,0.0,,
43644,Cricket-Test-Matches-Inningswise-between-1900-2021,1,active,arff,8291.0,14.0,,8291.0,7.0,0.0,,
43645,stock-market-prediction,1,active,arff,489.0,14.0,,0.0,2.0,0.0,,
43646,Metamaterial-Antennas,1,active,arff,572.0,13.0,,63.0,13.0,0.0,,
43647,Indian-News-Articles,1,active,arff,1568.0,8.0,,33.0,0.0,0.0,,
43648,Pollen-Luxembourg-1992-2018,1,active,arff,7784.0,37.0,,0.0,36.0,0.0,,
43649,efootball-pes2021-all-players-csv,1,active,arff,14693.0,120.0,,6844.0,109.0,0.0,,
43650,Spike-waveforms,1,active,arff,741.0,151.0,,0.0,150.0,0.0,,
43651,Winedata,1,active,arff,129971.0,14.0,,204754.0,3.0,0.0,,
43652,SDSS-16,1,active,arff,732977.0,18.0,,0.0,17.0,0.0,,
43653,NBA-PLAYERS--2016-2019,1,active,arff,1408.0,45.0,,2891.0,36.0,0.0,,
43654,Covid-19-ourworldindata,1,active,arff,59354.0,10.0,,24447.0,8.0,0.0,,
43655,Football---Expected-Goals-Match-Statistics,1,active,arff,10791.0,22.0,,0.0,15.0,0.0,,
43656,2018-CDCs-Social-Vulnerability-Index-US-Counties,1,active,arff,3220.0,124.0,,0.0,120.0,0.0,,
43657,Brain-cancer-gene-expression---CuMiDa,1,active,arff,130.0,54676.0,,0.0,54675.0,0.0,,
43658,Breast-cancer-gene-expression---CuMiDa,1,active,arff,151.0,54676.0,,0.0,54675.0,0.0,,
43659,The-Price-and-Sales-of-Avocado,1,active,arff,27323.0,13.0,,0.0,10.0,0.0,,
43660,Lisbon-House-Prices,1,active,arff,246.0,17.0,0.0,0.0,10.0,0.0,,
43661,Russian-Presidential-Elections-2018,1,active,arff,97705.0,23.0,,0.0,20.0,0.0,,
43662,1M-python-questions-on-stackoverflow,1,active,arff,1544049.0,4.0,,0.0,2.0,0.0,,
43663,Womens-E-Commerce-Clothing-Reviews,1,active,arff,23486.0,11.0,,4697.0,6.0,0.0,,
43664,Mental-Health-in-Tech-Survey,1,active,arff,1259.0,27.0,,1892.0,1.0,0.0,,
43665,Indian-Liver-Patient-Records,1,active,arff,583.0,11.0,0.0,4.0,10.0,0.0,,
43666,NSE-Stocks-Data,1,active,arff,846404.0,12.0,,2457.0,9.0,0.0,,
43667,Medium-Articles,1,active,arff,337.0,5.0,,0.0,1.0,0.0,,
43668,Cryptocurrencies,1,active,arff,567769.0,8.0,,0.0,6.0,0.0,,
43669,Stars-from-Gaia-DR2-and-RAVE-DR5,1,active,arff,253040.0,35.0,,0.0,35.0,0.0,,
43670,Texas-Winter-Storm-2021-Tweets,1,active,arff,23358.0,14.0,,53699.0,4.0,0.0,,
43671,Predicting-Critical-Heat-Flux,1,active,arff,1865.0,9.0,,0.0,7.0,0.0,,
43672,Heart-Disease-Dataset-(Comprehensive),1,active,arff,1190.0,12.0,0.0,0.0,12.0,0.0,,
43673,Womens-E-Commerce-Clothing-Reviews,2,active,arff,23486.0,11.0,,4697.0,6.0,0.0,,
43674,Mental-Health-in-Tech-Survey,2,active,arff,1259.0,27.0,,1892.0,1.0,0.0,,
43675,Indian-Liver-Patient-Records,2,active,arff,583.0,11.0,0.0,4.0,10.0,0.0,,
43676,NSE-Stocks-Data,2,active,arff,846404.0,12.0,,2457.0,9.0,0.0,,
43677,Medium-Articles,2,active,arff,337.0,5.0,,0.0,1.0,0.0,,
43678,Cryptocurrencies,2,active,arff,567769.0,8.0,,0.0,6.0,0.0,,
43679,Stars-from-Gaia-DR2-and-RAVE-DR5,2,active,arff,253040.0,35.0,,0.0,35.0,0.0,,
43680,Texas-Winter-Storm-2021-Tweets,2,active,arff,23358.0,14.0,,53699.0,4.0,0.0,,
43681,Predicting-Critical-Heat-Flux,2,active,arff,1865.0,9.0,,0.0,7.0,0.0,,
43682,Heart-Disease-Dataset-(Comprehensive),2,active,arff,1190.0,12.0,0.0,0.0,12.0,0.0,,
43683,WebMD-Drug-Reviews-Dataset,1,active,arff,362806.0,11.0,,42.0,4.0,0.0,,
43684,COVID-19-Stats-and-Mobility-Trends,1,active,arff,53377.0,22.0,,201926.0,19.0,0.0,,
43685,Dogecoin--historical-data-(jan2018---feb2021),1,active,arff,1131.0,7.0,,24.0,6.0,0.0,,
43686,chronic-kidney-disease,2,active,arff,400.0,14.0,0.0,0.0,14.0,0.0,,
43687,Breast-cancer-prediction,1,active,arff,39998.0,12.0,,0.0,1.0,2.0,,
43688,Istanbul-Airbnb-Dataset,1,active,arff,23728.0,16.0,,48602.0,11.0,0.0,,
43689,PC-Games-2020,1,active,arff,30250.0,27.0,,188331.0,10.0,0.0,,
43690,Electronic-Music-Features---201802-BeatportTop100,1,active,arff,2900.0,94.0,,0.0,93.0,0.0,,
43691,Are-Two-Sentences-of-the-Same-Topic,1,active,arff,129156.0,3.0,,0.0,1.0,0.0,,
43692,Pokemon-with-stats-Generation-8,1,active,arff,1017.0,13.0,,479.0,10.0,0.0,,
43694,Smogon-6v6-Pokemon-Tiers,1,active,arff,499.0,15.0,,210.0,9.0,2.0,,
43695,Red-Wine-Quality,1,active,arff,1599.0,12.0,,0.0,12.0,0.0,,
43696,IBM-HR-Analytics-Employee-Attrition--Performance,1,active,arff,1470.0,35.0,,0.0,26.0,0.0,,
43697,covid-19_sentiments-India200320---310520,1,active,arff,648958.0,4.0,,10980.0,1.0,0.0,,
43698,Pakistans-Migration-History,1,active,arff,264.0,14.0,,0.0,12.0,0.0,,
43699,QSAR-Bioconcentration-Classes-Data-Set,1,active,arff,779.0,13.0,,0.0,11.0,0.0,,
43700,Ipl_predictions2020,1,active,arff,756.0,18.0,,656.0,5.0,0.0,,
43701,Contraceptive-Method-Choice,1,active,arff,1472.0,10.0,,0.0,10.0,0.0,,
43702,2016-Global-Ecological-Footprint,1,active,arff,188.0,21.0,,181.0,17.0,0.0,,
43703,Pantheon-Project-Historical-Popularity-Index,1,active,arff,11341.0,17.0,,11329.0,7.0,0.0,,
43704,Ubudehe-Livestock-1,1,active,arff,78432.0,23.0,,907612.0,17.0,0.0,,
43705,California-Housing-Prices,1,active,arff,20640.0,10.0,,207.0,9.0,0.0,,
43706,Uber-and-Lyft-Dataset-Boston-MA,1,active,arff,693071.0,56.0,,55095.0,46.0,0.0,,
43707,Govt.-of-India-Census-2001-District-Wise,1,active,arff,590.0,82.0,,3219.0,47.0,0.0,,
43708,Grasping-Dataset,1,active,arff,992641.0,29.0,,0.0,29.0,0.0,,
43709,US-2020-Presidential-Election-Speeches,1,active,arff,269.0,6.0,,42.0,0.0,0.0,,
43710,The-Complete-Pokemon-Dataset,1,active,arff,801.0,41.0,,522.0,34.0,0.0,,
43711,Countries-of-the-World,1,active,arff,227.0,20.0,,110.0,3.0,0.0,,
43712,515K-Hotel-Reviews-Data-in-Europe,1,active,arff,515738.0,17.0,,6536.0,9.0,0.0,,
43713,Weather-in-Szeged-2006-2016,1,active,arff,96453.0,12.0,,517.0,8.0,0.0,,
43714,1000-Cameras-Dataset,1,active,arff,1038.0,13.0,0.0,7.0,12.0,0.0,,
43715,Federal-Reserve-Interest-Rates-1954-Present,1,active,arff,904.0,10.0,,3196.0,10.0,0.0,,
43716,Football-Matches-of-Spanish-League,1,active,arff,37147.0,10.0,,0.0,6.0,0.0,,
43717,Consumer-Price-Index-in-Denver-CO,1,active,arff,4349.0,17.0,,218.0,11.0,0.0,,
43718,Bank-Marketing-Dataset,1,active,arff,11162.0,17.0,,0.0,7.0,0.0,,
43719,Math-Students,1,active,arff,395.0,33.0,,0.0,16.0,0.0,,
43720,Moneyball,3,active,arff,1232.0,15.0,,3600.0,13.0,0.0,,
43721,Hotel-Reviews,1,active,arff,38932.0,4.0,,0.0,0.0,0.0,,
43722,Gen-1-Pokemon,1,active,arff,151.0,34.0,,0.0,30.0,0.0,,
43723,Toronto-Apartment-Rental-Price,1,active,arff,1124.0,7.0,188.0,0.0,5.0,0.0,58.0,1.0
43724,Weather-Istanbul-Data-2009-2019,1,active,arff,3896.0,12.0,,263.0,6.0,0.0,,
43725,KNYC-Metars-2016,1,active,arff,8787.0,13.0,,6960.0,9.0,0.0,,
43726,Primary-breast-cancer-vs-Normal-breast-tissue,1,active,arff,133.0,1928.0,,0.0,1927.0,0.0,,
43727,Primary-breast-cancer-vs-Normal-breast-tissue,2,active,arff,133.0,1928.0,,0.0,1927.0,0.0,,
43728,1996-2019-NBA-Stats-Complete-With-Player-Stats,1,active,arff,54514.0,142.0,,0.0,129.0,0.0,,
43729,Lending-Club-Loan-Data,1,active,arff,9578.0,14.0,,0.0,13.0,0.0,,
43730,Pandas-QA-on-Stack-Overflow,1,active,arff,87241.0,16.0,,472864.0,6.0,0.0,,
43731,Urban-Dictionary-Terms,1,active,arff,4272.0,6.0,,0.0,2.0,0.0,,
43733,Covid-19--historical-data,1,active,arff,63381.0,59.0,,1508423.0,54.0,0.0,,
43734,Nashville-Housing-Data,1,active,arff,56636.0,31.0,,648773.0,13.0,0.0,,
43735,NYC-Hourly-Temperature,1,active,arff,5141.0,7.0,,4.0,3.0,0.0,,
43736,Technical-Indicator-Backtest,1,active,arff,6126.0,7.0,,0.0,6.0,0.0,,
43737,Aircraft-Pricing-Dataset,1,active,arff,2530.0,18.0,,11212.0,1.0,0.0,,
43738,Masters-Degrees--Programs-(mastersportal.eu),1,active,arff,60425.0,23.0,,178594.0,4.0,0.0,,
43739,Country_data,1,active,arff,197.0,80.0,,0.0,0.0,0.0,,
43740,GOOG-Ticker-stock-data,1,active,arff,249.0,6.0,,0.0,5.0,0.0,,
43741,Predict-Amazon-Stock-Price-tomorrow,1,active,arff,350.0,8.0,,1.0,7.0,0.0,,
43742,Cruise_Travels,1,active,arff,3923.0,12.0,,2786.0,5.0,0.0,,
43743,TVS_Loan_Default,1,active,arff,119528.0,32.0,,987539.0,26.0,0.0,,
43744,New-York-City---Citywide-Payroll-Data,1,active,arff,2194488.0,16.0,,1398151.0,3.0,0.0,,
43745,Delinquency-Telecom-Dataset,1,active,arff,209593.0,35.0,,0.0,33.0,0.0,,
43746,NYC-Uber-Pickups-with-Weather-and-Holidays,1,active,arff,29101.0,13.0,,3043.0,10.0,0.0,,
43747,Minneapolis-Air-Quality-Survey,1,active,arff,4790.0,18.0,0.0,2999.0,6.0,0.0,,
43748,Myanmar-Air-Quality(2019-to-2020-Oct),1,active,arff,5122.0,16.0,,0.0,11.0,0.0,,
43749,Generation-8-Pokemon,1,active,arff,400.0,19.0,,369.0,12.0,0.0,,
43750,Glass-Classification,1,active,arff,214.0,10.0,,0.0,10.0,0.0,,
43751,Solar-Radiation-Prediction,1,active,arff,32686.0,11.0,,0.0,7.0,0.0,,
43752,Crowdedness-at-the-Campus-Gym,1,active,arff,62184.0,11.0,,0.0,10.0,0.0,,
43753,Country-Socioeconomic-Status-Scores-Part-II,1,active,arff,1036.0,10.0,,0.0,5.0,0.0,,
43754,German-Credit-Risk,1,active,arff,1000.0,10.0,,577.0,5.0,0.0,,
43755,Tesla-Stock-Price,1,active,arff,1692.0,7.0,,0.0,6.0,0.0,,
43756,Emotions--Sensor-Data-Set,1,active,arff,1104.0,8.0,,0.0,7.0,0.0,,
43757,Breast-Cancer-Wisconsin-(Prognostic)-Data-Set,1,active,arff,569.0,32.0,,569.0,31.0,0.0,,
43758,Worldwide-Meat-Consumption,1,active,arff,13760.0,5.0,,0.0,2.0,0.0,,
43759,Indian-Liver-Patient-Dataset,1,active,arff,583.0,11.0,,4.0,10.0,0.0,,
43760,Worldwide-Crop-Production,1,active,arff,21165.0,5.0,,0.0,2.0,0.0,,
43761,Football---Russian-First-League-Football-EXTENDED,1,active,arff,5347.0,37.0,,59569.0,34.0,0.0,,
43762,European-Soccer-Dataset-by-Role,1,active,arff,25979.0,31.0,,35756.0,27.0,0.0,,
43763,Electoral-Integrity-in-2016-US-Election,1,active,arff,726.0,85.0,,4001.0,23.0,0.0,,
43764,Data-on-COVID-19-(coronavirus),1,active,arff,170646.0,66.0,,5082293.0,62.0,0.0,,
43765,CDP-Challenge-Cities-KPI,1,active,arff,615.0,58.0,,9612.0,34.0,0.0,,
43766,FIFA20-Players-Dataset-with-Stats--Images,1,active,arff,14999.0,74.0,,14009.0,58.0,0.0,,
43767,Development-Category-(10k-courses)-from-Udemy,1,active,arff,9932.0,17.0,,336.0,10.0,1.0,,
43768,Traffic-counting-using-cameras,1,active,arff,970.0,24.0,,2928.0,22.0,0.0,,
43769,Articles-From-Buzzfeed-2020,1,active,arff,741.0,8.0,,1575.0,2.0,0.0,,
43770,Xeno-Canto-Birds-from-India,1,active,arff,13654.0,26.0,,26863.0,3.0,0.0,,
43771,International-football-results,1,active,arff,41586.0,9.0,,0.0,2.0,1.0,,
43772,Top-10000-Movies-Based-On-Ratings,1,active,arff,10000.0,6.0,,44.0,3.0,0.0,,
43773,Development-Category-(10k-courses)-from-Udemy,2,active,arff,9932.0,17.0,,336.0,10.0,1.0,,
43774,Traffic-counting-using-cameras,2,active,arff,970.0,24.0,,2928.0,22.0,0.0,,
43775,Articles-From-Buzzfeed-2020,2,active,arff,741.0,8.0,,1575.0,2.0,0.0,,
43776,Xeno-Canto-Birds-from-India,2,active,arff,13654.0,26.0,,26863.0,3.0,0.0,,
43777,International-football-results,2,active,arff,41586.0,9.0,,0.0,2.0,1.0,,
43778,Top-10000-Movies-Based-On-Ratings,2,active,arff,10000.0,6.0,,44.0,3.0,0.0,,
43779,Bitcoin-Stock-Data,1,active,arff,2401.0,7.0,,24.0,6.0,0.0,,
43780,product-relevance,1,active,arff,11385.0,21.0,,0.0,10.0,0.0,,
43781,Movinga-Best-Cities-for-Families-2019,1,active,arff,150.0,18.0,,0.0,16.0,0.0,,
43782,Forest-Surfaces-in-Romania-1990-2019,1,active,arff,8111.0,4.0,,0.0,2.0,0.0,,
43783,Covid-19-Research-Articles-(NCBI),1,active,arff,1198.0,5.0,,1459.0,0.0,0.0,,
43784,IMDb-Ratings,1,active,arff,67408.0,5.0,,1.0,3.0,0.0,,
43785,Goodreads-Computer-Books,1,active,arff,1234.0,9.0,0.0,0.0,6.0,0.0,,
43786,Zombies-Apocalypse,1,active,arff,200.0,13.0,2.0,208.0,3.0,0.0,121.0,79.0
43787,UFC-257-Poirier-vs.-McGregor-II-Tweets,1,active,arff,40819.0,14.0,,19084.0,6.0,0.0,,
43788,EaseMyTrip-Flight-Fare-Travel-Listings,1,active,arff,30000.0,16.0,,49458.0,2.0,0.0,,
43789,Used-cars-in-KSA,1,active,arff,1220.0,11.0,,8479.0,4.0,0.0,,
43790,TEAMFIGHT-TACTICS-FATES-Challenger-EUW-Rank-Games,1,active,arff,748928.0,14.0,,187360.0,8.0,0.0,,
43791,Best-Books-of-the-19th-Century,1,active,arff,1101.0,5.0,,4.0,0.0,0.0,,
43792,COVID-19_INDIA_Statewise,1,active,arff,2580.0,6.0,,0.0,3.0,0.0,,
43793,League-of-Legends---(LCL)-2019,1,active,arff,114.0,8.0,,57.0,1.0,0.0,,
43794,Tweets-with-keyword-lockdown-in-April-July-2020,1,active,arff,95488.0,7.0,,160244.0,3.0,0.0,,
43795,The-2020-Pokemon-dataset,1,active,arff,1013.0,40.0,,0.0,33.0,0.0,,
43796,mini_insect_1,3,active,arff,12.0,4.0,4.0,0.0,0.0,3.0,3.0,3.0
43797,Hepatitis-C-Prediction-Dataset,1,active,arff,615.0,14.0,,31.0,12.0,0.0,,
43798,Google-Play-Store-Apps,1,active,arff,2312944.0,24.0,,1355506.0,5.0,4.0,,
43799,Daily-Exchange-Rates-per-Euro-1999-2021,1,active,arff,6007.0,41.0,,31244.0,3.0,0.0,,
43800,Microsoft-Stock-market-(2001---2021),1,active,arff,5000.0,6.0,,0.0,5.0,0.0,,
43801,Motorcycle-Dataset,1,active,arff,1061.0,7.0,,435.0,4.0,0.0,,
43802,DEMOGRAPHIC-AND-SOCIO-ECONOMIC-(UNESCO),1,active,arff,270038.0,9.0,,538010.0,3.0,0.0,,
43803,Chernobyl-Air-Concentration,1,active,arff,2051.0,11.0,,795.0,4.0,0.0,,
43804,MAGIC-Gamma-Telescope-Dataset,1,active,arff,19020.0,12.0,,0.0,11.0,0.0,,
43805,Daily-Electricity-Price-and-Demand-Data,1,active,arff,2106.0,14.0,,4.0,11.0,0.0,,
43806,Rainfall-in-Kerala-1901-2017,1,active,arff,117.0,18.0,,0.0,18.0,0.0,,
43807,Forest-Fires-Data-Set-Portugal,1,active,arff,517.0,13.0,,0.0,11.0,0.0,,
43808,German-Credit-Data,1,active,arff,1000.0,21.0,,0.0,21.0,0.0,,
43809,GDP-per-capita-all-countries,1,active,arff,260.0,32.0,,1074.0,30.0,0.0,,
43810,MPII-Human-Pose-Data,1,active,arff,4028.0,7.0,,4028.0,1.0,0.0,,
43811,Eighty-years-of-Canadian-climate-data,1,active,arff,29221.0,27.0,,53518.0,26.0,0.0,,
43812,Performance-Prediction,1,active,arff,1340.0,21.0,0.0,11.0,20.0,0.0,,
43814,Dubai-Properties---Apartments,1,active,arff,1905.0,37.0,,0.0,7.0,28.0,,
43815,ECDC-daily-data-on-COVID19-geographic-distribution,1,active,arff,9513.0,10.0,,357.0,6.0,0.0,,
43816,Reliance-Industries-(RIL)-Share-Price-(1996-2020),1,active,arff,6205.0,15.0,,7421.0,12.0,0.0,,
43817,English-Premier-League-Data-2009---2019,1,active,arff,3800.0,22.0,,0.0,16.0,0.0,,
43818,Buenos-Aires-Airbnb-Data,1,active,arff,22877.0,15.0,,12925.0,10.0,0.0,,
43819,Boston-Airbnb-Listings,1,active,arff,3845.0,51.0,,14267.0,22.0,0.0,,
43820,Avocado-Prices,1,active,arff,18249.0,14.0,,0.0,11.0,0.0,,
43821,Foreign-Exchange-Rate-(1994---2020),1,active,arff,6737.0,54.0,,127415.0,53.0,0.0,,
43822,Perth-House-Prices,1,active,arff,33656.0,18.0,,16585.0,14.0,0.0,,
43823,Heart-Disease-Prediction,1,active,arff,270.0,14.0,,0.0,13.0,0.0,,
43824,Top-100-2020-Cryptocurrency-Daily-Market-Price,1,active,arff,40100.0,9.0,,0.0,6.0,0.0,,
43825,Nutritional-values-for-common-foods-and-products,1,active,arff,8789.0,77.0,,1590.0,3.0,0.0,,
43826,Personal-Loan-Modeling,1,active,arff,5000.0,13.0,,0.0,13.0,0.0,,
43827,City-Quality-of-Life-Dataset,1,active,arff,266.0,21.0,,0.0,18.0,0.0,,
43828,Another-Dataset-on-used-Fiat-500-(1538-rows),1,active,arff,1538.0,8.0,0.0,0.0,7.0,0.0,,
43829,Netflix-10-Year-Stock-Data-2002-2020,1,active,arff,4581.0,7.0,,0.0,6.0,0.0,,
43830,Indian-card-payment-data-set,1,active,arff,5592.0,20.0,,4.0,16.0,0.0,,
43831,Consumer-Price-Index,1,active,arff,267.0,30.0,,208.0,28.0,0.0,,
43832,Apple-Complete-Stock-Data1980-2020,1,active,arff,10016.0,7.0,,6.0,6.0,0.0,,
43833,Official-World-Golf-Ranking-Data,1,active,arff,9000.0,12.0,,29318.0,10.0,0.0,,
43834,Historical-Financials-Data-for-3000-stocks,1,active,arff,101787.0,45.0,,2857964.0,42.0,0.0,,
43835,Indeed-Software-Engineer-Job-Dataset,1,active,arff,10000.0,7.0,,3776.0,2.0,0.0,,
43836,features-and-price-of-computer-components,1,active,arff,2705.0,6.0,,1565.0,1.0,0.0,,
43837,New-Delhi-Rental-Listings,1,active,arff,17890.0,15.0,,0.0,10.0,0.0,,
43838,Municipal-Debt-Risk-Analysis,1,active,arff,138509.0,16.0,,0.0,14.0,0.0,,
43839,IRIS-flower-dataset,1,active,arff,150.0,5.0,,0.0,4.0,0.0,,
43840,Dow-Jones-Industrial-Average-Dataset,1,active,arff,2766.0,7.0,,0.0,0.0,0.0,,
43841,Turkish-Super-League-Matches-(1959-2021),1,active,arff,18079.0,22.0,,0.0,15.0,0.0,,
43842,League-of-Legend-High-Elo-Team-Comp--Game-Length,1,active,arff,4028.0,6.0,,0.0,0.0,0.0,,
43843,Eighty-years-of-Canadian-climate-data,2,active,arff,29221.0,27.0,,53518.0,26.0,0.0,,
43844,Coronavirus-Worldwide-Dataset,1,active,arff,36137.0,36.0,,314500.0,31.0,0.0,,
43845,Music-Dataset--1950-to-2019,1,active,arff,28372.0,31.0,,13.0,26.0,0.0,,
43846,400k-NYSE-random-investments--financial-ratios,1,active,arff,405258.0,25.0,,0.0,20.0,0.0,,
43847,Tweets-about-distance-learning,1,active,arff,202645.0,8.0,,48656.0,4.0,0.0,,
43848,NSE-Future-and-Options-Dataset-3M,1,active,arff,2533210.0,16.0,,0.0,11.0,0.0,,
43849,2018-Airplane-Flights,1,active,arff,9534417.0,14.0,,0.0,11.0,0.0,,
43850,Hatred-on-Twitter-During-MeToo-Movement,1,active,arff,807174.0,9.0,,197782.0,6.0,0.0,,
43853,Nintendo3DS-Games,2,active,arff,1680.0,21.0,0.0,3632.0,16.0,0.0,,
43855,SportsCars,1,active,ARFF,475.0,13.0,,24.0,10.0,0.0,,
43859,iriiiiiis,2,active,ARFF,150.0,5.0,3.0,0.0,4.0,1.0,50.0,50.0
43871,SGEMM_GPU_kernel_performance,3,active,arff,241600.0,15.0,0.0,0.0,15.0,0.0,,
43873,sarcos,3,active,arff,44484.0,22.0,0.0,0.0,22.0,0.0,,
43874,Diabetes-130-Hospitals_(Fairlearn),1,active,arff,101766.0,25.0,0.0,0.0,7.0,5.0,,
43876,AAPL_2022_01,1,active,arff,22.0,6.0,0.0,0.0,6.0,0.0,,
43877,AAPL_2022_01,2,active,arff,22.0,6.0,0.0,0.0,6.0,0.0,,
43878,AAPL_stock_price_2021_2022,1,active,arff,346.0,6.0,0.0,0.0,6.0,0.0,,
43881,AAPL_stock_price_2021_2022_1,1,active,arff,347.0,6.0,0.0,0.0,6.0,0.0,,
43882,AAPL_stock_price_2021_2022_2,1,active,arff,348.0,6.0,0.0,0.0,6.0,0.0,,
43883,mne-sample-meg-auditory,1,active,arff,305.0,7498.0,,0.0,7498.0,0.0,,
43884,mne-sample-meg-auditory,2,active,arff,305.0,7668.0,,0.0,7668.0,0.0,,
43885,mini_insect_1,4,active,arff,12.0,4.0,4.0,0.0,0.0,3.0,3.0,3.0
43886,mini_insect_1,5,active,arff,12.0,4.0,4.0,0.0,0.0,3.0,3.0,3.0
43888,communities-and-crime-binary,1,active,ARFF,1994.0,129.0,0.0,39202.0,128.0,0.0,,
43889,law-school-admission-bianry,1,active,ARFF,20800.0,12.0,0.0,0.0,7.0,5.0,,
43890,law-school-admission-bianry,2,active,ARFF,20800.0,12.0,2.0,0.0,6.0,6.0,14106.0,6694.0
43891,communities-and-crime-binary,2,active,ARFF,1994.0,129.0,2.0,39202.0,127.0,1.0,1149.0,845.0
43892,national-longitudinal-survey-binary,1,active,ARFF,4908.0,17.0,2.0,0.0,9.0,8.0,3055.0,1853.0
43893,ibm-employee-attrition,1,active,ARFF,1470.0,35.0,2.0,0.0,26.0,0.0,1233.0,237.0
43894,ibm-employee-attrition,2,active,ARFF,1470.0,35.0,2.0,0.0,26.0,0.0,1233.0,237.0
43895,ibm-employee-performance,1,active,ARFF,1470.0,34.0,2.0,0.0,25.0,1.0,1244.0,226.0
43896,ibm-employee-attrition,3,active,ARFF,1470.0,35.0,2.0,0.0,26.0,9.0,1233.0,237.0
43897,ibm-employee-performance,2,active,ARFF,1470.0,34.0,2.0,0.0,25.0,9.0,1244.0,226.0
43898,adult,3,active,ARFF,48790.0,15.0,2.0,6456.0,6.0,9.0,37109.0,11681.0
43899,FakeMovie,1,active,arff,14.0,4.0,1.0,0.0,2.0,2.0,14.0,14.0
43900,amazon_employee_access,2,active,ARFF,32769.0,10.0,2.0,0.0,0.0,10.0,30872.0,1897.0
43901,click_prediction_small,11,active,ARFF,39926.0,9.0,2.0,0.0,4.0,5.0,33201.0,6725.0
43903,Diabetes-130-Hospitals_(Fairlearn),2,active,arff,101766.0,22.0,2.0,0.0,5.0,6.0,90409.0,11357.0
43904,law-school-admission-bianry,3,active,ARFF,20800.0,11.0,2.0,0.0,5.0,6.0,14106.0,6694.0
43905,ibm-employee-performance,3,active,ARFF,1470.0,33.0,2.0,0.0,24.0,9.0,1244.0,226.0
43918,energy_efficiency,1,active,arff,768.0,9.0,0.0,0.0,9.0,0.0,,
43919,airfoil_self_noise,1,active,arff,1503.0,6.0,0.0,0.0,6.0,0.0,,
43920,kdd_internet_usage,3,active,ARFF,10108.0,71.0,2.0,2699.0,0.0,71.0,7393.0,2715.0
43921,car_evaluation,1,active,ARFF,1728.0,7.0,4.0,0.0,0.0,7.0,1210.0,65.0
43922,mushroom,3,active,ARFF,8124.0,23.0,2.0,0.0,0.0,23.0,4208.0,3916.0
43923,mushroom,4,active,ARFF,12960.0,9.0,5.0,0.0,0.0,9.0,4320.0,2.0
43924,eucalyptus,3,active,ARFF,736.0,20.0,5.0,0.0,5.0,15.0,214.0,105.0
43925,eucalyptus,4,active,ARFF,4331.0,8.0,4.0,0.0,5.0,3.0,2211.0,259.0
43926,ames_housing,1,active,ARFF,2930.0,81.0,0.0,0.0,35.0,46.0,,
43927,avocado_sales,1,active,ARFF,18249.0,14.0,0.0,0.0,12.0,2.0,,
43928,medical_charges,8,active,ARFF,188806.0,13.0,0.0,0.0,7.0,6.0,,
43938,nursery,4,active,ARFF,12960.0,9.0,5.0,0.0,0.0,9.0,4320.0,2.0
43939,california_housing,1,active,ARFF,20640.0,10.0,0.0,207.0,9.0,1.0,,
43941,anneal,5,active,ARFF,898.0,39.0,2.0,0.0,6.0,33.0,486.0,412.0
43942,anneal,6,active,ARFF,898.0,39.0,2.0,0.0,6.0,33.0,486.0,412.0
43943,Diabetes(scikit-learn),8,active,arff,442.0,11.0,0.0,0.0,11.0,0.0,,
43944,Heart_disease_classification,1,active,arff,296.0,14.0,0.0,0.0,12.0,0.0,,
43945,electricity,2,active,arff,38474.0,9.0,2.0,0.0,7.0,1.0,19237.0,19237.0
43946,eye_movements,2,active,arff,7608.0,24.0,2.0,0.0,20.0,3.0,3804.0,3804.0
43947,KDDCup09_upselling,2,active,arff,5032.0,46.0,2.0,0.0,34.0,11.0,2516.0,2516.0
43948,covertype,5,active,arff,423680.0,55.0,2.0,0.0,10.0,44.0,211840.0,211840.0
43949,rl,2,active,arff,4970.0,13.0,2.0,0.0,5.0,7.0,2485.0,2485.0
43950,electricity,3,active,arff,38474.0,8.0,2.0,0.0,6.0,1.0,19237.0,19237.0
43951,electricity,4,active,arff,38474.0,8.0,2.0,0.0,6.0,1.0,19237.0,19237.0
43952,electricity,5,active,arff,38474.0,8.0,2.0,0.0,6.0,1.0,19237.0,19237.0
43953,electricity,6,active,arff,38474.0,8.0,2.0,0.0,6.0,1.0,19237.0,19237.0
43954,covertype,6,active,arff,566602.0,11.0,0.0,0.0,11.0,0.0,,
43955,poker,3,active,arff,1022616.0,6.0,0.0,0.0,6.0,0.0,,
43956,pol,3,active,arff,10082.0,27.0,2.0,0.0,26.0,0.0,5041.0,5041.0
43957,house_16H,3,active,arff,13488.0,17.0,2.0,0.0,16.0,0.0,6744.0,6744.0
43958,kdd_ipums_la_97-small,2,active,arff,5188.0,21.0,2.0,0.0,15.0,5.0,2594.0,2594.0
43959,Diabetes(scikit-learn),9,active,arff,442.0,11.0,0.0,0.0,11.0,0.0,,
43960,Weather,16,active,arff,14.0,5.0,2.0,0.0,2.0,3.0,9.0,5.0
43961,Weather,17,active,arff,14.0,5.0,2.0,0.0,2.0,3.0,9.0,5.0
43962,energy_efficiency,2,active,arff,768.0,9.0,0.0,0.0,9.0,0.0,,
43963,CPS1988,1,active,arff,28155.0,7.0,0.0,0.0,3.0,4.0,,
43964,electricity,7,active,arff,38474.0,8.0,2.0,0.0,6.0,1.0,19237.0,19237.0
43965,covertype,7,active,arff,566602.0,11.0,0.0,0.0,11.0,0.0,,
43966,electricity,8,active,arff,38474.0,8.0,2.0,0.0,6.0,1.0,19237.0,19237.0
43967,covertype,8,active,arff,566602.0,11.0,0.0,0.0,11.0,0.0,,
43968,pol,4,active,arff,10082.0,27.0,2.0,0.0,26.0,0.0,5041.0,5041.0
43969,house_16H,4,active,arff,13488.0,17.0,2.0,0.0,16.0,0.0,6744.0,6744.0
43970,kdd_ipums_la_97-small,3,active,arff,5188.0,21.0,2.0,0.0,15.0,5.0,2594.0,2594.0
43971,MagicTelescope,2,active,arff,13376.0,11.0,2.0,0.0,10.0,0.0,6688.0,6688.0
43972,bank-marketing,3,active,arff,10578.0,8.0,2.0,0.0,2.0,5.0,5289.0,5289.0
43973,phoneme,2,active,arff,3172.0,6.0,2.0,0.0,5.0,0.0,1586.0,1586.0
43974,MiniBooNE,2,active,arff,72998.0,51.0,2.0,0.0,50.0,1.0,36499.0,36499.0
43975,Higgs,4,active,arff,940160.0,25.0,2.0,0.0,24.0,0.0,470080.0,470080.0
43976,eye_movements,3,active,arff,7608.0,21.0,2.0,0.0,17.0,3.0,3804.0,3804.0
43977,jannis,2,active,arff,57580.0,55.0,2.0,0.0,54.0,0.0,28790.0,28790.0
43978,credit,1,active,arff,16714.0,11.0,0.0,0.0,11.0,0.0,,
43979,california,1,active,arff,20634.0,9.0,2.0,0.0,8.0,1.0,10317.0,10317.0
43980,wine,7,active,arff,2554.0,12.0,2.0,0.0,11.0,1.0,1277.0,1277.0
43981,cpu_act,4,active,arff,8192.0,22.0,0.0,0.0,22.0,0.0,,
43982,cpu_act,5,active,arff,8192.0,22.0,0.0,0.0,22.0,0.0,,
43983,pol,5,active,arff,15000.0,27.0,0.0,0.0,27.0,0.0,,
43984,elevators,5,active,arff,16599.0,17.0,0.0,0.0,17.0,0.0,,
43985,isolet,3,active,arff,7797.0,614.0,26.0,0.0,613.0,1.0,300.0,298.0
43986,wine_quality,3,active,arff,6497.0,12.0,0.0,0.0,12.0,0.0,,
43987,Ailerons,3,active,arff,13750.0,34.0,0.0,0.0,34.0,0.0,,
43988,houses,3,active,arff,20640.0,9.0,0.0,0.0,9.0,0.0,,
43989,house_16H,5,active,arff,22784.0,17.0,0.0,0.0,17.0,0.0,,
43990,cpu_act,6,active,arff,8192.0,22.0,0.0,0.0,22.0,0.0,,
43991,pol,6,active,arff,15000.0,27.0,0.0,0.0,27.0,0.0,,
43992,elevators,6,active,arff,16599.0,17.0,0.0,0.0,17.0,0.0,,
43993,isolet,4,active,arff,7797.0,614.0,26.0,0.0,613.0,1.0,300.0,298.0
43994,wine_quality,4,active,arff,6497.0,12.0,0.0,0.0,12.0,0.0,,
43995,Ailerons,4,active,arff,13750.0,34.0,0.0,0.0,34.0,0.0,,
43996,houses,4,active,arff,20640.0,9.0,0.0,0.0,9.0,0.0,,
43997,house_16H,6,active,arff,22784.0,17.0,0.0,0.0,17.0,0.0,,
43998,diamonds,2,active,arff,53940.0,7.0,0.0,0.0,4.0,3.0,,
43999,Brazilian_houses,5,active,arff,10692.0,9.0,0.0,0.0,5.0,4.0,,
44000,Bike_Sharing_Demand,4,active,arff,17379.0,7.0,0.0,0.0,6.0,1.0,,
44001,nyc-taxi-green-dec-2016,4,active,arff,581835.0,10.0,0.0,0.0,3.0,7.0,,
44002,house_sales,4,active,arff,21613.0,16.0,0.0,0.0,15.0,1.0,,
44003,sulfur,2,active,arff,10081.0,7.0,0.0,0.0,7.0,0.0,,
44004,medical_charges,9,active,arff,163065.0,4.0,0.0,0.0,2.0,2.0,,
44005,MiamiHousing2016,2,active,arff,13932.0,14.0,0.0,0.0,14.0,0.0,,
44006,superconduct,2,active,arff,21263.0,80.0,0.0,0.0,80.0,0.0,,
44007,cpu_act,7,active,arff,8192.0,22.0,0.0,0.0,22.0,0.0,,
44008,pol,7,active,arff,15000.0,27.0,0.0,0.0,27.0,0.0,,
44009,elevators,7,active,arff,16599.0,17.0,0.0,0.0,17.0,0.0,,
44010,isolet,5,active,arff,7797.0,614.0,26.0,0.0,613.0,1.0,300.0,298.0
44011,wine_quality,5,active,arff,6497.0,12.0,0.0,0.0,12.0,0.0,,
44012,Ailerons,5,active,arff,13750.0,34.0,0.0,0.0,34.0,0.0,,
44013,houses,5,active,arff,20640.0,9.0,0.0,0.0,9.0,0.0,,
44014,house_16H,7,active,arff,22784.0,17.0,0.0,0.0,17.0,0.0,,
44015,diamonds,3,active,arff,53940.0,7.0,0.0,0.0,4.0,3.0,,
44016,Brazilian_houses,6,active,arff,10692.0,9.0,0.0,0.0,5.0,4.0,,
44017,Bike_Sharing_Demand,5,active,arff,17379.0,7.0,0.0,0.0,6.0,1.0,,
44018,nyc-taxi-green-dec-2016,5,active,arff,581835.0,10.0,0.0,0.0,3.0,7.0,,
44019,house_sales,5,active,arff,21613.0,16.0,0.0,0.0,15.0,1.0,,
44020,sulfur,3,active,arff,10081.0,7.0,0.0,0.0,7.0,0.0,,
44021,medical_charges,10,active,arff,163065.0,4.0,0.0,0.0,2.0,2.0,,
44022,MiamiHousing2016,3,active,arff,13932.0,14.0,0.0,0.0,14.0,0.0,,
44023,superconduct,3,active,arff,21263.0,80.0,0.0,0.0,80.0,0.0,,
44024,california,2,active,arff,20640.0,9.0,0.0,0.0,9.0,0.0,,
44025,california,3,active,arff,20640.0,9.0,0.0,0.0,9.0,0.0,,
44026,fifa,1,active,arff,18063.0,6.0,0.0,0.0,6.0,0.0,,
44027,year,1,active,arff,515345.0,91.0,0.0,0.0,91.0,0.0,,
44028,QSAR_fish_toxycity,1,active,arff,908.0,7.0,0.0,0.0,7.0,0.0,,
44029,student_performance_por,1,active,arff,649.0,31.0,0.0,0.0,14.0,0.0,,
44031,california,4,active,arff,20640.0,9.0,0.0,0.0,9.0,0.0,,
44032,fifa,2,active,arff,18063.0,6.0,0.0,0.0,6.0,0.0,,
44033,electricity,9,active,arff,38474.0,9.0,2.0,0.0,7.0,1.0,19237.0,19237.0
44034,eye_movements,4,active,arff,7608.0,24.0,2.0,0.0,20.0,3.0,3804.0,3804.0
44035,KDDCup09_upselling,3,active,arff,5032.0,46.0,2.0,0.0,34.0,11.0,2516.0,2516.0
44036,covertype,9,active,arff,423680.0,55.0,2.0,0.0,10.0,44.0,211840.0,211840.0
44037,rl,3,active,arff,4970.0,13.0,2.0,0.0,5.0,7.0,2485.0,2485.0
44038,road-safety,5,active,arff,111762.0,33.0,2.0,0.0,29.0,3.0,55881.0,55881.0
44039,yprop_4_1,2,active,arff,8885.0,63.0,0.0,0.0,43.0,20.0,,
44040,analcatdata_supreme,3,active,arff,4052.0,8.0,0.0,0.0,3.0,5.0,,
44041,visualizing_soil,3,active,arff,8641.0,5.0,0.0,0.0,4.0,1.0,,
44042,black_friday,2,active,arff,166821.0,10.0,0.0,0.0,5.0,5.0,,
44043,nyc-taxi-green-dec-2016,6,active,arff,581835.0,11.0,0.0,0.0,4.0,7.0,,
44044,diamonds,4,active,arff,53940.0,10.0,0.0,0.0,7.0,3.0,,
44045,Allstate_Claims_Severity,2,active,arff,188318.0,125.0,0.0,0.0,15.0,110.0,,
44046,Mercedes_Benz_Greener_Manufacturing,3,active,arff,4209.0,360.0,0.0,0.0,1.0,359.0,,
44047,Brazilian_houses,7,active,arff,10692.0,12.0,0.0,0.0,9.0,3.0,,
44048,Bike_Sharing_Demand,6,active,arff,17379.0,12.0,0.0,0.0,7.0,5.0,,
44049,OnlineNewsPopularity,3,active,arff,39644.0,60.0,0.0,0.0,46.0,14.0,,
44050,nyc-taxi-green-dec-2016,7,active,arff,581835.0,17.0,0.0,0.0,10.0,7.0,,
44051,house_sales,6,active,arff,21613.0,18.0,0.0,0.0,16.0,2.0,,
44052,compass,1,active,arff,16644.0,18.0,0.0,0.0,18.0,0.0,,
44053,compass,2,active,arff,16644.0,18.0,0.0,0.0,9.0,9.0,,
44054,yprop_4_1,3,active,arff,8885.0,63.0,0.0,0.0,43.0,20.0,,
44055,analcatdata_supreme,4,active,arff,4052.0,8.0,0.0,0.0,3.0,5.0,,
44056,visualizing_soil,4,active,arff,8641.0,5.0,0.0,0.0,4.0,1.0,,
44057,black_friday,3,active,arff,166821.0,10.0,0.0,0.0,5.0,5.0,,
44058,nyc-taxi-green-dec-2016,8,active,arff,581835.0,11.0,0.0,0.0,4.0,7.0,,
44059,diamonds,5,active,arff,53940.0,10.0,0.0,0.0,7.0,3.0,,
44060,Allstate_Claims_Severity,3,active,arff,188318.0,125.0,0.0,0.0,15.0,110.0,,
44061,Mercedes_Benz_Greener_Manufacturing,4,active,arff,4209.0,360.0,0.0,0.0,1.0,359.0,,
44062,Brazilian_houses,8,active,arff,10692.0,12.0,0.0,0.0,9.0,3.0,,
44063,Bike_Sharing_Demand,7,active,arff,17379.0,12.0,0.0,0.0,7.0,5.0,,
44064,OnlineNewsPopularity,4,active,arff,39644.0,60.0,0.0,0.0,46.0,14.0,,
44065,nyc-taxi-green-dec-2016,9,active,arff,581835.0,17.0,0.0,0.0,10.0,7.0,,
44066,house_sales,7,active,arff,21613.0,18.0,0.0,0.0,16.0,2.0,,
44067,LoanDefaultPrediction,2,active,arff,55319.0,736.0,0.0,0.0,732.0,4.0,,
44068,particulate-matter-ukair-2017,3,active,arff,394299.0,7.0,0.0,0.0,4.0,3.0,,
44069,SGEMM_GPU_kernel_performance,4,active,arff,241600.0,10.0,0.0,0.0,4.0,6.0,,
44070,MagicTelescope,3,active,arff,13376.0,11.0,2.0,0.0,10.0,1.0,6688.0,6688.0
44071,bank-marketing,4,active,arff,10578.0,8.0,2.0,0.0,2.0,6.0,5289.0,5289.0
44072,phoneme,3,active,arff,3172.0,6.0,2.0,0.0,5.0,1.0,1586.0,1586.0
44073,MagicTelescope,4,active,arff,13376.0,11.0,2.0,0.0,10.0,1.0,6688.0,6688.0
44074,bank-marketing,5,active,arff,10578.0,8.0,2.0,0.0,2.0,6.0,5289.0,5289.0
44075,phoneme,4,active,arff,3172.0,6.0,2.0,0.0,5.0,1.0,1586.0,1586.0
44076,MiniBooNE,3,active,arff,72998.0,51.0,2.0,0.0,50.0,1.0,36499.0,36499.0
44077,Higgs,5,active,arff,940160.0,25.0,2.0,0.0,24.0,1.0,470080.0,470080.0
44078,eye_movements,5,active,arff,7608.0,21.0,2.0,0.0,17.0,4.0,3804.0,3804.0
44079,jannis,3,active,arff,57580.0,55.0,2.0,0.0,54.0,1.0,28790.0,28790.0
44080,electricity,10,active,arff,38474.0,8.0,2.0,0.0,6.0,2.0,19237.0,19237.0
44081,covertype,10,active,arff,566602.0,11.0,2.0,0.0,10.0,1.0,283301.0,283301.0
44082,pol,8,active,arff,10082.0,27.0,2.0,0.0,26.0,1.0,5041.0,5041.0
44083,house_16H,8,active,arff,13488.0,17.0,2.0,0.0,16.0,1.0,6744.0,6744.0
44084,kdd_ipums_la_97-small,4,active,arff,5188.0,21.0,2.0,0.0,15.0,6.0,2594.0,2594.0
44085,MagicTelescope,5,active,arff,13376.0,11.0,2.0,0.0,10.0,1.0,6688.0,6688.0
44086,bank-marketing,6,active,arff,10578.0,8.0,2.0,0.0,2.0,6.0,5289.0,5289.0
44087,phoneme,5,active,arff,3172.0,6.0,2.0,0.0,5.0,1.0,1586.0,1586.0
44088,MiniBooNE,4,active,arff,72998.0,51.0,2.0,0.0,50.0,1.0,36499.0,36499.0
44089,credit,2,active,arff,16714.0,11.0,2.0,0.0,10.0,1.0,8357.0,8357.0
44090,california,5,active,arff,20634.0,9.0,2.0,0.0,8.0,1.0,10317.0,10317.0
44091,wine,8,active,arff,2554.0,12.0,2.0,0.0,11.0,1.0,1277.0,1277.0
44092,Higgs,6,active,arff,940160.0,25.0,2.0,0.0,24.0,1.0,470080.0,470080.0
44093,eye_movements,6,active,arff,7608.0,21.0,2.0,0.0,17.0,4.0,3804.0,3804.0
44094,jannis,4,active,arff,57580.0,55.0,2.0,0.0,54.0,1.0,28790.0,28790.0
44095,spambase_reproduced,1,active,arff,4601.0,58.0,2.0,0.0,57.0,1.0,2788.0,1813.0
44096,credit-g,2,active,arff,1000.0,21.0,2.0,0.0,7.0,14.0,700.0,300.0
44097,credit-g_copy,1,active,arff,1000.0,21.0,2.0,0.0,7.0,14.0,700.0,300.0
44098,credit-g_reproduced_1,1,active,arff,1000.0,21.0,2.0,0.0,7.0,14.0,700.0,300.0
44111,electricity,11,active,arff,38474.0,8.0,2.0,0.0,7.0,1.0,19237.0,19237.0
44112,covertype,11,active,arff,566602.0,11.0,2.0,0.0,10.0,1.0,283301.0,283301.0
44113,pol,9,active,arff,10082.0,27.0,2.0,0.0,26.0,1.0,5041.0,5041.0
44114,house_16H,9,active,arff,13488.0,17.0,2.0,0.0,16.0,1.0,6744.0,6744.0
44115,kdd_ipums_la_97-small,5,active,arff,5188.0,21.0,2.0,0.0,20.0,1.0,2594.0,2594.0
44116,MagicTelescope,6,active,arff,13376.0,11.0,2.0,0.0,10.0,1.0,6688.0,6688.0
44117,bank-marketing,7,active,arff,10578.0,8.0,2.0,0.0,7.0,1.0,5289.0,5289.0
44118,phoneme,6,active,arff,3172.0,6.0,2.0,0.0,5.0,1.0,1586.0,1586.0
44119,MiniBooNE,5,active,arff,72998.0,51.0,2.0,0.0,50.0,1.0,36499.0,36499.0
44120,electricity,12,active,arff,38474.0,8.0,2.0,0.0,7.0,1.0,19237.0,19237.0
44121,covertype,12,active,arff,566602.0,11.0,2.0,0.0,10.0,1.0,283301.0,283301.0
44122,pol,10,active,arff,10082.0,27.0,2.0,0.0,26.0,1.0,5041.0,5041.0
44123,house_16H,10,active,arff,13488.0,17.0,2.0,0.0,16.0,1.0,6744.0,6744.0
44124,kdd_ipums_la_97-small,6,active,arff,5188.0,21.0,2.0,0.0,20.0,1.0,2594.0,2594.0
44125,MagicTelescope,7,active,arff,13376.0,11.0,2.0,0.0,10.0,1.0,6688.0,6688.0
44126,bank-marketing,8,active,arff,10578.0,8.0,2.0,0.0,7.0,1.0,5289.0,5289.0
44127,phoneme,7,active,arff,3172.0,6.0,2.0,0.0,5.0,1.0,1586.0,1586.0
44128,MiniBooNE,6,active,arff,72998.0,51.0,2.0,0.0,50.0,1.0,36499.0,36499.0
44129,Higgs,7,active,arff,940160.0,25.0,2.0,0.0,24.0,1.0,470080.0,470080.0
44130,eye_movements,7,active,arff,7608.0,21.0,2.0,0.0,20.0,1.0,3804.0,3804.0
44131,jannis,5,active,arff,57580.0,55.0,2.0,0.0,54.0,1.0,28790.0,28790.0
44132,cpu_act,8,active,arff,8192.0,22.0,0.0,0.0,22.0,0.0,,
44133,pol,11,active,arff,15000.0,27.0,0.0,0.0,27.0,0.0,,
44134,elevators,8,active,arff,16599.0,17.0,0.0,0.0,17.0,0.0,,
44135,isolet,6,active,arff,7797.0,614.0,0.0,0.0,614.0,0.0,,
44136,wine_quality,6,active,arff,6497.0,12.0,0.0,0.0,12.0,0.0,,
44137,Ailerons,6,active,arff,13750.0,34.0,0.0,0.0,34.0,0.0,,
44138,houses,6,active,arff,20640.0,9.0,0.0,0.0,9.0,0.0,,
44139,house_16H,11,active,arff,22784.0,17.0,0.0,0.0,17.0,0.0,,
44140,diamonds,6,active,arff,53940.0,7.0,0.0,0.0,7.0,0.0,,
44141,Brazilian_houses,9,active,arff,10692.0,9.0,0.0,0.0,9.0,0.0,,
44142,Bike_Sharing_Demand,8,active,arff,17379.0,7.0,0.0,0.0,7.0,0.0,,
44143,nyc-taxi-green-dec-2016,10,active,arff,581835.0,10.0,0.0,0.0,10.0,0.0,,
44144,house_sales,8,active,arff,21613.0,16.0,0.0,0.0,16.0,0.0,,
44145,sulfur,4,active,arff,10081.0,7.0,0.0,0.0,7.0,0.0,,
44146,medical_charges,11,active,arff,163065.0,4.0,0.0,0.0,4.0,0.0,,
44147,MiamiHousing2016,4,active,arff,13932.0,14.0,0.0,0.0,14.0,0.0,,
44148,superconduct,4,active,arff,21263.0,80.0,0.0,0.0,80.0,0.0,,
44149,Heart_disease_prediction_20,1,active,arff,296.0,14.0,2.0,0.0,11.0,1.0,159.0,137.0
44150,VulNoneVul,1,active,arff,5692.0,17.0,0.0,0.0,17.0,0.0,,
44151,Iris,51,active,arff,149.0,5.0,3.0,0.0,4.0,0.0,50.0,49.0
44152,Brazilian_houses_reproduced,1,active,arff,10692.0,9.0,0.0,0.0,9.0,0.0,,
44153,vehicle_reproduced,1,active,arff,846.0,19.0,4.0,0.0,18.0,1.0,218.0,199.0
44154,iris_reproduced,1,active,arff,150.0,5.0,3.0,0.0,4.0,1.0,50.0,50.0
44155,credit-approval_reproduced,1,active,arff,690.0,16.0,2.0,67.0,6.0,10.0,383.0,307.0
44156,electricity,13,active,arff,38474.0,9.0,2.0,0.0,7.0,2.0,19237.0,19237.0
44157,eye_movements,8,active,arff,7608.0,24.0,2.0,0.0,20.0,4.0,3804.0,3804.0
44158,KDDCup09_upselling,4,active,arff,5032.0,46.0,2.0,0.0,34.0,12.0,2516.0,2516.0
44159,covertype,13,active,arff,423680.0,55.0,2.0,0.0,10.0,45.0,211840.0,211840.0
44160,rl,4,active,arff,4970.0,13.0,2.0,0.0,5.0,8.0,2485.0,2485.0
44161,road-safety,6,active,arff,111762.0,33.0,2.0,0.0,29.0,4.0,55881.0,55881.0
44162,compass,3,active,arff,16644.0,18.0,2.0,0.0,8.0,10.0,8322.0,8322.0
44179,IEEE80211aa-GATS-NS3.35,1,active,arff,2160.0,24.0,0.0,2273.0,23.0,0.0,,
44180,IEEE80211aa-GATS-NS3.35,2,active,arff,2160.0,24.0,0.0,2273.0,23.0,0.0,,
44185,KDDCup09_upselling,5,active,arff,5032.0,46.0,2.0,0.0,34.0,12.0,2516.0,2516.0
44186,KDDCup09_upselling,6,active,arff,5128.0,50.0,2.0,0.0,34.0,16.0,2564.0,2564.0
44187,Test-Diabetes(scikit-learn),1,active,arff,442.0,11.0,0.0,0.0,11.0,0.0,,
44188,SurvBoard-TCGA-BLCA-incomplete,1,active,arff,80.0,88518.0,,235683.0,88513.0,0.0,,
44189,SurvBoard-TCGA-BLCA-complete,1,active,arff,5.0,88518.0,,0.0,88513.0,0.0,,
44190,SurvBoard-TCGA-BLCA-complete,2,active,arff,50.0,88518.0,,0.0,88513.0,0.0,,
44191,Diabetes(scikit-learn),12,active,arff,442.0,11.0,0.0,0.0,11.0,0.0,,
44192,Diabetes(scikit-learn),13,active,arff,442.0,11.0,0.0,0.0,11.0,0.0,,
44193,Weather,18,active,arff,14.0,5.0,2.0,0.0,2.0,3.0,9.0,5.0
44194,Diabetes(scikit-learn),14,active,arff,442.0,11.0,0.0,0.0,11.0,0.0,,
44195,Weather,19,active,arff,14.0,5.0,2.0,0.0,2.0,3.0,9.0,5.0
44196,PCAM,2,active,arff,220025.0,2.0,0.0,0.0,1.0,0.0,,
44199,LastFM_dataset,1,active,arff,289955.0,4.0,,0.0,1.0,0.0,,
44200,AutoMLSelectorMulticlass,1,active,arff,103.0,108.0,8.0,3766.0,107.0,1.0,53.0,2.0
44201,Intersectional-Bias-Assessment-(Training-Data),1,active,arff,10000.0,19.0,0.0,0.0,15.0,0.0,,
44202,Intersectional-Bias-Assessment-(Training-Data),2,active,arff,10000.0,19.0,0.0,0.0,15.0,0.0,,
44203,Intersectional-Bias-Assessment-(Testing-Data),1,active,arff,1000.0,19.0,0.0,0.0,15.0,0.0,,
44212,Reading_Hydro,1,active,arff,1000.0,27.0,0.0,0.0,27.0,0.0,,
44214,Reading_Hydro_upstream,1,active,arff,1000.0,2.0,0.0,0.0,2.0,0.0,,
44218,Reading_Hydro_upstream,2,active,arff,1000.0,2.0,0.0,0.0,2.0,0.0,,
44219,Reading_Hydro_upstream,3,active,arff,1000.0,2.0,0.0,0.0,2.0,0.0,,
44220,Reading_Hydro_upstream,4,active,arff,1000.0,2.0,0.0,0.0,2.0,0.0,,
44221,Reading_Hydro_downstream,1,active,arff,1000.0,2.0,0.0,0.0,2.0,0.0,,
44223,Diabetes(scikit-learn),15,active,arff,442.0,11.0,0.0,0.0,11.0,0.0,,
44224,MembershipWoes,1,active,arff,10362.0,15.0,2.0,12224.0,8.0,0.0,7219.0,3143.0
44225,MembershipWoes,2,active,arff,10362.0,15.0,2.0,12224.0,8.0,0.0,7219.0,3143.0
44226,NewspaperChurn,1,active,arff,15855.0,19.0,2.0,1430.0,4.0,0.0,12818.0,3037.0
44227,South_Asian_Churn_dataset,1,active,arff,2000.0,14.0,2.0,453.0,9.0,0.0,1000.0,1000.0
44228,Churn_Telco_Europa,1,active,arff,190776.0,20.0,0.0,22484.0,19.0,0.0,,
44229,Churn_Telco_Europa,2,active,arff,1401.0,16.0,0.0,337.0,11.0,0.0,,
44230,Data_Science_Nigeria_Telecoms_Churn,1,active,arff,1401.0,16.0,0.0,337.0,11.0,0.0,,
44231,mobile_churn,1,active,arff,66469.0,66.0,0.0,0.0,66.0,0.0,,
44232,UCI_churn,1,active,arff,3333.0,21.0,2.0,0.0,16.0,1.0,2850.0,483.0
44233,DSN,1,active,arff,1401.0,16.0,0.0,337.0,11.0,0.0,,
44234,Bank_marketing_data_set_UCI,1,active,arff,45211.0,17.0,2.0,0.0,7.0,0.0,39922.0,5289.0
44235,Credit_Card_Fraud_Detection,1,active,arff,284807.0,31.0,0.0,0.0,31.0,0.0,,
44236,test_dsn,1,active,arff,1400.0,16.0,0.0,321.0,11.0,0.0,,
44237,Meta_Album_BCT_Micro,1,active,arff,800.0,3.0,20.0,800.0,1.0,0.0,40.0,40.0
44238,Meta_Album_PLK_Micro,1,active,arff,800.0,3.0,20.0,800.0,1.0,0.0,40.0,40.0
44239,Meta_Album_FLW_Micro,1,active,arff,800.0,3.0,20.0,800.0,1.0,0.0,40.0,40.0
44240,Meta_Album_SPT_Micro,1,active,arff,800.0,3.0,20.0,800.0,1.0,0.0,40.0,40.0
44241,Meta_Album_BRD_Micro,1,active,arff,800.0,3.0,20.0,800.0,1.0,0.0,40.0,40.0
44242,Meta_Album_PLT_VIL_Micro,1,active,arff,800.0,3.0,20.0,0.0,0.0,0.0,40.0,40.0
44243,Meta_Album_MD_MIX_Micro,1,active,arff,800.0,69.0,0.0,18840.0,46.0,1.0,,
44244,Meta_Album_TEX_Micro,1,active,arff,800.0,3.0,20.0,800.0,1.0,0.0,40.0,40.0
44245,Meta_Album_CRS_Micro,1,active,arff,800.0,3.0,20.0,800.0,1.0,0.0,40.0,40.0
44246,Meta_Album_RESISC_Micro,1,active,arff,800.0,3.0,20.0,800.0,1.0,0.0,40.0,40.0
44247,Meta_Album_ACT_40_Micro,1,active,arff,800.0,3.0,20.0,800.0,1.0,0.0,40.0,40.0
44248,Meta_Album_INS_2_Micro,1,active,arff,800.0,3.0,20.0,800.0,1.0,0.0,40.0,40.0
44249,Meta_Album_PLT_NET_Micro,1,active,arff,800.0,3.0,20.0,800.0,1.0,0.0,40.0,40.0
44250,Meta_Album_TEX_DTD_Micro,1,active,arff,800.0,3.0,20.0,800.0,1.0,0.0,40.0,40.0
44251,Meta_Album_APL_Micro,1,active,arff,800.0,3.0,20.0,800.0,1.0,0.0,40.0,40.0
44252,Meta_Album_MD_5_BIS_Micro,1,active,arff,800.0,39.0,0.0,0.0,24.0,1.0,,
44257,anneal,7,active,ARFF,898.0,39.0,2.0,0.0,6.0,33.0,486.0,412.0
44258,anneal,8,active,ARFF,898.0,39.0,2.0,0.0,6.0,33.0,486.0,412.0
44259,anneal,9,active,ARFF,898.0,39.0,2.0,0.0,6.0,33.0,486.0,412.0
44260,anneal,10,active,ARFF,898.0,39.0,2.0,0.0,6.0,33.0,486.0,412.0
44261,anneal,11,active,ARFF,898.0,39.0,2.0,0.0,6.0,33.0,486.0,412.0
44262,anneal,12,active,ARFF,898.0,39.0,2.0,0.0,6.0,33.0,486.0,412.0
44263,anneal,13,active,ARFF,898.0,39.0,2.0,0.0,6.0,33.0,486.0,412.0
44264,anneal,14,active,ARFF,898.0,39.0,2.0,0.0,6.0,33.0,486.0,412.0
44265,anneal,15,active,ARFF,898.0,39.0,2.0,0.0,6.0,33.0,486.0,412.0
44266,anneal,16,active,ARFF,898.0,39.0,2.0,0.0,6.0,33.0,486.0,412.0
44267,Reading_Hydro_downstream,2,active,arff,235.0,2.0,0.0,0.0,2.0,0.0,,
44268,anneal,17,active,ARFF,898.0,39.0,2.0,0.0,6.0,33.0,486.0,412.0
44269,turing_binary,1,active,arff,10000.0,23.0,0.0,2456.0,21.0,0.0,,
44270,turing_course_binary_data,1,active,arff,10000.0,53.0,0.0,2476.0,51.0,0.0,,
44271,Meta_Album_ACT_410_Micro,1,active,arff,800.0,3.0,20.0,800.0,1.0,0.0,40.0,40.0
44272,Meta_Album_FNG_Micro,1,active,arff,800.0,3.0,20.0,0.0,0.0,0.0,40.0,40.0
44273,Meta_Album_PLT_DOC_Micro,1,active,arff,800.0,3.0,20.0,800.0,1.0,0.0,40.0,40.0
44274,Meta_Album_TEX_ALOT_Micro,1,active,arff,800.0,3.0,20.0,800.0,1.0,0.0,40.0,40.0
44275,Meta_Album_AWA_Micro,1,active,arff,800.0,3.0,20.0,800.0,1.0,0.0,40.0,40.0
44276,Meta_Album_INS_Micro,1,active,arff,800.0,3.0,20.0,0.0,0.0,0.0,40.0,40.0
44277,Meta_Album_RSD_Micro,1,active,arff,800.0,3.0,20.0,800.0,1.0,0.0,40.0,40.0
44278,Meta_Album_PRT_Micro,1,active,arff,800.0,3.0,20.0,800.0,1.0,0.0,40.0,40.0
44279,Meta_Album_BTS_Micro,1,active,arff,800.0,3.0,20.0,800.0,1.0,0.0,40.0,40.0
44280,Meta_Album_MD_6_Micro,1,active,arff,800.0,47.0,0.0,0.0,32.0,1.0,,
44281,Meta_Album_BCT_Mini,1,active,arff,1320.0,3.0,33.0,1320.0,1.0,0.0,40.0,40.0
44282,Meta_Album_PLK_Mini,1,active,arff,3440.0,3.0,86.0,3440.0,1.0,0.0,40.0,40.0
44283,Meta_Album_FLW_Mini,1,active,arff,4080.0,3.0,102.0,4080.0,1.0,0.0,40.0,40.0
44284,Meta_Album_SPT_Mini,1,active,arff,2920.0,3.0,73.0,2920.0,1.0,0.0,40.0,40.0
44285,Meta_Album_BRD_Mini,1,active,arff,12600.0,3.0,315.0,12600.0,1.0,0.0,40.0,40.0
44286,Meta_Album_PLT_VIL_Mini,1,active,arff,1520.0,3.0,38.0,0.0,0.0,0.0,40.0,40.0
44287,Meta_Album_MD_MIX_Mini,1,active,arff,28240.0,69.0,0.0,665053.0,46.0,1.0,,
44288,Meta_Album_TEX_Mini,1,active,arff,2560.0,3.0,64.0,2560.0,1.0,0.0,40.0,40.0
44289,Meta_Album_CRS_Mini,1,active,arff,7840.0,3.0,196.0,7840.0,1.0,0.0,40.0,40.0
44290,Meta_Album_RESISC_Mini,1,active,arff,1800.0,3.0,45.0,1800.0,1.0,0.0,40.0,40.0
44291,Meta_Album_ACT_40_Mini,1,active,arff,1560.0,3.0,39.0,1560.0,1.0,0.0,40.0,40.0
44292,Meta_Album_INS_2_Mini,1,active,arff,4080.0,3.0,102.0,4080.0,1.0,0.0,40.0,40.0
44293,Meta_Album_PLT_NET_Mini,1,active,arff,1000.0,3.0,25.0,1000.0,1.0,0.0,40.0,40.0
44294,Meta_Album_TEX_DTD_Mini,1,active,arff,1880.0,3.0,47.0,1880.0,1.0,0.0,40.0,40.0
44295,Meta_Album_APL_Mini,1,active,arff,840.0,3.0,21.0,840.0,1.0,0.0,40.0,40.0
44296,Meta_Album_MD_5_BIS_Mini,1,active,arff,28240.0,39.0,0.0,2.0,24.0,1.0,,
44297,Meta_Album_PNU_Mini,1,active,arff,760.0,3.0,19.0,760.0,1.0,0.0,40.0,40.0
44298,Meta_Album_DOG_Mini,1,active,arff,4800.0,3.0,120.0,4800.0,1.0,0.0,40.0,40.0
44299,Meta_Album_MED_LF_Mini,1,active,arff,1000.0,3.0,25.0,1000.0,1.0,0.0,40.0,40.0
44300,Meta_Album_RSICB_Mini,1,active,arff,1800.0,3.0,45.0,0.0,0.0,0.0,40.0,40.0
44301,Meta_Album_ACT_410_Mini,1,active,arff,1160.0,3.0,29.0,1160.0,1.0,0.0,40.0,40.0
44302,Meta_Album_FNG_Mini,1,active,arff,1000.0,3.0,25.0,0.0,0.0,0.0,40.0,40.0
44303,Meta_Album_PLT_DOC_Mini,1,active,arff,1080.0,3.0,27.0,1080.0,1.0,0.0,40.0,40.0
44304,Meta_Album_TEX_ALOT_Mini,1,active,arff,10000.0,3.0,250.0,10000.0,1.0,0.0,40.0,40.0
44305,Meta_Album_AWA_Mini,1,active,arff,2000.0,3.0,50.0,2000.0,1.0,0.0,40.0,40.0
44306,Meta_Album_INS_Mini,1,active,arff,4160.0,3.0,104.0,0.0,0.0,0.0,40.0,40.0
44307,Meta_Album_RSD_Mini,1,active,arff,1520.0,3.0,38.0,1520.0,1.0,0.0,40.0,40.0
44308,Meta_Album_PRT_Mini,1,active,arff,840.0,3.0,21.0,840.0,1.0,0.0,40.0,40.0
44309,Meta_Album_BTS_Mini,1,active,arff,1040.0,3.0,26.0,1040.0,1.0,0.0,40.0,40.0
44310,Meta_Album_MD_6_Mini,1,active,arff,28120.0,47.0,0.0,56.0,32.0,1.0,,
44311,Job_Profitability,1,active,arff,14480.0,30.0,0.0,0.0,29.0,0.0,,
44312,Meta_Album_PNU_Micro,2,active,arff,760.0,3.0,19.0,760.0,1.0,0.0,40.0,40.0
44313,Meta_Album_DOG_Micro,2,active,arff,760.0,3.0,19.0,760.0,1.0,0.0,40.0,40.0
44314,Meta_Album_MED_LF_Micro,2,active,arff,800.0,3.0,20.0,800.0,1.0,0.0,40.0,40.0
44315,Meta_Album_RSICB_Micro,2,active,arff,800.0,3.0,20.0,0.0,0.0,0.0,40.0,40.0
44316,Meta_Album_BCT_Extended,1,active,arff,4060.0,3.0,33.0,4060.0,1.0,0.0,138.0,108.0
44317,Meta_Album_PLK_Extended,1,active,arff,473273.0,3.0,102.0,473273.0,1.0,0.0,187384.0,2.0
44318,Meta_Album_FLW_Extended,1,active,arff,8189.0,3.0,102.0,8189.0,1.0,0.0,258.0,40.0
44319,Meta_Album_SPT_Extended,1,active,arff,10416.0,3.0,73.0,10416.0,1.0,0.0,191.0,99.0
44320,Meta_Album_BRD_Extended,1,active,arff,49054.0,3.0,315.0,49054.0,1.0,0.0,259.0,124.0
44321,Meta_Album_PLT_VIL_Extended,1,active,arff,54305.0,3.0,38.0,0.0,0.0,0.0,5507.0,152.0
44322,Meta_Album_TEX_Extended,1,active,arff,8675.0,3.0,64.0,8675.0,1.0,0.0,513.0,40.0
44323,Meta_Album_CRS_Extended,1,active,arff,16185.0,3.0,196.0,16185.0,1.0,0.0,136.0,48.0
44324,Meta_Album_RESISC_Extended,1,active,arff,31500.0,3.0,45.0,31500.0,1.0,0.0,700.0,700.0
44325,Meta_Album_ACT_40_Extended,1,active,arff,3389.0,3.0,40.0,3389.0,1.0,0.0,110.0,11.0
44326,Meta_Album_INS_2_Extended,1,active,arff,75222.0,3.0,102.0,75222.0,1.0,0.0,5740.0,71.0
44327,Meta_Album_PLT_NET_Extended,1,active,arff,120688.0,3.0,25.0,120688.0,1.0,0.0,9011.0,2914.0
44328,Meta_Album_TEX_DTD_Extended,1,active,arff,5640.0,3.0,47.0,5640.0,1.0,0.0,120.0,120.0
44329,Meta_Album_APL_Extended,1,active,arff,9625.0,3.0,21.0,9625.0,1.0,0.0,846.0,230.0
44330,Meta_Album_PNU_Extended,1,active,arff,5530.0,3.0,19.0,5530.0,1.0,0.0,967.0,101.0
44331,Meta_Album_DOG_Extended,1,active,arff,20480.0,3.0,120.0,20480.0,1.0,0.0,252.0,144.0
44332,Meta_Album_MED_LF_Extended,1,active,arff,1596.0,3.0,26.0,1596.0,1.0,0.0,122.0,14.0
44333,Meta_Album_RSICB_Extended,1,active,arff,36707.0,3.0,45.0,0.0,0.0,0.0,1550.0,173.0
44334,Meta_Album_ACT_410_Extended,1,active,arff,2402.0,3.0,29.0,2402.0,1.0,0.0,176.0,44.0
44335,Meta_Album_FNG_Extended,1,active,arff,15122.0,3.0,25.0,0.0,0.0,0.0,1221.0,372.0
44336,Meta_Album_PLT_DOC_Extended,1,active,arff,2549.0,3.0,27.0,2549.0,1.0,0.0,189.0,54.0
44337,Meta_Album_TEX_ALOT_Extended,1,active,arff,25000.0,3.0,250.0,25000.0,1.0,0.0,100.0,100.0
44338,Meta_Album_AWA_Extended,1,active,arff,37318.0,3.0,50.0,37318.0,1.0,0.0,1644.0,100.0
44340,Meta_Album_INS_Extended,2,active,arff,170506.0,3.0,117.0,0.0,0.0,0.0,49555.0,22.0
44341,Meta_Album_RSD_Extended,1,active,arff,43825.0,3.0,43.0,43825.0,1.0,0.0,3130.0,1.0
44342,Meta_Album_PRT_Extended,1,active,arff,15050.0,3.0,21.0,15050.0,1.0,0.0,2414.0,98.0
44343,Meta_Album_BTS_Extended,1,active,arff,138367.0,3.0,26.0,138367.0,1.0,0.0,8930.0,1802.0
44344,Iris,52,active,arff,150.0,5.0,3.0,0.0,4.0,1.0,50.0,50.0
44345,credit,3,active,arff,2000.0,11.0,2.0,0.0,10.0,1.0,1000.0,1000.0
44346,credit,4,active,arff,2000.0,11.0,2.0,0.0,10.0,1.0,1000.0,1000.0
44347,credit_seed_0_nrows_2000_nclasses_10_ncols_100_stratify_True,1,active,arff,2000.0,11.0,2.0,0.0,10.0,1.0,1000.0,1000.0
44348,credit_seed_0_nrows_2000_nclasses_10_ncols_100_stratify_True,2,active,arff,2000.0,11.0,2.0,0.0,10.0,1.0,1000.0,1000.0
44349,credit_seed_1_nrows_2000_nclasses_10_ncols_100_stratify_True,1,active,arff,2000.0,11.0,2.0,0.0,10.0,1.0,1000.0,1000.0
44350,credit_seed_2_nrows_2000_nclasses_10_ncols_100_stratify_True,1,active,arff,2000.0,11.0,2.0,0.0,10.0,1.0,1000.0,1000.0
44351,credit_seed_3_nrows_2000_nclasses_10_ncols_100_stratify_True,1,active,arff,2000.0,11.0,2.0,0.0,10.0,1.0,1000.0,1000.0
44352,credit_seed_4_nrows_2000_nclasses_10_ncols_100_stratify_True,1,active,arff,2000.0,11.0,2.0,0.0,10.0,1.0,1000.0,1000.0
44353,credit_seed_0_nrows_2000_nclasses_10_ncols_100_stratify_True,3,active,arff,2000.0,11.0,2.0,0.0,10.0,1.0,1000.0,1000.0
44354,credit_seed_1_nrows_2000_nclasses_10_ncols_100_stratify_True,2,active,arff,2000.0,11.0,2.0,0.0,10.0,1.0,1000.0,1000.0
44355,credit_seed_2_nrows_2000_nclasses_10_ncols_100_stratify_True,2,active,arff,2000.0,11.0,2.0,0.0,10.0,1.0,1000.0,1000.0
44356,credit_seed_3_nrows_2000_nclasses_10_ncols_100_stratify_True,2,active,arff,2000.0,11.0,2.0,0.0,10.0,1.0,1000.0,1000.0
44357,credit_seed_0_nrows_2000_nclasses_10_ncols_100_stratify_True,4,active,arff,2000.0,11.0,2.0,0.0,10.0,1.0,1000.0,1000.0
44358,credit_seed_1_nrows_2000_nclasses_10_ncols_100_stratify_True,3,active,arff,2000.0,11.0,2.0,0.0,10.0,1.0,1000.0,1000.0
44359,credit_seed_2_nrows_2000_nclasses_10_ncols_100_stratify_True,3,active,arff,2000.0,11.0,2.0,0.0,10.0,1.0,1000.0,1000.0
44360,credit_seed_3_nrows_2000_nclasses_10_ncols_100_stratify_True,3,active,arff,2000.0,11.0,2.0,0.0,10.0,1.0,1000.0,1000.0
44361,credit_seed_4_nrows_2000_nclasses_10_ncols_100_stratify_True,2,active,arff,2000.0,11.0,2.0,0.0,10.0,1.0,1000.0,1000.0
44362,california_seed_0_nrows_2000_nclasses_10_ncols_100_stratify_True,1,active,arff,2000.0,9.0,2.0,0.0,8.0,1.0,1000.0,1000.0
44363,california_seed_1_nrows_2000_nclasses_10_ncols_100_stratify_True,1,active,arff,2000.0,9.0,2.0,0.0,8.0,1.0,1000.0,1000.0
44364,california_seed_2_nrows_2000_nclasses_10_ncols_100_stratify_True,1,active,arff,2000.0,9.0,2.0,0.0,8.0,1.0,1000.0,1000.0
44365,california_seed_3_nrows_2000_nclasses_10_ncols_100_stratify_True,1,active,arff,2000.0,9.0,2.0,0.0,8.0,1.0,1000.0,1000.0
44366,california_seed_4_nrows_2000_nclasses_10_ncols_100_stratify_True,1,active,arff,2000.0,9.0,2.0,0.0,8.0,1.0,1000.0,1000.0
44367,wine_seed_0_nrows_2000_nclasses_10_ncols_100_stratify_True,1,active,arff,2000.0,12.0,2.0,0.0,11.0,1.0,1000.0,1000.0
44368,wine_seed_1_nrows_2000_nclasses_10_ncols_100_stratify_True,1,active,arff,2000.0,12.0,2.0,0.0,11.0,1.0,1000.0,1000.0
44369,wine_seed_2_nrows_2000_nclasses_10_ncols_100_stratify_True,1,active,arff,2000.0,12.0,2.0,0.0,11.0,1.0,1000.0,1000.0
44370,wine_seed_3_nrows_2000_nclasses_10_ncols_100_stratify_True,1,active,arff,2000.0,12.0,2.0,0.0,11.0,1.0,1000.0,1000.0
44371,wine_seed_4_nrows_2000_nclasses_10_ncols_100_stratify_True,1,active,arff,2000.0,12.0,2.0,0.0,11.0,1.0,1000.0,1000.0
44372,electricity_seed_0_nrows_2000_nclasses_10_ncols_100_stratify_True,1,active,arff,2000.0,8.0,2.0,0.0,7.0,1.0,1000.0,1000.0
44373,electricity_seed_1_nrows_2000_nclasses_10_ncols_100_stratify_True,1,active,arff,2000.0,8.0,2.0,0.0,7.0,1.0,1000.0,1000.0
44374,electricity_seed_2_nrows_2000_nclasses_10_ncols_100_stratify_True,1,active,arff,2000.0,8.0,2.0,0.0,7.0,1.0,1000.0,1000.0
44375,electricity_seed_3_nrows_2000_nclasses_10_ncols_100_stratify_True,1,active,arff,2000.0,8.0,2.0,0.0,7.0,1.0,1000.0,1000.0
44376,electricity_seed_4_nrows_2000_nclasses_10_ncols_100_stratify_True,1,active,arff,2000.0,8.0,2.0,0.0,7.0,1.0,1000.0,1000.0
44377,covertype_seed_0_nrows_2000_nclasses_10_ncols_100_stratify_True,1,active,arff,2000.0,11.0,2.0,0.0,10.0,1.0,1000.0,1000.0
44378,covertype_seed_1_nrows_2000_nclasses_10_ncols_100_stratify_True,1,active,arff,2000.0,11.0,2.0,0.0,10.0,1.0,1000.0,1000.0
44379,covertype_seed_2_nrows_2000_nclasses_10_ncols_100_stratify_True,1,active,arff,2000.0,11.0,2.0,0.0,10.0,1.0,1000.0,1000.0
44380,covertype_seed_3_nrows_2000_nclasses_10_ncols_100_stratify_True,1,active,arff,2000.0,11.0,2.0,0.0,10.0,1.0,1000.0,1000.0
44381,covertype_seed_4_nrows_2000_nclasses_10_ncols_100_stratify_True,1,active,arff,2000.0,11.0,2.0,0.0,10.0,1.0,1000.0,1000.0
44382,pol_seed_0_nrows_2000_nclasses_10_ncols_100_stratify_True,1,active,arff,2000.0,27.0,2.0,0.0,26.0,1.0,1000.0,1000.0
44383,pol_seed_1_nrows_2000_nclasses_10_ncols_100_stratify_True,1,active,arff,2000.0,27.0,2.0,0.0,26.0,1.0,1000.0,1000.0
44384,pol_seed_2_nrows_2000_nclasses_10_ncols_100_stratify_True,1,active,arff,2000.0,27.0,2.0,0.0,26.0,1.0,1000.0,1000.0
44385,pol_seed_3_nrows_2000_nclasses_10_ncols_100_stratify_True,1,active,arff,2000.0,27.0,2.0,0.0,26.0,1.0,1000.0,1000.0
44386,pol_seed_4_nrows_2000_nclasses_10_ncols_100_stratify_True,1,active,arff,2000.0,27.0,2.0,0.0,26.0,1.0,1000.0,1000.0
44387,house_16H_seed_0_nrows_2000_nclasses_10_ncols_100_stratify_True,1,active,arff,2000.0,17.0,2.0,0.0,16.0,1.0,1000.0,1000.0
44388,house_16H_seed_1_nrows_2000_nclasses_10_ncols_100_stratify_True,1,active,arff,2000.0,17.0,2.0,0.0,16.0,1.0,1000.0,1000.0
44389,house_16H_seed_2_nrows_2000_nclasses_10_ncols_100_stratify_True,1,active,arff,2000.0,17.0,2.0,0.0,16.0,1.0,1000.0,1000.0
44390,house_16H_seed_3_nrows_2000_nclasses_10_ncols_100_stratify_True,1,active,arff,2000.0,17.0,2.0,0.0,16.0,1.0,1000.0,1000.0
44391,house_16H_seed_4_nrows_2000_nclasses_10_ncols_100_stratify_True,1,active,arff,2000.0,17.0,2.0,0.0,16.0,1.0,1000.0,1000.0
44392,kdd_ipums_la_97-small_seed_0_nrows_2000_nclasses_10_ncols_100_stratify_True,1,active,arff,2000.0,21.0,2.0,0.0,20.0,1.0,1000.0,1000.0
44393,kdd_ipums_la_97-small_seed_1_nrows_2000_nclasses_10_ncols_100_stratify_True,1,active,arff,2000.0,21.0,2.0,0.0,20.0,1.0,1000.0,1000.0
44394,kdd_ipums_la_97-small_seed_2_nrows_2000_nclasses_10_ncols_100_stratify_True,1,active,arff,2000.0,21.0,2.0,0.0,20.0,1.0,1000.0,1000.0
44395,kdd_ipums_la_97-small_seed_3_nrows_2000_nclasses_10_ncols_100_stratify_True,1,active,arff,2000.0,21.0,2.0,0.0,20.0,1.0,1000.0,1000.0
44396,kdd_ipums_la_97-small_seed_4_nrows_2000_nclasses_10_ncols_100_stratify_True,1,active,arff,2000.0,21.0,2.0,0.0,20.0,1.0,1000.0,1000.0
44397,MagicTelescope_seed_0_nrows_2000_nclasses_10_ncols_100_stratify_True,1,active,arff,2000.0,11.0,2.0,0.0,10.0,1.0,1000.0,1000.0
44398,MagicTelescope_seed_1_nrows_2000_nclasses_10_ncols_100_stratify_True,1,active,arff,2000.0,11.0,2.0,0.0,10.0,1.0,1000.0,1000.0
44399,MagicTelescope_seed_2_nrows_2000_nclasses_10_ncols_100_stratify_True,1,active,arff,2000.0,11.0,2.0,0.0,10.0,1.0,1000.0,1000.0
44400,MagicTelescope_seed_3_nrows_2000_nclasses_10_ncols_100_stratify_True,1,active,arff,2000.0,11.0,2.0,0.0,10.0,1.0,1000.0,1000.0
44401,MagicTelescope_seed_4_nrows_2000_nclasses_10_ncols_100_stratify_True,1,active,arff,2000.0,11.0,2.0,0.0,10.0,1.0,1000.0,1000.0
44402,bank-marketing_seed_0_nrows_2000_nclasses_10_ncols_100_stratify_True,1,active,arff,2000.0,8.0,2.0,0.0,7.0,1.0,1000.0,1000.0
44403,bank-marketing_seed_1_nrows_2000_nclasses_10_ncols_100_stratify_True,1,active,arff,2000.0,8.0,2.0,0.0,7.0,1.0,1000.0,1000.0
44404,bank-marketing_seed_2_nrows_2000_nclasses_10_ncols_100_stratify_True,1,active,arff,2000.0,8.0,2.0,0.0,7.0,1.0,1000.0,1000.0
44405,bank-marketing_seed_3_nrows_2000_nclasses_10_ncols_100_stratify_True,1,active,arff,2000.0,8.0,2.0,0.0,7.0,1.0,1000.0,1000.0
44406,bank-marketing_seed_4_nrows_2000_nclasses_10_ncols_100_stratify_True,1,active,arff,2000.0,8.0,2.0,0.0,7.0,1.0,1000.0,1000.0
44407,phoneme_seed_0_nrows_2000_nclasses_10_ncols_100_stratify_True,1,active,arff,2000.0,6.0,2.0,0.0,5.0,1.0,1000.0,1000.0
44408,phoneme_seed_1_nrows_2000_nclasses_10_ncols_100_stratify_True,1,active,arff,2000.0,6.0,2.0,0.0,5.0,1.0,1000.0,1000.0
44409,phoneme_seed_2_nrows_2000_nclasses_10_ncols_100_stratify_True,1,active,arff,2000.0,6.0,2.0,0.0,5.0,1.0,1000.0,1000.0
44410,phoneme_seed_3_nrows_2000_nclasses_10_ncols_100_stratify_True,1,active,arff,2000.0,6.0,2.0,0.0,5.0,1.0,1000.0,1000.0
44411,phoneme_seed_4_nrows_2000_nclasses_10_ncols_100_stratify_True,1,active,arff,2000.0,6.0,2.0,0.0,5.0,1.0,1000.0,1000.0
44412,MiniBooNE_seed_0_nrows_2000_nclasses_10_ncols_100_stratify_True,1,active,arff,2000.0,51.0,2.0,0.0,50.0,1.0,1000.0,1000.0
44413,MiniBooNE_seed_1_nrows_2000_nclasses_10_ncols_100_stratify_True,1,active,arff,2000.0,51.0,2.0,0.0,50.0,1.0,1000.0,1000.0
44414,MiniBooNE_seed_2_nrows_2000_nclasses_10_ncols_100_stratify_True,1,active,arff,2000.0,51.0,2.0,0.0,50.0,1.0,1000.0,1000.0
44415,MiniBooNE_seed_3_nrows_2000_nclasses_10_ncols_100_stratify_True,1,active,arff,2000.0,51.0,2.0,0.0,50.0,1.0,1000.0,1000.0
44416,MiniBooNE_seed_4_nrows_2000_nclasses_10_ncols_100_stratify_True,1,active,arff,2000.0,51.0,2.0,0.0,50.0,1.0,1000.0,1000.0
44417,Higgs_seed_0_nrows_2000_nclasses_10_ncols_100_stratify_True,1,active,arff,2000.0,25.0,2.0,0.0,24.0,1.0,1000.0,1000.0
44418,Higgs_seed_1_nrows_2000_nclasses_10_ncols_100_stratify_True,1,active,arff,2000.0,25.0,2.0,0.0,24.0,1.0,1000.0,1000.0
44419,Higgs_seed_2_nrows_2000_nclasses_10_ncols_100_stratify_True,1,active,arff,2000.0,25.0,2.0,0.0,24.0,1.0,1000.0,1000.0
44420,Higgs_seed_3_nrows_2000_nclasses_10_ncols_100_stratify_True,1,active,arff,2000.0,25.0,2.0,0.0,24.0,1.0,1000.0,1000.0
44421,Higgs_seed_4_nrows_2000_nclasses_10_ncols_100_stratify_True,1,active,arff,2000.0,25.0,2.0,0.0,24.0,1.0,1000.0,1000.0
44422,Higgs_seed_4_nrows_2000_nclasses_10_ncols_100_stratify_True,2,active,arff,2000.0,25.0,2.0,0.0,24.0,1.0,1000.0,1000.0
44423,eye_movements_seed_0_nrows_2000_nclasses_10_ncols_100_stratify_True,1,active,arff,2000.0,21.0,2.0,0.0,20.0,1.0,1000.0,1000.0
44424,eye_movements_seed_1_nrows_2000_nclasses_10_ncols_100_stratify_True,1,active,arff,2000.0,21.0,2.0,0.0,20.0,1.0,1000.0,1000.0
44425,eye_movements_seed_2_nrows_2000_nclasses_10_ncols_100_stratify_True,1,active,arff,2000.0,21.0,2.0,0.0,20.0,1.0,1000.0,1000.0
44426,eye_movements_seed_3_nrows_2000_nclasses_10_ncols_100_stratify_True,1,active,arff,2000.0,21.0,2.0,0.0,20.0,1.0,1000.0,1000.0
44427,eye_movements_seed_4_nrows_2000_nclasses_10_ncols_100_stratify_True,1,active,arff,2000.0,21.0,2.0,0.0,20.0,1.0,1000.0,1000.0
44428,jannis_seed_0_nrows_2000_nclasses_10_ncols_100_stratify_True,1,active,arff,2000.0,55.0,2.0,0.0,54.0,1.0,1000.0,1000.0
44429,jannis_seed_1_nrows_2000_nclasses_10_ncols_100_stratify_True,1,active,arff,2000.0,55.0,2.0,0.0,54.0,1.0,1000.0,1000.0
44430,jannis_seed_2_nrows_2000_nclasses_10_ncols_100_stratify_True,1,active,arff,2000.0,55.0,2.0,0.0,54.0,1.0,1000.0,1000.0
44431,jannis_seed_3_nrows_2000_nclasses_10_ncols_100_stratify_True,1,active,arff,2000.0,55.0,2.0,0.0,54.0,1.0,1000.0,1000.0
44432,jannis_seed_4_nrows_2000_nclasses_10_ncols_100_stratify_True,1,active,arff,2000.0,55.0,2.0,0.0,54.0,1.0,1000.0,1000.0
44433,electricity_seed_0_nrows_2000_nclasses_10_ncols_100_stratify_True,2,active,arff,2000.0,9.0,2.0,0.0,7.0,2.0,1000.0,1000.0
44434,electricity_seed_1_nrows_2000_nclasses_10_ncols_100_stratify_True,2,active,arff,2000.0,9.0,2.0,0.0,7.0,2.0,1000.0,1000.0
44435,electricity_seed_2_nrows_2000_nclasses_10_ncols_100_stratify_True,2,active,arff,2000.0,9.0,2.0,0.0,7.0,2.0,1000.0,1000.0
44436,electricity_seed_3_nrows_2000_nclasses_10_ncols_100_stratify_True,2,active,arff,2000.0,9.0,2.0,0.0,7.0,2.0,1000.0,1000.0
44437,electricity_seed_4_nrows_2000_nclasses_10_ncols_100_stratify_True,2,active,arff,2000.0,9.0,2.0,0.0,7.0,2.0,1000.0,1000.0
44438,eye_movements_seed_0_nrows_2000_nclasses_10_ncols_100_stratify_True,2,active,arff,2000.0,24.0,2.0,0.0,20.0,4.0,1000.0,1000.0
44439,eye_movements_seed_1_nrows_2000_nclasses_10_ncols_100_stratify_True,2,active,arff,2000.0,24.0,2.0,0.0,20.0,4.0,1000.0,1000.0
44440,eye_movements_seed_2_nrows_2000_nclasses_10_ncols_100_stratify_True,2,active,arff,2000.0,24.0,2.0,0.0,20.0,4.0,1000.0,1000.0
44441,eye_movements_seed_3_nrows_2000_nclasses_10_ncols_100_stratify_True,2,active,arff,2000.0,24.0,2.0,0.0,20.0,4.0,1000.0,1000.0
44442,eye_movements_seed_4_nrows_2000_nclasses_10_ncols_100_stratify_True,2,active,arff,2000.0,24.0,2.0,0.0,20.0,4.0,1000.0,1000.0
44443,covertype_seed_0_nrows_2000_nclasses_10_ncols_100_stratify_True,2,active,arff,2000.0,55.0,2.0,0.0,10.0,45.0,1000.0,1000.0
44444,covertype_seed_1_nrows_2000_nclasses_10_ncols_100_stratify_True,2,active,arff,2000.0,55.0,2.0,0.0,10.0,45.0,1000.0,1000.0
44445,covertype_seed_2_nrows_2000_nclasses_10_ncols_100_stratify_True,2,active,arff,2000.0,55.0,2.0,0.0,10.0,45.0,1000.0,1000.0
44446,covertype_seed_3_nrows_2000_nclasses_10_ncols_100_stratify_True,2,active,arff,2000.0,55.0,2.0,0.0,10.0,45.0,1000.0,1000.0
44447,covertype_seed_4_nrows_2000_nclasses_10_ncols_100_stratify_True,2,active,arff,2000.0,55.0,2.0,0.0,10.0,45.0,1000.0,1000.0
44448,rl_seed_0_nrows_2000_nclasses_10_ncols_100_stratify_True,1,active,arff,2000.0,13.0,2.0,0.0,5.0,8.0,1000.0,1000.0
44449,rl_seed_1_nrows_2000_nclasses_10_ncols_100_stratify_True,1,active,arff,2000.0,13.0,2.0,0.0,5.0,8.0,1000.0,1000.0
44450,rl_seed_2_nrows_2000_nclasses_10_ncols_100_stratify_True,1,active,arff,2000.0,13.0,2.0,0.0,5.0,8.0,1000.0,1000.0
44451,rl_seed_3_nrows_2000_nclasses_10_ncols_100_stratify_True,1,active,arff,2000.0,13.0,2.0,0.0,5.0,8.0,1000.0,1000.0
44452,rl_seed_4_nrows_2000_nclasses_10_ncols_100_stratify_True,1,active,arff,2000.0,13.0,2.0,0.0,5.0,8.0,1000.0,1000.0
44453,road-safety_seed_0_nrows_2000_nclasses_10_ncols_100_stratify_True,1,active,arff,2000.0,33.0,2.0,0.0,29.0,4.0,1000.0,1000.0
44454,road-safety_seed_1_nrows_2000_nclasses_10_ncols_100_stratify_True,1,active,arff,2000.0,33.0,2.0,0.0,29.0,4.0,1000.0,1000.0
44455,road-safety_seed_2_nrows_2000_nclasses_10_ncols_100_stratify_True,1,active,arff,2000.0,33.0,2.0,0.0,29.0,4.0,1000.0,1000.0
44456,road-safety_seed_3_nrows_2000_nclasses_10_ncols_100_stratify_True,1,active,arff,2000.0,33.0,2.0,0.0,29.0,4.0,1000.0,1000.0
44457,road-safety_seed_4_nrows_2000_nclasses_10_ncols_100_stratify_True,1,active,arff,2000.0,33.0,2.0,0.0,29.0,4.0,1000.0,1000.0
44458,compass_seed_0_nrows_2000_nclasses_10_ncols_100_stratify_True,1,active,arff,2000.0,18.0,2.0,0.0,8.0,10.0,1000.0,1000.0
44459,compass_seed_1_nrows_2000_nclasses_10_ncols_100_stratify_True,1,active,arff,2000.0,18.0,2.0,0.0,8.0,10.0,1000.0,1000.0
44460,compass_seed_2_nrows_2000_nclasses_10_ncols_100_stratify_True,1,active,arff,2000.0,18.0,2.0,0.0,8.0,10.0,1000.0,1000.0
44461,compass_seed_3_nrows_2000_nclasses_10_ncols_100_stratify_True,1,active,arff,2000.0,18.0,2.0,0.0,8.0,10.0,1000.0,1000.0
44462,compass_seed_4_nrows_2000_nclasses_10_ncols_100_stratify_True,1,active,arff,2000.0,18.0,2.0,0.0,8.0,10.0,1000.0,1000.0
44463,KDDCup09_upselling_seed_0_nrows_2000_nclasses_10_ncols_100_stratify_True,1,active,arff,2000.0,50.0,2.0,0.0,34.0,16.0,1000.0,1000.0
44464,KDDCup09_upselling_seed_1_nrows_2000_nclasses_10_ncols_100_stratify_True,1,active,arff,2000.0,50.0,2.0,0.0,34.0,16.0,1000.0,1000.0
44465,KDDCup09_upselling_seed_2_nrows_2000_nclasses_10_ncols_100_stratify_True,1,active,arff,2000.0,50.0,2.0,0.0,34.0,16.0,1000.0,1000.0
44466,KDDCup09_upselling_seed_3_nrows_2000_nclasses_10_ncols_100_stratify_True,1,active,arff,2000.0,50.0,2.0,0.0,34.0,16.0,1000.0,1000.0
44467,KDDCup09_upselling_seed_4_nrows_2000_nclasses_10_ncols_100_stratify_True,1,active,arff,2000.0,50.0,2.0,0.0,34.0,16.0,1000.0,1000.0
44468,yeast_seed_0_nrows_2000_nclasses_10_ncols_100_stratify_True,1,active,arff,1484.0,9.0,10.0,0.0,8.0,1.0,463.0,5.0
44469,yeast_seed_1_nrows_2000_nclasses_10_ncols_100_stratify_True,1,active,arff,1484.0,9.0,10.0,0.0,8.0,1.0,463.0,5.0
44470,yeast_seed_2_nrows_2000_nclasses_10_ncols_100_stratify_True,1,active,arff,1484.0,9.0,10.0,0.0,8.0,1.0,463.0,5.0
44471,yeast_seed_3_nrows_2000_nclasses_10_ncols_100_stratify_True,1,active,arff,1484.0,9.0,10.0,0.0,8.0,1.0,463.0,5.0
44472,yeast_seed_4_nrows_2000_nclasses_10_ncols_100_stratify_True,1,active,arff,1484.0,9.0,10.0,0.0,8.0,1.0,463.0,5.0
44473,KDDCup09_appetency_seed_0_nrows_2000_nclasses_10_ncols_100_stratify_True,1,active,arff,2000.0,93.0,2.0,127027.0,77.0,16.0,1964.0,36.0
44474,KDDCup09_appetency_seed_1_nrows_2000_nclasses_10_ncols_100_stratify_True,1,active,arff,2000.0,94.0,2.0,118767.0,77.0,17.0,1964.0,36.0
44475,KDDCup09_appetency_seed_2_nrows_2000_nclasses_10_ncols_100_stratify_True,1,active,arff,2000.0,92.0,2.0,121455.0,79.0,13.0,1964.0,36.0
44476,KDDCup09_appetency_seed_3_nrows_2000_nclasses_10_ncols_100_stratify_True,1,active,arff,2000.0,93.0,2.0,125883.0,73.0,20.0,1964.0,36.0
44477,KDDCup09_appetency_seed_4_nrows_2000_nclasses_10_ncols_100_stratify_True,1,active,arff,2000.0,94.0,2.0,124468.0,72.0,22.0,1964.0,36.0
44478,amazon-commerce-reviews_seed_0_nrows_2000_nclasses_10_ncols_100_stratify_True,1,active,arff,1500.0,101.0,50.0,0.0,100.0,1.0,30.0,30.0
44479,amazon-commerce-reviews_seed_1_nrows_2000_nclasses_10_ncols_100_stratify_True,1,active,arff,1500.0,101.0,50.0,0.0,100.0,1.0,30.0,30.0
44480,amazon-commerce-reviews_seed_2_nrows_2000_nclasses_10_ncols_100_stratify_True,1,active,arff,1500.0,101.0,50.0,0.0,100.0,1.0,30.0,30.0
44481,amazon-commerce-reviews_seed_3_nrows_2000_nclasses_10_ncols_100_stratify_True,1,active,arff,1500.0,101.0,50.0,0.0,100.0,1.0,30.0,30.0
44482,amazon-commerce-reviews_seed_4_nrows_2000_nclasses_10_ncols_100_stratify_True,1,active,arff,1500.0,101.0,50.0,0.0,100.0,1.0,30.0,30.0
44483,Australian_seed_0_nrows_2000_nclasses_10_ncols_100_stratify_True,1,active,arff,690.0,15.0,2.0,0.0,6.0,9.0,383.0,307.0
44484,Australian_seed_1_nrows_2000_nclasses_10_ncols_100_stratify_True,1,active,arff,690.0,15.0,2.0,0.0,6.0,9.0,383.0,307.0
44485,Australian_seed_2_nrows_2000_nclasses_10_ncols_100_stratify_True,1,active,arff,690.0,15.0,2.0,0.0,6.0,9.0,383.0,307.0
44486,Australian_seed_3_nrows_2000_nclasses_10_ncols_100_stratify_True,1,active,arff,690.0,15.0,2.0,0.0,6.0,9.0,383.0,307.0
44487,Australian_seed_4_nrows_2000_nclasses_10_ncols_100_stratify_True,1,active,arff,690.0,15.0,2.0,0.0,6.0,9.0,383.0,307.0
44488,wilt_seed_0_nrows_2000_nclasses_10_ncols_100_stratify_True,1,active,arff,2000.0,6.0,2.0,0.0,5.0,1.0,1892.0,108.0
44489,wilt_seed_1_nrows_2000_nclasses_10_ncols_100_stratify_True,1,active,arff,2000.0,6.0,2.0,0.0,5.0,1.0,1892.0,108.0
44490,wilt_seed_2_nrows_2000_nclasses_10_ncols_100_stratify_True,1,active,arff,2000.0,6.0,2.0,0.0,5.0,1.0,1892.0,108.0
44491,wilt_seed_3_nrows_2000_nclasses_10_ncols_100_stratify_True,1,active,arff,2000.0,6.0,2.0,0.0,5.0,1.0,1892.0,108.0
44492,wilt_seed_4_nrows_2000_nclasses_10_ncols_100_stratify_True,1,active,arff,2000.0,6.0,2.0,0.0,5.0,1.0,1892.0,108.0
44493,numerai28.6_seed_0_nrows_2000_nclasses_10_ncols_100_stratify_True,1,active,arff,2000.0,22.0,2.0,0.0,21.0,1.0,1010.0,990.0
44494,numerai28.6_seed_1_nrows_2000_nclasses_10_ncols_100_stratify_True,1,active,arff,2000.0,22.0,2.0,0.0,21.0,1.0,1010.0,990.0
44495,numerai28.6_seed_2_nrows_2000_nclasses_10_ncols_100_stratify_True,1,active,arff,2000.0,22.0,2.0,0.0,21.0,1.0,1010.0,990.0
44496,numerai28.6_seed_3_nrows_2000_nclasses_10_ncols_100_stratify_True,1,active,arff,2000.0,22.0,2.0,0.0,21.0,1.0,1010.0,990.0
44497,numerai28.6_seed_4_nrows_2000_nclasses_10_ncols_100_stratify_True,1,active,arff,2000.0,22.0,2.0,0.0,21.0,1.0,1010.0,990.0
44498,credit-g_seed_0_nrows_2000_nclasses_10_ncols_100_stratify_True,1,active,arff,1000.0,21.0,2.0,0.0,7.0,14.0,700.0,300.0
44499,credit-g_seed_1_nrows_2000_nclasses_10_ncols_100_stratify_True,1,active,arff,1000.0,21.0,2.0,0.0,7.0,14.0,700.0,300.0
44500,credit-g_seed_2_nrows_2000_nclasses_10_ncols_100_stratify_True,1,active,arff,1000.0,21.0,2.0,0.0,7.0,14.0,700.0,300.0
44501,credit-g_seed_3_nrows_2000_nclasses_10_ncols_100_stratify_True,1,active,arff,1000.0,21.0,2.0,0.0,7.0,14.0,700.0,300.0
44502,credit-g_seed_4_nrows_2000_nclasses_10_ncols_100_stratify_True,1,active,arff,1000.0,21.0,2.0,0.0,7.0,14.0,700.0,300.0
44503,steel-plates-fault_seed_0_nrows_2000_nclasses_10_ncols_100_stratify_True,1,active,arff,1941.0,28.0,7.0,0.0,27.0,1.0,673.0,55.0
44504,steel-plates-fault_seed_1_nrows_2000_nclasses_10_ncols_100_stratify_True,1,active,arff,1941.0,28.0,7.0,0.0,27.0,1.0,673.0,55.0
44505,steel-plates-fault_seed_2_nrows_2000_nclasses_10_ncols_100_stratify_True,1,active,arff,1941.0,28.0,7.0,0.0,27.0,1.0,673.0,55.0
44506,steel-plates-fault_seed_3_nrows_2000_nclasses_10_ncols_100_stratify_True,1,active,arff,1941.0,28.0,7.0,0.0,27.0,1.0,673.0,55.0
44507,steel-plates-fault_seed_4_nrows_2000_nclasses_10_ncols_100_stratify_True,1,active,arff,1941.0,28.0,7.0,0.0,27.0,1.0,673.0,55.0
44508,APSFailure_seed_0_nrows_2000_nclasses_10_ncols_100_stratify_True,1,active,arff,2000.0,101.0,2.0,19825.0,100.0,1.0,1964.0,36.0
44509,APSFailure_seed_1_nrows_2000_nclasses_10_ncols_100_stratify_True,1,active,arff,2000.0,101.0,2.0,15419.0,100.0,1.0,1964.0,36.0
44510,APSFailure_seed_2_nrows_2000_nclasses_10_ncols_100_stratify_True,1,active,arff,2000.0,101.0,2.0,17956.0,100.0,1.0,1964.0,36.0
44511,APSFailure_seed_3_nrows_2000_nclasses_10_ncols_100_stratify_True,1,active,arff,2000.0,101.0,2.0,15654.0,100.0,1.0,1964.0,36.0
44512,APSFailure_seed_4_nrows_2000_nclasses_10_ncols_100_stratify_True,1,active,arff,2000.0,101.0,2.0,19156.0,100.0,1.0,1964.0,36.0
44513,dilbert_seed_0_nrows_2000_nclasses_10_ncols_100_stratify_True,1,active,arff,2000.0,101.0,5.0,0.0,100.0,1.0,410.0,382.0
44514,dilbert_seed_1_nrows_2000_nclasses_10_ncols_100_stratify_True,1,active,arff,2000.0,101.0,5.0,0.0,100.0,1.0,410.0,383.0
44515,dilbert_seed_2_nrows_2000_nclasses_10_ncols_100_stratify_True,1,active,arff,2000.0,101.0,5.0,0.0,100.0,1.0,410.0,382.0
44516,dilbert_seed_3_nrows_2000_nclasses_10_ncols_100_stratify_True,1,active,arff,2000.0,101.0,5.0,0.0,100.0,1.0,410.0,382.0
44517,dilbert_seed_4_nrows_2000_nclasses_10_ncols_100_stratify_True,1,active,arff,2000.0,101.0,5.0,0.0,100.0,1.0,410.0,382.0
44518,fabert_seed_0_nrows_2000_nclasses_10_ncols_100_stratify_True,1,active,arff,2000.0,101.0,7.0,0.0,100.0,1.0,468.0,122.0
44519,fabert_seed_1_nrows_2000_nclasses_10_ncols_100_stratify_True,1,active,arff,2000.0,101.0,7.0,0.0,100.0,1.0,468.0,122.0
44520,fabert_seed_2_nrows_2000_nclasses_10_ncols_100_stratify_True,1,active,arff,2000.0,101.0,7.0,0.0,100.0,1.0,468.0,122.0
44521,fabert_seed_3_nrows_2000_nclasses_10_ncols_100_stratify_True,1,active,arff,2000.0,101.0,7.0,0.0,100.0,1.0,468.0,122.0
44522,fabert_seed_4_nrows_2000_nclasses_10_ncols_100_stratify_True,1,active,arff,2000.0,101.0,7.0,0.0,100.0,1.0,468.0,122.0
44523,jasmine_seed_0_nrows_2000_nclasses_10_ncols_100_stratify_True,1,active,arff,2000.0,101.0,2.0,0.0,6.0,95.0,1000.0,1000.0
44524,jasmine_seed_1_nrows_2000_nclasses_10_ncols_100_stratify_True,1,active,arff,2000.0,101.0,2.0,0.0,6.0,95.0,1000.0,1000.0
44525,jasmine_seed_2_nrows_2000_nclasses_10_ncols_100_stratify_True,1,active,arff,2000.0,101.0,2.0,0.0,6.0,95.0,1000.0,1000.0
44526,jasmine_seed_3_nrows_2000_nclasses_10_ncols_100_stratify_True,1,active,arff,2000.0,101.0,2.0,0.0,6.0,95.0,1000.0,1000.0
44527,jasmine_seed_4_nrows_2000_nclasses_10_ncols_100_stratify_True,1,active,arff,2000.0,101.0,2.0,0.0,6.0,95.0,1000.0,1000.0
44528,airlines_seed_0_nrows_2000_nclasses_10_ncols_100_stratify_True,1,active,arff,2000.0,8.0,2.0,0.0,3.0,5.0,1109.0,891.0
44529,airlines_seed_1_nrows_2000_nclasses_10_ncols_100_stratify_True,1,active,arff,2000.0,8.0,2.0,0.0,3.0,5.0,1109.0,891.0
44530,airlines_seed_2_nrows_2000_nclasses_10_ncols_100_stratify_True,1,active,arff,2000.0,8.0,2.0,0.0,3.0,5.0,1109.0,891.0
44531,airlines_seed_3_nrows_2000_nclasses_10_ncols_100_stratify_True,1,active,arff,2000.0,8.0,2.0,0.0,3.0,5.0,1109.0,891.0
44532,airlines_seed_4_nrows_2000_nclasses_10_ncols_100_stratify_True,1,active,arff,2000.0,8.0,2.0,0.0,3.0,5.0,1109.0,891.0
44533,dionis_seed_0_nrows_2000_nclasses_10_ncols_100_stratify_True,1,active,arff,2000.0,61.0,355.0,0.0,60.0,1.0,12.0,4.0
44534,dionis_seed_1_nrows_2000_nclasses_10_ncols_100_stratify_True,1,active,arff,2000.0,61.0,355.0,0.0,60.0,1.0,12.0,4.0
44535,dionis_seed_2_nrows_2000_nclasses_10_ncols_100_stratify_True,1,active,arff,2000.0,61.0,355.0,0.0,60.0,1.0,12.0,4.0
44536,dionis_seed_3_nrows_2000_nclasses_10_ncols_100_stratify_True,1,active,arff,2000.0,61.0,355.0,0.0,60.0,1.0,12.0,4.0
44537,dionis_seed_4_nrows_2000_nclasses_10_ncols_100_stratify_True,1,active,arff,2000.0,61.0,355.0,0.0,60.0,1.0,12.0,4.0
44538,albert_seed_0_nrows_2000_nclasses_10_ncols_100_stratify_True,1,active,arff,2000.0,79.0,2.0,13059.0,26.0,53.0,1000.0,1000.0
44539,albert_seed_1_nrows_2000_nclasses_10_ncols_100_stratify_True,1,active,arff,2000.0,79.0,2.0,12826.0,26.0,53.0,1000.0,1000.0
44540,albert_seed_2_nrows_2000_nclasses_10_ncols_100_stratify_True,1,active,arff,2000.0,79.0,2.0,12888.0,26.0,53.0,1000.0,1000.0
44541,albert_seed_3_nrows_2000_nclasses_10_ncols_100_stratify_True,1,active,arff,2000.0,79.0,2.0,12678.0,26.0,53.0,1000.0,1000.0
44542,albert_seed_4_nrows_2000_nclasses_10_ncols_100_stratify_True,1,active,arff,2000.0,79.0,2.0,12697.0,26.0,53.0,1000.0,1000.0
44543,gina_seed_0_nrows_2000_nclasses_10_ncols_100_stratify_True,1,active,arff,2000.0,101.0,2.0,0.0,100.0,1.0,1017.0,983.0
44544,gina_seed_1_nrows_2000_nclasses_10_ncols_100_stratify_True,1,active,arff,2000.0,101.0,2.0,0.0,100.0,1.0,1017.0,983.0
44545,gina_seed_2_nrows_2000_nclasses_10_ncols_100_stratify_True,1,active,arff,2000.0,101.0,2.0,0.0,100.0,1.0,1017.0,983.0
44546,gina_seed_3_nrows_2000_nclasses_10_ncols_100_stratify_True,1,active,arff,2000.0,101.0,2.0,0.0,100.0,1.0,1017.0,983.0
44547,gina_seed_4_nrows_2000_nclasses_10_ncols_100_stratify_True,1,active,arff,2000.0,101.0,2.0,0.0,100.0,1.0,1017.0,983.0
44548,ozone-level-8hr_seed_0_nrows_2000_nclasses_10_ncols_100_stratify_True,1,active,arff,2000.0,73.0,2.0,0.0,72.0,1.0,1874.0,126.0
44549,ozone-level-8hr_seed_1_nrows_2000_nclasses_10_ncols_100_stratify_True,1,active,arff,2000.0,73.0,2.0,0.0,72.0,1.0,1874.0,126.0
44550,ozone-level-8hr_seed_2_nrows_2000_nclasses_10_ncols_100_stratify_True,1,active,arff,2000.0,73.0,2.0,0.0,72.0,1.0,1874.0,126.0
44551,ozone-level-8hr_seed_3_nrows_2000_nclasses_10_ncols_100_stratify_True,1,active,arff,2000.0,73.0,2.0,0.0,72.0,1.0,1874.0,126.0
44552,ozone-level-8hr_seed_4_nrows_2000_nclasses_10_ncols_100_stratify_True,1,active,arff,2000.0,73.0,2.0,0.0,72.0,1.0,1874.0,126.0
44553,vehicle_seed_0_nrows_2000_nclasses_10_ncols_100_stratify_True,1,active,arff,846.0,19.0,4.0,0.0,18.0,1.0,218.0,199.0
44554,vehicle_seed_1_nrows_2000_nclasses_10_ncols_100_stratify_True,1,active,arff,846.0,19.0,4.0,0.0,18.0,1.0,218.0,199.0
44555,vehicle_seed_2_nrows_2000_nclasses_10_ncols_100_stratify_True,1,active,arff,846.0,19.0,4.0,0.0,18.0,1.0,218.0,199.0
44556,vehicle_seed_3_nrows_2000_nclasses_10_ncols_100_stratify_True,1,active,arff,846.0,19.0,4.0,0.0,18.0,1.0,218.0,199.0
44557,vehicle_seed_4_nrows_2000_nclasses_10_ncols_100_stratify_True,1,active,arff,846.0,19.0,4.0,0.0,18.0,1.0,218.0,199.0
44558,madeline_seed_0_nrows_2000_nclasses_10_ncols_100_stratify_True,1,active,arff,2000.0,101.0,2.0,0.0,100.0,1.0,1006.0,994.0
44559,madeline_seed_1_nrows_2000_nclasses_10_ncols_100_stratify_True,1,active,arff,2000.0,101.0,2.0,0.0,100.0,1.0,1006.0,994.0
44560,madeline_seed_2_nrows_2000_nclasses_10_ncols_100_stratify_True,1,active,arff,2000.0,101.0,2.0,0.0,100.0,1.0,1006.0,994.0
44561,madeline_seed_3_nrows_2000_nclasses_10_ncols_100_stratify_True,1,active,arff,2000.0,101.0,2.0,0.0,100.0,1.0,1006.0,994.0
44562,madeline_seed_4_nrows_2000_nclasses_10_ncols_100_stratify_True,1,active,arff,2000.0,101.0,2.0,0.0,100.0,1.0,1006.0,994.0
44563,philippine_seed_0_nrows_2000_nclasses_10_ncols_100_stratify_True,1,active,arff,2000.0,101.0,2.0,0.0,100.0,1.0,1000.0,1000.0
44564,philippine_seed_1_nrows_2000_nclasses_10_ncols_100_stratify_True,1,active,arff,2000.0,101.0,2.0,0.0,100.0,1.0,1000.0,1000.0
44565,philippine_seed_2_nrows_2000_nclasses_10_ncols_100_stratify_True,1,active,arff,2000.0,101.0,2.0,0.0,100.0,1.0,1000.0,1000.0
44566,philippine_seed_3_nrows_2000_nclasses_10_ncols_100_stratify_True,1,active,arff,2000.0,101.0,2.0,0.0,100.0,1.0,1000.0,1000.0
44567,philippine_seed_4_nrows_2000_nclasses_10_ncols_100_stratify_True,1,active,arff,2000.0,101.0,2.0,0.0,100.0,1.0,1000.0,1000.0
44568,ada_seed_0_nrows_2000_nclasses_10_ncols_100_stratify_True,1,active,arff,2000.0,49.0,2.0,0.0,48.0,1.0,1504.0,496.0
44569,ada_seed_1_nrows_2000_nclasses_10_ncols_100_stratify_True,1,active,arff,2000.0,49.0,2.0,0.0,48.0,1.0,1504.0,496.0
44570,ada_seed_2_nrows_2000_nclasses_10_ncols_100_stratify_True,1,active,arff,2000.0,49.0,2.0,0.0,48.0,1.0,1504.0,496.0
44571,ada_seed_3_nrows_2000_nclasses_10_ncols_100_stratify_True,1,active,arff,2000.0,49.0,2.0,0.0,48.0,1.0,1504.0,496.0
44572,ada_seed_4_nrows_2000_nclasses_10_ncols_100_stratify_True,1,active,arff,2000.0,49.0,2.0,0.0,48.0,1.0,1504.0,496.0
44573,arcene_seed_0_nrows_2000_nclasses_10_ncols_100_stratify_True,1,active,arff,100.0,101.0,2.0,0.0,100.0,1.0,56.0,44.0
44574,arcene_seed_1_nrows_2000_nclasses_10_ncols_100_stratify_True,1,active,arff,100.0,101.0,2.0,0.0,100.0,1.0,56.0,44.0
44575,arcene_seed_2_nrows_2000_nclasses_10_ncols_100_stratify_True,1,active,arff,100.0,101.0,2.0,0.0,100.0,1.0,56.0,44.0
44576,arcene_seed_3_nrows_2000_nclasses_10_ncols_100_stratify_True,1,active,arff,100.0,101.0,2.0,0.0,100.0,1.0,56.0,44.0
44577,arcene_seed_4_nrows_2000_nclasses_10_ncols_100_stratify_True,1,active,arff,100.0,101.0,2.0,0.0,100.0,1.0,56.0,44.0
44578,Diabetes130US_seed_0_nrows_2000_nclasses_10_ncols_100_stratify_True,1,active,arff,2000.0,50.0,3.0,3850.0,13.0,37.0,1078.0,223.0
44579,Diabetes130US_seed_1_nrows_2000_nclasses_10_ncols_100_stratify_True,1,active,arff,2000.0,50.0,3.0,3790.0,13.0,37.0,1078.0,223.0
44580,Diabetes130US_seed_2_nrows_2000_nclasses_10_ncols_100_stratify_True,1,active,arff,2000.0,50.0,3.0,3820.0,13.0,37.0,1078.0,223.0
44581,Diabetes130US_seed_3_nrows_2000_nclasses_10_ncols_100_stratify_True,1,active,arff,2000.0,50.0,3.0,3814.0,13.0,37.0,1078.0,223.0
44582,Diabetes130US_seed_4_nrows_2000_nclasses_10_ncols_100_stratify_True,1,active,arff,2000.0,50.0,3.0,3764.0,13.0,37.0,1078.0,223.0
44583,micro-mass_seed_0_nrows_2000_nclasses_10_ncols_100_stratify_True,1,active,arff,571.0,101.0,20.0,0.0,100.0,1.0,60.0,11.0
44584,micro-mass_seed_1_nrows_2000_nclasses_10_ncols_100_stratify_True,1,active,arff,571.0,101.0,20.0,0.0,100.0,1.0,60.0,11.0
44585,micro-mass_seed_2_nrows_2000_nclasses_10_ncols_100_stratify_True,1,active,arff,571.0,101.0,20.0,0.0,100.0,1.0,60.0,11.0
44586,micro-mass_seed_3_nrows_2000_nclasses_10_ncols_100_stratify_True,1,active,arff,571.0,101.0,20.0,0.0,100.0,1.0,60.0,11.0
44587,micro-mass_seed_4_nrows_2000_nclasses_10_ncols_100_stratify_True,1,active,arff,571.0,101.0,20.0,0.0,100.0,1.0,60.0,11.0
44588,eucalyptus_seed_0_nrows_2000_nclasses_10_ncols_100_stratify_True,1,active,arff,736.0,20.0,5.0,448.0,14.0,6.0,214.0,105.0
44589,eucalyptus_seed_1_nrows_2000_nclasses_10_ncols_100_stratify_True,1,active,arff,736.0,20.0,5.0,448.0,14.0,6.0,214.0,105.0
44590,eucalyptus_seed_2_nrows_2000_nclasses_10_ncols_100_stratify_True,1,active,arff,736.0,20.0,5.0,448.0,14.0,6.0,214.0,105.0
44591,eucalyptus_seed_3_nrows_2000_nclasses_10_ncols_100_stratify_True,1,active,arff,736.0,20.0,5.0,448.0,14.0,6.0,214.0,105.0
44592,eucalyptus_seed_4_nrows_2000_nclasses_10_ncols_100_stratify_True,1,active,arff,736.0,20.0,5.0,448.0,14.0,6.0,214.0,105.0
44593,blood-transfusion-service-center_seed_0_nrows_2000_nclasses_10_ncols_100_stratify_True,1,active,arff,748.0,5.0,2.0,0.0,4.0,1.0,570.0,178.0
44594,blood-transfusion-service-center_seed_1_nrows_2000_nclasses_10_ncols_100_stratify_True,1,active,arff,748.0,5.0,2.0,0.0,4.0,1.0,570.0,178.0
44595,blood-transfusion-service-center_seed_2_nrows_2000_nclasses_10_ncols_100_stratify_True,1,active,arff,748.0,5.0,2.0,0.0,4.0,1.0,570.0,178.0
44596,blood-transfusion-service-center_seed_3_nrows_2000_nclasses_10_ncols_100_stratify_True,1,active,arff,748.0,5.0,2.0,0.0,4.0,1.0,570.0,178.0
44597,blood-transfusion-service-center_seed_4_nrows_2000_nclasses_10_ncols_100_stratify_True,1,active,arff,748.0,5.0,2.0,0.0,4.0,1.0,570.0,178.0
44598,qsar-biodeg_seed_0_nrows_2000_nclasses_10_ncols_100_stratify_True,1,active,arff,1055.0,42.0,2.0,0.0,41.0,1.0,699.0,356.0
44599,qsar-biodeg_seed_1_nrows_2000_nclasses_10_ncols_100_stratify_True,1,active,arff,1055.0,42.0,2.0,0.0,41.0,1.0,699.0,356.0
44600,qsar-biodeg_seed_2_nrows_2000_nclasses_10_ncols_100_stratify_True,1,active,arff,1055.0,42.0,2.0,0.0,41.0,1.0,699.0,356.0
44601,qsar-biodeg_seed_3_nrows_2000_nclasses_10_ncols_100_stratify_True,1,active,arff,1055.0,42.0,2.0,0.0,41.0,1.0,699.0,356.0
44602,qsar-biodeg_seed_4_nrows_2000_nclasses_10_ncols_100_stratify_True,1,active,arff,1055.0,42.0,2.0,0.0,41.0,1.0,699.0,356.0
44603,cnae-9_seed_0_nrows_2000_nclasses_10_ncols_100_stratify_True,1,active,arff,1080.0,101.0,9.0,0.0,100.0,1.0,120.0,120.0
44604,cnae-9_seed_1_nrows_2000_nclasses_10_ncols_100_stratify_True,1,active,arff,1080.0,101.0,9.0,0.0,100.0,1.0,120.0,120.0
44605,cnae-9_seed_2_nrows_2000_nclasses_10_ncols_100_stratify_True,1,active,arff,1080.0,101.0,9.0,0.0,100.0,1.0,120.0,120.0
44606,cnae-9_seed_3_nrows_2000_nclasses_10_ncols_100_stratify_True,1,active,arff,1080.0,101.0,9.0,0.0,100.0,1.0,120.0,120.0
44607,cnae-9_seed_4_nrows_2000_nclasses_10_ncols_100_stratify_True,1,active,arff,1080.0,101.0,9.0,0.0,100.0,1.0,120.0,120.0
44608,pc4_seed_0_nrows_2000_nclasses_10_ncols_100_stratify_True,1,active,arff,1458.0,38.0,2.0,0.0,37.0,1.0,1280.0,178.0
44609,pc4_seed_1_nrows_2000_nclasses_10_ncols_100_stratify_True,1,active,arff,1458.0,38.0,2.0,0.0,37.0,1.0,1280.0,178.0
44610,pc4_seed_2_nrows_2000_nclasses_10_ncols_100_stratify_True,1,active,arff,1458.0,38.0,2.0,0.0,37.0,1.0,1280.0,178.0
44611,pc4_seed_3_nrows_2000_nclasses_10_ncols_100_stratify_True,1,active,arff,1458.0,38.0,2.0,0.0,37.0,1.0,1280.0,178.0
44612,pc4_seed_4_nrows_2000_nclasses_10_ncols_100_stratify_True,1,active,arff,1458.0,38.0,2.0,0.0,37.0,1.0,1280.0,178.0
44613,cmc_seed_0_nrows_2000_nclasses_10_ncols_100_stratify_True,1,active,arff,1473.0,10.0,3.0,0.0,2.0,8.0,629.0,333.0
44614,cmc_seed_1_nrows_2000_nclasses_10_ncols_100_stratify_True,1,active,arff,1473.0,10.0,3.0,0.0,2.0,8.0,629.0,333.0
44615,cmc_seed_2_nrows_2000_nclasses_10_ncols_100_stratify_True,1,active,arff,1473.0,10.0,3.0,0.0,2.0,8.0,629.0,333.0
44616,cmc_seed_3_nrows_2000_nclasses_10_ncols_100_stratify_True,1,active,arff,1473.0,10.0,3.0,0.0,2.0,8.0,629.0,333.0
44617,cmc_seed_4_nrows_2000_nclasses_10_ncols_100_stratify_True,1,active,arff,1473.0,10.0,3.0,0.0,2.0,8.0,629.0,333.0
44618,car_seed_0_nrows_2000_nclasses_10_ncols_100_stratify_True,1,active,arff,1728.0,7.0,4.0,0.0,0.0,7.0,1210.0,65.0
44619,car_seed_1_nrows_2000_nclasses_10_ncols_100_stratify_True,1,active,arff,1728.0,7.0,4.0,0.0,0.0,7.0,1210.0,65.0
44620,car_seed_2_nrows_2000_nclasses_10_ncols_100_stratify_True,1,active,arff,1728.0,7.0,4.0,0.0,0.0,7.0,1210.0,65.0
44621,car_seed_3_nrows_2000_nclasses_10_ncols_100_stratify_True,1,active,arff,1728.0,7.0,4.0,0.0,0.0,7.0,1210.0,65.0
44622,car_seed_4_nrows_2000_nclasses_10_ncols_100_stratify_True,1,active,arff,1728.0,7.0,4.0,0.0,0.0,7.0,1210.0,65.0
44623,mfeat-factors_seed_0_nrows_2000_nclasses_10_ncols_100_stratify_True,1,active,arff,2000.0,101.0,10.0,0.0,100.0,1.0,200.0,200.0
44624,mfeat-factors_seed_1_nrows_2000_nclasses_10_ncols_100_stratify_True,1,active,arff,2000.0,101.0,10.0,0.0,100.0,1.0,200.0,200.0
44625,mfeat-factors_seed_2_nrows_2000_nclasses_10_ncols_100_stratify_True,1,active,arff,2000.0,101.0,10.0,0.0,100.0,1.0,200.0,200.0
44626,mfeat-factors_seed_3_nrows_2000_nclasses_10_ncols_100_stratify_True,1,active,arff,2000.0,101.0,10.0,0.0,100.0,1.0,200.0,200.0
44627,mfeat-factors_seed_4_nrows_2000_nclasses_10_ncols_100_stratify_True,1,active,arff,2000.0,101.0,10.0,0.0,100.0,1.0,200.0,200.0
44628,kc1_seed_0_nrows_2000_nclasses_10_ncols_100_stratify_True,1,active,arff,2000.0,22.0,2.0,0.0,21.0,1.0,1691.0,309.0
44629,kc1_seed_1_nrows_2000_nclasses_10_ncols_100_stratify_True,1,active,arff,2000.0,22.0,2.0,0.0,21.0,1.0,1691.0,309.0
44630,kc1_seed_2_nrows_2000_nclasses_10_ncols_100_stratify_True,1,active,arff,2000.0,22.0,2.0,0.0,21.0,1.0,1691.0,309.0
44631,kc1_seed_3_nrows_2000_nclasses_10_ncols_100_stratify_True,1,active,arff,2000.0,22.0,2.0,0.0,21.0,1.0,1691.0,309.0
44632,kc1_seed_4_nrows_2000_nclasses_10_ncols_100_stratify_True,1,active,arff,2000.0,22.0,2.0,0.0,21.0,1.0,1691.0,309.0
44633,segment_seed_0_nrows_2000_nclasses_10_ncols_100_stratify_True,1,active,arff,2000.0,17.0,7.0,0.0,16.0,1.0,286.0,285.0
44634,segment_seed_1_nrows_2000_nclasses_10_ncols_100_stratify_True,1,active,arff,2000.0,17.0,7.0,0.0,16.0,1.0,286.0,285.0
44635,segment_seed_2_nrows_2000_nclasses_10_ncols_100_stratify_True,1,active,arff,2000.0,17.0,7.0,0.0,16.0,1.0,286.0,285.0
44636,segment_seed_3_nrows_2000_nclasses_10_ncols_100_stratify_True,1,active,arff,2000.0,17.0,7.0,0.0,16.0,1.0,286.0,285.0
44637,segment_seed_4_nrows_2000_nclasses_10_ncols_100_stratify_True,1,active,arff,2000.0,17.0,7.0,0.0,16.0,1.0,286.0,285.0
44638,dna_seed_0_nrows_2000_nclasses_10_ncols_100_stratify_True,1,active,arff,2000.0,101.0,3.0,0.0,0.0,101.0,1038.0,480.0
44639,dna_seed_1_nrows_2000_nclasses_10_ncols_100_stratify_True,1,active,arff,2000.0,101.0,3.0,0.0,0.0,101.0,1038.0,480.0
44640,dna_seed_2_nrows_2000_nclasses_10_ncols_100_stratify_True,1,active,arff,2000.0,101.0,3.0,0.0,0.0,101.0,1038.0,480.0
44641,dna_seed_3_nrows_2000_nclasses_10_ncols_100_stratify_True,1,active,arff,2000.0,101.0,3.0,0.0,0.0,101.0,1038.0,480.0
44642,dna_seed_4_nrows_2000_nclasses_10_ncols_100_stratify_True,1,active,arff,2000.0,101.0,3.0,0.0,0.0,101.0,1038.0,480.0
44643,kr-vs-kp_seed_0_nrows_2000_nclasses_10_ncols_100_stratify_True,1,active,arff,2000.0,37.0,2.0,0.0,0.0,37.0,1044.0,956.0
44644,kr-vs-kp_seed_1_nrows_2000_nclasses_10_ncols_100_stratify_True,1,active,arff,2000.0,37.0,2.0,0.0,0.0,37.0,1044.0,956.0
44645,kr-vs-kp_seed_2_nrows_2000_nclasses_10_ncols_100_stratify_True,1,active,arff,2000.0,37.0,2.0,0.0,0.0,37.0,1044.0,956.0
44646,kr-vs-kp_seed_3_nrows_2000_nclasses_10_ncols_100_stratify_True,1,active,arff,2000.0,37.0,2.0,0.0,0.0,37.0,1044.0,956.0
44647,kr-vs-kp_seed_4_nrows_2000_nclasses_10_ncols_100_stratify_True,1,active,arff,2000.0,37.0,2.0,0.0,0.0,37.0,1044.0,956.0
44648,Internet-Advertisements_seed_0_nrows_2000_nclasses_10_ncols_100_stratify_True,1,active,arff,2000.0,101.0,2.0,0.0,0.0,101.0,1720.0,280.0
44649,Internet-Advertisements_seed_1_nrows_2000_nclasses_10_ncols_100_stratify_True,1,active,arff,2000.0,101.0,2.0,0.0,0.0,101.0,1720.0,280.0
44650,Internet-Advertisements_seed_2_nrows_2000_nclasses_10_ncols_100_stratify_True,1,active,arff,2000.0,101.0,2.0,0.0,0.0,101.0,1720.0,280.0
44651,Internet-Advertisements_seed_3_nrows_2000_nclasses_10_ncols_100_stratify_True,1,active,arff,2000.0,101.0,2.0,0.0,1.0,100.0,1720.0,280.0
44652,Internet-Advertisements_seed_4_nrows_2000_nclasses_10_ncols_100_stratify_True,1,active,arff,2000.0,101.0,2.0,0.0,0.0,101.0,1720.0,280.0
44653,Bioresponse_seed_0_nrows_2000_nclasses_10_ncols_100_stratify_True,1,active,arff,2000.0,101.0,2.0,0.0,100.0,1.0,1085.0,915.0
44654,Bioresponse_seed_1_nrows_2000_nclasses_10_ncols_100_stratify_True,1,active,arff,2000.0,101.0,2.0,0.0,100.0,1.0,1085.0,915.0
44655,Bioresponse_seed_2_nrows_2000_nclasses_10_ncols_100_stratify_True,1,active,arff,2000.0,101.0,2.0,0.0,100.0,1.0,1085.0,915.0
44656,Bioresponse_seed_3_nrows_2000_nclasses_10_ncols_100_stratify_True,1,active,arff,2000.0,101.0,2.0,0.0,100.0,1.0,1085.0,915.0
44657,Bioresponse_seed_4_nrows_2000_nclasses_10_ncols_100_stratify_True,1,active,arff,2000.0,101.0,2.0,0.0,100.0,1.0,1085.0,915.0
44658,churn_seed_0_nrows_2000_nclasses_10_ncols_100_stratify_True,1,active,arff,2000.0,21.0,2.0,0.0,16.0,5.0,1717.0,283.0
44659,churn_seed_1_nrows_2000_nclasses_10_ncols_100_stratify_True,1,active,arff,2000.0,21.0,2.0,0.0,16.0,5.0,1717.0,283.0
44660,churn_seed_2_nrows_2000_nclasses_10_ncols_100_stratify_True,1,active,arff,2000.0,21.0,2.0,0.0,16.0,5.0,1717.0,283.0
44661,churn_seed_3_nrows_2000_nclasses_10_ncols_100_stratify_True,1,active,arff,2000.0,21.0,2.0,0.0,16.0,5.0,1717.0,283.0
44662,churn_seed_4_nrows_2000_nclasses_10_ncols_100_stratify_True,1,active,arff,2000.0,21.0,2.0,0.0,16.0,5.0,1717.0,283.0
44663,first-order-theorem-proving_seed_0_nrows_2000_nclasses_10_ncols_100_stratify_True,1,active,arff,2000.0,52.0,6.0,0.0,51.0,1.0,835.0,159.0
44664,first-order-theorem-proving_seed_1_nrows_2000_nclasses_10_ncols_100_stratify_True,1,active,arff,2000.0,52.0,6.0,0.0,51.0,1.0,835.0,159.0
44665,first-order-theorem-proving_seed_2_nrows_2000_nclasses_10_ncols_100_stratify_True,1,active,arff,2000.0,52.0,6.0,0.0,51.0,1.0,835.0,159.0
44666,first-order-theorem-proving_seed_3_nrows_2000_nclasses_10_ncols_100_stratify_True,1,active,arff,2000.0,52.0,6.0,0.0,51.0,1.0,835.0,159.0
44667,first-order-theorem-proving_seed_4_nrows_2000_nclasses_10_ncols_100_stratify_True,1,active,arff,2000.0,52.0,6.0,0.0,51.0,1.0,835.0,159.0
44668,GesturePhaseSegmentationProcessed_seed_0_nrows_2000_nclasses_10_ncols_100_stratify_True,1,active,arff,2000.0,33.0,5.0,0.0,32.0,1.0,598.0,202.0
44669,GesturePhaseSegmentationProcessed_seed_1_nrows_2000_nclasses_10_ncols_100_stratify_True,1,active,arff,2000.0,33.0,5.0,0.0,32.0,1.0,598.0,202.0
44670,GesturePhaseSegmentationProcessed_seed_2_nrows_2000_nclasses_10_ncols_100_stratify_True,1,active,arff,2000.0,33.0,5.0,0.0,32.0,1.0,598.0,202.0
44671,GesturePhaseSegmentationProcessed_seed_3_nrows_2000_nclasses_10_ncols_100_stratify_True,1,active,arff,2000.0,33.0,5.0,0.0,32.0,1.0,598.0,202.0
44672,GesturePhaseSegmentationProcessed_seed_4_nrows_2000_nclasses_10_ncols_100_stratify_True,1,active,arff,2000.0,33.0,5.0,0.0,32.0,1.0,598.0,202.0
44673,PhishingWebsites_seed_0_nrows_2000_nclasses_10_ncols_100_stratify_True,1,active,arff,2000.0,31.0,2.0,0.0,0.0,31.0,1114.0,886.0
44674,PhishingWebsites_seed_1_nrows_2000_nclasses_10_ncols_100_stratify_True,1,active,arff,2000.0,31.0,2.0,0.0,0.0,31.0,1114.0,886.0
44675,PhishingWebsites_seed_2_nrows_2000_nclasses_10_ncols_100_stratify_True,1,active,arff,2000.0,31.0,2.0,0.0,0.0,31.0,1114.0,886.0
44676,PhishingWebsites_seed_3_nrows_2000_nclasses_10_ncols_100_stratify_True,1,active,arff,2000.0,31.0,2.0,0.0,0.0,31.0,1114.0,886.0
44677,PhishingWebsites_seed_4_nrows_2000_nclasses_10_ncols_100_stratify_True,1,active,arff,2000.0,31.0,2.0,0.0,0.0,31.0,1114.0,886.0
44678,sylvine_seed_0_nrows_2000_nclasses_10_ncols_100_stratify_True,1,active,arff,2000.0,21.0,2.0,0.0,20.0,1.0,1000.0,1000.0
44679,sylvine_seed_1_nrows_2000_nclasses_10_ncols_100_stratify_True,1,active,arff,2000.0,21.0,2.0,0.0,20.0,1.0,1000.0,1000.0
44680,sylvine_seed_2_nrows_2000_nclasses_10_ncols_100_stratify_True,1,active,arff,2000.0,21.0,2.0,0.0,20.0,1.0,1000.0,1000.0
44681,sylvine_seed_3_nrows_2000_nclasses_10_ncols_100_stratify_True,1,active,arff,2000.0,21.0,2.0,0.0,20.0,1.0,1000.0,1000.0
44682,sylvine_seed_4_nrows_2000_nclasses_10_ncols_100_stratify_True,1,active,arff,2000.0,21.0,2.0,0.0,20.0,1.0,1000.0,1000.0
44683,christine_seed_0_nrows_2000_nclasses_10_ncols_100_stratify_True,1,active,arff,2000.0,101.0,2.0,0.0,96.0,5.0,1000.0,1000.0
44684,christine_seed_1_nrows_2000_nclasses_10_ncols_100_stratify_True,1,active,arff,2000.0,101.0,2.0,0.0,96.0,5.0,1000.0,1000.0
44685,christine_seed_2_nrows_2000_nclasses_10_ncols_100_stratify_True,1,active,arff,2000.0,101.0,2.0,0.0,97.0,4.0,1000.0,1000.0
44686,christine_seed_3_nrows_2000_nclasses_10_ncols_100_stratify_True,1,active,arff,2000.0,101.0,2.0,0.0,100.0,1.0,1000.0,1000.0
44687,christine_seed_4_nrows_2000_nclasses_10_ncols_100_stratify_True,1,active,arff,2000.0,101.0,2.0,0.0,99.0,2.0,1000.0,1000.0
44688,wine-quality-white_seed_0_nrows_2000_nclasses_10_ncols_100_stratify_True,1,active,arff,2000.0,12.0,7.0,0.0,11.0,1.0,898.0,2.0
44689,wine-quality-white_seed_1_nrows_2000_nclasses_10_ncols_100_stratify_True,1,active,arff,2000.0,12.0,7.0,0.0,11.0,1.0,898.0,2.0
44690,wine-quality-white_seed_2_nrows_2000_nclasses_10_ncols_100_stratify_True,1,active,arff,2000.0,12.0,7.0,0.0,11.0,1.0,898.0,2.0
44691,wine-quality-white_seed_3_nrows_2000_nclasses_10_ncols_100_stratify_True,1,active,arff,2000.0,12.0,7.0,0.0,11.0,1.0,898.0,2.0
44692,wine-quality-white_seed_4_nrows_2000_nclasses_10_ncols_100_stratify_True,1,active,arff,2000.0,12.0,7.0,0.0,11.0,1.0,898.0,2.0
44693,Satellite_seed_0_nrows_2000_nclasses_10_ncols_100_stratify_True,1,active,arff,2000.0,37.0,2.0,0.0,36.0,1.0,1971.0,29.0
44694,Satellite_seed_1_nrows_2000_nclasses_10_ncols_100_stratify_True,1,active,arff,2000.0,37.0,2.0,0.0,36.0,1.0,1971.0,29.0
44695,Satellite_seed_2_nrows_2000_nclasses_10_ncols_100_stratify_True,1,active,arff,2000.0,37.0,2.0,0.0,36.0,1.0,1971.0,29.0
44696,Satellite_seed_3_nrows_2000_nclasses_10_ncols_100_stratify_True,1,active,arff,2000.0,37.0,2.0,0.0,36.0,1.0,1971.0,29.0
44697,Satellite_seed_4_nrows_2000_nclasses_10_ncols_100_stratify_True,1,active,arff,2000.0,37.0,2.0,0.0,36.0,1.0,1971.0,29.0
44698,Fashion-MNIST_seed_0_nrows_2000_nclasses_10_ncols_100_stratify_True,1,active,arff,2000.0,101.0,10.0,0.0,100.0,1.0,200.0,200.0
44699,Fashion-MNIST_seed_1_nrows_2000_nclasses_10_ncols_100_stratify_True,1,active,arff,2000.0,101.0,10.0,0.0,100.0,1.0,200.0,200.0
44700,Fashion-MNIST_seed_2_nrows_2000_nclasses_10_ncols_100_stratify_True,1,active,arff,2000.0,101.0,10.0,0.0,100.0,1.0,200.0,200.0
44701,Fashion-MNIST_seed_3_nrows_2000_nclasses_10_ncols_100_stratify_True,1,active,arff,2000.0,101.0,10.0,0.0,100.0,1.0,200.0,200.0
44702,Fashion-MNIST_seed_4_nrows_2000_nclasses_10_ncols_100_stratify_True,1,active,arff,2000.0,101.0,10.0,0.0,100.0,1.0,200.0,200.0
44703,connect-4_seed_0_nrows_2000_nclasses_10_ncols_100_stratify_True,1,active,arff,2000.0,43.0,3.0,0.0,0.0,43.0,1317.0,191.0
44704,connect-4_seed_1_nrows_2000_nclasses_10_ncols_100_stratify_True,1,active,arff,2000.0,43.0,3.0,0.0,0.0,43.0,1317.0,191.0
44705,connect-4_seed_2_nrows_2000_nclasses_10_ncols_100_stratify_True,1,active,arff,2000.0,43.0,3.0,0.0,0.0,43.0,1317.0,191.0
44706,connect-4_seed_3_nrows_2000_nclasses_10_ncols_100_stratify_True,1,active,arff,2000.0,43.0,3.0,0.0,0.0,43.0,1317.0,191.0
44707,connect-4_seed_4_nrows_2000_nclasses_10_ncols_100_stratify_True,1,active,arff,2000.0,43.0,3.0,0.0,0.0,43.0,1317.0,191.0
44708,Amazon_employee_access_seed_0_nrows_2000_nclasses_10_ncols_100_stratify_True,1,active,arff,2000.0,10.0,2.0,0.0,0.0,10.0,1884.0,116.0
44709,Amazon_employee_access_seed_1_nrows_2000_nclasses_10_ncols_100_stratify_True,1,active,arff,2000.0,10.0,2.0,0.0,0.0,10.0,1884.0,116.0
44710,Amazon_employee_access_seed_2_nrows_2000_nclasses_10_ncols_100_stratify_True,1,active,arff,2000.0,10.0,2.0,0.0,0.0,10.0,1884.0,116.0
44711,Amazon_employee_access_seed_3_nrows_2000_nclasses_10_ncols_100_stratify_True,1,active,arff,2000.0,10.0,2.0,0.0,0.0,10.0,1884.0,116.0
44712,Amazon_employee_access_seed_4_nrows_2000_nclasses_10_ncols_100_stratify_True,1,active,arff,2000.0,10.0,2.0,0.0,0.0,10.0,1884.0,116.0
44713,nomao_seed_0_nrows_2000_nclasses_10_ncols_100_stratify_True,1,active,arff,2000.0,101.0,2.0,0.0,75.0,26.0,1429.0,571.0
44714,nomao_seed_1_nrows_2000_nclasses_10_ncols_100_stratify_True,1,active,arff,2000.0,101.0,2.0,0.0,77.0,24.0,1429.0,571.0
44715,nomao_seed_2_nrows_2000_nclasses_10_ncols_100_stratify_True,1,active,arff,2000.0,101.0,2.0,0.0,75.0,26.0,1429.0,571.0
44716,nomao_seed_3_nrows_2000_nclasses_10_ncols_100_stratify_True,1,active,arff,2000.0,101.0,2.0,0.0,74.0,27.0,1429.0,571.0
44717,nomao_seed_4_nrows_2000_nclasses_10_ncols_100_stratify_True,1,active,arff,2000.0,101.0,2.0,0.0,74.0,27.0,1429.0,571.0
44718,jungle_chess_2pcs_raw_endgame_complete_seed_0_nrows_2000_nclasses_10_ncols_100_stratify_True,1,active,arff,2000.0,7.0,3.0,0.0,6.0,1.0,1029.0,194.0
44719,jungle_chess_2pcs_raw_endgame_complete_seed_1_nrows_2000_nclasses_10_ncols_100_stratify_True,1,active,arff,2000.0,7.0,3.0,0.0,6.0,1.0,1029.0,194.0
44720,jungle_chess_2pcs_raw_endgame_complete_seed_2_nrows_2000_nclasses_10_ncols_100_stratify_True,1,active,arff,2000.0,7.0,3.0,0.0,6.0,1.0,1029.0,194.0
44721,jungle_chess_2pcs_raw_endgame_complete_seed_3_nrows_2000_nclasses_10_ncols_100_stratify_True,1,active,arff,2000.0,7.0,3.0,0.0,6.0,1.0,1029.0,194.0
44722,jungle_chess_2pcs_raw_endgame_complete_seed_4_nrows_2000_nclasses_10_ncols_100_stratify_True,1,active,arff,2000.0,7.0,3.0,0.0,6.0,1.0,1029.0,194.0
44723,adult_seed_0_nrows_2000_nclasses_10_ncols_100_stratify_True,1,active,arff,2000.0,15.0,2.0,242.0,6.0,9.0,1521.0,479.0
44724,adult_seed_1_nrows_2000_nclasses_10_ncols_100_stratify_True,1,active,arff,2000.0,15.0,2.0,248.0,6.0,9.0,1521.0,479.0
44725,adult_seed_2_nrows_2000_nclasses_10_ncols_100_stratify_True,1,active,arff,2000.0,15.0,2.0,279.0,6.0,9.0,1521.0,479.0
44726,adult_seed_3_nrows_2000_nclasses_10_ncols_100_stratify_True,1,active,arff,2000.0,15.0,2.0,254.0,6.0,9.0,1521.0,479.0
44727,adult_seed_4_nrows_2000_nclasses_10_ncols_100_stratify_True,1,active,arff,2000.0,15.0,2.0,253.0,6.0,9.0,1521.0,479.0
44728,helena_seed_0_nrows_2000_nclasses_10_ncols_100_stratify_True,1,active,arff,2000.0,28.0,100.0,0.0,27.0,1.0,123.0,3.0
44729,helena_seed_1_nrows_2000_nclasses_10_ncols_100_stratify_True,1,active,arff,2000.0,28.0,100.0,0.0,27.0,1.0,123.0,3.0
44730,helena_seed_2_nrows_2000_nclasses_10_ncols_100_stratify_True,1,active,arff,2000.0,28.0,100.0,0.0,27.0,1.0,123.0,3.0
44731,helena_seed_3_nrows_2000_nclasses_10_ncols_100_stratify_True,1,active,arff,2000.0,28.0,100.0,0.0,27.0,1.0,123.0,3.0
44732,helena_seed_4_nrows_2000_nclasses_10_ncols_100_stratify_True,1,active,arff,2000.0,28.0,100.0,0.0,27.0,1.0,123.0,3.0
44733,volkert_seed_0_nrows_2000_nclasses_10_ncols_100_stratify_True,1,active,arff,2000.0,101.0,10.0,0.0,100.0,1.0,439.0,47.0
44734,volkert_seed_1_nrows_2000_nclasses_10_ncols_100_stratify_True,1,active,arff,2000.0,101.0,10.0,0.0,100.0,1.0,439.0,47.0
44735,volkert_seed_2_nrows_2000_nclasses_10_ncols_100_stratify_True,1,active,arff,2000.0,101.0,10.0,0.0,100.0,1.0,439.0,47.0
44736,volkert_seed_3_nrows_2000_nclasses_10_ncols_100_stratify_True,1,active,arff,2000.0,101.0,10.0,0.0,100.0,1.0,439.0,47.0
44737,volkert_seed_4_nrows_2000_nclasses_10_ncols_100_stratify_True,1,active,arff,2000.0,101.0,10.0,0.0,100.0,1.0,439.0,47.0
44738,robert_seed_0_nrows_2000_nclasses_10_ncols_100_stratify_True,1,active,arff,2000.0,101.0,10.0,0.0,100.0,1.0,209.0,192.0
44739,robert_seed_1_nrows_2000_nclasses_10_ncols_100_stratify_True,1,active,arff,2000.0,101.0,10.0,0.0,100.0,1.0,209.0,191.0
44740,robert_seed_2_nrows_2000_nclasses_10_ncols_100_stratify_True,1,active,arff,2000.0,101.0,10.0,0.0,100.0,1.0,209.0,192.0
44741,robert_seed_3_nrows_2000_nclasses_10_ncols_100_stratify_True,1,active,arff,2000.0,101.0,10.0,0.0,100.0,1.0,208.0,192.0
44742,robert_seed_4_nrows_2000_nclasses_10_ncols_100_stratify_True,1,active,arff,2000.0,101.0,10.0,0.0,100.0,1.0,208.0,192.0
44743,shuttle_seed_0_nrows_2000_nclasses_10_ncols_100_stratify_True,1,active,arff,2000.0,10.0,5.0,0.0,9.0,1.0,1572.0,2.0
44744,shuttle_seed_1_nrows_2000_nclasses_10_ncols_100_stratify_True,1,active,arff,2000.0,10.0,5.0,0.0,9.0,1.0,1572.0,2.0
44745,shuttle_seed_2_nrows_2000_nclasses_10_ncols_100_stratify_True,1,active,arff,2000.0,10.0,5.0,0.0,9.0,1.0,1572.0,2.0
44746,shuttle_seed_3_nrows_2000_nclasses_10_ncols_100_stratify_True,1,active,arff,2000.0,10.0,5.0,0.0,9.0,1.0,1572.0,2.0
44747,shuttle_seed_4_nrows_2000_nclasses_10_ncols_100_stratify_True,1,active,arff,2000.0,10.0,5.0,0.0,9.0,1.0,1572.0,2.0
44748,guillermo_seed_0_nrows_2000_nclasses_10_ncols_100_stratify_True,1,active,arff,2000.0,101.0,2.0,0.0,100.0,1.0,1200.0,800.0
44749,guillermo_seed_1_nrows_2000_nclasses_10_ncols_100_stratify_True,1,active,arff,2000.0,101.0,2.0,0.0,100.0,1.0,1200.0,800.0
44750,guillermo_seed_2_nrows_2000_nclasses_10_ncols_100_stratify_True,1,active,arff,2000.0,101.0,2.0,0.0,100.0,1.0,1200.0,800.0
44751,guillermo_seed_3_nrows_2000_nclasses_10_ncols_100_stratify_True,1,active,arff,2000.0,101.0,2.0,0.0,100.0,1.0,1200.0,800.0
44752,guillermo_seed_4_nrows_2000_nclasses_10_ncols_100_stratify_True,1,active,arff,2000.0,101.0,2.0,0.0,100.0,1.0,1200.0,800.0
44753,riccardo_seed_0_nrows_2000_nclasses_10_ncols_100_stratify_True,1,active,arff,2000.0,101.0,2.0,0.0,100.0,1.0,1500.0,500.0
44754,riccardo_seed_1_nrows_2000_nclasses_10_ncols_100_stratify_True,1,active,arff,2000.0,101.0,2.0,0.0,100.0,1.0,1500.0,500.0
44755,riccardo_seed_2_nrows_2000_nclasses_10_ncols_100_stratify_True,1,active,arff,2000.0,101.0,2.0,0.0,100.0,1.0,1500.0,500.0
44756,riccardo_seed_3_nrows_2000_nclasses_10_ncols_100_stratify_True,1,active,arff,2000.0,101.0,2.0,0.0,100.0,1.0,1500.0,500.0
44757,riccardo_seed_4_nrows_2000_nclasses_10_ncols_100_stratify_True,1,active,arff,2000.0,101.0,2.0,0.0,100.0,1.0,1500.0,500.0
44758,kick_seed_0_nrows_2000_nclasses_10_ncols_100_stratify_True,1,active,arff,2000.0,33.0,2.0,4098.0,14.0,19.0,1754.0,246.0
44759,kick_seed_1_nrows_2000_nclasses_10_ncols_100_stratify_True,1,active,arff,2000.0,33.0,2.0,4109.0,14.0,19.0,1754.0,246.0
44760,kick_seed_2_nrows_2000_nclasses_10_ncols_100_stratify_True,1,active,arff,2000.0,33.0,2.0,4045.0,14.0,19.0,1754.0,246.0
44761,kick_seed_3_nrows_2000_nclasses_10_ncols_100_stratify_True,1,active,arff,2000.0,33.0,2.0,4127.0,14.0,19.0,1754.0,246.0
44762,kick_seed_4_nrows_2000_nclasses_10_ncols_100_stratify_True,1,active,arff,2000.0,33.0,2.0,4082.0,14.0,19.0,1754.0,246.0
44763,Click_prediction_small_seed_0_nrows_2000_nclasses_10_ncols_100_stratify_True,1,active,arff,2000.0,12.0,2.0,0.0,5.0,7.0,1663.0,337.0
44764,Click_prediction_small_seed_1_nrows_2000_nclasses_10_ncols_100_stratify_True,1,active,arff,2000.0,12.0,2.0,0.0,5.0,7.0,1663.0,337.0
44765,Click_prediction_small_seed_2_nrows_2000_nclasses_10_ncols_100_stratify_True,1,active,arff,2000.0,12.0,2.0,0.0,5.0,7.0,1663.0,337.0
44766,Click_prediction_small_seed_3_nrows_2000_nclasses_10_ncols_100_stratify_True,1,active,arff,2000.0,12.0,2.0,0.0,5.0,7.0,1663.0,337.0
44767,Click_prediction_small_seed_4_nrows_2000_nclasses_10_ncols_100_stratify_True,1,active,arff,2000.0,12.0,2.0,0.0,5.0,7.0,1663.0,337.0
44768,okcupid-stem_seed_0_nrows_2000_nclasses_10_ncols_100_stratify_True,1,active,arff,2000.0,20.0,3.0,5980.0,2.0,18.0,1432.0,192.0
44769,okcupid-stem_seed_1_nrows_2000_nclasses_10_ncols_100_stratify_True,1,active,arff,2000.0,20.0,3.0,6117.0,2.0,18.0,1432.0,192.0
44770,okcupid-stem_seed_2_nrows_2000_nclasses_10_ncols_100_stratify_True,1,active,arff,2000.0,20.0,3.0,6105.0,2.0,18.0,1432.0,192.0
44771,okcupid-stem_seed_3_nrows_2000_nclasses_10_ncols_100_stratify_True,1,active,arff,2000.0,20.0,3.0,5992.0,2.0,18.0,1432.0,192.0
44772,okcupid-stem_seed_4_nrows_2000_nclasses_10_ncols_100_stratify_True,1,active,arff,2000.0,20.0,3.0,6050.0,2.0,18.0,1432.0,192.0
44773,sf-police-incidents_seed_0_nrows_2000_nclasses_10_ncols_100_stratify_True,1,active,arff,2000.0,9.0,2.0,0.0,3.0,6.0,1757.0,243.0
44774,sf-police-incidents_seed_1_nrows_2000_nclasses_10_ncols_100_stratify_True,1,active,arff,2000.0,9.0,2.0,0.0,3.0,6.0,1757.0,243.0
44775,sf-police-incidents_seed_2_nrows_2000_nclasses_10_ncols_100_stratify_True,1,active,arff,2000.0,9.0,2.0,0.0,3.0,6.0,1757.0,243.0
44776,sf-police-incidents_seed_3_nrows_2000_nclasses_10_ncols_100_stratify_True,1,active,arff,2000.0,9.0,2.0,0.0,3.0,6.0,1757.0,243.0
44777,sf-police-incidents_seed_4_nrows_2000_nclasses_10_ncols_100_stratify_True,1,active,arff,2000.0,9.0,2.0,0.0,3.0,6.0,1757.0,243.0
44778,KDDCup99_seed_0_nrows_2000_nclasses_10_ncols_100_stratify_True,1,active,arff,2000.0,42.0,8.0,0.0,32.0,10.0,1147.0,1.0
44779,KDDCup99_seed_1_nrows_2000_nclasses_10_ncols_100_stratify_True,1,active,arff,2000.0,42.0,8.0,0.0,32.0,10.0,1147.0,1.0
44780,KDDCup99_seed_2_nrows_2000_nclasses_10_ncols_100_stratify_True,1,active,arff,2000.0,42.0,8.0,0.0,32.0,10.0,1147.0,1.0
44781,KDDCup99_seed_3_nrows_2000_nclasses_10_ncols_100_stratify_True,1,active,arff,2000.0,42.0,8.0,0.0,32.0,10.0,1147.0,1.0
44782,KDDCup99_seed_4_nrows_2000_nclasses_10_ncols_100_stratify_True,1,active,arff,2000.0,42.0,8.0,0.0,32.0,10.0,1147.0,1.0
44783,porto-seguro_seed_0_nrows_2000_nclasses_10_ncols_100_stratify_True,1,active,arff,2000.0,58.0,2.0,2846.0,26.0,32.0,1927.0,73.0
44784,porto-seguro_seed_1_nrows_2000_nclasses_10_ncols_100_stratify_True,1,active,arff,2000.0,58.0,2.0,2775.0,26.0,32.0,1927.0,73.0
44785,porto-seguro_seed_2_nrows_2000_nclasses_10_ncols_100_stratify_True,1,active,arff,2000.0,58.0,2.0,2855.0,26.0,32.0,1927.0,73.0
44786,porto-seguro_seed_3_nrows_2000_nclasses_10_ncols_100_stratify_True,1,active,arff,2000.0,58.0,2.0,2863.0,26.0,32.0,1927.0,73.0
44787,porto-seguro_seed_4_nrows_2000_nclasses_10_ncols_100_stratify_True,1,active,arff,2000.0,58.0,2.0,2837.0,26.0,32.0,1927.0,73.0
44788,KDDCup09-Upselling_seed_0_nrows_2000_nclasses_10_ncols_100_stratify_True,1,active,arff,2000.0,101.0,2.0,3570.0,99.0,2.0,1853.0,147.0
44789,KDDCup09-Upselling_seed_1_nrows_2000_nclasses_10_ncols_100_stratify_True,1,active,arff,2000.0,101.0,2.0,7121.0,99.0,2.0,1853.0,147.0
44790,KDDCup09-Upselling_seed_2_nrows_2000_nclasses_10_ncols_100_stratify_True,1,active,arff,2000.0,101.0,2.0,5914.0,100.0,1.0,1853.0,147.0
44791,KDDCup09-Upselling_seed_3_nrows_2000_nclasses_10_ncols_100_stratify_True,1,active,arff,2000.0,101.0,2.0,0.0,100.0,1.0,1853.0,147.0
44792,KDDCup09-Upselling_seed_4_nrows_2000_nclasses_10_ncols_100_stratify_True,1,active,arff,2000.0,101.0,2.0,9426.0,98.0,3.0,1853.0,147.0
44793,ECG5000,1,active,arff,4998.0,141.0,0.0,0.0,141.0,0.0,,
44794,ECG5000,2,active,arff,4998.0,141.0,0.0,0.0,141.0,0.0,,
44956,abalone,15,active,arff,4177.0,9.0,0.0,0.0,8.0,1.0,,
44957,airfoil_self_noise,8,active,arff,1503.0,6.0,0.0,0.0,6.0,0.0,,
44958,auction_verification,7,active,arff,2043.0,8.0,0.0,0.0,6.0,2.0,,
44959,concrete_compressive_strength,7,active,arff,1030.0,9.0,0.0,0.0,9.0,0.0,,
44960,energy_efficiency,9,active,arff,768.0,9.0,0.0,0.0,9.0,0.0,,
44961,sgemm_gpu_kernel_performance,11,active,arff,241600.0,15.0,0.0,0.0,15.0,0.0,,
44962,forest_fires,9,active,arff,517.0,13.0,0.0,0.0,11.0,0.0,,
44963,physiochemical_protein,7,active,arff,45730.0,10.0,0.0,0.0,10.0,0.0,,
44964,superconductivity,7,active,arff,21263.0,82.0,0.0,0.0,82.0,0.0,,
44965,geographical_origin_of_music,7,active,arff,1059.0,117.0,0.0,0.0,117.0,0.0,,
44966,solar_flare,7,active,arff,1066.0,11.0,0.0,0.0,3.0,8.0,,
44967,student_performance_por,8,active,arff,649.0,31.0,0.0,0.0,14.0,17.0,,
44968,synchronous_machine,7,active,arff,557.0,5.0,0.0,0.0,5.0,0.0,,
44969,naval_propulsion_plant,7,active,arff,11934.0,15.0,0.0,0.0,15.0,0.0,,
44970,QSAR_fish_toxicity,7,active,arff,908.0,7.0,0.0,0.0,7.0,0.0,,
44971,white_wine,7,active,arff,4898.0,12.0,0.0,0.0,12.0,0.0,,
44972,red_wine,11,active,arff,1599.0,12.0,0.0,0.0,12.0,0.0,,
44973,grid_stability,7,active,arff,10000.0,13.0,0.0,0.0,13.0,0.0,,
44974,video_transcoding,6,active,arff,68784.0,19.0,0.0,0.0,17.0,2.0,,
44975,wave_energy,6,active,arff,72000.0,49.0,0.0,0.0,49.0,0.0,,
44976,sarcos,9,active,arff,48933.0,22.0,0.0,0.0,22.0,0.0,,
44977,california_housing,7,active,arff,20640.0,9.0,0.0,0.0,9.0,0.0,,
44978,cpu_activity,6,active,arff,8192.0,22.0,0.0,0.0,22.0,0.0,,
44979,diamonds,8,active,arff,53940.0,10.0,0.0,0.0,7.0,3.0,,
44980,kin8nm,4,active,arff,8192.0,9.0,0.0,0.0,9.0,0.0,,
44981,pumadyn32nh,2,active,arff,8192.0,33.0,0.0,0.0,33.0,0.0,,
44983,miami_housing,2,active,arff,13932.0,16.0,0.0,0.0,16.0,0.0,,
44984,cps88wages,2,active,arff,28155.0,7.0,0.0,0.0,3.0,4.0,,
44985,space_ga,4,active,arff,3107.0,7.0,0.0,0.0,7.0,0.0,,
44986,nyc_taxi_green,2,active,arff,581835.0,19.0,0.0,0.0,10.0,9.0,,
44987,socmob,4,active,arff,1156.0,6.0,0.0,0.0,2.0,4.0,,
44988,QSAR_TID_11,3,active,arff,5742.0,1025.0,0.0,0.0,1025.0,0.0,,
44989,kings_county,2,active,arff,21613.0,22.0,0.0,0.0,18.0,4.0,,
44990,brazilian_houses,16,active,arff,10692.0,10.0,0.0,0.0,6.0,4.0,,
44992,fps_benchmark,2,active,arff,24624.0,44.0,0.0,69696.0,31.0,13.0,,
44993,health_insurance,3,active,arff,22272.0,12.0,0.0,0.0,5.0,7.0,,
44994,cars,4,active,arff,804.0,18.0,0.0,0.0,18.0,0.0,,
44998,Airlines_DepDelay_1M,5,active,arff,1000000.0,12.0,0.0,0.0,6.0,6.0,,
45002,fifa,9,active,arff,19239.0,30.0,0.0,61.0,29.0,0.0,,
45012,fifa,19,active,arff,19178.0,29.0,0.0,0.0,28.0,1.0,,
45013,jannis,6,active,arff,57580.0,55.0,0.0,0.0,55.0,0.0,,
45014,jannis,7,active,arff,57580.0,55.0,0.0,0.0,55.0,0.0,,
45015,jannis,8,active,arff,57580.0,55.0,0.0,0.0,55.0,0.0,,
45016,default-of-credit-card-clients,2,active,arff,13272.0,21.0,0.0,0.0,21.0,0.0,,
45017,Bioresponse,2,active,arff,3434.0,420.0,0.0,0.0,420.0,0.0,,
45018,electricity,14,active,arff,38474.0,8.0,0.0,0.0,8.0,0.0,,
45019,Bioresponse,3,active,arff,3434.0,420.0,2.0,0.0,419.0,1.0,1717.0,1717.0
45020,default-of-credit-card-clients,3,active,arff,13272.0,21.0,2.0,0.0,20.0,1.0,6636.0,6636.0
45021,jannis,9,active,arff,57580.0,55.0,2.0,0.0,54.0,1.0,28790.0,28790.0
45022,Diabetes130US,2,active,arff,71090.0,8.0,2.0,0.0,7.0,1.0,35545.0,35545.0
45023,heloc,1,active,arff,10000.0,23.0,2.0,0.0,22.0,1.0,5000.0,5000.0
45024,credit,5,active,arff,16714.0,11.0,2.0,0.0,10.0,1.0,8357.0,8357.0
45025,california,6,active,arff,20634.0,9.0,2.0,0.0,8.0,1.0,10317.0,10317.0
45026,heloc,2,active,arff,10000.0,23.0,2.0,0.0,22.0,1.0,5000.0,5000.0
45027,credit,6,active,arff,16714.0,11.0,2.0,0.0,10.0,1.0,8357.0,8357.0
45028,california,7,active,arff,20634.0,9.0,2.0,0.0,8.0,1.0,10317.0,10317.0
45029,cpu_act,9,active,arff,8192.0,22.0,0.0,0.0,22.0,0.0,,
45030,pol,12,active,arff,15000.0,27.0,0.0,0.0,27.0,0.0,,
45031,elevators,9,active,arff,16599.0,17.0,0.0,0.0,17.0,0.0,,
45032,yprop_4_1,4,active,arff,8885.0,43.0,0.0,0.0,43.0,0.0,,
45033,abalone,16,active,arff,4177.0,8.0,0.0,0.0,8.0,0.0,,
45034,delays_zurich_transport,3,active,arff,5465575.0,9.0,0.0,0.0,9.0,0.0,,
45035,albert,2,active,arff,58252.0,32.0,2.0,0.0,21.0,11.0,29126.0,29126.0
45036,default-of-credit-card-clients,4,active,arff,13272.0,22.0,2.0,0.0,20.0,2.0,6636.0,6636.0
45037,BitcoinHeist_Ransomware,2,active,arff,24780.0,8.0,2.0,0.0,7.0,1.0,12390.0,12390.0
45038,road-safety,7,active,arff,111762.0,33.0,2.0,0.0,29.0,4.0,55881.0,55881.0
45039,compas-two-years,5,active,arff,4966.0,12.0,2.0,0.0,3.0,9.0,2483.0,2483.0
45040,Intersectional-Bias-Assessment,1,active,arff,11000.0,20.0,0.0,0.0,15.0,0.0,,
45041,topo_2_1,2,active,arff,8885.0,256.0,0.0,0.0,253.0,3.0,,
45042,abalone,17,active,arff,4177.0,9.0,0.0,0.0,8.0,1.0,,
45043,seattlecrime6,3,active,arff,52031.0,5.0,0.0,0.0,3.0,2.0,,
45044,LoanDefaultPrediction,3,active,arff,55319.0,736.0,0.0,0.0,732.0,4.0,,
45045,delays_zurich_transport,4,active,arff,5465575.0,12.0,0.0,0.0,9.0,3.0,,
45046,Allstate_Claims_Severity,4,active,arff,188318.0,125.0,0.0,0.0,15.0,110.0,,
45047,Airlines_DepDelay_1M,6,active,arff,1000000.0,6.0,0.0,0.0,6.0,0.0,,
45048,medical_charges,12,active,arff,163065.0,4.0,0.0,0.0,4.0,0.0,,
45049,MD_MIX_Mini_Copy,1,active,arff,28240.0,69.0,706.0,665053.0,45.0,2.0,40.0,40.0
45050,Amazon_Electronics_Dataset,1,active,arff,10000.0,3.0,,0.0,1.0,2.0,,
45051,adult-test,1,active,arff,48842.0,15.0,2.0,6465.0,6.0,0.0,37155.0,11687.0
45052,cmc,3,active,arff,1473.0,10.0,0.0,0.0,10.0,0.0,,
45053,cmc,4,active,arff,1473.0,10.0,0.0,0.0,10.0,0.0,,
45054,cmc,5,active,arff,1473.0,10.0,0.0,0.0,10.0,0.0,,
45055,cmc,6,active,arff,1473.0,10.0,0.0,0.0,3.0,7.0,,
45056,cmc,7,active,arff,1473.0,10.0,0.0,0.0,3.0,7.0,,
45057,jasmine,2,active,arff,2984.0,145.0,0.0,0.0,9.0,136.0,,
45058,credit-g,3,active,arff,1000.0,21.0,2.0,0.0,7.0,13.0,700.0,300.0
45059,sick,2,active,arff,3103.0,23.0,2.0,0.0,5.0,17.0,2888.0,215.0
45060,online_shoppers,1,active,arff,12330.0,18.0,2.0,0.0,4.0,14.0,10422.0,1908.0
45061,dresses-sales,3,active,arff,500.0,13.0,0.0,0.0,2.0,11.0,,
45062,shrutime,1,active,arff,10000.0,11.0,0.0,0.0,5.0,6.0,,
45063,credit-approval,2,active,arff,653.0,16.0,2.0,0.0,6.0,9.0,357.0,296.0
45064,Insurance,1,active,arff,23548.0,11.0,0.0,0.0,4.0,7.0,,
45065,bank-marketing,9,active,arff,45211.0,17.0,0.0,0.0,8.0,9.0,,
45066,fars,2,active,arff,100959.0,30.0,0.0,0.0,15.0,15.0,,
45067,okcupid_stem,1,active,arff,26677.0,14.0,3.0,0.0,2.0,11.0,19209.0,2814.0
45068,adult,4,active,arff,48842.0,15.0,2.0,0.0,6.0,8.0,37155.0,11687.0
45069,Diabetes130US,3,active,arff,101766.0,48.0,3.0,192849.0,11.0,36.0,54864.0,11357.0
45070,kick,3,active,arff,67212.0,31.0,0.0,0.0,15.0,16.0,,
45071,hcdr,1,active,arff,244280.0,70.0,0.0,0.0,23.0,47.0,,
45072,airlines,4,active,arff,539383.0,8.0,0.0,0.0,4.0,4.0,,
45073,eye_movements,9,active,arff,7608.0,24.0,0.0,0.0,21.0,3.0,,
45074,Shipping,1,active,arff,10999.0,10.0,0.0,0.0,6.0,4.0,,
45075,KDD,1,active,arff,5032.0,46.0,0.0,0.0,35.0,11.0,,
45076,churn,3,active,arff,5000.0,21.0,0.0,0.0,17.0,4.0,,
45077,qsar,1,active,arff,1055.0,41.0,2.0,0.0,30.0,10.0,699.0,356.0
45078,nomao,2,active,arff,34465.0,119.0,0.0,0.0,90.0,29.0,,
45079,road-safety,8,active,arff,111762.0,33.0,0.0,0.0,30.0,3.0,,
45080,autos,3,active,arff,1000000.0,26.0,0.0,0.0,16.0,10.0,,
45081,Tallo,1,active,arff,307014.0,21.0,0.0,0.0,12.0,0.0,,
45082,SignMNIST,1,active,arff,34627.0,785.0,0.0,0.0,785.0,0.0,,
45083,9_Tumors,1,active,arff,60.0,5727.0,9.0,0.0,5726.0,0.0,9.0,2.0
45084,11_Tumors,1,active,arff,174.0,12534.0,11.0,0.0,12533.0,0.0,27.0,6.0
45085,Breast,3,active,arff,97.0,24482.0,2.0,0.0,24481.0,0.0,51.0,46.0
45086,CNS,1,active,arff,60.0,7130.0,2.0,0.0,7129.0,0.0,39.0,21.0
45087,Colon,1,active,arff,62.0,2001.0,2.0,0.0,2000.0,0.0,40.0,22.0
45088,DLBCL,1,active,arff,77.0,5470.0,2.0,0.0,5469.0,0.0,58.0,19.0
45089,GLI,1,active,arff,85.0,22284.0,2.0,0.0,22283.0,0.0,59.0,26.0
45090,Leukemia,2,active,arff,72.0,7130.0,2.0,0.0,7129.0,0.0,47.0,25.0
45091,Leukemia-3,1,active,arff,72.0,7130.0,3.0,0.0,7129.0,0.0,38.0,9.0
45092,Leukemia,3,active,arff,72.0,7130.0,4.0,0.0,7129.0,0.0,38.0,4.0
45093,Lung,1,active,arff,203.0,12601.0,5.0,0.0,12600.0,0.0,139.0,6.0
45094,Lymphoma-3,1,active,arff,66.0,4027.0,3.0,12269.0,4026.0,0.0,46.0,9.0
45095,Lymphoma-9,1,active,arff,96.0,4027.0,9.0,19667.0,4026.0,0.0,46.0,2.0
45096,Lymphoma-11,1,active,arff,96.0,4027.0,11.0,19667.0,4026.0,0.0,23.0,1.0
45097,MLL,1,active,arff,72.0,12583.0,3.0,0.0,12582.0,0.0,28.0,20.0
45098,Ovarian,1,active,arff,253.0,15155.0,2.0,0.0,15154.0,0.0,162.0,91.0
45099,Prostate,1,active,arff,102.0,12601.0,2.0,0.0,12600.0,0.0,52.0,50.0
45100,SMK,1,active,arff,187.0,19994.0,2.0,0.0,19993.0,0.0,97.0,90.0
45101,SRBCT,1,active,arff,83.0,2309.0,4.0,0.0,2308.0,0.0,29.0,11.0
45102,dailybike,1,active,ARFF,731.0,13.0,606.0,0.0,12.0,1.0,4.0,1.0
45103,dailybike,2,active,ARFF,731.0,13.0,606.0,0.0,12.0,1.0,4.0,1.0
45104,PLK_Mini_Copy,1,active,arff,3440.0,3.0,86.0,3440.0,1.0,1.0,40.0,40.0
45106,MTPL_SHAP_Tutorial,1,active,arff,1000000.0,7.0,0.0,0.0,7.0,0.0,,
45108,DutchTwitterDataset,1,active,arff,451200.0,20.0,0.0,0.0,19.0,0.0,,
45109,alarm_0,1,active,arff,5000.0,37.0,,0.0,0.0,10.0,,
45110,alarm_1,1,active,arff,5000.0,37.0,,0.0,0.0,10.0,,
45111,alarm_2,1,active,arff,5000.0,37.0,,0.0,0.0,10.0,,
45112,alarm_3,1,active,arff,5000.0,37.0,,0.0,0.0,10.0,,
45113,alarm_4,1,active,arff,5000.0,37.0,,0.0,0.0,10.0,,
45114,alarm_5,1,active,arff,5000.0,37.0,,0.0,0.0,10.0,,
45115,alarm_6,1,active,arff,5000.0,37.0,,0.0,0.0,10.0,,
45116,alarm_7,1,active,arff,5000.0,37.0,,0.0,0.0,10.0,,
45117,alarm_8,1,active,arff,5000.0,37.0,,0.0,0.0,10.0,,
45118,alarm_9,1,active,arff,5000.0,37.0,,0.0,0.0,10.0,,
45119,alarm_10,1,active,arff,5000.0,37.0,,0.0,0.0,10.0,,
45120,barley_0,1,active,arff,5000.0,48.0,,0.0,0.0,0.0,,
45121,barley_1,1,active,arff,5000.0,48.0,,0.0,0.0,0.0,,
45122,barley_2,1,active,arff,5000.0,48.0,,0.0,0.0,0.0,,
45123,barley_3,1,active,arff,5000.0,48.0,,0.0,0.0,0.0,,
45124,barley_4,1,active,arff,5000.0,48.0,,0.0,0.0,0.0,,
45125,barley_5,1,active,arff,5000.0,48.0,,0.0,0.0,0.0,,
45126,barley_6,1,active,arff,5000.0,48.0,,0.0,0.0,0.0,,
45127,barley_7,1,active,arff,5000.0,48.0,,0.0,0.0,0.0,,
45128,barley_8,1,active,arff,5000.0,48.0,,0.0,0.0,0.0,,
45129,barley_9,1,active,arff,5000.0,48.0,,0.0,0.0,0.0,,
45130,barley_10,1,active,arff,5000.0,48.0,,0.0,0.0,0.0,,
45131,child_0,1,active,arff,5000.0,20.0,,0.0,0.0,0.0,,
45132,child_1,1,active,arff,5000.0,20.0,,0.0,0.0,0.0,,
45133,child_2,1,active,arff,5000.0,20.0,,0.0,0.0,0.0,,
45134,child_3,1,active,arff,5000.0,20.0,,0.0,0.0,0.0,,
45135,child_4,1,active,arff,5000.0,20.0,,0.0,0.0,0.0,,
45136,child_5,1,active,arff,5000.0,20.0,,0.0,0.0,0.0,,
45137,child_6,1,active,arff,5000.0,20.0,,0.0,0.0,0.0,,
45138,child_7,1,active,arff,5000.0,20.0,,0.0,0.0,0.0,,
45139,child_8,1,active,arff,5000.0,20.0,,0.0,0.0,0.0,,
45140,child_9,1,active,arff,5000.0,20.0,,0.0,0.0,0.0,,
45141,child_10,1,active,arff,5000.0,20.0,,0.0,0.0,0.0,,
45142,insurance_0,1,active,arff,5000.0,27.0,,0.0,0.0,7.0,,
45143,insurance_1,1,active,arff,5000.0,27.0,,0.0,0.0,7.0,,
45144,insurance_2,1,active,arff,5000.0,27.0,,0.0,0.0,7.0,,
45145,insurance_3,1,active,arff,5000.0,27.0,,0.0,0.0,7.0,,
45146,insurance_4,1,active,arff,5000.0,27.0,,0.0,0.0,7.0,,
45147,insurance_5,1,active,arff,5000.0,27.0,,0.0,0.0,7.0,,
45148,insurance_6,1,active,arff,5000.0,27.0,,0.0,0.0,7.0,,
45149,insurance_7,1,active,arff,5000.0,27.0,,0.0,0.0,7.0,,
45150,insurance_8,1,active,arff,5000.0,27.0,,0.0,0.0,7.0,,
45151,insurance_9,1,active,arff,5000.0,27.0,,0.0,0.0,7.0,,
45152,insurance_10,1,active,arff,5000.0,27.0,,0.0,0.0,7.0,,
45153,mildew_0,1,active,arff,5000.0,35.0,,0.0,0.0,0.0,,
45154,mildew_1,1,active,arff,5000.0,35.0,,0.0,0.0,0.0,,
45155,mildew_2,1,active,arff,5000.0,35.0,,0.0,0.0,0.0,,
45156,mildew_3,1,active,arff,5000.0,35.0,,0.0,0.0,0.0,,
45157,mildew_4,1,active,arff,5000.0,35.0,,0.0,0.0,0.0,,
45158,mildew_5,1,active,arff,5000.0,35.0,,0.0,0.0,0.0,,
45159,mildew_6,1,active,arff,5000.0,35.0,,0.0,0.0,0.0,,
45160,mildew_7,1,active,arff,5000.0,35.0,,0.0,0.0,0.0,,
45161,mildew_8,1,active,arff,5000.0,35.0,,0.0,0.0,0.0,,
45162,mildew_9,1,active,arff,5000.0,35.0,,0.0,0.0,0.0,,
45163,mildew_10,1,active,arff,5000.0,35.0,,0.0,0.0,0.0,,
45164,water_0,1,active,arff,5000.0,32.0,,0.0,4.0,0.0,,
45165,water_1,1,active,arff,5000.0,32.0,,0.0,4.0,0.0,,
45166,water_2,1,active,arff,5000.0,32.0,,0.0,4.0,0.0,,
45167,water_3,1,active,arff,5000.0,32.0,,0.0,4.0,0.0,,
45168,water_4,1,active,arff,5000.0,32.0,,0.0,4.0,0.0,,
45169,water_5,1,active,arff,5000.0,32.0,,0.0,4.0,0.0,,
45170,water_6,1,active,arff,5000.0,32.0,,0.0,4.0,0.0,,
45171,water_7,1,active,arff,5000.0,32.0,,0.0,4.0,0.0,,
45172,water_8,1,active,arff,5000.0,32.0,,0.0,4.0,0.0,,
45173,water_9,1,active,arff,5000.0,32.0,,0.0,4.0,0.0,,
45174,water_10,1,active,arff,5000.0,32.0,,0.0,4.0,0.0,,
45175,hailfinder_0,1,active,arff,5000.0,56.0,,0.0,0.0,0.0,,
45176,hailfinder_1,1,active,arff,5000.0,56.0,,0.0,0.0,0.0,,
45177,hailfinder_2,1,active,arff,5000.0,56.0,,0.0,0.0,0.0,,
45178,hailfinder_3,1,active,arff,5000.0,56.0,,0.0,0.0,0.0,,
45179,hailfinder_4,1,active,arff,5000.0,56.0,,0.0,0.0,0.0,,
45180,hailfinder_5,1,active,arff,5000.0,56.0,,0.0,0.0,0.0,,
45181,hailfinder_6,1,active,arff,5000.0,56.0,,0.0,0.0,0.0,,
45182,hailfinder_7,1,active,arff,5000.0,56.0,,0.0,0.0,0.0,,
45183,hailfinder_8,1,active,arff,5000.0,56.0,,0.0,0.0,0.0,,
45184,hailfinder_9,1,active,arff,5000.0,56.0,,0.0,0.0,0.0,,
45185,hailfinder_10,1,active,arff,5000.0,56.0,,0.0,0.0,0.0,,
45186,hepar2_0,1,active,arff,5000.0,70.0,,0.0,0.0,0.0,,
45187,hepar2_1,1,active,arff,5000.0,70.0,,0.0,0.0,0.0,,
45188,hepar2_2,1,active,arff,5000.0,70.0,,0.0,0.0,0.0,,
45189,hepar2_3,1,active,arff,5000.0,70.0,,0.0,0.0,0.0,,
45190,hepar2_4,1,active,arff,5000.0,70.0,,0.0,0.0,0.0,,
45191,hepar2_5,1,active,arff,5000.0,70.0,,0.0,0.0,0.0,,
45192,hepar2_6,1,active,arff,5000.0,70.0,,0.0,0.0,0.0,,
45193,hepar2_7,1,active,arff,5000.0,70.0,,0.0,0.0,0.0,,
45194,hepar2_8,1,active,arff,5000.0,70.0,,0.0,0.0,0.0,,
45195,hepar2_9,1,active,arff,5000.0,70.0,,0.0,0.0,0.0,,
45196,hepar2_10,1,active,arff,5000.0,70.0,,0.0,0.0,0.0,,
45197,win95pts_0,1,active,arff,5000.0,76.0,,0.0,0.0,0.0,,
45198,win95pts_1,1,active,arff,5000.0,76.0,,0.0,0.0,0.0,,
45199,win95pts_2,1,active,arff,5000.0,76.0,,0.0,0.0,0.0,,
45200,win95pts_3,1,active,arff,5000.0,76.0,,0.0,0.0,0.0,,
45201,win95pts_4,1,active,arff,5000.0,76.0,,0.0,0.0,0.0,,
45202,win95pts_5,1,active,arff,5000.0,76.0,,0.0,0.0,0.0,,
45203,win95pts_6,1,active,arff,5000.0,76.0,,0.0,0.0,0.0,,
45204,win95pts_7,1,active,arff,5000.0,76.0,,0.0,0.0,0.0,,
45205,win95pts_8,1,active,arff,5000.0,76.0,,0.0,0.0,0.0,,
45206,win95pts_9,1,active,arff,5000.0,76.0,,0.0,0.0,0.0,,
45207,win95pts_10,1,active,arff,5000.0,76.0,,0.0,0.0,0.0,,
45208,andes_0,1,active,arff,5000.0,223.0,,0.0,0.0,222.0,,
45209,andes_1,1,active,arff,5000.0,223.0,,0.0,0.0,222.0,,
45210,andes_2,1,active,arff,5000.0,223.0,,0.0,0.0,222.0,,
45211,andes_3,1,active,arff,5000.0,223.0,,0.0,0.0,222.0,,
45212,andes_4,1,active,arff,5000.0,223.0,,0.0,0.0,222.0,,
45213,andes_5,1,active,arff,5000.0,223.0,,0.0,0.0,222.0,,
45214,andes_6,1,active,arff,5000.0,223.0,,0.0,0.0,222.0,,
45215,andes_7,1,active,arff,5000.0,223.0,,0.0,0.0,222.0,,
45216,andes_8,1,active,arff,5000.0,223.0,,0.0,0.0,222.0,,
45217,andes_9,1,active,arff,5000.0,223.0,,0.0,0.0,222.0,,
45218,andes_10,1,active,arff,5000.0,223.0,,0.0,0.0,222.0,,
45219,diabetes_0,1,active,arff,5000.0,413.0,,0.0,413.0,0.0,,
45220,diabetes_1,1,active,arff,5000.0,413.0,,0.0,413.0,0.0,,
45221,diabetes_2,1,active,arff,5000.0,413.0,,0.0,413.0,0.0,,
45222,diabetes_3,1,active,arff,5000.0,413.0,,0.0,413.0,0.0,,
45223,diabetes_4,1,active,arff,5000.0,413.0,,0.0,413.0,0.0,,
45224,diabetes_5,1,active,arff,5000.0,413.0,,0.0,413.0,0.0,,
45225,diabetes_6,1,active,arff,5000.0,413.0,,0.0,413.0,0.0,,
45226,diabetes_7,1,active,arff,5000.0,413.0,,0.0,413.0,0.0,,
45227,diabetes_8,1,active,arff,5000.0,413.0,,0.0,413.0,0.0,,
45228,diabetes_9,1,active,arff,5000.0,413.0,,0.0,413.0,0.0,,
45229,diabetes_10,1,active,arff,5000.0,413.0,,0.0,413.0,0.0,,
45230,link_0,1,active,arff,5000.0,724.0,,0.0,302.0,0.0,,
45231,link_1,1,active,arff,5000.0,724.0,,0.0,302.0,0.0,,
45232,link_2,1,active,arff,5000.0,724.0,,0.0,302.0,0.0,,
45233,link_3,1,active,arff,5000.0,724.0,,0.0,302.0,0.0,,
45234,link_4,1,active,arff,5000.0,724.0,,0.0,302.0,0.0,,
45235,link_5,1,active,arff,5000.0,724.0,,0.0,302.0,0.0,,
45236,link_6,1,active,arff,5000.0,724.0,,0.0,302.0,0.0,,
45237,link_7,1,active,arff,5000.0,724.0,,0.0,302.0,0.0,,
45238,link_8,1,active,arff,5000.0,724.0,,0.0,302.0,0.0,,
45239,link_9,1,active,arff,5000.0,724.0,,0.0,302.0,0.0,,
45240,link_10,1,active,arff,5000.0,724.0,,0.0,302.0,0.0,,
45241,pathfinder_0,1,active,arff,5000.0,109.0,,0.0,109.0,0.0,,
45242,pathfinder_1,1,active,arff,5000.0,109.0,,0.0,109.0,0.0,,
45243,pathfinder_2,1,active,arff,5000.0,109.0,,0.0,109.0,0.0,,
45244,pathfinder_3,1,active,arff,5000.0,109.0,,0.0,109.0,0.0,,
45245,pathfinder_4,1,active,arff,5000.0,109.0,,0.0,109.0,0.0,,
45246,pathfinder_5,1,active,arff,5000.0,109.0,,0.0,109.0,0.0,,
45247,pathfinder_6,1,active,arff,5000.0,109.0,,0.0,109.0,0.0,,
45248,pathfinder_7,1,active,arff,5000.0,109.0,,0.0,109.0,0.0,,
45249,pathfinder_8,1,active,arff,5000.0,109.0,,0.0,109.0,0.0,,
45250,pathfinder_9,1,active,arff,5000.0,109.0,,0.0,109.0,0.0,,
45251,pathfinder_10,1,active,arff,5000.0,109.0,,0.0,109.0,0.0,,
45252,pigs_0,1,active,arff,5000.0,441.0,,0.0,441.0,0.0,,
45253,pigs_1,1,active,arff,5000.0,441.0,,0.0,441.0,0.0,,
45254,pigs_2,1,active,arff,5000.0,441.0,,0.0,441.0,0.0,,
45255,pigs_3,1,active,arff,5000.0,441.0,,0.0,441.0,0.0,,
45256,pigs_4,1,active,arff,5000.0,441.0,,0.0,441.0,0.0,,
45257,pigs_5,1,active,arff,5000.0,441.0,,0.0,441.0,0.0,,
45258,pigs_6,1,active,arff,5000.0,441.0,,0.0,441.0,0.0,,
45259,pigs_7,1,active,arff,5000.0,441.0,,0.0,441.0,0.0,,
45260,pigs_8,1,active,arff,5000.0,441.0,,0.0,441.0,0.0,,
45261,pigs_9,1,active,arff,5000.0,441.0,,0.0,441.0,0.0,,
45262,pigs_10,1,active,arff,5000.0,441.0,,0.0,441.0,0.0,,
45263,munin_0,1,active,arff,5000.0,1041.0,,0.0,0.0,0.0,,
45264,munin_1,1,active,arff,5000.0,1041.0,,0.0,0.0,0.0,,
45265,munin_2,1,active,arff,5000.0,1041.0,,0.0,0.0,0.0,,
45266,munin_3,1,active,arff,5000.0,1041.0,,0.0,0.0,0.0,,
45267,munin_4,1,active,arff,5000.0,1041.0,,0.0,0.0,0.0,,
45268,munin_5,1,active,arff,5000.0,1041.0,,0.0,0.0,0.0,,
45269,munin_6,1,active,arff,5000.0,1041.0,,0.0,0.0,0.0,,
45270,munin_7,1,active,arff,5000.0,1041.0,,0.0,0.0,0.0,,
45271,munin_8,1,active,arff,5000.0,1041.0,,0.0,0.0,0.0,,
45272,munin_9,1,active,arff,5000.0,1041.0,,0.0,0.0,0.0,,
45273,munin_10,1,active,arff,5000.0,1041.0,,0.0,0.0,0.0,,
45274,PASS,1,active,arff,1439588.0,7.0,94137.0,1775490.0,2.0,0.0,80.0,1.0
45277,CIC-IDS-2017,1,active,arff,3119345.0,88.0,,24532528.0,80.0,0.0,,
45279,BOT-IoT,2,active,arff,3668522.0,47.0,,0.0,38.0,0.0,,
45282,AfriSenti,1,active,arff,111720.0,4.0,3.0,0.0,0.0,2.0,39151.0,36005.0
45402,space_ga,5,active,arff,3107.0,7.0,0.0,0.0,7.0,0.0,,
45449,timing-attack-dataset-1-micro-seconds-delay-2022-09-01,1,active,arff,9995.0,125.0,11.0,0.0,124.0,0.0,978.0,863.0
45450,timing-attack-dataset-1-micro-seconds-delay-2022-09-12,1,active,arff,9994.0,125.0,11.0,0.0,124.0,0.0,948.0,854.0
45451,timing-attack-dataset-1-micro-seconds-delay-2022-09-17,1,active,arff,9994.0,125.0,11.0,0.0,124.0,0.0,970.0,850.0
45452,timing-attack-dataset-2-micro-seconds-delay-2022-09-01,1,active,arff,9995.0,125.0,11.0,0.0,124.0,0.0,971.0,855.0
45453,timing-attack-dataset-2-micro-seconds-delay-2022-09-12,1,active,arff,9990.0,125.0,11.0,0.0,124.0,0.0,941.0,855.0
45454,timing-attack-dataset-2-micro-seconds-delay-2022-09-17,1,active,arff,9994.0,125.0,11.0,0.0,124.0,0.0,947.0,875.0
45455,timing-attack-dataset-4-micro-seconds-delay-2022-09-01,1,active,arff,9995.0,125.0,11.0,0.0,124.0,0.0,956.0,836.0
45456,timing-attack-dataset-4-micro-seconds-delay-2022-09-12,1,active,arff,9996.0,125.0,11.0,0.0,124.0,0.0,967.0,850.0
45457,timing-attack-dataset-4-micro-seconds-delay-2022-09-17,1,active,arff,9993.0,125.0,11.0,0.0,124.0,0.0,984.0,829.0
45458,timing-attack-dataset-8-micro-seconds-delay-2022-09-01,1,active,arff,9995.0,125.0,11.0,0.0,124.0,0.0,944.0,842.0
45459,timing-attack-dataset-8-micro-seconds-delay-2022-09-12,1,active,arff,9996.0,125.0,11.0,0.0,124.0,0.0,966.0,849.0
45460,timing-attack-dataset-8-micro-seconds-delay-2022-09-17,1,active,arff,9992.0,125.0,11.0,0.0,124.0,0.0,934.0,866.0
45461,timing-attack-dataset-16-micro-seconds-delay-2022-09-01,1,active,arff,9995.0,125.0,11.0,0.0,124.0,0.0,953.0,869.0
45462,timing-attack-dataset-16-micro-seconds-delay-2022-09-12,1,active,arff,9998.0,125.0,11.0,0.0,124.0,0.0,959.0,843.0
45463,timing-attack-dataset-16-micro-seconds-delay-2022-09-17,1,active,arff,9996.0,125.0,11.0,0.0,124.0,0.0,941.0,873.0
45464,timing-attack-dataset-32-micro-seconds-delay-2022-09-01,1,active,arff,9996.0,125.0,11.0,0.0,124.0,0.0,949.0,872.0
45465,timing-attack-dataset-32-micro-seconds-delay-2022-09-12,1,active,arff,9996.0,125.0,11.0,0.0,124.0,0.0,973.0,837.0
45466,timing-attack-dataset-32-micro-seconds-delay-2022-09-17,1,active,arff,9997.0,125.0,11.0,0.0,124.0,0.0,953.0,863.0
45467,timing-attack-dataset-64-micro-seconds-delay-2022-09-01,1,active,arff,9997.0,125.0,11.0,0.0,124.0,0.0,972.0,856.0
45468,timing-attack-dataset-64-micro-seconds-delay-2022-09-12,1,active,arff,9997.0,125.0,11.0,0.0,124.0,0.0,968.0,832.0
45469,timing-attack-dataset-64-micro-seconds-delay-2022-09-17,1,active,arff,9993.0,125.0,11.0,0.0,124.0,0.0,958.0,872.0
45470,timing-attack-dataset-128-micro-seconds-delay-2022-09-01,1,active,arff,9995.0,125.0,11.0,0.0,124.0,0.0,966.0,868.0
45471,timing-attack-dataset-128-micro-seconds-delay-2022-09-12,1,active,arff,9999.0,125.0,11.0,0.0,124.0,0.0,967.0,852.0
45472,timing-attack-dataset-128-micro-seconds-delay-2022-09-17,1,active,arff,9995.0,125.0,11.0,0.0,124.0,0.0,956.0,880.0
45473,timing-attack-dataset-256-micro-seconds-delay-2022-09-01,1,active,arff,9999.0,125.0,11.0,0.0,124.0,0.0,989.0,850.0
45474,timing-attack-dataset-256-micro-seconds-delay-2022-09-12,1,active,arff,9995.0,125.0,11.0,0.0,124.0,0.0,959.0,878.0
45475,timing-attack-dataset-256-micro-seconds-delay-2022-09-17,1,active,arff,9997.0,125.0,11.0,0.0,124.0,0.0,946.0,855.0
45476,timing-attack-dataset-10-micro-seconds-delay-2022-09-04,1,active,arff,9995.0,125.0,11.0,0.0,124.0,0.0,1004.0,867.0
45477,timing-attack-dataset-10-micro-seconds-delay-2022-09-08,1,active,arff,21989.0,125.0,11.0,0.0,124.0,0.0,2047.0,1939.0
45478,timing-attack-dataset-10-micro-seconds-delay-2022-09-09,1,active,arff,19992.0,125.0,11.0,0.0,124.0,0.0,1868.0,1759.0
45479,timing-attack-dataset-10-micro-seconds-delay-2022-09-13,1,active,arff,21991.0,125.0,11.0,0.0,124.0,0.0,2104.0,1901.0
45480,timing-attack-dataset-10-micro-seconds-delay-2022-09-14,1,active,arff,19993.0,125.0,11.0,0.0,124.0,0.0,1881.0,1772.0
45481,timing-attack-dataset-10-micro-seconds-delay-2022-09-15,1,active,arff,19993.0,125.0,11.0,0.0,124.0,0.0,1896.0,1726.0
45482,timing-attack-dataset-10-micro-seconds-delay-2022-09-18,1,active,arff,9998.0,125.0,11.0,0.0,124.0,0.0,978.0,855.0
45483,timing-attack-dataset-10-micro-seconds-delay-2022-09-19,1,active,arff,9999.0,125.0,11.0,0.0,124.0,0.0,942.0,865.0
45484,timing-attack-dataset-10-micro-seconds-delay-2022-09-20,1,active,arff,19994.0,125.0,11.0,0.0,124.0,0.0,1886.0,1704.0
45485,timing-attack-dataset-10-micro-seconds-delay-2022-09-21,1,active,arff,9992.0,125.0,11.0,0.0,124.0,0.0,946.0,872.0
45486,timing-attack-dataset-15-micro-seconds-delay-2022-09-04,1,active,arff,9997.0,125.0,11.0,0.0,124.0,0.0,946.0,871.0
45487,timing-attack-dataset-15-micro-seconds-delay-2022-09-08,1,active,arff,19991.0,125.0,11.0,0.0,124.0,0.0,1883.0,1730.0
45488,timing-attack-dataset-15-micro-seconds-delay-2022-09-09,1,active,arff,19992.0,125.0,11.0,0.0,124.0,0.0,1904.0,1773.0
45489,timing-attack-dataset-15-micro-seconds-delay-2022-09-13,1,active,arff,19992.0,125.0,11.0,0.0,124.0,0.0,1976.0,1769.0
45490,timing-attack-dataset-15-micro-seconds-delay-2022-09-14,1,active,arff,19994.0,125.0,11.0,0.0,124.0,0.0,1877.0,1786.0
45491,timing-attack-dataset-15-micro-seconds-delay-2022-09-15,1,active,arff,19986.0,125.0,11.0,0.0,124.0,0.0,1921.0,1733.0
45492,timing-attack-dataset-15-micro-seconds-delay-2022-09-18,1,active,arff,9995.0,125.0,11.0,0.0,124.0,0.0,959.0,866.0
45493,timing-attack-dataset-15-micro-seconds-delay-2022-09-19,1,active,arff,9997.0,125.0,11.0,0.0,124.0,0.0,951.0,867.0
45494,timing-attack-dataset-15-micro-seconds-delay-2022-09-20,1,active,arff,19991.0,125.0,11.0,0.0,124.0,0.0,1901.0,1750.0
45495,timing-attack-dataset-15-micro-seconds-delay-2022-09-21,1,active,arff,9996.0,125.0,11.0,0.0,124.0,0.0,957.0,859.0
45496,timing-attack-dataset-20-micro-seconds-delay-2022-09-04,1,active,arff,9997.0,125.0,11.0,0.0,124.0,0.0,947.0,889.0
45497,timing-attack-dataset-20-micro-seconds-delay-2022-09-08,1,active,arff,19991.0,125.0,11.0,0.0,124.0,0.0,1846.0,1768.0
45498,timing-attack-dataset-20-micro-seconds-delay-2022-09-09,1,active,arff,19993.0,125.0,11.0,0.0,124.0,0.0,1908.0,1731.0
45499,timing-attack-dataset-20-micro-seconds-delay-2022-09-13,1,active,arff,19993.0,125.0,11.0,0.0,124.0,0.0,1893.0,1732.0
45500,timing-attack-dataset-20-micro-seconds-delay-2022-09-14,1,active,arff,19987.0,125.0,11.0,0.0,124.0,0.0,1874.0,1765.0
45501,timing-attack-dataset-20-micro-seconds-delay-2022-09-15,1,active,arff,19994.0,125.0,11.0,0.0,124.0,0.0,1901.0,1754.0
45502,timing-attack-dataset-20-micro-seconds-delay-2022-09-18,1,active,arff,9995.0,125.0,11.0,0.0,124.0,0.0,963.0,864.0
45503,timing-attack-dataset-20-micro-seconds-delay-2022-09-19,1,active,arff,9996.0,155.0,11.0,299850.0,154.0,0.0,976.0,868.0
45504,timing-attack-dataset-20-micro-seconds-delay-2022-09-20,1,active,arff,21992.0,125.0,11.0,0.0,124.0,0.0,2065.0,1951.0
45505,timing-attack-dataset-20-micro-seconds-delay-2022-09-21,1,active,arff,9999.0,125.0,11.0,0.0,124.0,0.0,977.0,826.0
45506,timing-attack-dataset-25-micro-seconds-delay-2022-09-04,1,active,arff,9994.0,125.0,11.0,0.0,124.0,0.0,981.0,855.0
45507,timing-attack-dataset-25-micro-seconds-delay-2022-09-08,1,active,arff,19988.0,125.0,11.0,0.0,124.0,0.0,1894.0,1763.0
45508,timing-attack-dataset-25-micro-seconds-delay-2022-09-09,1,active,arff,19988.0,125.0,11.0,0.0,124.0,0.0,1874.0,1720.0
45509,timing-attack-dataset-25-micro-seconds-delay-2022-09-13,1,active,arff,19992.0,125.0,11.0,0.0,124.0,0.0,1901.0,1730.0
45510,timing-attack-dataset-25-micro-seconds-delay-2022-09-14,1,active,arff,19991.0,125.0,11.0,0.0,124.0,0.0,1850.0,1771.0
45511,timing-attack-dataset-25-micro-seconds-delay-2022-09-15,1,active,arff,19993.0,125.0,11.0,0.0,124.0,0.0,1928.0,1710.0
45512,timing-attack-dataset-25-micro-seconds-delay-2022-09-18,1,active,arff,9996.0,125.0,11.0,0.0,124.0,0.0,949.0,861.0
45513,timing-attack-dataset-25-micro-seconds-delay-2022-09-19,1,active,arff,9996.0,125.0,11.0,0.0,124.0,0.0,958.0,881.0
45514,timing-attack-dataset-25-micro-seconds-delay-2022-09-20,1,active,arff,19991.0,125.0,11.0,0.0,124.0,0.0,1865.0,1746.0
45515,timing-attack-dataset-25-micro-seconds-delay-2022-09-21,1,active,arff,9994.0,125.0,11.0,0.0,124.0,0.0,955.0,866.0
45516,timing-attack-dataset-30-micro-seconds-delay-2022-09-04,1,active,arff,9996.0,125.0,11.0,0.0,124.0,0.0,955.0,861.0
45517,timing-attack-dataset-30-micro-seconds-delay-2022-09-08,1,active,arff,19995.0,125.0,11.0,0.0,124.0,0.0,1877.0,1762.0
45518,timing-attack-dataset-30-micro-seconds-delay-2022-09-09,1,active,arff,19990.0,125.0,11.0,0.0,124.0,0.0,1868.0,1744.0
45519,timing-attack-dataset-30-micro-seconds-delay-2022-09-13,1,active,arff,19991.0,125.0,11.0,0.0,124.0,0.0,1867.0,1761.0
45520,timing-attack-dataset-30-micro-seconds-delay-2022-09-14,1,active,arff,19991.0,125.0,11.0,0.0,124.0,0.0,1860.0,1770.0
45521,timing-attack-dataset-30-micro-seconds-delay-2022-09-15,1,active,arff,19993.0,125.0,11.0,0.0,124.0,0.0,1849.0,1756.0
45522,timing-attack-dataset-30-micro-seconds-delay-2022-09-18,1,active,arff,9999.0,125.0,11.0,0.0,124.0,0.0,969.0,841.0
45523,timing-attack-dataset-30-micro-seconds-delay-2022-09-19,1,active,arff,9997.0,125.0,11.0,0.0,124.0,0.0,954.0,873.0
45524,timing-attack-dataset-30-micro-seconds-delay-2022-09-20,1,active,arff,19989.0,125.0,11.0,0.0,124.0,0.0,1877.0,1779.0
45525,timing-attack-dataset-30-micro-seconds-delay-2022-09-21,1,active,arff,9993.0,125.0,11.0,0.0,124.0,0.0,956.0,865.0
45526,timing-attack-dataset-35-micro-seconds-delay-2022-09-04,1,active,arff,9998.0,125.0,11.0,0.0,124.0,0.0,978.0,858.0
45527,timing-attack-dataset-35-micro-seconds-delay-2022-09-08,1,active,arff,19989.0,125.0,11.0,0.0,124.0,0.0,1878.0,1742.0
45528,timing-attack-dataset-35-micro-seconds-delay-2022-09-09,1,active,arff,19994.0,125.0,11.0,0.0,124.0,0.0,1923.0,1742.0
45529,timing-attack-dataset-35-micro-seconds-delay-2022-09-13,1,active,arff,19988.0,125.0,11.0,0.0,124.0,0.0,1881.0,1751.0
45530,timing-attack-dataset-35-micro-seconds-delay-2022-09-14,1,active,arff,19986.0,125.0,11.0,0.0,124.0,0.0,1892.0,1754.0
45531,timing-attack-dataset-35-micro-seconds-delay-2022-09-15,1,active,arff,19991.0,125.0,11.0,0.0,124.0,0.0,1859.0,1780.0
45532,timing-attack-dataset-35-micro-seconds-delay-2022-09-18,1,active,arff,9997.0,125.0,11.0,0.0,124.0,0.0,938.0,873.0
45533,timing-attack-dataset-35-micro-seconds-delay-2022-09-19,1,active,arff,9999.0,125.0,11.0,0.0,124.0,0.0,943.0,882.0
45534,timing-attack-dataset-35-micro-seconds-delay-2022-09-20,1,active,arff,19992.0,125.0,11.0,0.0,124.0,0.0,1898.0,1726.0
45535,timing-attack-dataset-35-micro-seconds-delay-2022-09-21,1,active,arff,9990.0,125.0,11.0,0.0,124.0,0.0,938.0,879.0
45536,Contaminant-detection-in-packaged-cocoa-hazelnut-spread-jars-using-Microwaves-Sensing-and-Machine-Learning-9.0GHz(Urbinati),1,active,arff,2400.0,31.0,0.0,0.0,31.0,0.0,,
45537,Contaminant-detection-in-packaged-cocoa-hazelnut-spread-jars-using-Microwaves-Sensing-and-Machine-Learning-9.5GHz(Urbinati),1,active,arff,2400.0,31.0,0.0,0.0,31.0,0.0,,
45538,Contaminant-detection-in-packaged-cocoa-hazelnut-spread-jars-using-Microwaves-Sensing-and-Machine-Learning-10.0GHz(Urbinati),1,active,arff,2400.0,31.0,0.0,0.0,31.0,0.0,,
45539,Contaminant-detection-in-packaged-cocoa-hazelnut-spread-jars-using-Microwaves-Sensing-and-Machine-Learning-10.5GHz(Urbinati),1,active,arff,2400.0,31.0,0.0,0.0,31.0,0.0,,
45540,Contaminant-detection-in-packaged-cocoa-hazelnut-spread-jars-using-Microwaves-Sensing-and-Machine-Learning-11.0GHz(Urbinati),1,active,arff,2400.0,31.0,0.0,0.0,31.0,0.0,,
45545,Tour-and-Travels-Customer-Churn-Prediction,1,active,arff,954.0,7.0,2.0,60.0,2.0,5.0,730.0,224.0
45547,Cardiovascular-Disease-dataset,1,active,arff,70000.0,12.0,2.0,0.0,5.0,7.0,35021.0,34979.0
45548,Otto-Group-Product-Classification-Challenge,1,active,arff,61878.0,94.0,9.0,0.0,93.0,1.0,16122.0,1929.0
45549,ATLAS-Higgs-Boson-Machine-Learning-Challenge-2014,1,active,arff,818238.0,31.0,2.0,0.0,30.0,1.0,538678.0,279560.0
45550,ATLAS-Higgs-Boson-Machine-Learning-Challenge-2014,2,active,arff,818238.0,31.0,2.0,5168486.0,30.0,1.0,538678.0,279560.0
45551,ATLAS-Higgs-Boson-Machine-Learning-Challenge-2014,3,active,arff,800000.0,31.0,2.0,5053446.0,30.0,1.0,526625.0,273375.0
45553,FICO-HELOC-cleaned,1,active,arff,9871.0,24.0,2.0,0.0,21.0,3.0,5136.0,4735.0
45554,FICO-HELOC-cleaned,2,active,arff,9871.0,24.0,2.0,12643.0,21.0,3.0,5136.0,4735.0
45556,Click,1,active,arff,1000000.0,12.0,2.0,0.0,11.0,1.0,500000.0,500000.0
45557,Mammographic-Mass-Data-Set,2,active,arff,961.0,5.0,2.0,160.0,2.0,3.0,516.0,445.0
45558,Pulsar-Dataset-HTRU2,2,active,arff,17898.0,9.0,2.0,0.0,8.0,1.0,16259.0,1639.0
45559,COIL2000-train,1,active,arff,5822.0,86.0,0.0,0.0,81.0,5.0,,
45560,online-shoppers-intention,2,active,arff,12330.0,18.0,2.0,0.0,10.0,8.0,10422.0,1908.0
45562,seismic-bumps,3,active,arff,2584.0,19.0,2.0,0.0,14.0,5.0,2414.0,170.0
45563,Dota2-Games-Results-Data-Set,1,active,arff,102944.0,117.0,2.0,0.0,0.0,117.0,54284.0,48660.0
45565,Adult-Census-Income,2,active,arff,32561.0,15.0,,4262.0,6.0,9.0,,
45566,SantanderCustomerSatisfaction,3,active,arff,200000.0,201.0,2.0,0.0,200.0,1.0,179902.0,20098.0
45567,hcdr_main,1,active,arff,307511.0,121.0,2.0,9152465.0,72.0,49.0,282686.0,24825.0
45568,telco-customer-churn,2,active,arff,7043.0,20.0,2.0,11.0,3.0,17.0,5174.0,1869.0
45569,DBLP-QuAD,1,active,arff,10000.0,10.0,9999.0,0.0,0.0,2.0,2.0,1.0
45570,Higgs,8,active,arff,11000000.0,29.0,2.0,0.0,28.0,1.0,5829123.0,5170877.0
45573,HotpotQA_distractor,1,active,arff,97852.0,7.0,,0.0,0.0,0.0,,
45574,web_questions,2,active,arff,5810.0,3.0,,0.0,0.0,0.0,,
45575,Epsilon,1,active,arff,500000.0,2001.0,2.0,0.0,2000.0,1.0,250222.0,249778.0
45577,Give-Me-Some-Credit,1,active,arff,150000.0,11.0,2.0,33655.0,10.0,1.0,139974.0,10026.0
45578,California-Housing-Classification,1,active,arff,20640.0,9.0,2.0,0.0,8.0,1.0,10323.0,10317.0
45579,Microsoft,2,active,arff,1200192.0,137.0,5.0,0.0,136.0,1.0,624263.0,8881.0
45580,churn-uplift-mlg,1,active,arff,11896.0,180.0,0.0,0.0,162.0,0.0,,
45581,cleaned-Edge-IIoTset,1,active,arff,1909671.0,49.0,,0.0,40.0,0.0,,
45582,cleaned-Edge-IIoTset,2,active,arff,1909671.0,49.0,,0.0,40.0,7.0,,
45583,click,1,active,arff,1000000.0,12.0,2.0,0.0,3.0,9.0,500000.0,500000.0
45584,Weather,20,active,arff,14.0,5.0,2.0,0.0,2.0,3.0,9.0,5.0
45585,Weather,21,active,arff,14.0,5.0,2.0,0.0,2.0,3.0,9.0,5.0
45586,Bank-Churn,1,active,arff,10000.0,14.0,0.0,0.0,11.0,0.0,,
45587,Weather,22,active,arff,14.0,5.0,2.0,0.0,2.0,3.0,9.0,5.0
45588,appendicitis_test,1,active,arff,106.0,8.0,0.0,0.0,8.0,0.0,,
45589,appendicitis_test,2,active,arff,106.0,8.0,0.0,0.0,8.0,0.0,,
45590,Weather,23,active,arff,14.0,5.0,2.0,0.0,2.0,3.0,9.0,5.0
45591,appendicitis_test_edsa,1,active,arff,106.0,8.0,0.0,0.0,8.0,0.0,,
45592,Student-Scores,1,active,arff,56.0,13.0,0.0,0.0,13.0,0.0,,
45593,Weather,24,active,arff,14.0,5.0,2.0,0.0,2.0,3.0,9.0,5.0
45594,Weather,25,active,arff,14.0,5.0,2.0,0.0,2.0,3.0,9.0,5.0
45595,Weather,26,active,arff,14.0,5.0,2.0,0.0,2.0,3.0,9.0,5.0
45596,Weather,27,active,arff,14.0,5.0,2.0,0.0,2.0,3.0,9.0,5.0
45597,Weather,28,active,arff,14.0,5.0,2.0,0.0,2.0,3.0,9.0,5.0
45598,Weather,29,active,arff,14.0,5.0,2.0,0.0,2.0,3.0,9.0,5.0
45599,Weather,30,active,arff,14.0,5.0,2.0,0.0,2.0,3.0,9.0,5.0
45600,Weather,31,active,arff,14.0,5.0,2.0,0.0,2.0,3.0,9.0,5.0
45601,Weather,32,active,arff,14.0,5.0,2.0,0.0,2.0,3.0,9.0,5.0
45602,Weather,33,active,arff,14.0,5.0,2.0,0.0,2.0,3.0,9.0,5.0
45603,Child_Growth,1,active,arff,80000.0,20.0,,0.0,3.0,0.0,,
45604,dummy,1,active,arff,1000.0,7.0,2.0,0.0,6.0,1.0,727.0,273.0
45605,Weather,34,active,arff,14.0,5.0,2.0,0.0,2.0,3.0,9.0,5.0
45606,Weather,35,active,arff,14.0,5.0,2.0,0.0,2.0,3.0,9.0,5.0
45607,Weather,36,active,arff,14.0,5.0,2.0,0.0,2.0,3.0,9.0,5.0
45608,Weather,37,active,arff,14.0,5.0,2.0,0.0,2.0,3.0,9.0,5.0
45609,Weather,38,active,arff,14.0,5.0,2.0,0.0,2.0,3.0,9.0,5.0
45610,Weather-Test,1,active,arff,14.0,5.0,2.0,0.0,2.0,3.0,9.0,5.0
45611,Weather-Test,2,active,arff,14.0,5.0,2.0,0.0,2.0,3.0,9.0,5.0
45612,Weather,39,active,arff,14.0,5.0,2.0,0.0,2.0,3.0,9.0,5.0
45613,appendicitis_test_edsa,2,active,arff,106.0,8.0,2.0,0.0,7.0,0.0,85.0,21.0
45614,Weather,40,active,arff,14.0,5.0,2.0,0.0,2.0,3.0,9.0,5.0
45615,appendicitis_test_edsa,3,active,arff,106.0,8.0,2.0,0.0,7.0,1.0,85.0,21.0
45616,Weather,41,active,arff,14.0,5.0,2.0,0.0,2.0,3.0,9.0,5.0
45617,SquareF,1,active,arff,1000.0,2.0,0.0,0.0,2.0,0.0,,
45618,Weather,42,active,arff,14.0,5.0,2.0,0.0,2.0,3.0,9.0,5.0
45619,Weather,43,active,arff,14.0,5.0,2.0,0.0,2.0,3.0,9.0,5.0
45620,Weather,44,active,arff,14.0,5.0,2.0,0.0,2.0,3.0,9.0,5.0
45621,Weather,45,active,arff,14.0,5.0,2.0,0.0,2.0,3.0,9.0,5.0
45622,Weather,46,active,arff,14.0,5.0,2.0,0.0,2.0,3.0,9.0,5.0
45623,Weather,47,active,arff,14.0,5.0,2.0,0.0,2.0,3.0,9.0,5.0
45624,Weather,48,active,arff,14.0,5.0,2.0,0.0,2.0,3.0,9.0,5.0
45625,Weather,49,active,arff,14.0,5.0,2.0,0.0,2.0,3.0,9.0,5.0
45626,Weather,50,active,arff,14.0,5.0,2.0,0.0,2.0,3.0,9.0,5.0
45627,Weather,51,active,arff,14.0,5.0,2.0,0.0,2.0,3.0,9.0,5.0
45646,rossmann_store_sales_processed,1,active,arff,804056.0,18.0,1.0,0.0,9.0,9.0,804056.0,804056.0
45647,rossmann_store_sales,1,active,arff,804056.0,18.0,0.0,0.0,10.0,8.0,,
45648,MIC,1,active,arff,1649.0,105.0,2.0,0.0,9.0,96.0,1392.0,257.0
45650,test,12,active,arff,30.0,6.0,0.0,0.0,5.0,0.0,,
45651,test,13,active,arff,30.0,6.0,0.0,0.0,5.0,0.0,,
45652,test,14,active,arff,30.0,5.0,0.0,0.0,5.0,0.0,,
45653,test,15,active,arff,30.0,5.0,0.0,0.0,5.0,0.0,,
45654,bates_classif_20,1,active,arff,5100000.0,21.0,2.0,0.0,20.0,1.0,2550423.0,2549577.0
45655,bates_regr_20,1,active,arff,5100000.0,21.0,0.0,0.0,21.0,0.0,,
45656,simulated_adult,1,active,arff,5100000.0,15.0,2.0,68.0,6.0,9.0,3832046.0,1267954.0
45657,simulated_bank_marketing,1,active,arff,5100000.0,17.0,0.0,76.0,8.0,9.0,,
45658,simulated_covertype,2,active,arff,5100000.0,11.0,0.0,0.0,11.0,0.0,,
45659,simulated_diamonds,2,active,arff,5100000.0,10.0,0.0,34.0,7.0,3.0,,
45660,simulated_electricity,2,active,arff,5100000.0,9.0,2.0,0.0,8.0,1.0,2939411.0,2160589.0
45661,simulated_physiochemical_protein,2,active,arff,5100000.0,10.0,0.0,0.0,10.0,0.0,,
45662,simulated_sgemm_gpu_kernel_performance,2,active,arff,5100000.0,15.0,0.0,0.0,15.0,0.0,,
45663,simulated_video_transcoding,1,active,arff,5100000.0,19.0,0.0,3.0,17.0,2.0,,
45664,subset_higgs,2,active,arff,5100000.0,29.0,0.0,0.0,29.0,0.0,,
45665,colon,2,active,arff,5100000.0,63.0,2.0,0.0,62.0,1.0,2550563.0,2549437.0
45666,friedman1,1,active,arff,5100000.0,11.0,0.0,0.0,11.0,0.0,,
45667,bates_regr_100,1,active,arff,5100000.0,101.0,0.0,0.0,101.0,0.0,,
45668,bates_classif_100,1,active,arff,5100000.0,101.0,2.0,0.0,100.0,1.0,2550705.0,2549295.0
45669,breast,4,active,arff,5100000.0,78.0,2.0,0.0,77.0,1.0,2550498.0,2549502.0
45670,chen_10_null,1,active,arff,5100000.0,61.0,0.0,0.0,61.0,0.0,,
45671,chen_10,1,active,arff,5100000.0,61.0,0.0,0.0,61.0,0.0,,
45672,prostate,2,active,arff,5100000.0,103.0,2.0,0.0,102.0,1.0,2550678.0,2549322.0
45674,a,2,active,arff,150.0,5.0,,0.0,4.0,1.0,,
45686,cylinder-bands,3,active,ARFF,540.0,38.0,2.0,999.0,18.0,20.0,312.0,228.0
45687,schizo,2,active,ARFF,340.0,15.0,2.0,834.0,12.0,3.0,177.0,163.0
45688,teachingAssistant,2,active,ARFF,151.0,6.0,3.0,0.0,1.0,5.0,52.0,49.0
45689,simulated_adult,2,active,arff,5100000.0,15.0,2.0,0.0,6.0,9.0,3832034.0,1267966.0
45690,simulated_bank_marketing,2,active,arff,5100000.0,17.0,0.0,0.0,8.0,9.0,,
45691,simulated_covertype,3,active,arff,5100000.0,11.0,0.0,0.0,11.0,0.0,,
45692,simulated_diamonds,3,active,arff,5100000.0,10.0,0.0,0.0,7.0,3.0,,
45693,simulated_electricity,3,active,arff,5100000.0,9.0,2.0,0.0,8.0,1.0,2939411.0,2160589.0
45694,simulated_physiochemical_protein,3,active,arff,5100000.0,10.0,0.0,0.0,10.0,0.0,,
45695,simulated_sgemm_gpu_kernel_performance,3,active,arff,5100000.0,15.0,0.0,0.0,15.0,0.0,,
45696,simulated_video_transcoding,2,active,arff,5100000.0,19.0,0.0,0.0,17.0,2.0,,
45699,simulated_bank_marketing,3,active,arff,5100000.0,17.0,0.0,0.0,8.0,9.0,,
45700,simulated_covertype,4,active,arff,5100000.0,11.0,0.0,0.0,11.0,0.0,,
45701,simulated_bank_marketing,4,active,arff,5100000.0,17.0,0.0,0.0,8.0,9.0,,
45702,simulated_covertype,5,active,arff,5100000.0,11.0,0.0,0.0,11.0,0.0,,
45703,simulated_bank_marketing,5,active,arff,5100000.0,17.0,2.0,0.0,7.0,10.0,4507263.0,592737.0
45704,simulated_covertype,6,active,arff,5100000.0,11.0,2.0,0.0,10.0,1.0,2550934.0,2549066.0
45705,cylinder-bands,4,active,ARFF,540.0,38.0,2.0,999.0,18.0,20.0,312.0,228.0
45706,cylinder-bands,5,active,ARFF,540.0,38.0,2.0,999.0,18.0,20.0,312.0,228.0
45707,cylinder-bands,6,active,ARFF,540.0,38.0,2.0,999.0,18.0,20.0,312.0,228.0
45711,doa_bwin,3,active,arff,530.0,14.0,2.0,0.0,11.0,3.0,354.0,176.0
45712,doa_bwin_balanced,1,active,arff,708.0,14.0,2.0,0.0,11.0,3.0,354.0,354.0
45714,PriceRunner,3,active,arff,35300.0,6.0,10.0,0.0,3.0,2.0,5501.0,2212.0
45716,ThermalPowerConsumptionMarsExpress60,1,active,arff,65952.0,518.0,,331128.0,518.0,0.0,,
45717,bwin_amlb,1,active,arff,530.0,14.0,2.0,0.0,11.0,3.0,354.0,176.0
45718,3D_Estimation_using_RSSI_of_WLAN_dataset,1,active,arff,5760.0,8.0,0.0,0.0,8.0,0.0,,
45719,3D_Estimation_using_RSSI_of_WLAN_dataset_complete,1,active,arff,14400.0,16.0,,0.0,15.0,0.0,,
45720,3D_Estimation_using_RSSI_of_WLAN_dataset_complete_1_target,1,active,arff,14400.0,16.0,0.0,0.0,15.0,0.0,,
45727,letter,4,active,arff,20000.0,42.0,,0.0,16.0,26.0,,
45732,MABL,1,active,arff,3.0,3.0,3.0,0.0,2.0,0.0,1.0,1.0
45734,sushi,1,active,arff,5000.0,136.0,,0.0,126.0,10.0,,
45735,movies,2,active,arff,260.0,79.0,,0.0,64.0,15.0,,
45736,libras,3,active,arff,360.0,105.0,,0.0,90.0,15.0,,
45737,yeast,12,active,arff,1484.0,18.0,,0.0,8.0,10.0,,
45738,movies,3,active,arff,260.0,79.0,,0.0,64.0,15.0,,
45739,covertype,14,active,arff,73503.0,4.0,2.0,0.0,2.0,0.0,45770.0,27733.0
45741,beans,1,active,arff,13611.0,23.0,,0.0,16.0,7.0,,
45742,covertype,15,active,arff,18182.0,14.0,0.0,2.0,9.0,0.0,,
45743,covertype,16,active,arff,18182.0,14.0,0.0,2.0,9.0,0.0,,
45744,CookbookReviews,1,active,arff,18182.0,14.0,0.0,2.0,9.0,0.0,,
45745,TestDatasetOfLocations,1,active,arff,73503.0,4.0,2.0,0.0,2.0,0.0,45770.0,27733.0
45746,cardiotocography,5,active,arff,2126.0,33.0,,0.0,23.0,10.0,,
45747,test,16,active,arff,73503.0,4.0,,0.0,2.0,0.0,,
45748,StudentsPerformance,2,active,arff,1000.0,8.0,2.0,0.0,3.0,0.0,518.0,482.0
45749,DrinkDataset,1,active,arff,73503.0,4.0,,0.0,0.0,0.0,,
45755,algae,1,active,arff,316.0,25.0,,0.0,25.0,0.0,,
45761,Amphibian,1,active,arff,189.0,16.0,0.0,0.0,15.0,0.0,,
45913,padding-attack-dataset-OpenSSL-1.1.1k-2021-07-23,1,active,arff,49977.0,117.0,11.0,2196060.0,116.0,0.0,4653.0,4401.0
45914,padding-attack-dataset-DamnVulnerableOpenSSL-2023-04-28,1,active,arff,219920.0,95.0,11.0,0.0,94.0,0.0,20123.0,19838.0
45915,padding-attack-dataset-OpenSSL097a-2023-04-28,1,active,arff,219913.0,125.0,11.0,6597360.0,124.0,0.0,20376.0,19859.0
45916,padding-attack-dataset-OpenSSL097b-2023-04-28,1,active,arff,219915.0,125.0,11.0,6597420.0,124.0,0.0,20257.0,19781.0
45917,padding-attack-dataset-OpenSSL111t-2023-04-28,1,active,arff,219900.0,95.0,11.0,0.0,94.0,0.0,20216.0,19726.0
45918,padding-attack-dataset-cisco-2023-12-04,1,active,arff,7714.0,253.0,11.0,1157656.0,252.0,0.0,737.0,641.0
45919,padding-attack-dataset-facebook-2023-12-05,1,active,arff,19487.0,181.0,11.0,1750620.0,180.0,0.0,1857.0,1718.0
45920,padding-attack-dataset-netscalergcm-2023-12-13,1,active,arff,7678.0,253.0,11.0,1195562.0,252.0,0.0,741.0,674.0
45921,padding-attack-dataset-panos-2023-12-13,1,active,arff,7869.0,197.0,11.0,612770.0,196.0,0.0,747.0,653.0
45922,Test_Dataset,8,active,arff,73503.0,3.0,2.0,0.0,0.0,0.0,45768.0,27735.0
45923,IndoorScenes,1,active,arff,15620.0,3.0,67.0,0.0,0.0,0.0,734.0,101.0
45924,test,17,active,arff,3.0,2.0,,0.0,1.0,0.0,,
45925,test,18,active,arff,189.0,17.0,,0.0,16.0,0.0,,
45926,test,19,active,arff,578.0,4.0,,0.0,4.0,0.0,,
45927,Products,1,active,arff,73503.0,4.0,5.0,0.0,2.0,2.0,18037.0,13866.0
45928,Ortho3view,1,active,arff,5372.0,11.0,,9.0,7.0,0.0,,
45929,DATASETBANK,1,active,arff,2000.0,12.0,,0.0,10.0,0.0,,
45930,AutoDescDataset,1,active,arff,73503.0,4.0,,0.0,2.0,2.0,,
45932,RCM,2,active,arff,12810.0,7.0,,81249.0,7.0,0.0,,
45933,HousingPrices,1,active,arff,924.0,8.0,,4.0,5.0,1.0,,
45934,HousingPrices,2,active,arff,924.0,8.0,,4.0,5.0,1.0,,
45935,FX-CAD-USD,1,active,arff,262.0,7.0,,0.0,6.0,0.0,,
45936,IndoorScenes,2,active,arff,15620.0,3.0,67.0,0.0,0.0,2.0,734.0,101.0
45938,credit-score-classification-Hzl,1,active,arff,100000.0,28.0,3.0,62162.0,16.0,0.0,53174.0,17828.0
45939,132,1,active,arff,902.0,4.0,2.0,0.0,0.0,0.0,459.0,443.0
45940,LoginDataForCE,1,active,arff,1441.0,8.0,,0.0,3.0,0.0,,
45941,User-Ravi,1,active,arff,1360.0,28.0,,4430.0,5.0,0.0,,
45942,User-Ravi,2,active,arff,1360.0,28.0,,4430.0,5.0,0.0,,
45943,bla,1,active,arff,1075.0,10.0,,0.0,0.0,10.0,,
45944,None,1,active,arff,865247.0,23.0,,1514769.0,14.0,5.0,,
45945,Jeepneys,1,active,arff,204.0,22.0,,1473.0,4.0,0.0,,
45946,Jeepneys,2,active,arff,204.0,22.0,,1473.0,4.0,0.0,,
45947,Jeepneys,3,active,arff,204.0,22.0,,1473.0,4.0,0.0,,
45948,Electric_Vehicles,1,active,arff,181458.0,17.0,,421.0,4.0,10.0,,
45949,Heart_Failure_Prediction_-_Clinical_Records_,1,active,arff,5000.0,13.0,,0.0,0.0,0.0,,
45950,Heart_Failure_Prediction,1,active,arff,5000.0,13.0,,0.0,13.0,0.0,,
45951,Lichess_Games_Dataset,1,active,arff,20058.0,16.0,,0.0,4.0,8.0,,
45952,Linkedin_Job_Postings,1,active,arff,123849.0,28.0,,1133501.0,7.0,9.0,,
45954,Crime_Data_from_2020_to_present_in_Los_Angeles,1,active,arff,932140.0,28.0,,5113856.0,15.0,0.0,,
45955,Credit_Card_Fraud_,1,active,arff,1000000.0,8.0,,0.0,8.0,0.0,,
45956,Laboratorio_dataset_car,3,active,arff,1750.0,7.0,,0.0,0.0,0.0,,
45957,Trina,1,active,arff,28389.0,9.0,,0.0,9.0,0.0,,
45958,Trina,2,active,arff,28389.0,9.0,,0.0,9.0,0.0,,
45959,Trina,3,active,arff,28389.0,9.0,,0.0,9.0,0.0,,
45960,Trina,4,active,arff,28389.0,9.0,,0.0,9.0,0.0,,
45961,(Non-)depressive_tweet_data,1,active,arff,134348.0,3.0,,18.0,0.0,1.0,,
45962,(Non-)depressive_tweet_data,2,active,arff,134348.0,3.0,,18.0,0.0,1.0,,
45966,BraidFlow,1,active,arff,72.0,124.0,3.0,159.0,117.0,6.0,37.0,17.0
45968,BraidFlowSessionLevel,1,active,arff,2364.0,124.0,3.0,0.0,117.0,6.0,1156.0,532.0
45969,Obesity,1,active,arff,2111.0,17.0,,0.0,8.0,9.0,,
45970,CrypAnalysis,1,active,arff,34497.0,8.0,,0.0,6.0,0.0,,
45972,BTC,1,active,arff,4857377.0,8.0,,8705256.0,7.0,0.0,,
46000,flycraft-demonstrations,1,active,arff,2872051.0,14.0,,0.0,14.0,0.0,,
46001,GPT-Tweets,1,active,arff,219294.0,3.0,,0.0,1.0,0.0,,
46002,GPT-Tweets,2,active,arff,219294.0,3.0,,0.0,1.0,0.0,,
46003,GPT-Tweets,3,active,arff,219294.0,3.0,,0.0,1.0,0.0,,
46004,GPT-Tweets,4,active,arff,219294.0,3.0,,0.0,1.0,0.0,,
46005,GPT-Tweets,5,active,arff,219294.0,3.0,,0.0,1.0,0.0,,
46006,GPT-Tweets,6,active,arff,219294.0,3.0,,0.0,1.0,0.0,,
46007,GPT-Tweets,7,active,arff,219294.0,3.0,,0.0,1.0,0.0,,
46008,GPT-Tweets,8,active,arff,219294.0,3.0,,0.0,1.0,0.0,,
46009,GPT-Tweets,9,active,arff,219294.0,3.0,,0.0,1.0,0.0,,
46010,GPT-Tweets,10,active,arff,219294.0,3.0,,0.0,1.0,0.0,,
46011,flycraft-demonstrations,2,active,arff,2892731.0,14.0,,0.0,14.0,0.0,,
46012,flycraft-demonstrations,3,active,arff,3106516.0,14.0,,0.0,14.0,0.0,,
46013,flycraft-demonstrations,4,active,arff,3232896.0,14.0,,0.0,14.0,0.0,,
46014,flycraft-demonstrations,5,active,arff,3895791.0,14.0,,0.0,14.0,0.0,,
46015,flycraft-demonstrations,6,active,arff,4045887.0,14.0,,0.0,14.0,0.0,,
46016,flycraft-demonstrations,7,active,arff,4506827.0,14.0,,0.0,14.0,0.0,,
46017,flycraft-demonstrations,8,active,arff,4643048.0,14.0,,0.0,14.0,0.0,,
46019,crop.data,1,active,arff,96.0,4.0,,0.0,4.0,0.0,,
46025,Stylized_Meta_Album_APL_STY_Extended,1,active,arff,204100.0,7.0,20.0,0.0,0.0,0.0,16920.0,6120.0
46026,Stylized_Meta_Album_APL_STY_Mini,2,active,arff,16000.0,7.0,20.0,0.0,0.0,0.0,800.0,800.0
46027,Stylized_Meta_Album_APL_Extended,1,active,arff,10205.0,2.0,20.0,0.0,0.0,0.0,846.0,306.0
46028,Stylized_Meta_Album_APL_Mini,1,active,arff,800.0,2.0,20.0,0.0,0.0,0.0,40.0,40.0
46029,Stylized_Meta_Album_AWA_STY_Extended,1,active,arff,437820.0,7.0,20.0,0.0,0.0,0.0,32900.0,17360.0
46030,Stylized_Meta_Album_AWA_STY_Mini,1,active,arff,16000.0,7.0,20.0,0.0,0.0,0.0,800.0,800.0
46031,Stylized_Meta_Album_AWA_Extended,1,active,arff,21891.0,2.0,20.0,0.0,0.0,0.0,1645.0,868.0
46032,Stylized_Meta_Album_AWA_Mini,1,active,arff,800.0,2.0,20.0,0.0,0.0,0.0,40.0,40.0
46033,Stylized_Meta_Album_BRD_STY_Extended,1,active,arff,90620.0,7.0,20.0,0.0,0.0,0.0,5460.0,4260.0
46034,Stylized_Meta_Album_BRD_STY_Mini,1,active,arff,16000.0,7.0,20.0,0.0,0.0,0.0,800.0,800.0
46035,Stylized_Meta_Album_BRD_Extended,1,active,arff,4531.0,2.0,20.0,0.0,0.0,0.0,273.0,213.0
46036,Stylized_Meta_Album_BRD_Mini,1,active,arff,800.0,2.0,20.0,0.0,0.0,0.0,40.0,40.0
46037,Stylized_Meta_Album_DOG_STY_Extended,1,active,arff,84880.0,7.0,20.0,0.0,0.0,0.0,5040.0,3920.0
46038,Stylized_Meta_Album_DOG_STY_Mini,1,active,arff,16000.0,7.0,20.0,0.0,0.0,0.0,800.0,800.0
46039,Stylized_Meta_Album_DOG_Extended,1,active,arff,4244.0,2.0,20.0,0.0,0.0,0.0,252.0,196.0
46040,Stylized_Meta_Album_DOG_Mini,1,active,arff,800.0,2.0,20.0,0.0,0.0,0.0,40.0,40.0
46041,Stylized_Meta_Album_INS2_STY_Extended,1,active,arff,600000.0,7.0,20.0,0.0,0.0,0.0,30000.0,30000.0
46042,Stylized_Meta_Album_INS2_STY_Mini,1,active,arff,16000.0,7.0,20.0,0.0,0.0,0.0,800.0,800.0
46043,Stylized_Meta_Album_INS2_Extended,1,active,arff,30000.0,2.0,20.0,0.0,0.0,0.0,1500.0,1500.0
46044,Stylized_Meta_Album_INS2_Mini,1,active,arff,800.0,2.0,20.0,0.0,0.0,0.0,40.0,40.0
46045,Stylized_Meta_Album_MED_LF_STY_Extended,1,active,arff,27900.0,7.0,20.0,0.0,0.0,0.0,2440.0,1120.0
46046,Stylized_Meta_Album_MED_LF_STY_Mini,1,active,arff,16000.0,7.0,20.0,0.0,0.0,0.0,800.0,800.0
46047,Stylized_Meta_Album_MED_LF_Extended,1,active,arff,1395.0,2.0,20.0,0.0,0.0,0.0,122.0,56.0
46048,Stylized_Meta_Album_MED_LF_Mini,1,active,arff,800.0,2.0,20.0,0.0,0.0,0.0,40.0,40.0
46049,Stylized_Meta_Album_PLT_DOC_STY_Extended,1,active,arff,42620.0,7.0,20.0,0.0,0.0,0.0,3820.0,1380.0
46050,Stylized_Meta_Album_PLT_DOC_STY_Mini,1,active,arff,16000.0,7.0,20.0,0.0,0.0,0.0,800.0,800.0
46051,Stylized_Meta_Album_PLT_DOC_Extended,1,active,arff,2135.0,2.0,20.0,0.0,0.0,0.0,191.0,69.0
46052,Stylized_Meta_Album_PLT_DOC_Mini,1,active,arff,800.0,2.0,20.0,0.0,0.0,0.0,40.0,40.0
46053,Stylized_Meta_Album_PLT_NET_STY_Extended,1,active,arff,600000.0,7.0,20.0,0.0,0.0,0.0,30000.0,30000.0
46054,Stylized_Meta_Album_PLT_NET_STY_Mini,1,active,arff,16000.0,7.0,20.0,0.0,0.0,0.0,800.0,800.0
46055,Stylized_Meta_Album_PLT_NET_Extended,1,active,arff,30000.0,2.0,20.0,0.0,0.0,0.0,1500.0,1500.0
46056,Stylized_Meta_Album_PLT_NET_Mini,1,active,arff,800.0,2.0,20.0,0.0,0.0,0.0,40.0,40.0
46057,Stylized_Meta_Album_RESISC_STY_Extended,1,active,arff,280000.0,7.0,20.0,0.0,0.0,0.0,14000.0,14000.0
46058,Stylized_Meta_Album_RESISC_STY_Mini,1,active,arff,16000.0,7.0,20.0,0.0,0.0,0.0,800.0,800.0
46060,Stylized_Meta_Album_RESISC_Extended,2,active,arff,14000.0,2.0,20.0,0.0,0.0,0.0,700.0,700.0
46061,Stylized_Meta_Album_RESISC_Mini,1,active,arff,800.0,2.0,20.0,0.0,0.0,0.0,40.0,40.0
46062,Stylized_Meta_Album_RSICB_STY_Extended,1,active,arff,373820.0,7.0,20.0,0.0,0.0,0.0,26620.0,11060.0
46063,Stylized_Meta_Album_RSICB_STY_Mini,1,active,arff,16000.0,7.0,20.0,0.0,0.0,0.0,800.0,800.0
46064,Stylized_Meta_Album_RSICB_Extended,1,active,arff,18691.0,2.0,20.0,0.0,0.0,0.0,1331.0,553.0
46065,Stylized_Meta_Album_RSICB_Mini,1,active,arff,800.0,2.0,20.0,0.0,0.0,0.0,40.0,40.0
46066,Stylized_Meta_Album_SPT_STY_Extended,1,active,arff,70220.0,7.0,20.0,0.0,0.0,0.0,4020.0,3220.0
46067,Stylized_Meta_Album_SPT_STY_Mini,1,active,arff,16000.0,7.0,20.0,0.0,0.0,0.0,800.0,800.0
46068,Stylized_Meta_Album_SPT_Extended,1,active,arff,3511.0,2.0,20.0,0.0,0.0,0.0,201.0,161.0
46069,Stylized_Meta_Album_SPT_Mini,1,active,arff,800.0,2.0,20.0,0.0,0.0,0.0,40.0,40.0
46070,Stylized_Meta_Album_TEX_DTD_STY_Extended,1,active,arff,48000.0,7.0,20.0,0.0,0.0,0.0,2400.0,2400.0
46071,Stylized_Meta_Album_TEX_DTD_STY_Mini,1,active,arff,16000.0,7.0,20.0,0.0,0.0,0.0,800.0,800.0
46072,Stylized_Meta_Album_TEX_DTD_Extended,1,active,arff,2400.0,2.0,20.0,0.0,0.0,0.0,120.0,120.0
46073,Stylized_Meta_Album_TEX_DTD_Mini,1,active,arff,800.0,2.0,20.0,0.0,0.0,0.0,40.0,40.0
46075,Marvel_Movies_Dataset,1,active,arff,36.0,18.0,,0.0,6.0,3.0,,
46076,AIDS_Virus_Infection_Prediction,1,active,arff,50000.0,23.0,,0.0,23.0,0.0,,
46077,Melbourne_Housing_Snapshot,1,active,arff,13580.0,21.0,,13256.0,9.0,10.0,,
46078,Income_Adult_Predictor,1,active,arff,32561.0,15.0,,4262.0,6.0,9.0,,
46079,Online_Sales,1,active,arff,240.0,9.0,,0.0,3.0,3.0,,
46080,Largest_Companies_in_the_World,1,active,arff,8401.0,6.0,,3.0,2.0,1.0,,
46081,Dog_Breeds_Ranked,1,active,arff,87.0,19.0,,0.0,6.0,10.0,,
46082,Thyroid_Disease,1,active,arff,383.0,17.0,,0.0,1.0,14.0,,
46084,Retail_Transaction_Dataset,1,active,arff,100000.0,10.0,,0.0,5.0,3.0,,
46085,Water_Quality,1,active,arff,1259444.0,25.0,,10222268.0,10.0,0.0,,
46087,Amazon_Prime_Fiction,1,active,arff,2500.0,19.0,,0.0,2.0,10.0,,
46088,London_Bus_Safety,1,active,arff,23158.0,12.0,,0.0,0.0,10.0,,
46089,None,2,active,arff,25000.0,19.0,,0.0,11.0,8.0,,
46090,Diversity_in_Tech_Companies,1,active,arff,94.0,11.0,,1.0,3.0,3.0,,
46094,Parkinson_Dataset,1,active,arff,195.0,24.0,,0.0,21.0,2.0,,
46095,Financial_Allocations_Russia-Ukraine_War_2024,1,active,arff,41.0,7.0,,7.0,5.0,2.0,,
46096,Economic_Census_Delhi,1,active,arff,875308.0,25.0,,0.0,9.0,13.0,,
46099,Phishing_Email_Dataset,1,active,arff,82486.0,2.0,,0.0,0.0,1.0,,
46101,FitBit_Sleep,1,active,arff,198559.0,4.0,,0.0,0.0,3.0,,
46102,FitBit_Steps,1,active,arff,1445040.0,3.0,,0.0,1.0,1.0,,
46103,FitBit_HeartRate,1,active,arff,1154681.0,3.0,,0.0,1.0,1.0,,
46105,Oilst_Customers_Dataset,1,active,arff,99441.0,5.0,,0.0,1.0,2.0,,
46106,Oilst_Order_Items,1,active,arff,112650.0,7.0,,0.0,2.0,1.0,,
46115,Diabetes_Dataset,1,active,arff,768.0,9.0,,0.0,9.0,0.0,,
46116,German-Credit-Risk-with-Target,1,active,arff,1000.0,10.0,2.0,577.0,4.0,5.0,700.0,300.0
46118,BitInfoCharts-raw,1,active,arff,5629.0,20.0,,9163.0,19.0,0.0,,
46119,BitInfoCharts-wo-tweets,1,active,arff,4792.0,19.0,,402.0,18.0,0.0,,
46120,BitInfoCharts-clean,1,active,arff,3262.0,20.0,,85.0,19.0,0.0,,
46123,Pedestrian-Counting-System-Melbourne,1,active,arff,132209.0,110.0,,8604673.0,109.0,0.0,,
46125,car_rental_process,1,active,arff,22.0,3.0,,0.0,1.0,1.0,,
46126,car_rental_process,2,active,arff,22.0,3.0,,0.0,1.0,1.0,,
46127,car_rental_process,3,active,arff,22.0,3.0,,0.0,1.0,1.0,,
46128,car_rental_process,4,active,arff,22.0,3.0,,0.0,1.0,1.0,,
46129,car_rental_process,5,active,arff,22.0,3.0,,0.0,1.0,1.0,,
46130,aids.id,1,active,arff,467.0,7.0,0.0,0.0,3.0,4.0,,
46131,gbsg,1,active,arff,2232.0,9.0,0.0,0.0,9.0,0.0,,
46132,NCI_60_Thioguanine,1,active,arff,60.0,49.0,0.0,1.0,49.0,0.0,,
46133,liverTox_ALT_target,1,active,arff,64.0,3117.0,0.0,0.0,3117.0,0.0,,
46134,Acute_Myeloid_Leukemia,1,active,arff,1875.0,4252.0,0.0,0.0,4252.0,0.0,,
46135,Cancer_Drug_Response,1,active,arff,475.0,698.0,0.0,0.0,698.0,0.0,,
46137,Cancer_Drug_Response,3,active,arff,822.0,34674.0,0.0,0.0,34674.0,0.0,,
46138,Cancer_Drug_Response_expression,1,active,arff,475.0,698.0,0.0,0.0,698.0,0.0,,
46139,Cancer_Drug_Response_methylation,1,active,arff,475.0,809.0,0.0,0.0,809.0,0.0,,
46140,Cancer_Drug_Response_mutation,1,active,arff,822.0,34674.0,0.0,0.0,34674.0,0.0,,
46141,Cancer_Drug_Response_copynumber,1,active,arff,475.0,711.0,0.0,252.0,711.0,0.0,,
46142,metabric,1,active,arff,1903.0,11.0,0.0,0.0,11.0,0.0,,
46144,support,2,active,arff,4000.0,16.0,0.0,0.0,16.0,0.0,,
46145,colrec,1,active,arff,5578.0,7.0,0.0,0.0,5.0,2.0,,
46146,rdata,1,active,arff,1040.0,5.0,0.0,0.0,4.0,1.0,,
46147,child,1,active,arff,26574.0,6.0,0.0,0.0,3.0,3.0,,
46148,cost,1,active,arff,518.0,15.0,0.0,0.0,5.0,10.0,,
46149,dataFTR,1,active,arff,2206.0,4.0,0.0,0.0,4.0,0.0,,
46150,dataSTR,1,active,arff,546.0,6.0,0.0,0.0,6.0,0.0,,
46151,ova,1,active,arff,358.0,7.0,0.0,0.0,4.0,3.0,,
46152,wbc1,1,active,arff,190.0,4.0,0.0,0.0,4.0,0.0,,
46153,uis,1,active,arff,575.0,14.0,0.0,0.0,13.0,1.0,,
46154,channing,1,active,arff,458.0,4.0,0.0,0.0,4.0,0.0,,
46155,kidtran,1,active,arff,863.0,5.0,0.0,0.0,5.0,0.0,,
46156,std,1,active,arff,877.0,23.0,0.0,0.0,19.0,4.0,,
46157,e1684,1,active,arff,284.0,5.0,0.0,0.0,5.0,0.0,,
46158,aids2,1,active,arff,2814.0,6.0,0.0,0.0,4.0,2.0,,
46159,CarpenterFdaData,1,active,arff,408.0,27.0,0.0,0.0,27.0,0.0,,
46160,liver,1,active,arff,488.0,4.0,0.0,0.0,4.0,0.0,,
46161,flchain,1,active,arff,4000.0,9.0,0.0,0.0,6.0,3.0,,
46162,lung,2,active,arff,167.0,10.0,0.0,0.0,8.0,2.0,,
46163,mgus,1,active,arff,176.0,9.0,0.0,0.0,8.0,1.0,,
46164,nafld1,1,active,arff,12588.0,7.0,0.0,0.0,6.0,1.0,,
46165,nwtco,1,active,arff,4028.0,5.0,0.0,0.0,4.0,1.0,,
46166,veteran,3,active,arff,137.0,8.0,0.0,0.0,5.0,3.0,,
46167,hdfail,1,active,arff,52410.0,7.0,0.0,0.0,6.0,1.0,,
46168,grace,1,active,arff,1000.0,8.0,0.0,0.0,8.0,0.0,,
46169,whas,1,active,arff,481.0,11.0,0.0,0.0,9.0,2.0,,
46170,patient,2,active,arff,1985.0,9.0,0.0,0.0,6.0,3.0,,
46171,tumor,1,active,arff,776.0,9.0,0.0,0.0,8.0,1.0,,
46172,bladder0,1,active,arff,397.0,5.0,0.0,0.0,4.0,1.0,,
46173,King-rook-vs-King,1,active,arff,28056.0,7.0,18.0,0.0,0.0,7.0,4553.0,27.0
46174,Flare,1,active,arff,1066.0,12.0,6.0,0.0,0.0,12.0,331.0,43.0
46175,Flare,2,active,arff,1066.0,12.0,6.0,0.0,0.0,12.0,331.0,43.0
46176,Flare,3,active,arff,1066.0,12.0,6.0,0.0,0.0,12.0,331.0,43.0
46177,Flare,4,active,arff,1066.0,12.0,6.0,0.0,0.0,12.0,331.0,43.0
46178,Flare,5,active,arff,1066.0,12.0,6.0,0.0,0.0,12.0,331.0,43.0
46179,Flare,6,active,arff,1066.0,12.0,6.0,0.0,0.0,12.0,331.0,43.0
46180,Flare,7,active,arff,1066.0,12.0,6.0,0.0,0.0,12.0,331.0,43.0
46181,Flare,8,active,arff,1066.0,12.0,6.0,0.0,0.0,12.0,331.0,43.0
46182,Flare,9,active,arff,1066.0,12.0,6.0,0.0,0.0,12.0,331.0,43.0
46183,Flare,10,active,arff,1066.0,12.0,6.0,0.0,0.0,12.0,331.0,43.0
46184,Flare,11,active,arff,1066.0,12.0,6.0,0.0,0.0,12.0,331.0,43.0
46187,test_surv,1,active,arff,100.0,3.0,,0.0,3.0,0.0,,
46194,seclogs_1,1,active,arff,65532.0,12.0,,0.0,11.0,0.0,,
46195,seclogs_1,2,active,arff,65532.0,12.0,,0.0,11.0,0.0,,
46196,seclogs_1,3,active,arff,65532.0,12.0,,0.0,11.0,0.0,,
46197,firewall_logs1,1,active,arff,65532.0,12.0,,0.0,11.0,0.0,,
46198,firewall_logs1,2,active,arff,65532.0,12.0,,0.0,11.0,0.0,,
46199,firewall_logs1,3,active,arff,65532.0,12.0,,0.0,11.0,0.0,,
46200,firewall_logs1,4,active,arff,65532.0,12.0,,0.0,11.0,0.0,,
46208,Banknote,1,active,arff,1372.0,2.0,,0.0,2.0,0.0,,
46209,ETTh1,1,active,arff,17420.0,10.0,,0.0,8.0,1.0,,
46210,ETTh2,1,active,arff,17420.0,10.0,,0.0,8.0,1.0,,
46211,ETTm1,1,active,arff,69680.0,10.0,,0.0,8.0,1.0,,
46212,ETTm2,1,active,arff,69680.0,10.0,,0.0,8.0,1.0,,
46213,ILINet,1,active,arff,1099.0,12.0,,0.0,10.0,1.0,,
46214,Electricity,15,active,arff,105217.0,319.0,,0.0,317.0,1.0,,
46216,Rainfall-Temperature-Aus-hourly,1,active,arff,8058447.0,8.0,,492318.0,5.0,2.0,,
46217,FRED-MD,1,active,arff,778.0,119.0,,0.0,117.0,1.0,,
46219,Weather-Beutenberg,1,active,arff,1078742.0,24.0,,243919.0,22.0,1.0,,
46220,Weather-Saaleaue,1,active,arff,1151865.0,33.0,,391940.0,31.0,1.0,,
46221,Weather-Versuchsbeete,1,active,arff,916772.0,36.0,,730081.0,34.0,1.0,,
46222,USGasoline,1,active,arff,1737.0,4.0,,0.0,2.0,1.0,,
46223,M3-competition-year,1,active,arff,18319.0,5.0,,0.0,2.0,2.0,,
46224,M3-competition-quarter,1,active,arff,37004.0,5.0,,0.0,2.0,2.0,,
46225,M3-competition-month,1,active,arff,167562.0,5.0,,0.0,2.0,2.0,,
46226,M3-competition-other,1,active,arff,13325.0,4.0,,0.0,2.0,2.0,,
46227,M4-competition-yearly,1,active,arff,858458.0,5.0,,0.0,2.0,2.0,,
46228,M4-competition-quarterly,1,active,arff,2406108.0,5.0,,0.0,2.0,2.0,,
46229,M4-competition-monthly,1,active,arff,11246411.0,5.0,,0.0,2.0,2.0,,
46230,M4-competition-weekly,1,active,arff,371579.0,5.0,,0.0,2.0,2.0,,
46231,M4-competition-daily,1,active,arff,10023836.0,5.0,,0.0,2.0,2.0,,
46232,M4-competition-hourly,1,active,arff,373372.0,5.0,,0.0,2.0,2.0,,
46233,Tourism-competition-yearly,1,active,arff,12678.0,4.0,,0.0,2.0,1.0,,
46234,Tourism-competition-quarterly,1,active,arff,42544.0,4.0,,0.0,2.0,1.0,,
46235,Tourism-competition-monthly,1,active,arff,109280.0,4.0,,0.0,2.0,1.0,,
46236,CIF-2016-competition,1,active,arff,7108.0,3.0,,0.0,2.0,1.0,,
46237,Australian-Electricity-Demand,1,active,arff,1155264.0,5.0,,0.0,2.0,2.0,,
46238,Dominick,1,active,arff,19092987.0,3.0,,0.0,2.0,1.0,,
46239,BitInfoCharts-clean-preprocessed,1,active,arff,3262.0,22.0,,0.0,20.0,1.0,,
46240,BitInfoCharts-wo-tweets-preprocessed,1,active,arff,4792.0,21.0,,0.0,19.0,1.0,,
46241,Pedestrian-Counting-System-Melbourne-preprocessed,1,active,arff,43824.0,54.0,,151586.0,52.0,1.0,,
46243,Car-Parts,1,active,arff,51.0,2677.0,,0.0,2675.0,1.0,,
46244,Rideshare,1,active,arff,77904.0,21.0,,0.0,16.0,4.0,,
46245,Hospital,1,active,arff,64428.0,6.0,,0.0,2.0,3.0,,
46246,Covid19-global,1,active,arff,313182.0,10.0,,0.0,6.0,3.0,,
46247,Covid19-us,1,active,arff,3819906.0,15.0,,0.0,7.0,7.0,,
46248,Sunspot-daily,1,active,arff,75233.0,6.0,,6480.0,4.0,1.0,,
46249,Saugeen-River-Daily,1,active,arff,23741.0,4.0,,0.0,2.0,1.0,,
46250,US-Births,1,active,arff,7305.0,4.0,,0.0,2.0,1.0,,
46251,Solar-Power,1,active,arff,7397222.0,4.0,,0.0,2.0,1.0,,
46252,Wind-Power,1,active,arff,7397147.0,4.0,,0.0,2.0,1.0,,
46253,MCAD,1,active,arff,124.0,11.0,,0.0,10.0,0.0,,
46254,Diabetes_Dataset,2,active,arff,768.0,9.0,,0.0,9.0,0.0,,
46255,Student_Performance_Dataset,1,active,arff,2392.0,15.0,,0.0,15.0,0.0,,
46258,sonar,2,active,arff,207.0,61.0,,0.0,60.0,0.0,,
46259,Electricity-hourly,1,active,arff,26305.0,319.0,,0.0,317.0,1.0,,
46260,FRED-QD,1,active,arff,258.0,204.0,,0.0,202.0,1.0,,
46262,Vehicle-Trips,1,active,arff,29826.0,5.0,,9276.0,3.0,1.0,,
46263,weather_and_campsite_germany,1,active,arff,4255.0,36.0,,3334.0,34.0,0.0,,
46264,mabbob_ela_as_2d_classify,1,active,arff,1120.0,46.0,5.0,0.0,45.0,0.0,656.0,18.0
46265,mabbob_ela_as_2d_regression_DiagonalCMA,1,active,arff,1120.0,46.0,0.0,0.0,46.0,0.0,,
46266,mabbob_ela_as_2d_regression_DifferentialEvolution,1,active,arff,1120.0,46.0,0.0,0.0,46.0,0.0,,
46267,mabbob_ela_as_2d_regression_modcma,1,active,arff,1120.0,46.0,0.0,0.0,46.0,0.0,,
46268,mabbob_ela_as_2d_regression_modde,1,active,arff,1120.0,46.0,0.0,0.0,46.0,0.0,,
46269,mabbob_ela_as_2d_regression_RCobyla,1,active,arff,1120.0,46.0,0.0,0.0,46.0,0.0,,
46270,mabbob_ela_as_5d_classify,1,active,arff,1120.0,46.0,4.0,0.0,45.0,0.0,737.0,12.0
46271,mabbob_ela_as_5d_regression_DiagonalCMA,1,active,arff,1120.0,46.0,0.0,0.0,46.0,0.0,,
46272,mabbob_ela_as_5d_regression_DifferentialEvolution,1,active,arff,1120.0,46.0,0.0,0.0,46.0,0.0,,
46273,mabbob_ela_as_5d_regression_modcma,1,active,arff,1120.0,46.0,0.0,0.0,46.0,0.0,,
46274,mabbob_ela_as_5d_regression_modde,1,active,arff,1120.0,46.0,0.0,0.0,46.0,0.0,,
46275,mabbob_ela_as_5d_regression_RCobyla,1,active,arff,1120.0,46.0,0.0,0.0,46.0,0.0,,
46276,Fuel-Price,1,active,arff,41406.0,6.0,,24.0,3.0,0.0,,
46277,beer1e,1,active,arff,536.0,1.0,,0.0,0.0,0.0,,
46279,algerian_forest_fires,1,active,arff,243.0,14.0,2.0,0.0,13.0,1.0,137.0,106.0
46280,blastchar,1,active,arff,7043.0,20.0,2.0,11.0,3.0,17.0,5174.0,1869.0
46281,insurance_company,1,active,arff,9822.0,86.0,2.0,0.0,23.0,63.0,9236.0,586.0
46282,internet_usage,2,active,arff,10108.0,69.0,2.0,309.0,1.0,68.0,7393.0,2715.0
46283,appliances_energy_prediction,1,active,arff,19735.0,28.0,0.0,0.0,28.0,0.0,,
46284,bengaluru_real_estate_price,1,active,arff,13320.0,8.0,0.0,682.0,4.0,4.0,,
46285,beijing_pm,1,active,arff,41757.0,12.0,0.0,0.0,11.0,1.0,,
46286,communities_and_crime,1,active,arff,1994.0,123.0,0.0,36851.0,123.0,0.0,,
46287,computer_hardware,1,active,arff,209.0,9.0,0.0,0.0,8.0,1.0,,
46288,kegg_metabolic_directed,1,active,arff,53413.0,23.0,0.0,0.0,23.0,0.0,,
46289,medical_cost,1,active,arff,1338.0,7.0,0.0,0.0,3.0,4.0,,
46292,servo,2,active,arff,167.0,5.0,0.0,0.0,3.0,2.0,,
46293,ujiindoorloc_latitude,1,active,arff,21048.0,526.0,0.0,0.0,526.0,0.0,,
46294,ujiindoorloc_longitude,1,active,arff,21048.0,526.0,0.0,0.0,526.0,0.0,,
46295,qsar_aquatic_toxicity,1,active,arff,546.0,9.0,0.0,0.0,9.0,0.0,,
46297,seoul_bike_sharing_demand,1,active,arff,8760.0,14.0,0.0,0.0,10.0,3.0,,
46298,electrical_grid_stability_simulated_classification,1,active,arff,10000.0,13.0,2.0,0.0,12.0,1.0,6380.0,3620.0
46299,electrical_grid_stability_simulated_regression,1,active,arff,10000.0,13.0,0.0,0.0,13.0,0.0,,
46300,relative_location_of_ct,1,active,arff,53500.0,385.0,0.0,0.0,385.0,0.0,,
46301,UNSW_NB15,1,active,arff,54296.0,46.0,0.0,0.0,42.0,0.0,,
46302,UNSW_NB15,2,active,arff,62000.0,46.0,0.0,12.0,39.0,0.0,,
46303,Automl_meta_feat,1,active,arff,75.0,32.0,,0.0,31.0,0.0,,
46304,meta_features,1,active,arff,75.0,32.0,10.0,0.0,31.0,0.0,22.0,2.0
46305,meta_features,2,active,arff,75.0,32.0,10.0,0.0,31.0,0.0,22.0,2.0
46306,metafeatures,1,active,arff,75.0,32.0,10.0,0.0,31.0,0.0,22.0,2.0
46307,metafeatures,2,active,arff,75.0,32.0,0.0,0.0,32.0,0.0,,
46308,metafeaturesarff,1,active,arff,75.0,32.0,10.0,0.0,31.0,1.0,22.0,2.0
46310,Tok-Pisin-English,1,active,arff,2258.0,2.0,,0.0,0.0,0.0,,
46311,data,2,active,arff,145460.0,23.0,,343248.0,16.0,0.0,,
46312,data,3,active,arff,145460.0,23.0,,343248.0,16.0,0.0,,
46313,data,4,active,arff,145460.0,23.0,,343248.0,16.0,0.0,,
46314,data,5,active,arff,145460.0,23.0,,343248.0,16.0,0.0,,
46315,weather,52,active,arff,145460.0,23.0,,343248.0,16.0,0.0,,
46316,UNSW_NB15,3,active,arff,25500.0,46.0,0.0,0.0,39.0,0.0,,
46317,UNSW_NB15,4,active,arff,21860.0,46.0,0.0,24.0,39.0,0.0,,
46318,Microsoft_stock,1,active,arff,1925.0,7.0,,0.0,6.0,0.0,,
46319,jjj,1,active,arff,69565.0,8.0,,901.0,5.0,0.0,,
46320,forest_fires_cat,1,active,arff,517.0,13.0,0.0,0.0,11.0,2.0,,
46323,university_reviews,1,active,arff,5.0,3.0,,0.0,0.0,0.0,,
46328,seoul_bike_sharing_demand_cat,1,active,arff,8760.0,18.0,0.0,0.0,14.0,4.0,,
46329,Transactions,1,active,arff,100.0,8.0,,0.0,1.0,0.0,,
46331,autos_clean,1,active,arff,205.0,26.0,6.0,59.0,15.0,11.0,67.0,3.0
46332,anneal_clean,1,active,arff,898.0,39.0,5.0,22175.0,6.0,33.0,684.0,8.0
46333,arrhythmia,3,active,arff,452.0,280.0,13.0,408.0,206.0,74.0,245.0,2.0
46334,glass_clean,1,active,arff,214.0,10.0,6.0,0.0,9.0,1.0,76.0,9.0
46335,primary-tumor_clean,1,active,arff,339.0,18.0,21.0,225.0,0.0,18.0,84.0,1.0
46336,hayes-roth_clean,1,active,arff,160.0,5.0,3.0,0.0,4.0,1.0,65.0,31.0
46337,Conso_RTE,1,active,arff,105168.0,16.0,0.0,0.0,16.0,0.0,,
46340,french_load_consumption,1,active,arff,105168.0,17.0,0.0,0.0,16.0,0.0,,
46341,CP_Rules,1,active,arff,688.0,5.0,,102.0,0.0,0.0,,
46342,odds,1,active,arff,297.0,9.0,4.0,1790.0,2.0,0.0,189.0,2.0
46348,mxmh,1,active,arff,736.0,33.0,,129.0,7.0,0.0,,
46349,Wheat,1,active,arff,10642.0,13.0,,10642.0,13.0,0.0,,
46351,mango_detection_australia,1,active,arff,10619.0,12.0,,0.0,8.0,0.0,,
46355,SITE-Seq_offTarget_wholeDataset,1,active,arff,217733.0,7.0,,0.0,2.0,0.0,,
46356,GermanCreditData,1,active,arff,1000.0,22.0,0.0,0.0,9.0,0.0,,
46357,Fraud_Detection_Dataset,1,active,arff,4156.0,29.0,0.0,25715.0,29.0,0.0,,
46358,Fraud-Detection-Updated),1,active,arff,4156.0,29.0,2.0,25715.0,28.0,0.0,3739.0,417.0
46359,Fraud-Detection-Updated,1,active,arff,4156.0,29.0,2.0,25715.0,28.0,1.0,3739.0,417.0
46361,Risk_Level_Classification,2,active,arff,78600.0,19.0,3.0,0.0,18.0,1.0,63494.0,6495.0
46362,Customer_Churn_Classification,1,active,arff,175028.0,25.0,2.0,0.0,24.0,1.0,138071.0,36957.0
46363,Customer_Churn_Classification,2,active,arff,175028.0,25.0,2.0,0.0,24.0,1.0,138071.0,36957.0
46365,Credit_Approval_Classification,1,active,arff,1000.0,21.0,2.0,0.0,7.0,1.0,700.0,300.0
46369,Is_fraud,1,active,arff,5227.0,22.0,2.0,0.0,9.0,1.0,5211.0,16.0
46371,Customer_Churn_Classification_Nominal,1,active,arff,35000.0,25.0,2.0,0.0,24.0,1.0,27603.0,7397.0
46372,Multiclass_Classification_for_Corporate_Credit_Ratings,1,active,arff,5000.0,8.0,10.0,0.0,7.0,1.0,500.0,500.0
46373,default-of-credit-card-clients,5,active,arff,30000.0,24.0,2.0,0.0,13.0,1.0,23364.0,6636.0
46374,default-of-credit-card-clients,6,active,arff,30000.0,24.0,2.0,0.0,13.0,1.0,23364.0,6636.0
46375,default-of-credit-card-clients,7,active,arff,30000.0,24.0,2.0,0.0,13.0,1.0,23364.0,6636.0
46376,credit,7,active,arff,16714.0,11.0,2.0,0.0,10.0,1.0,8357.0,8357.0
46377,credit-approval,3,active,arff,690.0,16.0,2.0,55.0,6.0,6.0,383.0,307.0
46378,credit-g,4,active,arff,1000.0,21.0,2.0,0.0,6.0,12.0,700.0,300.0
46379,analcatdata_creditscore,2,active,arff,100.0,7.0,2.0,0.0,3.0,2.0,73.0,27.0
46380,data,6,active,arff,6.0,3.0,,0.0,3.0,0.0,,
46381,APL_20_24,1,active,arff,3260.0,27.0,,0.0,23.0,0.0,,
46382,company_quality_and_valuation_finance,1,active,arff,719.0,11.0,6.0,0.0,9.0,1.0,174.0,44.0
46416,Creditability-German-Credit-Data,1,active,arff,1000.0,21.0,2.0,0.0,20.0,0.0,700.0,300.0
46420,Apple_Stock_Price_Trends_(2014-2023),1,active,arff,2516.0,19.0,3.0,0.0,18.0,1.0,951.0,779.0
46421,German-Credit-Data-Creditability,1,active,arff,1000.0,72.0,2.0,0.0,3.0,1.0,700.0,300.0
46422,Credit-Risk-Classification-Dataset,1,active,arff,1125.0,43.0,2.0,149.0,6.0,1.0,900.0,225.0
46430,LT-Vehicle-Loan-Default-Prediction,1,active,arff,233154.0,41.0,2.0,7661.0,34.0,1.0,182543.0,50611.0
46431,HMEQ_Data,3,active,arff,5960.0,21.0,2.0,4740.0,10.0,1.0,4771.0,1189.0
46435,Apple_Stock_Price_Trends_Classification,2,active,arff,2516.0,23.0,3.0,0.0,22.0,1.0,951.0,779.0
46441,Credit_Score_Classification,1,active,arff,100000.0,28.0,3.0,62162.0,16.0,1.0,53174.0,17828.0
46442,Success-Rates-2,1,active,arff,2159.0,63.0,6.0,32043.0,27.0,1.0,1006.0,4.0
46443,credit_risk_china,1,active,arff,27522.0,28.0,5.0,36851.0,12.0,0.0,25516.0,103.0
46444,credit_risk_china,2,active,arff,27522.0,28.0,5.0,36851.0,12.0,16.0,25516.0,103.0
46445,Credit_Score_Classification_downsampled,1,active,arff,45000.0,28.0,1.0,963891.0,16.0,1.0,45000.0,45000.0
46446,Credit_Score_Classification_downsampled,2,active,arff,45000.0,28.0,4.0,953836.0,16.0,1.0,34945.0,1160.0
46447,Credit_Score_Classification_downsampled,3,active,arff,45000.0,28.0,4.0,953836.0,16.0,0.0,34945.0,1160.0
46448,Credit_Score_Classification_downsampled,4,active,arff,45000.0,28.0,4.0,953836.0,16.0,0.0,34945.0,1160.0
46449,Credit_Score_Classification_downsampled,5,active,arff,44999.0,28.0,4.0,953836.0,16.0,0.0,34945.0,1160.0
46450,Credit_Score_Classification_downsampled,6,active,arff,50000.0,28.0,3.0,31271.0,16.0,0.0,26602.0,8980.0
46451,Credit_Score_Classification_downsampled,7,active,arff,50000.0,28.0,3.0,31271.0,16.0,1.0,26602.0,8980.0
46455,Credit_Card_Fraud_Classification,5,active,arff,28480.0,31.0,2.0,0.0,30.0,1.0,28431.0,49.0
46456,Credit_Score_Classification_downsampled,8,active,arff,164309.0,14.0,3.0,146211.0,7.0,0.0,70580.0,33806.0
46457,Credit_Score_Classification_downsampled,9,active,arff,32862.0,14.0,0.0,29151.0,8.0,0.0,,
46458,Credit_Score_Classification_downsampled,10,active,arff,32862.0,14.0,1.0,62013.0,7.0,1.0,32862.0,32862.0
46459,Credit_Score_Classification_downsampled,11,active,arff,32862.0,14.0,3.0,29151.0,7.0,1.0,14127.0,6750.0
46460,pollution,3,active,arff,26637.0,27.0,,0.0,27.0,0.0,,
46461,pollution,4,active,arff,26637.0,27.0,,0.0,27.0,0.0,,
46462,pollution,5,active,arff,26637.0,27.0,,0.0,27.0,0.0,,
46463,pollution,6,active,arff,26637.0,27.0,,0.0,27.0,0.0,,
46467,IBRD_Loans_Classification,4,active,arff,9217.0,8.0,11.0,100.0,5.0,1.0,2628.0,2.0
46468,Give-Me-Some-Credit-Sampled,1,active,arff,45000.0,11.0,2.0,10132.0,10.0,1.0,41992.0,3008.0
46475,EDA-Home-Mortgage-NY,1,active,arff,87931.0,30.0,7.0,98704.0,29.0,1.0,45611.0,1.0
46479,EDA-Home-Mortgage-NY-2,1,active,arff,87930.0,30.0,6.0,98703.0,29.0,1.0,45611.0,2836.0
46480,EDA-Home-Mortgage-NY-2,2,active,arff,87930.0,30.0,6.0,98652.0,29.0,1.0,45611.0,2836.0
46481,Financial-Risk-Assessment,1,active,arff,15000.0,20.0,3.0,13500.0,10.0,1.0,9000.0,1500.0
46482,German-Credit-Data-Creditability-2,1,active,arff,1000.0,21.0,2.0,0.0,20.0,1.0,700.0,300.0
46483,HMEQ_Data_New,1,active,arff,5960.0,13.0,2.0,5271.0,10.0,1.0,4771.0,1189.0
46499,Loan_data_set,1,active,arff,614.0,13.0,,149.0,5.0,0.0,,
46500,ml-senior,1,active,arff,2069.0,9.0,,0.0,2.0,0.0,,
46501,Credit_Approval_Classification,2,active,arff,1000.0,51.0,0.0,0.0,51.0,0.0,,
46502,Credit_Approval_Classification,3,active,arff,1000.0,51.0,2.0,0.0,50.0,0.0,700.0,300.0
46503,Credit_Approval_Classification,4,active,arff,1000.0,51.0,2.0,0.0,50.0,1.0,700.0,300.0
46504,Is_fraud,2,active,arff,5227.0,21.0,2.0,0.0,20.0,1.0,5211.0,16.0
46505,total_score,1,active,arff,719.0,11.0,4.0,0.0,10.0,1.0,417.0,44.0
46506,Credit_Score,1,active,arff,50000.0,22.0,3.0,15950.0,21.0,1.0,26602.0,8980.0
46507,Interest_Rate,1,active,arff,32862.0,13.0,3.0,24111.0,12.0,1.0,14127.0,6750.0
46511,Loan_Type,1,active,arff,9217.0,7.0,11.0,100.0,6.0,1.0,2628.0,2.0
46515,Financial-Risk-Assessment-Preprocessed,1,active,arff,15000.0,22.0,3.0,13500.0,21.0,1.0,9000.0,1500.0
46517,HMEQ_Data_Preprocessed,1,active,arff,5960.0,21.0,2.0,4740.0,20.0,1.0,4771.0,1189.0
46518,Give-Me-Some-Credit-Sampled-Preprocessed,1,active,arff,45000.0,11.0,2.0,10132.0,10.0,1.0,41992.0,3008.0
46519,Credit_Risk_Modeling,1,active,arff,51336.0,62.0,4.0,0.0,56.0,6.0,32199.0,5803.0
46520,Credit_score_classification,2,active,arff,100000.0,28.0,3.0,60080.0,9.0,19.0,53174.0,17828.0
46525,Corporate_Credit_Rating_Classification,1,active,arff,2029.0,42.0,10.0,0.0,41.0,1.0,671.0,1.0
46526,Loan_Approval_Status_Classification,1,active,arff,45000.0,24.0,2.0,0.0,23.0,1.0,35000.0,10000.0
46527,US_Stocks_Financial_Indicators,1,active,arff,4392.0,231.0,2.0,93949.0,230.0,1.0,3046.0,1346.0
46528,EDA-Home-Mortgage-NY-Sampled,1,active,arff,43965.0,30.0,6.0,49605.0,29.0,1.0,22805.0,1418.0
46529,Corporate_Credit_Rating_Classification,2,active,arff,2029.0,31.0,10.0,0.0,28.0,1.0,671.0,1.0
46530,Corporate_Credit_Rating_Classification,3,active,arff,2029.0,31.0,10.0,0.0,28.0,1.0,671.0,1.0
46531,dataset_china,1,active,arff,27522.0,28.0,5.0,8792.0,27.0,0.0,25516.0,103.0
46532,dataset_credit-g,1,active,arff,1000.0,21.0,2.0,0.0,20.0,0.0,700.0,300.0
46533,dataset_credit,1,active,arff,16714.0,11.0,0.0,0.0,11.0,0.0,,
46534,dataset_analcatdata_creditscore,1,active,arff,100.0,7.0,0.0,0.0,7.0,0.0,,
46535,dataset_credit-approval,1,active,arff,690.0,16.0,2.0,25.0,15.0,0.0,383.0,307.0
46536,dataset_credit_risk_file_2,1,active,arff,51336.0,62.0,4.0,0.0,61.0,0.0,32199.0,5803.0
46537,dataset_credit_score,1,active,arff,100000.0,28.0,3.0,16967.0,27.0,0.0,53174.0,17828.0
46538,dataset_default_of_credit_card_clients,1,active,arff,30000.0,24.0,0.0,0.0,24.0,0.0,,
46539,dataset_china,2,active,arff,27522.0,28.0,5.0,8792.0,27.0,1.0,25516.0,103.0
46540,dataset_credit-g,2,active,arff,1000.0,21.0,2.0,0.0,20.0,1.0,700.0,300.0
46541,dataset_china,3,active,arff,27522.0,28.0,5.0,8792.0,27.0,1.0,25516.0,103.0
46542,dataset_credit-g,3,active,arff,1000.0,21.0,2.0,0.0,20.0,1.0,700.0,300.0
46543,dataset_credit,2,active,arff,16714.0,11.0,2.0,0.0,10.0,1.0,8357.0,8357.0
46544,dataset_analcatdata_creditscore,2,active,arff,100.0,7.0,2.0,0.0,6.0,1.0,73.0,27.0
46545,dataset_credit-approval,2,active,arff,690.0,16.0,2.0,25.0,15.0,1.0,383.0,307.0
46546,dataset_credit_risk_file_2,2,active,arff,51336.0,62.0,4.0,0.0,61.0,1.0,32199.0,5803.0
46547,dataset_credit_score,2,active,arff,100000.0,28.0,3.0,16967.0,27.0,1.0,53174.0,17828.0
46548,dataset_default_of_credit_card_clients,2,active,arff,30000.0,24.0,2.0,0.0,23.0,1.0,23364.0,6636.0
46549,Corporate_Credit,1,active,arff,2029.0,31.0,10.0,0.0,25.0,1.0,671.0,1.0
46550,Corporate_Credit,2,active,arff,2029.0,31.0,10.0,0.0,25.0,0.0,671.0,1.0
46551,Corporate_Credit,3,active,arff,2029.0,31.0,10.0,0.0,25.0,0.0,671.0,1.0
46552,Corporate_Credit_Rating_Classification,4,active,arff,2029.0,31.0,10.0,0.0,25.0,6.0,671.0,1.0
46553,Loan_Status,1,active,arff,45000.0,14.0,2.0,0.0,8.0,5.0,35000.0,10000.0
46554,Loan_Status,2,active,arff,45000.0,14.0,2.0,0.0,8.0,6.0,35000.0,10000.0
46555,dataset_credit-approval,3,active,arff,690.0,16.0,0.0,0.0,16.0,0.0,,
46556,Loan_Status,3,active,arff,26257.0,14.0,3.0,4.0,8.0,1.0,20404.0,1.0
46557,EMPLOYEE,1,active,arff,100000.0,16.0,,1498.0,8.0,0.0,,
46558,malaria,1,active,arff,856.0,11.0,,1288.0,7.0,0.0,,
46559,Undwree,1,active,arff,251.0,3.0,,0.0,3.0,0.0,,
46560,dataset_credit_score,3,active,arff,50000.0,28.0,3.0,8469.0,27.0,1.0,26587.0,8914.0
46561,EDA-Home-Mortgage-NY-Sampled-Dataset,1,active,arff,43965.0,101.0,6.0,7385.0,100.0,1.0,22805.0,1418.0
46562,German-Credit-Data-Creditability-Preprocessed-Dataset,1,active,arff,1000.0,34.0,2.0,0.0,33.0,1.0,700.0,300.0
46563,Loan_Approval_Status_Classification,2,active,arff,45000.0,14.0,2.0,0.0,13.0,1.0,35000.0,10000.0
46564,Apple_Stock_Price_Trends_Classification,3,active,arff,2516.0,23.0,3.0,0.0,22.0,1.0,951.0,779.0
46565,Loan_Approval_Status,1,active,arff,45000.0,14.0,2.0,0.0,13.0,1.0,35000.0,10000.0
46566,Apple_Stock_Price_Trends,1,active,arff,2516.0,23.0,3.0,0.0,22.0,1.0,951.0,779.0
46567,Financial_Indicators_US_Stocks,1,active,arff,4392.0,231.0,2.0,93949.0,230.0,1.0,3046.0,1346.0
46568,Credit_Card_Fraud,1,active,arff,28480.0,31.0,2.0,0.0,30.0,1.0,28431.0,49.0
46569,Corporate_Credit_Rating,1,active,arff,2029.0,46.0,10.0,0.0,28.0,18.0,671.0,1.0
46570,Corporate_Credit_Ratings,1,active,arff,2029.0,46.0,10.0,0.0,28.0,18.0,671.0,1.0
46571,Corporate_Credit_Ratings,2,active,arff,2029.0,46.0,10.0,0.0,45.0,1.0,671.0,1.0
46572,database,1,active,arff,768.0,9.0,,0.0,9.0,0.0,,
46573,sdf,1,active,arff,86130.0,10.0,,0.0,10.0,0.0,,
46574,COPD,1,active,arff,1000.0,21.0,,0.0,7.0,14.0,,
46575,COPD,2,active,arff,19.0,6.0,,0.0,6.0,0.0,,
46576,LO1,2,active,arff,425.0,19.0,,0.0,16.0,0.0,,
46577,tiny-imagenet-200,1,active,arff,100000.0,2.0,200.0,0.0,0.0,1.0,500.0,500.0
46578,tiniest-imagenet-200,1,active,arff,4000.0,2.0,200.0,0.0,0.0,1.0,20.0,20.0
46584,Student_Performance_on_an_Entrance_Examination,1,active,arff,666.0,12.0,4.0,0.0,0.0,0.0,210.0,101.0
46585,QSAR_Bioconcentration_classification,1,active,arff,779.0,13.0,0.0,0.0,10.0,0.0,,
46586,QSAR_Bioconcentration_regression,1,active,arff,779.0,13.0,0.0,0.0,10.0,0.0,,
46587,forestfires,1,active,arff,517.0,13.0,0.0,0.0,11.0,0.0,,
46588,physicochemical-protein-UCI,1,active,arff,45730.0,10.0,0.0,0.0,10.0,0.0,,
46589,student-performance-uci,1,active,arff,649.0,31.0,0.0,0.0,14.0,0.0,,
46590,heart-statlog-uci,1,active,arff,270.0,14.0,2.0,0.0,13.0,0.0,150.0,120.0
46591,Breast_Cancer_Wisconsin,1,active,arff,699.0,11.0,0.0,16.0,10.0,0.0,,
46592,Cervical_Cancer_Risk_Factors,1,active,arff,858.0,33.0,0.0,3622.0,33.0,0.0,,
46593,HCV_data,1,active,arff,615.0,13.0,5.0,31.0,11.0,0.0,533.0,7.0
46594,primary_tumor_uci,1,active,arff,339.0,18.0,0.0,225.0,18.0,0.0,,
46595,Thoracic_Surgery_Data,1,active,arff,470.0,17.0,2.0,0.0,3.0,0.0,400.0,70.0
46596,Soybean_Large,1,active,arff,307.0,36.0,19.0,712.0,35.0,0.0,40.0,1.0
46597,Estimation_of_Obesity_Levels,1,active,arff,2111.0,17.0,7.0,0.0,8.0,0.0,351.0,272.0
46598,cdc_diabetes,1,active,arff,253680.0,22.0,0.0,0.0,22.0,0.0,,
46600,maternal_health_risk,1,active,arff,1014.0,7.0,3.0,0.0,6.0,0.0,406.0,272.0
46601,Cirrhosis_Patient_Survival_Prediction,1,active,arff,418.0,18.0,3.0,965.0,7.0,0.0,232.0,25.0
46602,Predicting_Risk_Factors_of_Chronic_Kidney_Disease,1,active,arff,200.0,29.0,2.0,0.0,13.0,0.0,128.0,72.0
46603,regensburg_pediatric_appendicitis,1,active,arff,782.0,56.0,5.0,13984.0,17.0,0.0,483.0,1.0
46604,glioma_grading_clinical_and_mutation_features,1,active,arff,839.0,24.0,0.0,0.0,23.0,0.0,,
46605,differentiated_thyroid_cancer_recurrence,1,active,arff,383.0,17.0,2.0,0.0,1.0,0.0,275.0,108.0
46606,darwin,1,active,arff,174.0,452.0,2.0,0.0,450.0,0.0,89.0,85.0
46607,hepatitis_c_virus_hcv_for_egyptian_patients,1,active,arff,1385.0,29.0,0.0,0.0,29.0,0.0,,
46608,drug_reviews_druglib_com,1,active,arff,4143.0,8.0,541.0,12.0,1.0,0.0,74.0,1.0
46609,sepsis_survival_minimal_clinical_records,1,active,arff,110341.0,4.0,0.0,0.0,4.0,0.0,,
46610,bone_marrow_transplant_children,1,active,arff,187.0,37.0,0.0,81.0,36.0,0.0,,
46611,toxicity,1,active,arff,171.0,1204.0,2.0,0.0,1203.0,0.0,115.0,56.0
46612,heart_failure_clinical_records,1,active,arff,299.0,13.0,0.0,0.0,13.0,0.0,,
46613,infrared_thermography_temperature,1,active,arff,1020.0,34.0,0.0,2.0,31.0,0.0,,
46614,Ecoli,5,active,arff,336.0,8.0,8.0,0.0,7.0,0.0,143.0,2.0
46615,Musk_Version_2,1,active,arff,6598.0,167.0,0.0,0.0,167.0,0.0,,
46617,mice,1,active,arff,1095.0,82.0,8.0,1906.0,77.0,0.0,150.0,105.0
46618,ECOLI70,1,active,arff,2000.0,46.0,0.0,0.0,46.0,0.0,,
46619,magic_irri,1,active,arff,2000.0,64.0,0.0,0.0,64.0,0.0,,
46620,magic_niab,1,active,arff,2000.0,44.0,0.0,0.0,44.0,0.0,,
46621,Wheat,2,active,arff,859.0,29.0,0.0,11824.0,25.0,0.0,,
46625,BNP_Paribas_Cardif_Claims_Management,1,active,arff,228714.0,133.0,0.0,10313605.0,114.0,0.0,,
46628,Support2,1,active,arff,9105.0,47.0,0.0,47110.0,39.0,0.0,,
46629,Fetal_cardiotocography_dataset,1,active,arff,2129.0,40.0,0.0,106.0,37.0,0.0,,
46630,Skin_Cancer_PAD-UFES-20,1,active,arff,2298.0,26.0,2.0,10484.0,5.0,8.0,1342.0,956.0
46633,BNP_Paribas_Cardif_Claims_Management,2,active,arff,114321.0,133.0,0.0,5097471.0,114.0,0.0,,
46634,Santander_Customer_Satisfaction,1,active,arff,76020.0,371.0,0.0,0.0,371.0,0.0,,
46635,Fetal_cardiotocography_dataset,2,active,arff,2126.0,40.0,0.0,0.0,37.0,0.0,,
46636,Homesite_Quote_Conversion,1,active,arff,260753.0,299.0,0.0,326623.0,271.0,0.0,,
46637,IEEE-CIS_Fraud_Detection,1,active,arff,590540.0,457.0,0.0,129105493.0,426.0,0.0,,
46638,Phenotype_202,1,active,arff,180.0,48.0,0.0,1.0,45.0,0.0,,
46640,LICD,2,active,arff,63634.0,581.0,0.0,33545438.0,573.0,0.0,,
46641,BAF_variant_I,1,active,arff,1000000.0,32.0,0.0,0.0,27.0,0.0,,
46642,BAF_variant_II,1,active,arff,1000000.0,32.0,0.0,0.0,27.0,0.0,,
46643,BAF_variant_III,1,active,arff,1000000.0,34.0,0.0,0.0,29.0,0.0,,
46644,BAF_variant_IV,1,active,arff,1000000.0,32.0,0.0,0.0,27.0,0.0,,
46645,BAF_variant_V,1,active,arff,1000000.0,34.0,0.0,0.0,29.0,0.0,,
46646,BAF_base,1,active,arff,1000000.0,32.0,0.0,0.0,27.0,0.0,,
46647,AVIDa-SARS-CoV-2,1,active,arff,3733.0,6.0,0.0,0.0,1.0,0.0,,
46648,AVIDa-hIL6,1,active,arff,573891.0,4.0,0.0,0.0,1.0,0.0,,
46649,DDXPlus,1,active,arff,1292579.0,6.0,49.0,0.0,1.0,0.0,81767.0,325.0
46650,US_Accidents_March23,1,active,arff,7728394.0,46.0,0.0,12840498.0,13.0,13.0,,
46651,product_sentiment_machine_hack,1,active,arff,5091.0,5.0,0.0,0.0,4.0,0.0,,
46652,news_channel,1,active,arff,20284.0,18.0,6.0,0.0,16.0,0.0,5149.0,1306.0
46653,wine_reviews,2,active,arff,84123.0,6.0,30.0,5644.0,2.0,0.0,10617.0,669.0
46654,jigsaw_unintended_bias100K,1,active,arff,100000.0,45.0,2.0,1902953.0,41.0,1.0,93956.0,6044.0
46655,fake_job_postings2,1,active,arff,12725.0,6.0,0.0,21193.0,1.0,0.0,,
46656,ae_price_prediction,1,active,arff,22662.0,14.0,0.0,20765.0,3.0,0.0,,
46657,google_qa_answer_type_reason_explanation,1,active,arff,4863.0,41.0,0.0,0.0,31.0,0.0,,
46658,google_qa_question_type_reason_explanation,1,active,arff,4863.0,41.0,0.0,0.0,31.0,0.0,,
46659,women_clothing_review,1,active,arff,18788.0,11.0,0.0,3763.0,6.0,0.0,,
46660,mercari_price_suggestion100K,1,active,arff,100000.0,12.0,0.0,44069.0,5.0,0.0,,
46661,jc_penney_products,1,active,arff,10860.0,6.0,0.0,10355.0,3.0,0.0,,
46662,news_popularity2,1,active,arff,24007.0,5.0,0.0,0.0,4.0,0.0,,
46663,bookprice_prediction,1,active,arff,4989.0,9.0,0.0,831.0,3.0,0.0,,
46664,data_scientist_salary,1,active,arff,15841.0,7.0,6.0,15520.0,0.0,0.0,3608.0,1245.0
46665,melbourne_airbnb,1,active,arff,18316.0,104.0,0.0,183821.0,33.0,19.0,,
46667,imdb_genre_prediction,1,active,arff,800.0,12.0,2.0,161.0,7.0,1.0,410.0,390.0
46668,kick_starter_funding,1,active,arff,86502.0,10.0,0.0,7.0,4.0,1.0,,
46669,california_house_price,1,active,arff,37951.0,40.0,0.0,208877.0,19.0,0.0,,
46670,Ott,1,active,arff,206246.0,95.0,10.0,144368.0,94.0,0.0,144368.0,1929.0
46672,Year_Prediction_MSD,1,active,arff,515345.0,91.0,0.0,0.0,91.0,0.0,,
46674,college_scorecard,1,active,arff,124699.0,119.0,0.0,0.0,118.0,0.0,,
46676,WBCAtt,1,active,arff,10298.0,12.0,5.0,0.0,0.0,0.0,3329.0,1214.0
46677,physionet_sepsis,1,active,arff,1552210.0,44.0,0.0,43512155.0,44.0,0.0,,
46678,mimic_extract_los_3,1,active,arff,4156450.0,19.0,79.0,4797904.0,5.0,0.0,2028438.0,1.0
46681,REASONER,1,active,arff,58497.0,35.0,0.0,59.0,27.0,0.0,,
46682,CodeXGLUE,1,active,arff,27318.0,6.0,2.0,0.0,1.0,1.0,14858.0,12460.0
46683,Dynamically-Generated-Hate-Speech-Dataset,1,active,arff,41144.0,13.0,2.0,11054.0,3.0,0.0,22175.0,18969.0
46684,HolisticBias,1,active,arff,472991.0,15.0,4.0,780.0,0.0,2.0,170170.0,8908.0
46685,hate-speech-and-offensive-language,1,active,arff,24783.0,3.0,0.0,0.0,2.0,0.0,,
46686,DBPedia,1,active,arff,342781.0,4.0,219.0,0.0,1.0,0.0,2700.0,187.0
46687,yelp-reviews-sentiment-dataset,1,active,arff,598000.0,2.0,0.0,1.0,1.0,0.0,,
46688,sogou_news,1,active,arff,510000.0,3.0,0.0,0.0,1.0,0.0,,
46689,sst5,1,active,arff,11855.0,2.0,5.0,0.0,0.0,0.0,3140.0,1510.0
46691,md_gender_bias,2,active,arff,2345.0,7.0,0.0,0.0,3.0,1.0,,
46692,funpedia,1,active,arff,29819.0,4.0,0.0,0.0,1.0,0.0,,
46693,image_chat,1,active,arff,353177.0,2.0,0.0,0.0,1.0,0.0,,
46694,wizard,1,active,arff,11456.0,3.0,0.0,0.0,1.0,0.0,,
46695,convai2_inferred,1,active,arff,147040.0,5.0,0.0,0.0,4.0,0.0,,
46696,light_inferred,1,active,arff,125249.0,5.0,0.0,0.0,4.0,0.0,,
46697,opensubtitles_inferred,1,active,arff,442101.0,5.0,0.0,0.0,4.0,0.0,,
46698,amazon-reviews,1,active,arff,4000000.0,3.0,0.0,291.0,1.0,0.0,,
46700,go_emotions,1,active,arff,45446.0,3.0,0.0,0.0,1.0,0.0,,
46701,social_bias_frames,1,active,arff,147139.0,19.0,4.0,784148.0,0.0,0.0,74211.0,2490.0
46702,jigsaw-toxic-comment-classification-challenge,1,active,arff,223549.0,2.0,41.0,201081.0,0.0,0.0,201081.0,1.0
46703,jigsaw-unintended-bias-in-toxicity,1,active,arff,1999516.0,46.0,0.0,38101226.0,42.0,0.0,,
46707,jigsaw-multilingual-toxic-comment-classification,1,active,arff,71812.0,3.0,0.0,0.0,1.0,0.0,,
46708,Wikipedia_Talk_Labels,1,active,arff,855514.0,13.0,16.0,727142.0,4.0,1.0,715135.0,38.0
46709,SOCC,1,active,arff,1043.0,16.0,14.0,2641.0,5.0,0.0,389.0,1.0
46710,UCC,1,active,arff,44355.0,19.0,0.0,1.0,18.0,0.0,,
46712,Toxicity_detection_context,1,active,arff,20000.0,2.0,0.0,0.0,1.0,0.0,,
46714,AG_News,1,active,arff,127600.0,3.0,0.0,0.0,1.0,0.0,,
46716,irony-labeled,1,active,arff,1949.0,2.0,0.0,0.0,1.0,0.0,,
46717,biosses,1,active,arff,100.0,5.0,20.0,0.0,0.0,0.0,16.0,1.0
46718,riciclo,1,active,arff,320.0,6.0,,0.0,5.0,0.0,,
46719,mental-health-in-tech-survey,3,active,arff,1259.0,27.0,2.0,1892.0,1.0,0.0,1031.0,228.0
46720,OSMI_Mental_Health_in_Tech_Survey,1,active,arff,1433.0,63.0,3.0,21961.0,7.0,0.0,757.0,333.0
46721,Mental_Health_Dataset,1,active,arff,292364.0,17.0,5.0,5202.0,0.0,0.0,66351.0,50149.0
46722,Phishing_Legitimate_full,1,active,arff,10000.0,50.0,0.0,0.0,50.0,0.0,,
46723,Violent_Crime_by_County_1975_to_2016,1,active,arff,1008.0,38.0,0.0,312.0,36.0,0.0,,
46724,cybersecurity_attacks,1,active,arff,40000.0,25.0,0.0,99929.0,4.0,0.0,,
46725,Crime_Data_from_2010,1,active,arff,1555986.0,26.0,0.0,8354055.0,12.0,0.0,,
46726,climate_change_impact_on_agriculture_2024,1,active,arff,10000.0,15.0,0.0,0.0,11.0,0.0,,
46727,all-natural-disasters-19002021-eosdis,1,active,arff,11617.0,45.0,0.0,221569.0,18.0,0.0,,
46728,climate_change_dataset2020-2024,1,active,arff,45.0,20.0,0.0,82.0,4.0,0.0,,
46729,climate_insights_dataset,1,active,arff,10000.0,9.0,0.0,0.0,6.0,0.0,,
46730,reddit_opinion_climate_change,1,active,arff,1026692.0,24.0,0.0,664069.0,13.0,1.0,,
46731,temperature_emissions_environmental_trends_2000_2024,1,active,arff,1000.0,10.0,0.0,0.0,9.0,0.0,,
46732,pakistan_hunger_data,1,active,arff,500.0,8.0,0.0,0.0,7.0,0.0,,
46733,diabetes_risk_prediction_dataset,1,active,arff,520.0,17.0,2.0,0.0,1.0,0.0,320.0,200.0
46734,world_food_wealth_bank,1,active,arff,1766475.0,6.0,0.0,0.0,2.0,0.0,,
46735,sustainable_development_report_zero_hunger,1,active,arff,4140.0,21.0,0.0,0.0,19.0,0.0,,
46736,methane_emissions_rice_crop,1,active,arff,138658.0,17.0,0.0,138658.0,8.0,0.0,,
46737,agriculture_dataset_karnataka,1,active,arff,3158.0,12.0,13.0,58.0,7.0,0.0,1458.0,21.0
46738,agriculture_and_farming_dataset,1,active,arff,50.0,10.0,0.0,0.0,5.0,0.0,,
46739,tuxkconfig_415,1,active,arff,39391.0,9445.0,,0.0,9445.0,0.0,,
46740,tuxkconfig_420,1,active,arff,23489.0,10209.0,,0.0,10209.0,0.0,,
46741,tuxkconfig_500,1,active,arff,19952.0,10313.0,,0.0,10313.0,0.0,,
46742,tuxkconfig_504,1,active,arff,25847.0,10833.0,,0.0,10833.0,0.0,,
46743,tuxkconfig_507,1,active,arff,20159.0,11358.0,,0.0,11358.0,0.0,,
46744,tuxkconfig_508,1,active,arff,21923.0,11550.0,,0.0,11550.0,0.0,,
46745,Advanced_IoT_Dataset,1,active,arff,30000.0,14.0,6.0,0.0,12.0,0.0,5000.0,5000.0
46747,IoT_Agriculture_2024,1,active,arff,37922.0,13.0,0.0,2.0,12.0,0.0,,
46748,coffee_distribution_across_94_counties,1,active,arff,6016.0,21.0,0.0,0.0,20.0,0.0,,
46749,tuxkconfig,1,active,arff,7.0,3.0,,0.0,2.0,0.0,,
46750,Dataset-Mental-Disorders,1,active,arff,120.0,19.0,4.0,0.0,0.0,0.0,31.0,28.0
46752,student_lifestyle_dataset,1,active,arff,2000.0,8.0,3.0,0.0,7.0,0.0,1029.0,297.0
46753,student_depression_dataset,1,active,arff,27901.0,18.0,0.0,3.0,10.0,0.0,,
46754,sleep-deprivation-and-cognitive-performance,1,active,arff,60.0,14.0,0.0,0.0,12.0,0.0,,
46755,social-media-impact-on-suicide-rates,1,active,arff,30.0,5.0,0.0,0.0,4.0,0.0,,
46756,divorce_prediction,1,active,arff,170.0,55.0,0.0,0.0,55.0,0.0,,
46757,depression_2020,1,active,arff,1429.0,23.0,0.0,20.0,23.0,0.0,,
46758,PostPartum_Depression,1,active,arff,1503.0,11.0,2.0,27.0,0.0,0.0,980.0,523.0
46759,tuxkconfig_413,1,active,arff,92562.0,9488.0,,0.0,9488.0,0.0,,
46760,Indicators_of_Anxiety_or_Depression,1,active,arff,16092.0,14.0,3.0,8358.0,4.0,0.0,5364.0,5364.0
46761,mental_health_detection,1,active,arff,540.0,16.0,10.0,0.0,15.0,0.0,157.0,1.0
46762,air-quality-and-pollution-assessment,1,active,arff,5000.0,10.0,4.0,0.0,9.0,0.0,2000.0,500.0
46763,football-player-position,1,active,arff,3611.0,12.0,0.0,0.0,12.0,0.0,,
46764,football-player-position,2,active,arff,3611.0,12.0,4.0,0.0,11.0,0.0,1578.0,345.0
46765,test,20,active,arff,1000.0,21.0,,0.0,7.0,14.0,,
46766,test,21,active,arff,1000.0,21.0,,0.0,7.0,14.0,,
46767,test,22,active,arff,1000.0,21.0,,0.0,7.0,14.0,,
46770,Meta_Album_BRD_Extended,2,active,arff,49053.0,3.0,315.0,0.0,0.0,1.0,259.0,124.0
46772,munich-rent-index-1999,1,active,arff,3082.0,9.0,0.0,0.0,5.0,4.0,,
46773,alizadeh-2000-v2,1,active,arff,62.0,2094.0,3.0,0.0,2093.0,0.0,42.0,9.0
46774,alizadeh-2000-v3,1,active,arff,62.0,2092.0,4.0,0.0,2091.0,0.0,21.0,9.0
46775,armstrong-2002-v1,1,active,arff,72.0,1082.0,2.0,0.0,1081.0,0.0,48.0,24.0
46776,bittner-2000,1,active,arff,38.0,2202.0,2.0,0.0,2201.0,0.0,19.0,19.0
46777,bredel-2005,1,active,arff,50.0,1740.0,3.0,0.0,1739.0,0.0,31.0,5.0
46778,chowdary-2006,1,active,arff,104.0,183.0,2.0,0.0,182.0,0.0,62.0,42.0
46779,garber-2001,1,active,arff,66.0,4554.0,4.0,0.0,4553.0,0.0,40.0,4.0
46780,golub-1999-v2,1,active,arff,72.0,1869.0,3.0,0.0,1868.0,0.0,38.0,9.0
46781,khan-2001,1,active,arff,83.0,1070.0,4.0,0.0,1069.0,0.0,29.0,11.0
46782,binary_alpha_digits,1,active,arff,1404.0,321.0,36.0,0.0,320.0,0.0,39.0,39.0
46783,coil-20,1,active,arff,1440.0,1025.0,0.0,0.0,1025.0,0.0,,
46785,deng-reads,1,active,arff,268.0,22960.0,10.0,0.0,22958.0,0.0,60.0,4.0
46786,deng-reads,2,active,arff,268.0,22960.0,10.0,0.0,22958.0,2.0,60.0,4.0
46787,Sberbank_Russian_Housing_Market,1,active,arff,30471.0,292.0,0.0,261026.0,276.0,0.0,,
46788,mice,2,active,arff,1095.0,82.0,8.0,1906.0,77.0,1.0,150.0,105.0
46791,kdd_final,1,active,arff,300.0,5.0,0.0,0.0,5.0,0.0,,
46792,LICD,3,active,arff,63634.0,581.0,2.0,33545438.0,572.0,1.0,47265.0,16369.0
46793,BAF_base,2,active,arff,1000000.0,32.0,2.0,0.0,26.0,1.0,988971.0,11029.0
46794,BAF_variant_I,2,active,arff,1000000.0,32.0,2.0,0.0,26.0,1.0,988971.0,11029.0
46795,BAF_variant_II,2,active,arff,1000000.0,32.0,2.0,0.0,26.0,1.0,988971.0,11029.0
46796,BAF_variant_III,2,active,arff,1000000.0,34.0,2.0,0.0,28.0,1.0,988970.0,11030.0
46797,BAF_variant_III,3,active,arff,1000000.0,34.0,2.0,0.0,28.0,1.0,988970.0,11030.0
46798,BAF_variant_V,2,active,arff,1000000.0,34.0,2.0,0.0,28.0,1.0,988970.0,11030.0
46799,AVIDa-hIL6,2,active,arff,573891.0,4.0,2.0,0.0,0.0,1.0,552911.0,20980.0
46800,AVIDa-SARS-CoV-2,2,active,arff,3733.0,6.0,2.0,0.0,0.0,1.0,2992.0,741.0
46801,ACSIncome,4,active,arff,1664500.0,12.0,2.0,0.0,11.0,1.0,866735.0,797765.0
46802,ACSPublicCoverage,3,active,arff,1138289.0,19.0,2.0,0.0,18.0,1.0,1048325.0,89964.0
46804,DDXPlus,3,active,arff,1292579.0,6.0,49.0,0.0,1.0,1.0,81767.0,325.0
46805,college_scorecard,2,active,arff,124699.0,119.0,2.0,0.0,117.0,1.0,108794.0,15905.0
46806,product_sentiment_machine_hack,2,active,arff,5091.0,5.0,4.0,0.0,3.0,1.0,3017.0,97.0
46807,melbourne_airbnb,2,active,arff,18316.0,104.0,10.0,183821.0,32.0,20.0,3339.0,871.0
46808,news_channel,2,active,arff,20284.0,18.0,6.0,0.0,16.0,1.0,5149.0,1306.0
46809,fake_job_postings2,2,active,arff,12725.0,6.0,2.0,21193.0,0.0,1.0,12174.0,551.0
46810,kick_starter_funding,2,active,arff,86502.0,10.0,2.0,7.0,3.0,2.0,58853.0,27649.0
46811,data_scientist_salary,2,active,arff,15841.0,7.0,6.0,15520.0,0.0,1.0,3608.0,1245.0
46813,wine_reviews,3,active,arff,84123.0,6.0,30.0,5644.0,2.0,1.0,10617.0,669.0
46814,G20,1,active,arff,627.0,10.0,,0.0,9.0,0.0,,
46815,G20,2,active,arff,627.0,10.0,,0.0,9.0,0.0,,
46816,mimic_extract_los_3,2,active,arff,4155294.0,19.0,78.0,4787192.0,5.0,1.0,2028438.0,1.0
46817,physionet_sepsis,2,active,arff,1552210.0,44.0,2.0,43512155.0,43.0,1.0,1524294.0,27916.0
46819,WBCAtt,3,active,arff,10298.0,12.0,5.0,0.0,0.0,1.0,3329.0,1214.0
46820,REASONER,2,active,arff,58497.0,35.0,2.0,59.0,26.0,1.0,42657.0,15840.0
46822,Dynamically-Generated-Hate-Speech-Dataset,2,active,arff,41144.0,9.0,2.0,8.0,2.0,1.0,22175.0,18969.0
46823,social_bias_frames,2,active,arff,144649.0,19.0,3.0,762938.0,0.0,1.0,74211.0,12529.0
46824,Wikipedia_Talk_Labels,2,active,arff,855514.0,9.0,16.0,727142.0,2.0,1.0,715135.0,38.0
46825,SOCC,2,active,arff,1043.0,16.0,4.0,2641.0,5.0,1.0,829.0,7.0
46826,SOCC,3,active,arff,1043.0,14.0,4.0,2641.0,4.0,1.0,829.0,7.0
46827,QSAR_Bioconcentration_classification,2,active,arff,779.0,13.0,3.0,0.0,9.0,1.0,460.0,64.0
46828,Cervical_Cancer_Risk_Factors,2,active,arff,858.0,33.0,5.0,3622.0,32.0,1.0,756.0,10.0
46829,Cervical_Cancer_Risk_Factors,3,active,arff,858.0,33.0,5.0,3622.0,32.0,1.0,756.0,10.0
46830,sales_data,1,active,arff,7847.0,5.0,,0.0,1.0,0.0,,
46831,HCV_data,2,active,arff,615.0,13.0,5.0,31.0,11.0,1.0,533.0,7.0
46832,sales_data,2,active,arff,7847.0,5.0,,0.0,1.0,0.0,,
46833,sales_data,3,active,arff,7847.0,5.0,,0.0,1.0,0.0,,
46834,RedleafWeka1715,1,active,arff,631.0,5.0,,1644.0,0.0,0.0,,
46835,Titanicwekaoriginal,1,active,arff,2201.0,4.0,,0.0,0.0,0.0,,
46836,Titanicwekaoriginal,2,active,arff,2201.0,4.0,,0.0,0.0,0.0,,
46837,RedleafWeka17152,1,active,arff,631.0,5.0,,1644.0,0.0,0.0,,
46838,Student_Performance_on_an_Entrance_Examination,2,active,arff,666.0,12.0,4.0,0.0,0.0,1.0,210.0,101.0
46839,Student_Performance_on_an_Entrance_Examination,3,active,arff,666.0,12.0,4.0,0.0,0.0,1.0,210.0,101.0
46840,Estimation_of_Obesity_Levels,2,active,arff,2111.0,17.0,7.0,0.0,8.0,1.0,351.0,272.0
46841,cdc_diabetes,2,active,arff,253680.0,22.0,2.0,0.0,21.0,1.0,218334.0,35346.0
46842,maternal_health_risk,2,active,arff,1014.0,7.0,3.0,0.0,6.0,1.0,406.0,272.0
46843,Cirrhosis_Patient_Survival_Prediction,2,active,arff,418.0,18.0,3.0,965.0,7.0,1.0,232.0,25.0
46844,Predicting_Risk_Factors_of_Chronic_Kidney_Disease,2,active,arff,200.0,29.0,2.0,0.0,13.0,1.0,128.0,72.0
46845,regensburg_pediatric_appendicitis,2,active,arff,781.0,56.0,4.0,13928.0,17.0,1.0,483.0,1.0
46846,glioma_grading_clinical_and_mutation_features,2,active,arff,839.0,24.0,2.0,0.0,22.0,1.0,487.0,352.0
46847,differentiated_thyroid_cancer_recurrence,2,active,arff,383.0,17.0,2.0,0.0,1.0,1.0,275.0,108.0
46848,differentiated_thyroid_cancer_recurrence,3,active,arff,383.0,17.0,2.0,0.0,1.0,1.0,275.0,108.0
46849,darwin,2,active,arff,174.0,451.0,2.0,0.0,450.0,1.0,89.0,85.0
46850,hepatitis_c_virus_hcv_for_egyptian_patients,2,active,arff,1385.0,29.0,4.0,0.0,28.0,1.0,362.0,332.0
46851,hepatitis_c_virus_hcv_for_egyptian_patients,3,active,arff,1385.0,29.0,4.0,0.0,28.0,1.0,362.0,332.0
46852,drug_reviews_druglib_com,2,active,arff,4143.0,8.0,541.0,12.0,1.0,1.0,74.0,1.0
46853,sepsis_survival_minimal_clinical_records,2,active,arff,110341.0,4.0,2.0,0.0,3.0,1.0,102212.0,8129.0
46854,bone_marrow_transplant_children,2,active,arff,187.0,37.0,2.0,81.0,35.0,1.0,102.0,85.0
46855,toxicity,2,active,arff,171.0,1204.0,2.0,0.0,1203.0,1.0,115.0,56.0
46856,BNP_Paribas_Cardif_Claims_Management,3,active,arff,114321.0,133.0,2.0,5097471.0,113.0,1.0,87021.0,27300.0
46857,Homesite_Quote_Conversion,2,active,arff,260753.0,299.0,2.0,326623.0,270.0,1.0,211859.0,48894.0
46858,IEEE-CIS_Fraud_Detection,2,active,arff,590540.0,456.0,2.0,129105493.0,424.0,1.0,569877.0,20663.0
46859,Santander_Customer_Satisfaction,2,active,arff,76020.0,370.0,2.0,0.0,369.0,1.0,73012.0,3008.0
46860,Support2,2,active,arff,9105.0,47.0,2.0,47110.0,38.0,1.0,6201.0,2904.0
46863,Fetal_cardiotocography_dataset,3,active,arff,2126.0,37.0,10.0,0.0,36.0,1.0,579.0,53.0
46864,Skin_Cancer_PAD-UFES-20,2,active,arff,2298.0,24.0,2.0,10484.0,4.0,8.0,1342.0,956.0
46865,mental-health-in-tech-survey,4,active,arff,1259.0,26.0,2.0,1892.0,1.0,1.0,1031.0,228.0
46866,OSMI_Mental_Health_in_Tech_Survey,2,active,arff,1433.0,63.0,3.0,21961.0,7.0,1.0,757.0,333.0
46867,Mental_Health_Dataset,2,active,arff,292364.0,16.0,5.0,5202.0,0.0,1.0,66351.0,50149.0
46868,Phishing_Legitimate_full,2,active,arff,10000.0,49.0,2.0,0.0,48.0,1.0,5000.0,5000.0
46869,diabetes_risk_prediction_dataset,2,active,arff,520.0,17.0,2.0,0.0,1.0,1.0,320.0,200.0
46870,agriculture_dataset_karnataka,2,active,arff,3158.0,12.0,13.0,58.0,7.0,1.0,1458.0,21.0
46871,Advanced_IoT_Dataset,2,active,arff,30000.0,14.0,6.0,0.0,12.0,1.0,5000.0,5000.0
46872,Dataset-Mental-Disorders,2,active,arff,120.0,18.0,4.0,0.0,0.0,1.0,31.0,28.0
46873,student_lifestyle_dataset,2,active,arff,2000.0,7.0,3.0,0.0,6.0,1.0,1029.0,297.0
46874,student_depression_dataset,2,active,arff,27901.0,17.0,2.0,3.0,8.0,1.0,16336.0,11565.0
46875,divorce_prediction,2,active,arff,170.0,55.0,2.0,0.0,54.0,1.0,86.0,84.0
46876,depression_2020,2,active,arff,1429.0,21.0,2.0,20.0,20.0,1.0,1191.0,238.0
46877,PostPartum_Depression,2,active,arff,1503.0,10.0,2.0,27.0,0.0,1.0,980.0,523.0
46878,Indicators_of_Anxiety_or_Depression,2,active,arff,16092.0,14.0,3.0,8358.0,4.0,1.0,5364.0,5364.0
46879,mental_health_detection,2,active,arff,540.0,15.0,4.0,0.0,14.0,1.0,174.0,118.0
46880,air-quality-and-pollution-assessment,2,active,arff,5000.0,10.0,4.0,0.0,9.0,1.0,2000.0,500.0
46881,melbourne_airbnb,3,active,arff,18316.0,103.0,10.0,183821.0,31.0,20.0,3339.0,871.0
46882,jigsaw_unintended_bias100K,2,active,arff,100000.0,44.0,2.0,1902953.0,40.0,1.0,93956.0,6044.0
46883,google_qa_answer_type_reason_explanation,2,active,arff,4863.0,40.0,0.0,0.0,30.0,0.0,,
46884,google_qa_question_type_reason_explanation,2,active,arff,4863.0,40.0,0.0,0.0,30.0,0.0,,
46885,women_clothing_review,2,active,arff,18788.0,9.0,0.0,3763.0,4.0,0.0,,
46886,mercari_price_suggestion100K,2,active,arff,100000.0,10.0,0.0,44069.0,3.0,0.0,,
46887,mimic_extract_los_3,3,active,arff,4155294.0,15.0,78.0,3339822.0,1.0,1.0,2028438.0,1.0
46888,physionet_sepsis,3,active,arff,1552210.0,42.0,2.0,43512155.0,41.0,1.0,1524294.0,27916.0
46889,jigsaw-unintended-bias-in-toxicity,2,active,arff,1999516.0,41.0,0.0,37236419.0,38.0,0.0,,
46890,UCC,2,active,arff,44355.0,18.0,0.0,1.0,17.0,0.0,,
46892,Phenotype_202,2,active,arff,180.0,46.0,0.0,1.0,44.0,0.0,,
46893,Wheat,3,active,arff,859.0,28.0,0.0,11824.0,24.0,0.0,,
46894,Crime_Data_from_2010,2,active,arff,1555986.0,25.0,0.0,8354055.0,11.0,0.0,,
46895,cybersecurity_attacks,2,active,arff,40000.0,24.0,0.0,99929.0,4.0,0.0,,
46896,reddit_opinion_climate_change,2,active,arff,1065660.0,22.0,0.0,685294.0,13.0,1.0,,
46897,sleep-deprivation-and-cognitive-performance,2,active,arff,60.0,13.0,0.0,0.0,12.0,0.0,,
46898,Sberbank_Russian_Housing_Market,2,active,arff,30471.0,290.0,0.0,261026.0,275.0,0.0,,
46899,Wheat,4,active,arff,859.0,28.0,0.0,11824.0,24.0,0.0,,
46900,TESTFORDESCRIPTION-anneal,1,active,arff,898.0,39.0,5.0,0.0,6.0,33.0,684.0,8.0
46901,TESTFORDESCRIPTION-anneal,2,active,arff,898.0,39.0,5.0,0.0,6.0,33.0,684.0,8.0
46902,SCLIC,1,active,arff,16862.0,19.0,,31030.0,7.0,0.0,,
46903,abalone,18,active,arff,4176.0,9.0,0.0,0.0,8.0,1.0,,
46904,airfoil_self_noise,9,active,arff,1503.0,6.0,0.0,0.0,5.0,1.0,,
46905,Amazon_employee_access,3,active,arff,32769.0,10.0,2.0,0.0,0.0,10.0,30872.0,1897.0
46906,anneal,18,active,arff,898.0,39.0,5.0,0.0,6.0,33.0,684.0,8.0
46907,Another-Dataset-on-used-Fiat-500,1,active,arff,1538.0,8.0,0.0,0.0,7.0,1.0,,
46908,APSFailure,2,active,arff,76000.0,171.0,2.0,1078695.0,170.0,1.0,74625.0,1375.0
46909,ASP-POTASSCO,1,active,arff,1212.0,139.0,11.0,18258.0,138.0,1.0,240.0,21.0
46910,bank-marketing,10,active,arff,45211.0,14.0,2.0,0.0,5.0,8.0,39922.0,5289.0
46911,Bank_Customer_Churn,1,active,arff,10000.0,11.0,2.0,0.0,6.0,5.0,7963.0,2037.0
46912,Bioresponse,4,active,arff,3751.0,1777.0,2.0,0.0,1776.0,1.0,2034.0,1717.0
46913,blood-transfusion-service-center,2,active,arff,748.0,5.0,2.0,0.0,4.0,1.0,570.0,178.0
46914,cars,5,active,arff,804.0,12.0,0.0,0.0,5.0,7.0,,
46915,churn,4,active,arff,5000.0,20.0,2.0,0.0,15.0,5.0,4293.0,707.0
46916,coil2000_insurance_policies,1,active,arff,9822.0,86.0,2.0,0.0,80.0,4.0,9236.0,586.0
46917,concrete_compressive_strength,8,active,arff,1030.0,9.0,0.0,0.0,9.0,0.0,,
46918,credit-g,5,active,arff,1000.0,21.0,2.0,0.0,7.0,14.0,700.0,300.0
46919,credit_card_clients_default,1,active,arff,30000.0,24.0,2.0,0.0,20.0,4.0,23364.0,6636.0
46920,customer_satisfaction_in_airline,1,active,arff,129880.0,22.0,2.0,393.0,5.0,17.0,71087.0,58793.0
46921,diabetes,7,active,arff,768.0,9.0,2.0,0.0,8.0,1.0,500.0,268.0
46922,Diabetes130US,4,active,arff,71518.0,48.0,2.0,137663.0,8.0,40.0,65225.0,6293.0
46923,diamonds,9,active,arff,53940.0,10.0,0.0,0.0,7.0,3.0,,
46924,E-CommereShippingData,1,active,arff,10999.0,11.0,2.0,0.0,6.0,5.0,6563.0,4436.0
46925,Employee,2,active,arff,4653.0,9.0,2.0,0.0,3.0,6.0,3053.0,1600.0
46927,Fitness_Club,1,active,arff,1500.0,7.0,2.0,20.0,3.0,4.0,1046.0,454.0
46928,Food_Delivery_Time,1,active,arff,45451.0,10.0,0.0,0.0,7.0,3.0,,
46929,GiveMeSomeCredit,1,active,arff,150000.0,11.0,2.0,33655.0,10.0,1.0,139974.0,10026.0
46930,hazelnut-spread-contaminant-detection,1,active,arff,2400.0,31.0,2.0,0.0,30.0,1.0,1200.0,1200.0
46931,healthcare_insurance_expenses,1,active,arff,1338.0,7.0,0.0,0.0,4.0,3.0,,
46932,heloc,3,active,arff,10459.0,24.0,2.0,0.0,23.0,1.0,5459.0,5000.0
46933,hiva_agnostic,2,active,arff,3845.0,1618.0,3.0,0.0,0.0,1618.0,3710.0,42.0
46934,houses,7,active,arff,20640.0,9.0,0.0,0.0,9.0,0.0,,
46935,HR_Analytics_Job_Change_of_Data_Scientists,1,active,arff,19158.0,13.0,2.0,65.0,2.0,10.0,14381.0,4777.0
46936,internet_firewall,1,active,arff,65532.0,12.0,4.0,0.0,11.0,1.0,37640.0,54.0
46937,in_vehicle_coupon_recommendation,1,active,arff,12684.0,25.0,2.0,0.0,2.0,22.0,7210.0,5474.0
46938,Is-this-a-good-customer,2,active,arff,1723.0,14.0,2.0,0.0,5.0,9.0,1527.0,196.0
46939,kddcup09_appetency,2,active,arff,50000.0,213.0,2.0,6727959.0,174.0,39.0,49110.0,890.0
46940,Marketing_Campaign,1,active,arff,2240.0,26.0,2.0,24.0,16.0,9.0,1906.0,334.0
46941,maternal_health_risk,3,active,arff,1014.0,7.0,3.0,0.0,6.0,1.0,406.0,272.0
46942,miami_housing,3,active,arff,13776.0,16.0,0.0,0.0,15.0,1.0,,
46943,MIC,2,active,arff,1699.0,123.0,8.0,6513.0,17.0,106.0,1428.0,12.0
46944,Mobile_Price,1,active,arff,2000.0,21.0,4.0,0.0,14.0,7.0,500.0,500.0
46946,NHANES_age,1,active,arff,2278.0,8.0,0.0,0.0,5.0,3.0,,
46947,online_shoppers_intention,1,active,arff,12330.0,18.0,2.0,0.0,10.0,8.0,10422.0,1908.0
46948,PhishingWebsites,2,active,arff,11055.0,31.0,2.0,0.0,0.0,31.0,6157.0,4898.0
46949,physiochemical_protein,8,active,arff,45730.0,10.0,0.0,0.0,10.0,0.0,,
46950,polish_companies_bankruptcy,1,active,arff,5910.0,65.0,2.0,4666.0,64.0,1.0,5500.0,410.0
46951,Pumpkin_Seeds,1,active,arff,2500.0,13.0,2.0,0.0,12.0,1.0,1300.0,1200.0
46952,qsar-biodeg,2,active,arff,1054.0,42.0,2.0,0.0,36.0,6.0,699.0,355.0
46953,QSAR-TID-11,2,active,arff,5742.0,1025.0,0.0,0.0,1025.0,0.0,,
46954,QSAR_fish_toxicity,8,active,arff,907.0,7.0,0.0,0.0,7.0,0.0,,
46955,SDSS17,1,active,arff,78053.0,12.0,3.0,0.0,9.0,3.0,47613.0,13994.0
46956,seismic-bumps,4,active,arff,2584.0,16.0,2.0,0.0,11.0,4.0,2414.0,170.0
46957,solar_flare,8,active,arff,1066.0,11.0,0.0,0.0,1.0,10.0,,
46958,splice,4,active,arff,3190.0,61.0,3.0,0.0,0.0,61.0,1655.0,767.0
46959,steel-plates-fault,4,active,arff,1941.0,27.0,7.0,0.0,25.0,2.0,673.0,55.0
46960,students_dropout_and_academic_success,1,active,arff,4424.0,37.0,3.0,0.0,19.0,18.0,2209.0,794.0
46961,superconductivity,8,active,arff,21263.0,82.0,0.0,0.0,82.0,0.0,,
46962,taiwanese_bankruptcy_prediction,1,active,arff,6819.0,95.0,2.0,0.0,94.0,1.0,6599.0,220.0
46963,website_phishing,1,active,arff,1353.0,10.0,3.0,0.0,0.0,10.0,702.0,103.0
46964,wine_quality,7,active,arff,6497.0,13.0,0.0,0.0,12.0,1.0,,
46969,NATICUSdroid,3,active,arff,7491.0,87.0,2.0,0.0,0.0,87.0,4867.0,2624.0
46972,fifa,26,active,arff,19239.0,65.0,0.0,31184.0,51.0,13.0,,
46973,fifa,27,active,arff,19239.0,65.0,0.0,31184.0,51.0,13.0,,
46974,fifa,28,active,arff,19239.0,65.0,0.0,77143.0,51.0,4.0,,
46976,fifa,30,active,arff,19178.0,65.0,0.0,76543.0,51.0,6.0,,
46977,Test,23,active,arff,3.0,4.0,,0.0,1.0,0.0,,
46978,internet_firewall,2,active,arff,65532.0,12.0,4.0,0.0,7.0,5.0,37640.0,54.0
46979,jm1,3,active,arff,10885.0,22.0,2.0,25.0,21.0,1.0,8779.0,2106.0
46980,MIC,3,active,arff,1699.0,112.0,8.0,6513.0,17.0,95.0,1428.0,12.0
46981,regensburg_pediatric_appendicitis,3,active,arff,780.0,56.0,3.0,13909.0,17.0,1.0,483.0,27.0
46982,jigsaw-unintended-bias-in-toxicity,3,active,arff,1999516.0,40.0,0.0,37236419.0,38.0,0.0,,
46983,riboflavin,1,active,arff,71.0,4089.0,0.0,0.0,4089.0,0.0,,
46984,EarthquakesChile_2000-2024,1,active,arff,134062.0,8.0,,3304.0,2.0,0.0,,
46985,Phenotype_202,3,active,arff,180.0,46.0,0.0,1.0,44.0,0.0,,
46989,Phenotype_202,4,active,arff,180.0,46.0,0.0,1.0,44.0,0.0,,
46992,social_bias_frames,3,active,arff,144649.0,18.0,3.0,762938.0,0.0,1.0,74211.0,12529.0
46993,bike-sharing-domain-generalization,1,active,arff,17379.0,6.0,0.0,0.0,6.0,0.0,,
46994,bike-sharing-domain-generalization,2,active,arff,17379.0,6.0,0.0,0.0,6.0,0.0,,
46996,Phenotype_202,5,active,arff,180.0,46.0,0.0,1.0,44.0,0.0,,
46998,Phenotype_202,6,active,arff,178.0,46.0,0.0,1.0,46.0,0.0,,
46999,Cervical_Cancer_Risk_Factors,4,active,arff,858.0,33.0,5.0,3622.0,32.0,1.0,756.0,10.0
47000,QSAR_Bioconcentration_classification,3,active,arff,779.0,13.0,3.0,0.0,9.0,1.0,460.0,64.0
47001,QSAR_Bioconcentration_regression,2,active,arff,779.0,13.0,0.0,0.0,10.0,0.0,,
47002,coffee_distribution_across_94_counties,2,active,arff,6016.0,21.0,0.0,0.0,20.0,0.0,,
47003,melbourne_airbnb,4,active,arff,18316.0,96.0,10.0,183818.0,29.0,16.0,3339.0,871.0
47005,jigsaw_unintended_bias100K,3,active,arff,100000.0,41.0,2.0,1859809.0,37.0,1.0,93956.0,6044.0
47006,cadio,1,active,arff,12472.0,2.0,,0.0,1.0,0.0,,
47007,cadio,2,active,arff,12472.0,2.0,,0.0,1.0,0.0,,
47008,water-ethanol-event-RGB,1,active,arff,8.0,3.0,,0.0,0.0,0.0,,
47009,water-ethanol-event-RGB,2,active,arff,8.0,3.0,,0.0,0.0,0.0,,
47012,sample_parquet_zip,1,active,arff,1000.0,31.0,,0.0,30.0,0.0,,
47013,TRS_SCZ,1,active,arff,10000.0,27.0,0.0,12116.0,25.0,0.0,,
47014,TRS_SCZ,2,active,arff,10000.0,27.0,0.0,12116.0,25.0,0.0,,
47015,TRS_SCZ_v2,1,active,arff,10000.0,27.0,0.0,12116.0,25.0,0.0,,
47016,TRS_SCZ,3,active,arff,10000.0,27.0,0.0,12116.0,25.0,2.0,,
47017,sustainable_materials_dataset,1,active,arff,1000.0,7.0,,0.0,3.0,0.0,,
47018,Test,24,active,arff,597.0,160.0,,52.0,154.0,0.0,,
47019,test1,1,active,arff,1822.0,4.0,,0.0,4.0,0.0,,
47020,Shrim,1,active,arff,5998.0,3.0,,2974.0,3.0,0.0,,
47021,Shrimphealth,1,active,arff,5998.0,3.0,,2974.0,3.0,0.0,,
47023,MedMCQA,1,active,arff,182822.0,10.0,4.0,117567.0,0.0,1.0,53591.0,38963.0
47024,Laboratorio_dataset_car,4,active,arff,1750.0,1.0,,0.0,0.0,0.0,,
47025,Laboratorio_dataset_car,5,active,arff,1750.0,1.0,,0.0,0.0,0.0,,
47026,Laboratorio_dataset_car,6,active,arff,1750.0,1.0,,0.0,0.0,0.0,,
47027,ZenTutorDataset,1,active,arff,3882.0,12.0,,0.0,2.0,0.0,,
47028,XAUUSD,1,active,arff,240.0,8.0,,0.0,7.0,0.0,,
47029,fitness_claim_dataset,1,active,arff,50000.0,16.0,,0.0,15.0,0.0,,
47030,base_plans,1,active,arff,79853.0,13.0,,3265.0,11.0,0.0,,
47031,enhanced_health_insurance_claims.,1,active,arff,4500.0,17.0,,0.0,3.0,0.0,,
47032,Clustering,1,active,arff,41.0,4.0,,24.0,3.0,0.0,,
47033,human_participants_anonymized,1,active,arff,3474.0,5.0,,0.0,1.0,0.0,,
47034,supermarket,1,active,arff,4627.0,217.0,,913670.0,0.0,0.0,,
47035,fitness_claim_dataset,2,active,arff,10000.0,16.0,,0.0,15.0,0.0,,
47036,Base_Plans,2,active,arff,10000.0,19.0,,998.0,13.0,0.0,,
47038,001,1,active,arff,1716.0,25.0,,0.0,19.0,0.0,,
47039,criteo-uplift-balanced,1,active,arff,1366544.0,14.0,4.0,0.0,12.0,2.0,500000.0,154478.0
47040,seeds_dataset,1,active,arff,209.0,8.0,,0.0,8.0,0.0,,
47041,Wine,9,active,arff,6500.0,13.0,,0.0,12.0,0.0,,
47042,carbrand,1,active,arff,27.0,6.0,,0.0,5.0,0.0,,
47043,test,25,active,arff,31.0,45.0,,12.0,41.0,0.0,,
47044,Accidents_Prediction_Dataset,1,active,arff,500.0,7.0,2.0,0.0,2.0,5.0,437.0,63.0
47045,Accidents_Prediction_Dataset,2,active,arff,500.0,7.0,2.0,0.0,2.0,5.0,437.0,63.0
47046,Accidents_Prediction_Dataset,3,active,arff,500.0,7.0,2.0,0.0,2.0,5.0,437.0,63.0
47047,Accidents_Prediction_Dataset,4,active,arff,500.0,7.0,2.0,0.0,2.0,5.0,437.0,63.0
47048,Accidents_Prediction_Dataset,5,active,arff,500.0,7.0,2.0,0.0,2.0,5.0,437.0,63.0
47049,Accidents_Prediction_Dataset,6,active,arff,500.0,7.0,2.0,0.0,2.0,5.0,437.0,63.0
47050,Accidents_Prediction_Dataset_Pipeline,1,active,arff,500.0,7.0,2.0,0.0,2.0,5.0,437.0,63.0
47051,Accidents_Prediction_Dataset_Pipeline,2,active,arff,500.0,7.0,2.0,0.0,2.0,5.0,437.0,63.0
47052,Accidents_Prediction_Balanced_v3,1,active,arff,500.0,7.0,2.0,0.0,2.0,5.0,437.0,63.0
47053,ucs_scm_mt,1,active,arff,437.0,16.0,,0.0,16.0,0.0,,
47054,ucs_scm_3,1,active,arff,437.0,16.0,0.0,0.0,16.0,0.0,,
47055,project3,1,active,arff,437.0,16.0,0.0,0.0,16.0,0.0,,
47056,project3_cat,1,active,arff,437.0,18.0,0.0,307.0,16.0,0.0,,
47057,project3_cat_new,1,active,arff,437.0,18.0,0.0,0.0,18.0,0.0,,
47058,sail,2,active,arff,1239.0,7.0,,0.0,5.0,0.0,,
47059,Division_Non_Restoring,1,active,arff,11211.0,8.0,,11211.0,7.0,0.0,,
47062,LimeSoda_B.204_coordinates,1,active,arff,204.0,2.0,,0.0,2.0,0.0,,
47063,LimeSoda_B.204_dataset,1,active,arff,204.0,19.0,0.0,0.0,19.0,0.0,,
47064,LimeSoda_B.204_folds,1,active,arff,204.0,1.0,,0.0,1.0,0.0,,
47065,LimeSoda_BB.250_coordinates,1,active,arff,250.0,2.0,,0.0,2.0,0.0,,
47066,LimeSoda_BB.250_dataset,1,active,arff,250.0,20.0,0.0,0.0,20.0,0.0,,
47067,LimeSoda_BB.250_folds,1,active,arff,250.0,1.0,,0.0,1.0,0.0,,
47068,LimeSoda_BB.30_1_coordinates,1,active,arff,30.0,2.0,,0.0,2.0,0.0,,
47069,LimeSoda_BB.30_1_dataset,1,active,arff,30.0,8.0,0.0,0.0,8.0,0.0,,
47070,LimeSoda_B.204_dataset,2,active,arff,204.0,19.0,0.0,0.0,19.0,0.0,,
47071,LimeSoda_BB.250_dataset,2,active,arff,250.0,20.0,0.0,0.0,20.0,0.0,,
47072,LimeSoda_BB.30_1_dataset,2,active,arff,30.0,8.0,0.0,0.0,8.0,0.0,,
47073,LimeSoda_BB.30_2_dataset,1,active,arff,30.0,13.0,0.0,0.0,13.0,0.0,,
47074,LimeSoda_BB.51_dataset,1,active,arff,51.0,7.0,0.0,0.0,7.0,0.0,,
47075,LimeSoda_BB.72_dataset,1,active,arff,72.0,20.0,0.0,0.0,20.0,0.0,,
47076,LimeSoda_CV.98_dataset,1,active,arff,98.0,2154.0,0.0,0.0,2154.0,0.0,,
47077,LimeSoda_G.104_dataset,1,active,arff,104.0,19.0,0.0,0.0,19.0,0.0,,
47078,LimeSoda_G.150_dataset,1,active,arff,150.0,20.0,0.0,0.0,20.0,0.0,,
47079,LimeSoda_H.138_dataset,1,active,arff,138.0,2492.0,0.0,0.0,2492.0,0.0,,
47080,LimeSoda_MG.112_dataset,1,active,arff,112.0,20.0,0.0,0.0,20.0,0.0,,
47081,LimeSoda_MG.44_dataset,1,active,arff,44.0,354.0,0.0,0.0,354.0,0.0,,
47082,LimeSoda_MGS.101_dataset,1,active,arff,101.0,19.0,0.0,0.0,19.0,0.0,,
47083,LimeSoda_MWP.36_dataset,1,active,arff,36.0,8.0,0.0,0.0,8.0,0.0,,
47084,LimeSoda_NRW.115_dataset,1,active,arff,115.0,1689.0,0.0,0.0,1689.0,0.0,,
47085,LimeSoda_NRW.42_dataset,1,active,arff,42.0,1689.0,0.0,0.0,1689.0,0.0,,
47086,LimeSoda_NRW.62_dataset,1,active,arff,62.0,1689.0,0.0,0.0,1689.0,0.0,,
47087,LimeSoda_NSW.52_dataset,1,active,arff,52.0,8.0,0.0,0.0,8.0,0.0,,
47088,LimeSoda_O.32_dataset,1,active,arff,32.0,1640.0,0.0,0.0,1640.0,0.0,,
47089,LimeSoda_PC.45_dataset,1,active,arff,45.0,7.0,0.0,0.0,7.0,0.0,,
47090,LimeSoda_RP.62_dataset,1,active,arff,62.0,1413.0,0.0,0.0,1413.0,0.0,,
47091,LimeSoda_SA.112_dataset,1,active,arff,112.0,1415.0,0.0,0.0,1415.0,0.0,,
47092,LimeSoda_SC.50_dataset,1,active,arff,50.0,6.0,0.0,0.0,6.0,0.0,,
47093,LimeSoda_SC.93_dataset,1,active,arff,93.0,2149.0,0.0,0.0,2149.0,0.0,,
47094,LimeSoda_SL.125_dataset,1,active,arff,125.0,2085.0,0.0,0.0,2085.0,0.0,,
47095,LimeSoda_SM.40_dataset,1,active,arff,40.0,6.0,0.0,0.0,6.0,0.0,,
47096,LimeSoda_SP.231_dataset,1,active,arff,231.0,274.0,0.0,0.0,274.0,0.0,,
47097,LimeSoda_SSP.460_dataset,1,active,arff,460.0,833.0,0.0,0.0,833.0,0.0,,
47098,LimeSoda_SSP.58_dataset,1,active,arff,58.0,354.0,0.0,0.0,354.0,0.0,,
47099,LimeSoda_UL.120_dataset,1,active,arff,120.0,2085.0,0.0,0.0,2085.0,0.0,,
47100,LimeSoda_W.50_dataset,1,active,arff,50.0,18.0,0.0,0.0,18.0,0.0,,
47101,CHIMERA-Benchmarks-v10.0,1,active,arff,15.0,15.0,,0.0,10.0,0.0,,
47102,Steering_angle_Estimation_PSCM,1,active,arff,9971.0,10.0,,0.0,10.0,0.0,,
47103,fictif_bkd,1,active,arff,5.0,4.0,0.0,0.0,3.0,0.0,,
47104,fictif_bkd,2,active,arff,5.0,4.0,0.0,0.0,3.0,0.0,,
47105,fictif_bkd,3,active,arff,20.0,4.0,0.0,0.0,3.0,0.0,,
47106,fictif20bkdkmcven7nov2025,1,active,arff,20.0,4.0,0.0,0.0,3.0,0.0,,
47107,bkd1kmc1,1,active,arff,1797.0,65.0,0.0,0.0,65.0,0.0,,
47108,bkd1kmc1Dataset5,1,active,arff,1797.0,65.0,0.0,0.0,65.0,0.0,,
47109,bkd1kmc1Cavum,1,active,arff,5.0,7.0,0.0,0.0,7.0,0.0,,
47110,bkd1kmc1Cavum,2,active,arff,5.0,7.0,0.0,0.0,7.0,0.0,,
47111,Weather-and-Air-Pollution-Kiev,1,active,arff,33863.0,30.0,,0.0,28.0,0.0,,
47112,Weather-and-Air-Pollution-Kiev,2,active,arff,33863.0,30.0,,0.0,28.0,0.0,,
47113,Weather-and-Air-Pollution-Kiev,3,active,arff,33863.0,30.0,,0.0,28.0,0.0,,
47114,OpticalNeuromorphicEikonal_complex_512,1,active,arff,262144.0,8.0,,0.0,8.0,0.0,,
47115,OpticalNeuromorphicEikonal_gradient_256,1,active,arff,65536.0,8.0,,0.0,8.0,0.0,,
47116,OpticalNeuromorphicEikonal_maze_511,1,active,arff,261121.0,8.0,,0.0,8.0,0.0,,
47117,OpticalNeuromorphicEikonal_medium_256,1,active,arff,65536.0,8.0,,0.0,8.0,0.0,,
47118,OpticalNeuromorphicEikonal_sparse_128,1,active,arff,16384.0,8.0,,0.0,8.0,0.0,,
47124,Project_Jason,1,active,arff,412.0,21.0,,0.0,17.0,0.0,,
47128,UHPC_fix_target,1,active,arff,412.0,21.0,,0.0,17.0,0.0,,
47129,UHPC_fix_target_del_space,1,active,arff,412.0,21.0,,0.0,17.0,0.0,,
47133,UHPC_FINAL_onehot,1,active,arff,412.0,29.0,,0.0,18.0,11.0,,
47134,UHPC_cluster_idx,1,active,arff,412.0,23.0,,0.0,19.0,0.0,,
47135,UHPC-tmp1,1,active,arff,412.0,22.0,0.0,0.0,18.0,0.0,,
47136,UHPC-tmp,1,active,arff,412.0,29.0,0.0,0.0,18.0,11.0,,
47137,creator_check,1,active,arff,2.0,3.0,,0.0,3.0,0.0,,
47138,Pancreas-diabetes-1.0,1,active,arff,90.0,1.0,2.0,0.0,0.0,0.0,58.0,32.0
47139,Pancreas-diabetes-1.1,1,active,arff,90.0,1.0,2.0,0.0,0.0,0.0,58.0,32.0
47140,dummy_edit_test_dataset,1,active,arff,3.0,2.0,0.0,0.0,2.0,0.0,,
47141,dummy_edit_test_dataset,2,active,arff,3.0,2.0,0.0,0.0,2.0,0.0,,
47142,dummy_edit_test_dataset_ipynb,1,active,arff,3.0,2.0,0.0,0.0,2.0,0.0,,
47143,dummy_edit_test_dataset_ipynb,2,active,arff,3.0,2.0,0.0,0.0,2.0,0.0,,
47144,dummy_edit_test_dataset_ipynb,3,active,arff,3.0,2.0,0.0,0.0,2.0,0.0,,
47145,dummy_edit_test_dataset_ipynb,4,active,arff,3.0,2.0,0.0,0.0,2.0,0.0,,
47146,dummy_edit_test_dataset_ipynb,5,active,arff,3.0,2.0,0.0,0.0,2.0,0.0,,
47147,dummy_edit_test_dataset_ipynb,6,active,arff,3.0,2.0,0.0,0.0,2.0,0.0,,
47148,test-jos,1,active,arff,3.0,2.0,0.0,0.0,2.0,0.0,,
47149,test-jos-2,1,active,arff,3.0,2.0,0.0,0.0,2.0,0.0,,
47150,CanadaFiresD,1,active,arff,1491.0,47.0,2.0,0.0,46.0,1.0,903.0,588.0
47151,aztrees3,1,active,arff,5956.0,22.0,2.0,0.0,21.0,1.0,5282.0,674.0
47152,aztrees4,1,active,arff,5956.0,22.0,2.0,0.0,21.0,1.0,5282.0,674.0
47153,spam,1,active,arff,4601.0,58.0,2.0,0.0,57.0,1.0,2788.0,1813.0
47154,vowel,6,active,arff,990.0,11.0,11.0,0.0,10.0,1.0,90.0,90.0
47155,waveform,1,active,arff,800.0,22.0,3.0,0.0,21.0,1.0,273.0,258.0
47158,Afro_Mnist_Dataset,1,active,arff,180000.0,785.0,10.0,0.0,784.0,1.0,18000.0,18000.0
47160,Afro_Mnist_Dataset_For_2026_ML_Course,1,active,arff,180000.0,785.0,10.0,0.0,784.0,1.0,18000.0,18000.0
47171,Uber_Ride_Analytics,1,active,arff,150000.0,25.0,5.0,451500.0,10.0,0.0,93000.0,9000.0
47176,cat_adoption,1,active,arff,2257.0,20.0,0.0,0.0,16.0,4.0,,
47177,check_times,1,active,arff,13626.0,24.0,0.0,0.0,24.0,0.0,,
47178,wa_churn,1,active,arff,7032.0,20.0,0.0,0.0,10.0,10.0,,
47185,test_dataset_5000,1,active,arff,5000.0,3.0,0.0,0.0,3.0,0.0,,
47186,test_dataset_10000,1,active,arff,10000.0,3.0,0.0,0.0,3.0,0.0,,
47187,test_dataset_40000,1,active,arff,40000.0,3.0,0.0,0.0,3.0,0.0,,
47228,test_injection_data2,1,active,ARFF,2.0,2.0,2.0,0.0,1.0,1.0,1.0,1.0
47229,test_cmdi,1,active,ARFF,2.0,2.0,2.0,0.0,1.0,1.0,1.0,1.0
47230,arff_cmdi_test,1,active,ARFF,2.0,2.0,2.0,0.0,1.0,1.0,1.0,1.0
47231,arff_inject_test2,1,active,ARFF,2.0,2.0,2.0,0.0,1.0,1.0,1.0,1.0
47232,xxe_blind_test,1,active,ARFF,1.0,2.0,1.0,0.0,1.0,1.0,1.0,1.0
47233,jndi_arff_test,1,active,ARFF,1.0,2.0,1.0,0.0,1.0,1.0,1.0,1.0
47235,test_filename_injection,1,active,ARFF,2.0,2.0,2.0,0.0,1.0,1.0,1.0,1.0
47236,test_desc_inject,1,active,ARFF,2.0,2.0,2.0,0.0,1.0,1.0,1.0,1.0
47237,test_arff_relation,1,active,ARFF,2.0,2.0,2.0,0.0,1.0,1.0,1.0,1.0
47238,test_double_desc,1,active,ARFF,2.0,2.0,2.0,0.0,1.0,1.0,1.0,1.0
47239,test_desc_payload,1,active,ARFF,2.0,2.0,2.0,0.0,1.0,1.0,1.0,1.0
47240,test_clean_check,1,active,ARFF,2.0,2.0,2.0,0.0,1.0,1.0,1.0,1.0
47241,Synthetic-Wind-Farm-Stream-No-Repair,1,active,arff,210240.0,19.0,0.0,0.0,17.0,0.0,,
47242,Synthetic-Wind-Farm-Stream-With-Repair,1,active,arff,,,,,,,,
47243,Synthetic-Solar-Farm-Stream-No-Repair,1,active,arff,525600.0,25.0,0.0,0.0,20.0,0.0,,
47244,Synthetic-Solar-Farm-Stream-With-Repair,1,active,arff,1156320.0,25.0,0.0,0.0,20.0,0.0,,
47245,EpistasisBench,1,active,arff,50812.0,12.0,0.0,0.0,5.0,2.0,,
47246,Video_Subtitle_Segment_Alignment_Corpus_v1,1,active,arff,3456.0,22.0,642.0,0.0,10.0,0.0,48.0,3.0
47247,basildon-house-prices-2025,1,active,ARFF,1337.0,7.0,0.0,0.0,1.0,4.0,,
47248,essex-house-prices-2025,1,active,ARFF,21559.0,8.0,0.0,0.0,1.0,4.0,,
47249,essex-house-prices-2025,2,active,ARFF,21559.0,8.0,0.0,0.0,1.0,4.0,,
47263,KI-Benchmark-Deutsch,1,active,arff,42.0,8.0,0.0,0.0,1.0,0.0,,
47264,U.S._Inter-State_Migration_by_Age_Radaris_Anonymized,1,active,arff,500000.0,3.0,54.0,0.0,0.0,0.0,63806.0,24.0
47266,REFUTE-knowledge-v3,1,active,arff,80.0,8.0,4.0,0.0,0.0,3.0,32.0,14.0
47267,REFUTE-soundness-v3,1,active,arff,80.0,5.0,2.0,0.0,0.0,3.0,40.0,40.0
47268,REFUTE-soundness-v3,2,active,arff,80.0,5.0,2.0,0.0,0.0,3.0,40.0,40.0
47269,landing-page-hero-copy-239,1,active,ARFF,239.0,6.0,0.0,0.0,1.0,0.0,,
47270,ecommerce_video_brief_quality_checklist,1,active,arff,25.0,7.0,2.0,0.0,0.0,1.0,17.0,8.0
47274,synthetic-peptide-reconstitution-benchmark-v0-1-0,1,active,arff,12.0,6.0,0.0,9.0,4.0,2.0,,
47275,ponys_ai_six_language_character_catalog,1,active,arff,624.0,6.0,6.0,0.0,1.0,0.0,104.0,104.0
47277,Residential_Mobility_and_Kinship_Network_Size_Radaris_Anonymized,1,active,arff,749922.0,5.0,0.0,0.0,1.0,0.0,,
47278,Migration_Trajectory_Types_by_Age_Microdata_Radaris_Anonymized,1,active,arff,787494.0,4.0,4.0,0.0,0.0,0.0,441564.0,89858.0
47280,Turkish-EV-Charging-Intent-Dataset,1,active,arff,192.0,2.0,8.0,0.0,0.0,0.0,24.0,24.0
47284,AmesHousing_Analitica_Kag,1,active,arff,2930.0,82.0,0.0,15749.0,39.0,0.0,,
47285,AmesHousing_Analitica_Kag,2,active,arff,2930.0,82.0,0.0,15749.0,39.0,0.0,,
47287,medicaid-dental-paid-by-state-2018-2024,1,active,arff,20487.0,14.0,0.0,0.0,8.0,6.0,,
47288,TalorData-Video-Data-Sample-Metadata,1,active,arff,15.0,8.0,0.0,0.0,2.0,0.0,,
47289,FL-Stale,1,active,arff,1500.0,11.0,68.0,5250.0,5.0,0.0,500.0,1.0
47308,Botanical_Growth_and_Performance_Logs_for_30_Plus_Flora_Species,1,active,arff,32.0,7.0,3.0,39.0,1.0,0.0,16.0,5.0
47312,LiTrue-Battery-Engineering-Specs,1,active,arff,11.0,5.0,10.0,0.0,0.0,0.0,2.0,1.0
47313,position-sizing-pip-value-by-lot-size,1,active,ARFF,4.0,6.0,0.0,0.0,5.0,0.0,,
47314,position-sizing-losing-streak-equity,1,active,ARFF,20.0,4.0,0.0,0.0,4.0,0.0,,
47315,position-sizing-drawdown-recovery,1,active,ARFF,12.0,2.0,0.0,0.0,2.0,0.0,,
47316,position-sizing-contract-specifications,1,active,ARFF,131.0,6.0,0.0,0.0,3.0,0.0,,
